model,file,accuracy,precision,recall,f1,tn,fp,fn,tp,total
llm-embedder,synonym_results_coleop.csv,0.5164835164835165,0.5084427767354597,0.9926739926739927,0.6724565756823822,11,262,2,271,546
llm-embedder,synonym_results_lepo.csv,0.5094979647218453,0.5048143053645117,0.9959294436906377,0.6700136923779096,34,1440,6,1468,2948
