model,file,accuracy,precision,recall,f1,tn,fp,fn,tp,total
bge-large-zh-v1.5,synonym_results_coleop.csv,0.7435897435897436,0.9716312056737588,0.5018315018315018,0.6618357487922706,269,4,136,137,546
bge-large-zh-v1.5,synonym_results_lepo.csv,0.7405020352781547,0.9944211994421199,0.4837177747625509,0.6508443633044272,1470,4,761,713,2948
