model,file,accuracy,precision,recall,f1,tn,fp,fn,tp,total
S-BioBERT,synonym_results_coleop.csv,0.6465201465201466,0.9878048780487805,0.2967032967032967,0.4563380281690141,272,1,192,81,546
S-BioBERT,synonym_results_lepo.csv,0.6065128900949797,0.9968354430379747,0.21370420624151967,0.35195530726256985,1473,1,1159,315,2948
