model,file,accuracy,precision,recall,f1,tn,fp,fn,tp,total
scibert_scivocab_cased,synonym_results_coleop.csv,0.5970695970695971,0.5562632696390658,0.9597069597069597,0.7043010752688172,64,209,11,262,546
scibert_scivocab_cased,synonym_results_lepo.csv,0.5970149253731343,0.5576612903225806,0.9382632293080054,0.6995447647951442,377,1097,91,1383,2948
