model,file,accuracy,precision,recall,f1,tn,fp,fn,tp,total
bge-reranker-base,synonym_results_coleop.csv,0.5274725274725275,0.5149105367793241,0.9487179487179487,0.6675257731958762,29,244,14,259,546
bge-reranker-base,synonym_results_lepo.csv,0.5128900949796472,0.5066948555320648,0.9755766621438263,0.6669758812615956,74,1400,36,1438,2948
