model,file,accuracy,precision,recall,f1,tn,fp,fn,tp,total
sciNCL,synonym_results_coleop.csv,0.5073260073260073,0.503690036900369,1.0,0.6699386503067485,4,269,0,273,546
sciNCL,synonym_results_lepo.csv,0.5145861601085482,0.5074471770003464,0.9938941655359566,0.6718642513185049,52,1422,9,1465,2948
