oldSpeciesCanonicalName,species,key,label
Pithecellobium teijsemannii,Archidendron minahassae,2941424,1
Lotus aucheri,Lotus halophilus,5357005,1
Lotus superbus,Lotus aegaeus,5356864,1
Monnina arborescens,Monnina fastigiata,4051158,1
Ononis marocana,Millettia sericea,7807253,0
Polygala macrostachya,Calliandra virgata,2981852,0
Feuilleea hirsuta,Lotus loweanus,5356983,0
Inga confusa,Muraltia satureioides,7851822,0
Oxylobium coriaceum,Muraltia striata,4049625,0
Machaerium pungens,Nissolia brasiliensis,10844581,0
Inga parvifolia,Asemeia violacea,8077988,0
Solori microphylla,Hebecarpa rectipilis,8052903,0
Macrolobium ngouniense,Monnina celastroides,7429148,0
Lupinus huigrensis,Millettia comosa,5355876,0
Corniola triangularis,Genista januensis,5347603,1
Lupinus reticulatus,Lupinus angustifolius,2964025,1
Erinacea hispanica,Erinacea anthyllis,2977757,1
Dialium mayumbense,Dialium tessmannii,2970965,1
Polygala alopecuroides,Delonix boiviniana,2956180,0
Poecilanthe effusa,Genista januensis,5347603,0
Leptolobium clandestinum,Glycine clandestina,5359647,1
Acacia odoratissima,Echinospartum horridum,2959222,0
Moghania tuberosa,Flemingia tuberosa,5359856,1
Ononis apula,Ononis pusilla,2977214,1
Machaerium campylothyrsum,Gastrolobium celsianum,5628000,0
Lotus bouteloui,Lotus maritimus,5356973,1
Berlinia laurentii,Archidendron bubalinum,2941202,0
Lespedeza involucrata,Polygala asperuloides,4050743,0
Hippocrepis fruticosa,Hippocrepis balearica,5353700,1
Clelia ornata,Xanthophyllum vitellinum,7293493,0
Flemingia kradungensis,Berlinia giorgii,11254379,0
Tetragonolobus gussonei,Humularia mendoncae,5349886,0
Monnina latisepala,Lotus herbaceus,7815140,0
Amphicarpaea japonica,Amphicarpaea edgeworthii,2960189,1
Caesalpinia drummondii,Archidendron grandiflorum,2941212,0
Racosperma prainii,Acacia prainii,2978760,1
Securidaca atropurpurea,Securidaca scandens,5658089,1
Salomonia aphylla,Lupinus kunthii,3909893,0
Damapana strobilantha,Calliandra foliolosa,2981801,0
Genista minor,Genista anglica,5347644,1
Moghania nana,Flemingia nana,7981517,1
Moghania fluminalis,Genista stenopetala,5347701,0
Inga organensis,Securidaca divaricata,5658161,0
Crotalaria angustifolia,Archidendron bigeminum,2941295,0
Racosperma leichhardtii,Millettia caudata,5355895,0
Salomonia subrotunda,Comesperma volubile,7293539,0
Genista moleroi,Genista quadriflora,5347743,1
Maughania gracilis,Flemingia gracilis,5359860,1
Millettia giorgii,Millettia drastica,5355671,1
Codarium discolor,Dialium guineense,2971007,1
Acacia longissima,Acacia provincialis,2979750,1
Chesneya macranica,Cadia commersoniana,2968350,0
Racosperma manipulare,Acacia manipularis,2980495,1
Racosperma ayersianum,Archidendron glabrum,2941437,0
Monnina trichoptera,Inga bullata,5357298,0
Polygala dodii,Polygala garcini,4049364,1
Polygala pavonii,Hebecarpa velutina,9556567,1
Brachysema melanopetalum,Gastrolobium melanopetalum,5627879,1
Feuilleea pedicellata,Calliandra pedicellata,2982252,1
Julbernardia baumii,Julbernardia paniculata,2981767,1
Feuilleea capitata,Badiera cubensis,4050653,0
Calliandra subnervosa,Inga vulpina,5357563,0
Indigofera butayei,Genista linifolia,5347599,0
Asterocytisus radidtus,Asterocytisus radidtus,8181002,1
Desmodium willdenowii,Betencourtia crassifolia,10962628,0
Machaerium ovalifolium,Machaerium ovalifolium,5355018,1
Gastrolobium henfreyi,Gastrolobium ovalifolium,5350200,1
Indigofera tritoides,Microcharis tritoides,2963345,1
Indigofera microcharoides,Hoffmannseggia miranda,5347554,0
Dialium praetermissum,Dialium hydnocarpoides,11270588,1
Dialium evrardii,Gastrolobium dilatatum,5627951,0
Calliandra stricta,Millettia lecomtei,5355906,0
Machaerium sieberi,Machaerium myrianthum,5354915,0
Acacia idiomorpha,Acacia idiomorpha,2978805,1
Feuilleea viscidula,Calliandra viscidula,2981809,1
Polygala trinervia,Acacia paradoxa,2981159,0
Pterocarpus cumingii,Baudouinia fluggeiformis,2963754,0
Smegmaria emarginata,Lotus angustissimus,5356931,0
Polygala aestuans,Inga edwallii,5357301,0
Moghania sarmentosa,Glycine tabacina,5359681,0
Lotus pacificus,Lotus taitungensis,7998210,1
Poinciana hirsuta,Hoffmannseggia glauca,5347492,1
Phaseoloides nudiflorum,Monnina cuneata,8216450,0
Millettia rubra,Millettia drastica,5355671,1
Cytiscus monspessulanus,Genista monspessulana,5347796,1
Acacia odoratissima,Acacia elata,2973176,1
Nissolia reticulata,Gastrolobium sericeum,5627827,0
Lotus degenii,Lotus borbasii,5356898,1
Piptadenia schlechteri,Adenopodia schlechteri,2952373,1
Machaerium capote,Apios americana,2966796,0
Acacia papuliformis,Acacia cultriformis,2979559,1
Genista multicaulis,Muraltia stipulacea,7652309,0
Senega tacianae,Polygala tacianae,7580174,1
Feuilleea subnervosa,Calliandra angustifolia,2982331,1
Pithecellobium bigemium,Polygala subandina,4051083,0
Maughania rhodocarpa,Flemingia grahamiana,5359839,1
Rhinotropis cowellii,Gastrolobium formosum,5627923,0
Inga duquei,Muraltia polyphylla,4049991,0
Monnina vitellina,Xanthophyllum vitellinum,7293493,1
Muraltia aspera,Nissolia vincentina,10745779,0
Muraltia conjuncta,Flemingia trifoliastrum,5359862,0
Atroxima macrostachya,Atroxima afzeliana,4050746,1
Sarcobotrya strigosa,Erythrostemon calycinus,8322761,0
Heistera divaricata,Muraltia divaricata,4050776,1
Calophaca sericea,Calophaca sericea,2956881,1
Chaetocalyx tenuipedicellatus,Nissolia vincentina,10745779,1
Millettia taiwaniana,Monnina latifolia,4050656,0
Damapana strigosa,Lupinus ornatus,2964090,0
Cytisus virgatus,Genista tenera,5347751,1
Lotus bornmuellerianus,Lotus halophilus,5357005,1
Acanthobotrya angustifolia,Lotus herbaceus,7815140,0
Notospartium exsul,Carmichaelia exsul,5348420,1
Bonjeanea syriaca,Genista sessilifolia,5347744,0
Feuilleea leptopoda,Calliandra leptopoda,2981819,1
Archidendron papuanum,Lotus cytisoides,5356937,0
Poecilanthe amazonica,Echinospartum lusitanicum,2959225,0
Indigofera microcharoides,Microcharis microcharoides,2963314,1
Collaea pedicellatum,Camptosema pedicellatum,2963253,1
Millettia wrightiana,Polygala japonica,7293443,0
Senega grazielae,Polygala crucianelloides,3191444,0
Dioclea glycinoides,Millettia fruticosa,5355849,0
Ononis purpurea,Ononis fruticosa,2977293,1
Dimorphandra vernicosa,Carpolobia goetzei,4049490,0
Comesperma uncinatum,Securidaca diversifolia,5421445,0
Spartium amoenum,Genista linifolia,5347599,1
Lotus melilotoides,Lotus jacobaeus,5356916,1
Anneslia simulans,Monnina cacumina,7293620,0
Polygala trinervata,Salomonia cantoniensis,5421447,1
Albizia vaillantii,Archidendron vaillantii,2941381,1
Pithecellobium scutiferum,Genista anatolica,5347594,0
Polygala heteroptera,Inga capitata,5358094,0
Berlinia eminii,Julbernardia globiflora,2981760,1
Moghania helferiana,Monnina pterocarpa,7293304,0
Notospartium torulosum,Carmichaelia torulosa,5628927,1
Polygala echinosperma,Lotus cytisoides,5356937,0
Hippocrepis monticola,Hippocrepis monticola,5353689,1
Polygala heribaudii,Securidaca longepedunculata,5658133,0
Muraltia reticulata,Muraltia origanoides,4050129,1
Adenanthera ossea,Genista michelii,5347734,0
Maughania helferiana,Gastrolobium obovatum,7999234,0
Psoralea douglasii,Muraltia aspalatha,4051201,0
Genista radiata,Muraltia aspalatha,4051201,0
Xanthophyllum cordatum,Xanthophyllum adenotus,7293480,1
Lupinus indigoticus,Calliandra sessilis,2981978,0
Elsota lophosoma,Securidaca lophosoma,5658131,1
Genista polyanthos,Glycine max,5359660,0
Mimosa flagelliformis,Inga flagelliformis,5357633,1
Humularia purpureo-caerulea,Ononis variegata,2977099,0
Rigiostachys connaroides,Lotus hirsutus,5354799,0
Anneslia myriophylla,Calliandra parvifolia,2981824,1
Polygala hebeclada,Asemeia hebeclada,7548566,1
Polygala bangiana,Bossiaea ornata,2968307,0
Corniola tenella,Ononis tridentata,2977272,0
Platylobium obcordatum,Bossiaea obcordata,2968327,1
Apios perennis,Lotus jacobaeus,5356916,0
Lupinus tricolor,Archidendron grandiflorum,2941212,0
Feuilleea alata,Calliandra selloi,2981788,0
Gastrolobium bidens,Flemingia fruticulosa,5359849,0
Inga mertensioides,Delonix elata,2956174,0
Inga splendens,Inga stenoptera,5357558,1
Monnina trichoptera,Monnina marginata,9392468,1
Pithecellobium conspicuum,Archidendron conspicuum,2941415,1
Chorizema manglesii,Chorizema cordatum,2968203,1
Polygala lindheimeri,Hoffmannseggia prostrata,5347537,0
Polygala juniperifolia,Muraltia juniperifolia,4050483,1
Teline tribracteolata,Genista tribracteolata,5354550,1
Telinaria congesta,Acacia echinula,2978370,0
Acacia glaucophylla,Acacia cultriformis,2979559,1
Glycine brachybotria,Inga sellowiana,5358124,0
Monnina phillyreoides,Inga inicuil,7592050,0
Feuilleea nuda,Inga nuda,5358050,1
Genista heterocantha,Genista germanica,5347824,1
Polygala graebiana,Mora excelsa,5355414,0
Feuilleea maritima,Inga laevigata,5629065,0
Xanthophyllum robustum,Xanthophyllum vitellinum,7293493,1
Muraltia ciliaris,Muraltia aspalatha,4051201,1
Lotodes testariae,Inga cookii,5357801,0
Avornela candicans,Hoffmannseggia glauca,5347492,0
Phaseoloides sericeum,Millettia dura,5355670,0
Securidaca scandens,Polygala sinaica,7293610,0
Abarema utile,Archidendron utile,2941583,1
Pteromonnina retusa,Monnina cuneata,8216450,1
Monnina elliptica,Monnina padifolia,7891141,1
Genista humifusa,Genista humifusa,7808795,1
Racosperma pelophilum,Acacia pelophila,2980353,1
Calophaca ferganensis,Chesneya ferganensis,5353619,1
Gastrolobium cordatum,Gastrolobium spectabile,5350214,1
Camptosema paraguariense,Caetangil paraguariensis,11006920,1
Bredemeyera moritziana,Bredemeyera moritziana,4049883,1
Indigofera gillettii,Archidendron novoguineense,3960951,0
Sclerothamnus microphyllus,Calliandra belizensis,2981850,0
Angylocalyx zeucheri,Angylocalyx pynaertii,11267336,1
Inga endlichii,Inga xalapensis,5357693,1
Genista gymnoptera,Inga heterophylla,5357852,0
Inga suturalis,Calophaca crassicaulis,2965068,0
Ononis barrelieri,Ononis tridentata,2977272,1
Asemeia carnea,Asemeia grandiflora,5658192,1
Robinia thonningii,Millettia thonningii,5355788,1
Racosperma polyadenium,Muraltia depressa,7792747,0
Polygala acerosa,Humularia apiculata,5349880,0
Hansemannia brevipes,Archidendron alternifoliolatum,2941540,0
Vigna pilosa,Asemeia lindmaniana,7905432,0
Calophaca polystichoides,Archidendron glabrum,2941437,0
Caesalpinia velutina,Machaerium nigrum,5355066,0
Abarema bigemina,Calobota cuspidosa,4929858,0
Feuilleea pavoniana,Inga sapindoides,5357706,1
Polygala galmeri,Muraltia empetroides,4050715,0
Machaerium jacarandifolium,Machaerium hirtum,5354979,1
Mundulea hysterantha,Millettia richardiana,5355937,1
Ononis mauritanica,Ononis ramosissima,2977250,1
Mimosa reversa,Machaerium lunatum,5355075,1
Monnina mexicana,Monnina ciliolata,7977161,1
Glycine cylindriflora,Amphicarpaea ferruginea,2960203,1
Pedrosia leptophylla,Lotus tenellus,5613289,1
Calliandra conoensis,Muraltia satureioides,7851822,0
Derris pseudinvoluta,Calliandra asplenioides,7524304,0
Inga subvestita,Inga cookii,5357801,1
Heistera macroceras,Muraltia macroceras,4050318,1
Indigofera contorta,Acacia cultriformis,2979559,0
Comesperma longibracteatum,Comesperma virgatum,7293549,1
Myroxylon pubescens,Hebecarpa americana,7364474,0
Calliandra speciosa,Quillaja brasiliensis,3029372,0
Jakkia vitellina,Carmichaelia juncea,5628964,0
Crotalaria caerulea,Lupinus velutinus,2964509,1
Feuilleea rubiginosa,Inga rubiginosa,5357814,1
Heisteria juniperifolia,Muraltia juniperifolia,4050483,1
Hippocrepis annua,Hippocrepis ciliata,5353690,1
Onobrychis sororia,Genista ramosissima,5347699,0
Monnina lorentensis,Acacia bakeri,2980723,0
Heistera pappeana,Julbernardia globiflora,2981760,0
Lupinus glaziouanus,Errazurizia multifoliolata,2967046,0
Carmichaelia orbiculata,Carmichaelia nana,8639774,1
Drepanocarpus macrophyllus,Machaerium macrophyllum,5354902,1
Millettia platyphylla,Millettia platyphylla,5355868,1
Mimosa jiringa,Genista stenopetala,5347701,0
Bossiaea rhombifolia,Bossiaea rhombifolia,2968314,1
Maughania sarmentosa,Kotschya aeschynomenoides,2949004,0
Nemcia dilatata,Gastrolobium dilatatum,5627951,1
Tetragonolobus maritimus,Lotus maritimus,5356973,1
Racosperma coriaceum,Nissolia tomentosa,10879914,0
Polygala orthostigma,Polygala garcini,4049364,1
Lotus albus,Calliandra bombycina,2981874,0
Calliandra microphylla,Calliandra parvifolia,2981824,1
Dorycnium sericeum,Lotus germanicus,7450947,1
Polygala arenicola,Discolobium paucijugum,2962225,0
Maughania paniculata,Flemingia paniculata,5359909,1
Securidaca coriacea,Caamembeca oxyphylla,7868452,0
Poinciana boiviniana,Delonix boiviniana,2956180,1
Carmichaelia odorata,Carmichaelia odorata,5348460,1
Polygala stricta,Neoapaloxylon tuberosum,2944232,0
Pontania celsiana,Gastrolobium celsianum,5628000,1
Drepanocarpus microphyllus,Coulteria platyloba,7545558,0
Macrolobium diphyllum,Myroxylon peruiferum,5357189,0
Tetragonolobus bivonaeus,Lotus biflorus,5356877,1
Genista rhodopnoa,Brachypterum scandens,10779326,0
Machaerium arboreum,Calpurnia intrusa,2956419,0
Genista parviflora,Polygala amboniensis,4051695,0
Glycine tuberosa,Nissolia platycarpa,5358622,0
Muraltia ciliaris,Gastrolobium sericeum,5627827,0
Polygala heterorhyncha,Rhinotropis heterorhyncha,7733390,1
Sesbania thurberi,Diphysa thurberi,5357259,1
Pterocarpus lunulatus,Machaerium robiniifolium,5355034,1
Polygala floribunda,Polygala major,7372627,1
Centrolobium orenocense,Centrolobium paraense,2945579,1
Maughania racemosa,Flemingia parviflora,5359905,1
Amburana claudiae,Amburana cearensis,2945821,1
Rhynchosia faginea,Hoffmannseggia humilis,5347512,0
Calophaca hispida,Inga vulpina,5357563,0
Monnina multicomata,Acacia ampliata,2980618,0
Racosperma bakeri,Acacia bakeri,2980723,1
Bionia pedicellata,Camptosema pedicellatum,2963253,1
Abarema mottleyana,Archidendron oppositum,2941543,1
Albizia jiringa,Kartalinia acaulis,10744511,0
Polygala distans,Collaea stenophylla,5352529,0
Anonis scariosa,Ononis mitissima,2977292,1
Millettia vanderystii,Millettia vankerckhovenii,5355922,1
Camoensia maxima,Calliandra belizensis,2981850,0
Diclidanthera breviflora,Barnhartia floribunda,4050439,1
Ammopiptanthus kamelinii,Inga stipulacea,5358071,0
Rhinotropis cowellii,Phlebotaenia cowellii,3191460,1
Ononis rosifolia,Camptosema rubicundum,2963247,0
Phaseoloides sericeum,Millettia sericea,7807253,1
Derris philippinensis,Brachypterum philippinense,11371659,1
Mundia capensis,Muraltia spinosa,7225532,1
Crotalaria pulchella,Hebecarpa robinsonii,9292314,0
Derris scandens,Brachypterum scandens,10779326,1
Lissera hispanica,Polygala gracilenta,4052053,0
Dorycnium parviflorum,Calliandra purpurea,2981994,0
Poinciana placida,Securidaca virgata,5421446,0
Securidaca corytholobium,Securidaca calophylla,5658175,1
Spongiocarpella nubigena,Millettia fruticosa,5355849,0
Lotus eriosolen,Lotus herbaceus,7815140,0
Poinciana hirsuta,Acacia burdekensis,3979076,0
Monnina nigrescens,Monnina weddelliana,4051663,1
Polygala prostrata,Polygala serpyllifolia,3191414,1
Pithecellobium lateriflorum,Archidendron pachycarpum,8270523,0
Polygala arvensis,Xanthophyllum vitellinum,7293493,0
Pterocarpus glaber,Brya ebenus,5348895,1
Annesleya parvifolia,Caamembeca salicifolia,9335158,0
Monnina celastroides,Muraltia spinosa,7225532,0
Phaseolus max,Glycine max,5359660,1
Cadia arabica,Monnina pterocarpa,7293304,0
Monnina insignis,Badiera oblongata,4050599,0
Pterocarpus cumingii,Brachypterum cumingii,11370604,1
Calliandra resupina,Acacia paradoxa,2981159,0
Comesperma paucifolium,Monnina rusbyi,4049176,0
Acacia aurea,Acacia flavipila,2979881,1
Leptocyamus microphyllus,Kotschya speciosa,2949011,0
Monnina involuta,Polygala wettsteinii,4052066,0
Calliandra crugerii,Gastrolobium ilicifolium,5360164,0
Trichlisperma paucifolium,Inga laevigata,5629065,0
Inga bubalina,Acacia peruviana,3974930,0
Polygala purpusii,Calliandra haematomma,2982219,0
Gastrolobium obovatum,Erythrostemon mexicanus,9619402,0
Pueraria strobilifera,Amphicarpaea ferruginea,2960203,1
Feuilleea vestita,Inga vestita,5357833,1
Drepanocarpus cuyabensis,Machaerium amplum,5355170,1
Xanthophyllum palembanicum,Flemingia lineata,5359831,0
Heterostemon impar,Gastrolobium spathulatum,7410335,0
Ononis occidentalis,Ononis arvensis,2977171,1
Cytisus hispanicus,Genista hispanica,5347761,1
Phaseolus pitcheri,Amphicarpaea bracteata,2960161,1
Polygala pavonii,Muraltia rubeacea,4049898,0
Banisterodes affine,Xanthophyllum flavescens,7580773,1
Calliandra matisiana,Calliandra tolimensis,7999567,1
Lepidocoma nilgheriensis,Flemingia nilgheriensis,5359828,1
Machaerium setulosum,Caamembeca oxyphylla,7868452,0
Dimorphandra parviflora,Polygala gayii,4049331,0
Machaerium angustifolium,Machaerium eriocarpum,5355061,1
Phaseoloides splendens,Millettia splendens,5355930,1
Chorizema ovatum,Gastrolobium melanopetalum,5627879,0
Heisteria serpylloides,Xanthophyllum obscurum,4051314,0
Genista spathulata,Daniellia klainei,2948729,0
Acacia selloi,Calliandra selloi,2981788,1
Inga salicifoliola,Calliandra laxa,2982019,0
Polygala monticola,Archidendron lucidum,2941456,0
Lotus bollei,Genista virgata,7953000,0
Geissaspis bakeriana,Flemingia trifoliata,5628704,0
Ebenus erinacea,Ebenus stellata,5354890,1
Lebeckia decutiens,Calobota angustifolia,4929861,1
Cyclopia genistoides,Machaerium ruddianum,5612928,0
Lupinus littoralis,Calliandra rigida,2982337,0
Phaseolodes pulchrum,Millettia sericea,7807253,0
Maughania prostrata,Flemingia prostrata,5359865,1
Derris microphylla,Brachypterum microphyllum,2947577,1
Indigofera welwitschii,Ononis ramosissima,2977250,0
Machaerium villosulum,Microcharis cana,2963310,0
Securidaca erecta,Securidaca diversifolia,5421445,1
Toluifera pubescens,Monnina parviflora,4049871,0
Pithecellobium pachycarpum,Archidendron pachycarpum,8270523,1
Dorycnium diffusum,Monnina xalapensis,4051592,0
Polygala ponsii,Polygala alpina,7481031,1
Piptadenia patens,Acacia genistifolia,2978740,0
Drepanocarpus microphyllus,Machaerium isadelphum,7932857,1
Pterospartum sagittale,Genista sagittalis,5347702,1
Cytisus osmariensis,Monnina wrightii,3191469,0
Pithecellobium papuanum,Angylocalyx pynaertii,11267336,0
Carmichaelia hookeri,Microcharis tisserantii,2963334,0
Genista tejedensis,Dicraeopetalum mahafaliense,2974574,0
Polygala neglecta,Polygala major,7372627,1
Nemcia retusa,Calliandra parvifolia,2981824,0
Cytisus platycarpos,Hesperolaburnum platycarpum,2941705,1
Larrea gladiata,Hoffmannseggia humilis,5347512,1
Nemcia plicata,Gastrolobium plicatum,5360162,1
Epirixanthes aphylla,Epirixanthes elongata,4050415,1
Dorycnium sericeum,Lotus jordanii,9567879,1
Ononis barrelieri,Dialium englerianum,2970943,0
Nissolia hirsuta,Nissolia microptera,5358641,1
Pterocarpus glaber,Securidaca coriacea,7499347,0
Giganthemum scandens,Camoensia scandens,5358230,1
Hedysarum bracteatum,Machaerium hirtum,5354979,0
Dorycnium jordanianum,Lotus jordanii,9567879,1
Cytisus candicans,Genista monspessulana,5347796,1
Polygala vauthieri,Lupinus andinus,3912812,0
Lotus sericeus,Lotus jordanii,9567879,1
Polygala hayesii,Calliandra rubescens,2982006,0
Inga guilleminiana,Inga vulpina,5357563,1
Solori involuta,Chesneya acaulis,5353617,0
Racosperma manipulare,Padbruggea dasyphylla,2952312,0
Oxylobium ovalifolium,Gastrolobium coriaceum,5627987,1
Camptosema pentaphyllum,Comesperma lhotzkyanum,4051895,0
Comesperma varians,Acacia dealbata,2979474,0
Inga monticola,Inga densiflora,5357837,1
Inga tenuirama,Inga laevigata,5629065,1
Chaetocalyx retusus,Millettia splendens,5355930,0
Senega abreui,Nissolia chacoensis,10736045,0
Genista spinosa,Dialium guineense,2971007,0
Senega franchetii,Polygala franchetii,7468984,1
Lotus lugubris,Muraltia spinosa,7225532,0
Gastrolobium sagittulatum,Gastrolobium calycinum,5350209,1
Lotus hispidus,Lotus parviflorus,5356892,1
Amphicarpaea sarmentosa,Eutaxia myrtifolia,7275616,0
Chesneya spinosa,Chesneya macrantha,5357273,1
Polygala insularis,Polygala wuzhishanensis,4051908,1
Pteromonnina philippiana,Monnina philippiana,4049723,1
Lupinus ione-walkerae,Ononis biflora,2977198,0
Andaca arabica,Polygala mexicana,4051609,0
Genista cuspidosa,Calobota psiloloba,4929862,1
Racosperma hamiltonianum,Acacia hamiltoniana,2978560,1
Aspalathus ebenus,Brya ebenus,5348895,1
Polygala stipulaceae,Archidendron jiringa,2941605,0
Dialium excelsum,Dialium excelsum,2970947,1
Derris pseudorobusta,Brachypterum pseudorobustum,11377408,1
Ononis vulgaris,Muraltia dumosa,4050736,0
Coronilla depressa,Hippocrepis comosa,5353750,1
Huttonella juncea,Ononis pubescens,2977281,0
Leucoxyla saponaria,Ononis alopecuroides,2977222,0
Macrolobium quadrifolium,Gilbertiodendron dewevrei,2941659,1
Salomonia oblongifolia,Inga sapindoides,5357706,0
Millettia siwalika,Adenopodia rotundifolia,2952376,0
Macrolobium limosum,Gilbertiodendron limosum,2941665,1
Carmichaelia paludosa,Lupinus andersonii,2964568,0
Albizia hausemanii,Archidendron glabrum,2941437,1
Onobrychis sororia,Eleiotis sororia,2968282,1
Leptolobium tomentosum,Glycine tomentella,5359655,1
Nemcia vestita,Calobota cytisoides,3968567,0
Feuilleea stenoptera,Brachypterum involutum,11375815,0
Calophaca depressa,Chesneya depressa,5353653,1
Neodunnia atrocyanea,Archidendron lovelliae,2941581,0
Collaea paraguariensis,Collaea speciosa,5352530,1
Acacia sieberi,Lotus berthelotii,5356822,0
Poinciana baccal,Delonix baccal,2956173,1
Pedrosia arenaria,Lotus arenarius,5356814,1
Lovanafia capuroniana,Dicraeopetalum capuronianum,2974570,1
Lotus aurantiacus,Lotus arenarius,5356814,1
Gastrolobium pauciflorum,Lotus berthelotii,5356822,0
Dialium praetermissum,Dialium hydnocarpoides,2970980,1
Polygala guatemalensis,Hebecarpa costaricensis,9482034,1
Anonis rotundifolia,Ononis rotundifolia,2977131,1
Spartium cuspidosum,Calobota cuspidosa,4929858,1
Feuilleea ceacana,Acacia echinula,2978370,0
Elsota welwitschii,Securidaca welwitschii,5658068,1
Securidaca volubilis,Polygala rosea,7989450,0
Eysenhardtia amorphoides,Eysenhardtia polystachya,2964737,1
Xanthophyllum adenopodum,Xanthophyllum flavescens,7580773,1
Genista cytisoides,Calobota cytisoides,3968567,1
Acosmium stipulare,Dicraeopetalum stipulare,2974572,1
Desmodium rottleri,Eleiotis rottleri,2968278,1
Senega telephium,Polygala telephium,7293472,1
Oxylobium linearis,Coulteria cubensis,10786450,0
Caesalpinia placida,Erythrostemon placidus,9265867,1
Acacia lasiopus,Erythrostemon pannosus,9336761,0
Monnina vitellina,Acanthocladus scleroxylon,5658216,0
Millettia pulchra,Millettia pulchra,5355677,1
Sommerfeldtia obovata,Genista tricuspidata,5347804,0
Ortholobium balansae,Ebenus laguroides,7302164,0
Indigofera annua,Securidaca virgata,5421446,0
Dorycnium libanoticum,Lotus herbaceus,7815140,1
Cadia pendula,Calliandra surinamensis,2982188,0
Maughania hockii,Flemingia grahamiana,5359839,1
Bonaga mitis,Ononis arvensis,2977171,1
Heistera stipulacea,Genista tridentata,5347807,0
Moghania semialata,Flemingia semialata,5359883,1
Polygala microlopha,Angylocalyx pynaertii,2952340,0
Flemingia kweichowensis,Flemingia kweichowensis,5359838,1
Elsota longipedunculata,Calliandra depauperata,2981989,0
Bredemeyera cuneata,Betencourtia scarlatina,10926174,0
Salomonia uncinata,Hebecarpa rivinifolia,9516978,0
Bredemeyera mansonii,Bredemeyera lucida,4049939,1
Calliandra suberifera,Xanthophyllum flavescens,7580773,0
Bonaga hircina,Carmichaelia australis,5348429,0
Racosperma improcerum,Polygala appressa,7293532,0
Muraltia poiretii,Muraltia ericoides,8345157,1
Pithecellobium kinabaluense,Archidendron kinabaluense,3961038,1
Dialium eurysepalum,Dialium bipindense,2970949,1
Humularia bakeriana,Humularia apiculata,5349880,1
Maughania teysmanniana,Polygaloides paucifolia,7346080,0
Callistachys acuta,Gastrolobium acutum,5612331,1
Dolichovigna rhombifolia,Microcharis galpinii,2963300,0
Catocoma brevifolia,Cadia commersoniana,2968350,0
Dolichos pilosus,Xanthophyllum ellipticum,4051861,0
Ononis zschackei,Monnina bracteata,4051938,0
Mundia albiflora,Lotus taitungensis,7998210,0
Polygala mucronata,Monnina crassifolia,4051573,1
Securidaca gardneri,Securidaca divaricata,5658161,1
Moutabea silvatica,Calliandra hirsuta,2982255,0
Monnina calophylla,Polygala serpyllifolia,3191414,0
Polygala americana,Genista stenopetala,5347701,0
Calpurnia aurea,Epirixanthes cylindrica,4050424,0
Racosperma bynoeanum,Acacia bynoeana,2978924,1
Platylobium obcordatum,Lotus arabicus,5356903,0
Moghania racemosa,Errazurizia benthamii,2967037,0
Polygala quadrangula,Polygala mexicana,4051609,1
Geissaspis chevalieri,Humularia chevalieri,5349891,1
Mimosa capitata,Inga capitata,5358094,1
Feuilleea virescens,Inga virescens,5357751,1
Errazurizia glandulifera,Errazurizia multifoliolata,2967046,1
Xanthophyllum heteropleurum,Berlinia bracteosa,2971336,0
Millettia dehiscens,Monnina polystachya,4049556,0
Pseudoentada rotundifolia,Acacia leptoclada,2980143,0
Pultenaea ericoides,Muraltia divaricata,4050776,0
Feuilleea jiringa,Archidendron jiringa,2941605,1
Bugranopsis stricta,Calliandra asplenioides,7524304,0
Meliniella micrantha,Melliniella micrantha,2945123,1
Polygala spinosa,Muraltia spinosa,7225532,1
Hippocrepis confusa,Erythrostemon pannosus,9336761,0
Dimorphandra polystachya,Millettia weizhii,10733473,0
Maughania fruticulosa,Flemingia fruticulosa,5359849,1
Muraltia alopecuroides,Muraltia squarrosa,4049689,1
Poincianella yucatanensis,Erythrostemon yucatanensis,9270348,1
Phaseolus dolichoides,Polygala serpyllifolia,3191414,0
Mundia glauca,Muraltia spinosa,7225532,1
Caesalpinia prostrata,Hoffmannseggia prostrata,5347537,1
Polygala myrtilloides,Hebecarpa myrtilloides,9499510,1
Poincianella standleyi,Daniellia klainei,2948729,0
Lotus angustifolius,Polygala leucantha,4049624,0
Cyclopia cordifolia,Cyclopia latifolia,5341857,1
Calliandra stricta,Calliandra angustifolia,2982331,1
Calliandra sericea,Calliandra lanata,2982271,1
Vulneraria sericea,Carmichaelia australis,5348429,0
Lupinus lindenianus,Millettia fruticosa,5355849,0
Lonchocarpus castaneifolius,Asemeia lindmaniana,7905432,0
Mimosa laurina,Inga laurina,5358039,1
Heistera macrocarpa,Muraltia macrocarpa,4050325,1
Passaea ornithopodioides,Millettia vatkei,11884640,0
Nemcia leakeana,Flemingia cumingiana,5359872,0
Vigna lucens,Gastrolobium coriaceum,5627987,0
Polygala ignatii,Asemeia ignatii,7980473,1
Acacia flexifolia,Acacia flexifolia,2981023,1
Banisteroides insigne,Xanthophyllum obscurum,4051314,1
Banisterodes excelsum,Nissolia vincentina,10745779,0
Racosperma pachyphyllum,Gonocytisus angulatus,2952409,0
Dialium turbinatum,Camptosema rubicundum,2963247,0
Oxylobium carinatum,Kotschya strigosa,2949015,0
Brachysema platypterum,Gastrolobium celsianum,5628000,1
Polygala subspicata,Polygala appressa,7293532,1
Carpolobia caudata,Carpolobia lutea,4049471,1
Bonaga spinosa,Ononis spinosa,2977149,1
Tetragonolobus palaestinus,Lotus tetragonolobus,5356862,1
Comesperma isocalyx,Comesperma calymega,7293259,1
Flemingia rhodocarpa,Flemingia grahamiana,5359839,1
Chronanthos pulchellus,Polygala leucantha,4049624,0
Acacia laxa,Nissolia platycarpa,5358622,0
Hansemannia gogolensis,Archidendron gogolense,7483343,1
Hualania microphylla,Acanthocladus tehuelchum,5658214,0
Racosperma chrysocephalum,Acacia chrysocephala,2978251,1
Scorpius spinosus,Genista germanica,5347824,1
Lebeckia halenbergensis,Muraltia crassifolia,4050884,0
Dorycnium dorycnium,Polygala equisetoides,4050240,0
Maughania chappar,Flemingia chappar,5359863,1
Macrolobium splendidum,Gilbertiodendron splendidum,2941650,1
Polygala remansoensis,Machaerium villosum,5354918,0
Anonis viscosa,Muraltia obovata,4050162,0
Spiroloba fastuosa,Chesneya isfarensis,8090316,0
Acacia fragrans,Acacia provincialis,2979750,1
Feuilleea ferrugineohirta,Millettia vatkei,11884640,0
Comesperma corniculatum,Comesperma virgatum,7293549,1
Acacia tristis,Acacia paradoxa,2981159,1
Pueraria stracheyi,Gastrolobium minus,5627874,0
Ononis spinosohircina,Ononis arvensis,2977171,1
Inga sciadodendron,Inga xalapensis,5357693,1
Daniellia klainei,Millettia splendens,5355930,0
Wiborgia adenostylis,Eysenhardtia adenostylis,2964747,1
Ononis barbata,Archidendron sessile,8411267,0
Mimosa mollissima,Hebecarpa costaricensis,9482034,0
Inga hedgerae,Cyclopia galioides,5341873,0
Spartium cupanii,Genista cupanii,5347731,1
Hoffmannseggia pueblana,Gastrolobium pyramidale,5360152,0
Cytisus ferox,Genista ferox,7689832,1
Thylacanthus ferrugineus,Gastrolobium linearifolium,5627888,0
Cytiscus racemosus,Lotus aegaeus,5356864,0
Leptolobium tabacinum,Glycine tabacina,5359681,1
Desmodium diffusum,Berlinia tomentella,2971347,0
Lotus aristatus,Lotus conimbricensis,5356971,1
Phaseolus schlechteri,Chesneya macrantha,5357273,0
Albizia rostrata,Archidendron globosum,2941218,1
Acacia floribunda,Acacia provincialis,2979750,1
Lissera hispanica,Genista hispanica,5347761,1
Dorycnium fulgurans,Lotus fulgurans,5631994,1
Heisteria candollei,Muraltia alopecuroides,4051253,1
Corniola pontica,Millettia drastica,5355671,0
Inga biolleyana,Monnina herbacea,4050907,0
Flemingia ferruginea,Flemingia wightiana,5359890,1
Bredemeyera huberiana,Betencourtia crassifolia,10962628,0
Cytisus rhodopnoa,Genista canariensis,5347769,1
Polygala robinsonii,Hebecarpa robinsonii,9292314,1
Listera hispanica,Genista canariensis,5347769,0
Securidaca affinis,Lotus quinatus,5356887,0
Larrea microphylla,Hoffmannseggia microphylla,5347509,1
Millettia prainii,Millettia glaucescens,5355716,1
Genista macrobotrys,Flemingia macrophylla,5359866,0
Albizia bigemina,Genista clavata,5347795,0
Humularia bakerana,Calliandra asplenioides,7524304,0
Chorizema aciculare,Salomonia ciliata,7130426,0
Millettia urophylla,Gilbertiodendron ivorense,2941643,0
Polygala magna,Rhinotropis parryi,7959785,0
Genista rumelica,Xanthophyllum wrayi,4050839,0
Nemcia pulchella,Gastrolobium pulchellum,5360160,1
Caiandra biflora,Bossiaea obcordata,2968327,0
Lotus bivonaeus,Lotus biflorus,5356877,1
Poincianella mexicana,Archidendron glabrum,2941437,0
Xanthophyllum lanceolatum,Archidendron grandiflorum,2941212,0
Xanthophyllum macintyrii,Muraltia dumosa,4050736,0
Ononis gibraltarica,Brachypterum scandens,10779326,0
Polygala laureola,Nissolia vincentina,10745779,0
Genista lugdunensis,Flemingia grahamiana,5359839,0
Polygala diffusa,Polygala serpyllifolia,3191414,1
Smithia uniflora,Calliandra tweediei,2982058,0
Moghania strobilifera,Flemingia strobilifera,5359843,1
Aprevalia perrieri,Hippocrepis emerus,5353705,0
Monnina scandens,Monnina mathusiana,4050242,1
Pithecellobium bigemium,Archidendron bigeminum,2941295,1
Argyrolobium sessilifolium,Genista sessilifolia,5347744,1
Dolichovigna formosana,Dialium bipindense,2970949,0
Pongamia caudata,Archidendron balansae,2941396,0
Acacia elata,Acacia elata,2973176,1
Camptosema bellatulum,Camptosema rubicundum,2963247,1
Anneslia tweediei,Collaea stenophylla,5352529,0
Tetragonolobus scandalida,Diphysa thurberi,5357259,0
Muraltia kraussiana,Badiera virgata,7293446,0
Cytisus microphyllus,Genista microphylla,5347681,1
Chaetocalyx klugii,Inga pezizifera,5357576,0
Elsota schlechtendaliana,Flemingia trifoliata,5628704,0
Albizia jiringa,Archidendron jiringa,2941605,1
Ononis leptocarpa,Chesneya ferganensis,5353619,0
Dialium laurentii,Inga samanensis,5357648,0
Machaerium eriostemum,Myroxylon balsamum,5357190,0
Wiborgia obcordata,Hippocrepis comosa,5353750,0
Banisterodes rufum,Rhamphopetalum microphyllum,10717476,0
Galactia coriacea,Comesperma defoliatum,4052158,0
Banisteroides insigne,Lotus angustissimus,5356931,0
Inga archeri,Genista linifolia,5347599,0
Anneslia seleri,Calliandra seleri,2982146,1
Archidendron sogorense,Calliandra falcata,2981836,0
Genista bracteolata,Millettia fruticosa,5355849,0
Lotus pilosissimus,Lotus subbiflorus,5356841,1
Calliandra caripensis,Calliandra tergemina,2981879,1
Derris yunnanensis,Ohashia yunnanensis,11700343,1
Genista triangularis,Lotus lancerottensis,5357010,0
Carmispartium hutchinsii,Acanthocladus dichromus,8890058,0
Platylobium lanceolatum,Errazurizia multifoliolata,2967046,0
Bredemeyera acuninata,Bredemeyera acuninata,7823288,1
Inga quassiaefolia,Inga pilosula,5358111,1
Securidaca declinata,Chesneya nubigena,5357277,0
Monopetalanthus trapnellii,Caamembeca gigantea,7558432,0
Banisteroides affine,Xanthophyllum flavescens,7580773,1
Lotus azoricus,Lotus argyrodes,5357009,1
Xanthophyllum obliquum,Xanthophyllum flavescens,7580773,1
Feuilleea texana,Lotus ornithopodioides,5357035,0
Polygala reducta,Polygaloides paucifolia,7346080,0
Maughania stricta,Archidendron robinsonii,2941576,0
Scottia dentata,Bossiaea dentata,2968330,1
Polygala mucronata,Calliandra parvifolia,2981824,0
Lissera anglica,Flemingia procumbens,5359830,0
Polygala luzoniensis,Polygala japonica,7293443,1
Racosperma binervatum,Genista radiata,5347648,0
Acacia bossiaeoides,Acacia glaucoptera,2978543,1
Jackia longifolia,Xanthophyllum vitellinum,7293493,1
Bradypterum microphyllum,Inga sapindoides,5357706,0
Cyclopia subternata,Archidendron chevalieri,2941358,0
Acacia flexifolia,Muraltia cliffortiifolia,4050985,0
Poincianella pannosa,Erythrostemon pannosus,9336761,1
Damapana aeschynomenoides,Brachypterum robustum,2947483,0
Albizia bubalina,Archidendron bubalinum,2941202,1
Phaseolodes zollingerianum,Brachypterum scandens,10779326,0
Feuilleea comosa,Machaerium reticulatum,3968589,0
Polygala bennettii,Acanthocladus dichromus,8890058,1
Lotus digii,Lotus cytisoides,5356937,1
Abarema dalatensis,Archidendron lucidum,2941456,0
Hoffmannseggia nana,Hoffmannseggia erecta,5347529,1
Polygala oxysepala,Polygala salviniana,4049554,1
Nemcia hookeri,Diphysa americana,5357263,0
Orucaria lunata,Calophaca soongorica,2956886,0
Dorycnium stenocladum,Microcharis annua,2963303,0
Cyclopia ashtonii,Cyclopia bowieana,5341871,1
Monnina nigrescens,Gymnospora blanchetii,7791729,0
Cytisus sericeus,Chesneya nubigena,5357277,0
Ononis spicata,Ononis rosea,2977207,1
Muraltia conjuncta,Muraltia empetroides,4050715,1
Pithecellobium tenuiracemosum,Polygala brevialata,4049765,0
Hoita villosa,Inga sellowiana,5358124,0
Inga rondonii,Myroxylon balsamum,5357190,0
Xanthophyllum papuanum,Genista pulchella,5347708,0
Asterocytisus radiatus,Acacia ampliata,2980618,0
Hippocrepis annua,Millettia macrophylla,5355729,0
Polygala spruceana,Berlinia grandiflora,2971333,0
Abarema robinsonii,Archidendron robinsonii,2941576,1
Lebeckia flexuosa,Calobota sericea,4929855,1
Feuilleea glomeriflora,Inga sapindoides,5357706,0
Ononis procurrens,Gilbertiodendron zenkeri,2941656,0
Securidaca gardneri,Hoffmannseggia glandulosa,7395771,0
Drepanocarpus dubius,Machaerium dubium,5355049,1
Ononis spinulosa,Genista sagittalis,5347702,0
Polygala andicola,Polygala subandina,4051083,1
Racosperma aureocrinitum,Acacia aureocrinita,2978642,1
Millettia solheidii,Millettia dubia,5355805,1
Bonjeanea cinerascens,Lotus jordanii,9567879,1
Mimosa koeringa,Calliandra pauciflora,2982147,0
Cadia pendula,Cadia purpurea,2968353,1
Dorycnium frutescens,Lotus dorycnium,5632022,1
Lupinus fraxinetorum,Lupinus fulcratus,2964683,1
Feuilleea mutata,Ononis diffusa,2977289,0
Feuilleea fagifolia,Inga ornata,5357589,0
Thylacanthus ferrugineus,Julbernardia paniculata,2981767,1
Bossiaea endlicheri,Lotus angustissimus,5356931,0
Polygala grandifolia,Caamembeca grandifolia,8265068,1
Abarema lovelliae,Julbernardia seretii,2981753,0
Acacia ornithophora,Millettia sericea,7807253,0
Acosmium stipulare,Acacia havilandiorum,2980961,0
Xanthophyllum puberulum,Inga capitata,5358094,0
Feuilleea xalapensis,Inga ciliata,5357813,0
Ebenidium pogonotropis,Ebenus barbigera,5630806,1
Heisteria conferta,Calliandra californica,2982062,0
Machaerium bracteatum,Machaerium kegelii,5355165,1
Genista angulata,Calliandra peninsularis,2982288,0
Rhadinocarpus multiflorus,Dolichopsis monticola,5611262,0
Bugranopsis euphrasiifolia,Monnina bracteata,4051938,0
Poinciana californica,Flemingia macrophylla,5359866,0
Dolichos galpinii,Decorsea galpinii,2977705,1
Lotus dorycnium,Inga tarapotensis,5357772,0
Galactia hassleriana,Collaea stenophylla,5352529,1
Acacia semperflorens,Asemeia monninoides,7646613,0
Scandalida rubra,Amblygonocarpus andongensis,2975852,0
Cadellia monostylis,Archidendron bubalinum,2941202,0
Tetragonolobus conjugatus,Lotus conjugatus,5356945,1
Cytisus pterocladus,Julbernardia paniculata,2981767,0
Inga clypearia,Archidendron clypearia,2941309,1
Polygala loureroi,Polygala japonica,7293443,1
Polygala diffusa,Comesperma polygaloides,4051684,0
Anneslia pueblana,Calliandra houstoniana,2982067,1
Ononis spicata,Ononis mitissima,2977292,1
Campsiandra angustifolia,Securidaca lanceolata,7584051,0
Hedysarum latisiliquum,Asemeia grandiflora,5658192,0
Callistachys oxylobioides,Polygala campestris,4049422,0
Polygala vagans,Hebecarpa obscura,7545780,1
Flemingia trinervia,Flemingia macrophylla,5359866,1
Polygala sororia,Polygala trichosperma,4050125,1
Tephrosia fruticosa,Millettia fruticosa,5355849,1
Senega fontellana,Hoffmannseggia intricata,5347552,0
Spartium dalmaticum,Polygala trichosperma,4050125,0
Racosperma pachyphyllum,Acacia pachyphylla,2978982,1
Leptolobium elongatum,Dahlstedtia floribunda,7660507,0
Cytisus maderensis,Brachypterum scandens,10779326,0
Dorycnium amani,Lotus herbaceus,7815140,1
Dorycnium dolichocarpum,Polygala major,7372627,0
Mimosa paradoxa,Acacia paradoxa,2981159,1
Catocoma laurifolia,Glycine clandestina,5359647,0
Glycine pubescens,Myroxylon peruiferum,5357189,0
Lotus arborescens,Dahlstedtia araripensis,8234184,0
Comesperma nudiusculum,Acacia obtecta,2981265,0
Codarium obtusifolium,Dialium guineense,2971007,1
Racosperma hockingsii,Acacia hockingsii,2980085,1
Brachysema lanceolatum,Gastrolobium ilicifolium,5360164,0
Teline canariensis,Genista canariensis,5347769,1
Inga nitida,Dorycnium iberecum,3972885,0
Machaerium puberulum,Machaerium punctatum,5355098,1
Heistera angulosa,Muraltia angulosa,4051236,1
Polygala corbariensis,Ononis sicula,2977111,0
Heisteria macroceras,Acacia hockingsii,2980085,0
Hedysarum latisiliquum,Nissolia latisiliqua,10750042,1
Phaseolodes caeruleum,Monnina amarella,4052205,0
Millettia nana,Millettia xylocarpa,5355719,1
Hebeandra evonymoides,Monnina xalapensis,4051592,1
Amphithalea spinosa,Muraltia divaricata,4050776,0
Indigofera depressa,Dialium guineense,2971007,0
Millettia chapelieri,Mundulea chapelieri,2933881,1
Muraltia chamaepitys,Muraltia chamaepitys,4051016,1
Muraltia metalasiaefolia,Salomonia cantoniensis,5421447,0
Muraltia marifolia,Muraltia serpylloides,4049767,1
Macrostigma australis,Stylobasium australe,8019741,1
Phlebotaenia portoricensis,Polygala appressa,7293532,0
Dorycnium ibericum,Dysolobium lucens,2963384,0
Chaetocalyx latisiliqua,Nissolia latisiliqua,10750042,1
Indigofera cufodontii,Microcharis cufodontii,2963324,1
Pithecellobium laoticum,Hippocrepis ciliata,5353690,0
Phaseoloides macrophyllum,Hebecarpa barbeyana,7552320,0
Phaseoloides splendens,Monnina richardiana,4049262,0
Racosperma anthochaerum,Securidaca tenuifolia,5658078,0
Myroxylon toluiferum,Myroxylon balsamum,5357190,1
Ebenus pogonotropis,Ebenus barbigera,5630806,1
Racosperma olganum,Acacia olgana,2980000,1
Pithecellobium hispidum,Calliandra parvifolia,2981824,0
Machaerium fluminense,Machaerium incorruptibile,5355071,1
Acacia laxiflora,Flemingia grahamiana,5359839,0
Jackia vitellina,Brachypterum robustum,2947483,0
Moghania wallichii,Flemingia macrophylla,5359866,1
Millettia hookeriana,Millettia macrophylla,5355729,1
Feuilleea hendersonii,Lotus lancerottensis,5357010,0
Pterocarpus polyphyllus,Brachypterum robustum,2947483,1
Lupinus macrocarpus,Lupinus chamissonis,2963889,1
Heisteria humilis,Polygala longifolia,4049199,0
Lotus glaberrimus,Monnina herzogii,4050872,0
Caesalpinia drepanocarpa,Badiera penaea,4050594,0
Genista balearica,Genista majorica,5347563,1
Racosperma excelsum,Acacia excelsa,2980114,1
Zuccagnia eremophila,Hoffmannseggia eremophila,5347532,1
Moghania lineata,Flemingia lineata,5359831,1
Machaerium longistipitatum,Machaerium millei,5355060,1
Monnina malmeana,Asemeia monticola,8344266,0
Securidaca floribunda,Securidaca welwitschii,5658068,1
Inga fluvii-novi,Inga cordistipula,5357916,1
Geissaspis princei,Humularia drepanocephala,5349894,1
Carmichaelia pilosa,Carmichaelia odorata,5348460,1
Monnina argentina,Polygala equisetoides,4050240,0
Flemingia ferruginea,Brya ebenus,5348895,0
Derris scandens,Polygala mexicana,4051609,0
Genista mauritiana,Genista spartioides,5347582,1
Calliandra yunckeri,Calliandra rubescens,2982006,1
Inga panurensis,Acacia ampliata,2980618,0
Bredemeyera acuminata,Daniellia oblonga,2948726,0
Parosela multifoliolata,Muraltia spinosa,7225532,0
Bossiaea cordifolia,Bossiaea cinerea,2968298,1
Polygala coniicarpa,Polygala japonica,7293443,1
Racosperma hakeoides,Acacia hakeoides,2980906,1
Inga plumifera,Inga velutina,5357985,0
Feuilleea mollissima,Millettia pulchra,5355677,0
Anneslia xalapensis,Calliandra rubescens,2982006,1
Phaseoloides zollingerianum,Hebecarpa punctata,10786028,0
Carmichaelia ovata,Carmichaelia australis,5348429,1
Millettia polystachya,Calliandra selloi,2981788,0
Julbernardia globifera,Lotus cruentus,5356874,0
Polygala thymifolia,Muraltia thymifolia,4049581,1
Inga dumosa,Inga stenoptera,5357558,1
Inga similis,Inga sapindoides,5357706,1
Archidendron racemosum,Archidendron aruense,7853116,1
Inga asplenioides,Calliandra asplenioides,7524304,1
Acosta aculeata,Archidendron clypearia,2941309,0
Inga riopalenquensis,Inga pezizifera,5357576,1
Heisteria angulosa,Asemeia violacea,8077988,0
Anneslia belizensis,Calliandra belizensis,2981850,1
Genista cassia,Lotus graecus,5354802,0
Heistera divaricata,Nogra filicaulis,2952635,0
Chorizema heterophyllum,Gastrolobium heterophyllum,5350215,1
Ebenidium bourgaei,Ebenus bourgaei,7302168,1
Phaseolus reptans,Ancistrotropis peduncularis,7484829,1
Inga speciosa,Calliandra hirsuta,2982255,1
Seretoberlinia seretii,Julbernardia seretii,2981753,1
Machaerium allemanii,Amphicarpaea bracteata,2960161,0
Drepanocarpus lunatus,Flemingia grahamiana,5359839,0
Senega atropurpurea,Polygala atropurpurea,7293477,1
Kaulfussia geminiflora,Xanthophyllum flavescens,7580773,1
Machaerium acaciaefolium,Muraltia tenuifolia,4049598,0
Bonjeanea hirsuta,Ononis ramosissima,2977250,0
Mundia kraussiana,Muraltia mitior,4050255,1
Monnina selloi,Eutaxia myrtifolia,7275616,0
Mundia brasiliensis,Gonocytisus angulatus,2952409,0
Flemingia trinerva,Flemingia macrophylla,5359866,1
Platylobium ovatum,Gastrolobium celsianum,5628000,0
Ononis spinescens,Inga fastuosa,5357762,0
Abarema lucida,Archidendron lucidum,2941456,1
Cytisus canariensis,Genista tenera,5347751,0
Lotus grandiflorus,Lotus aegaeus,5356864,1
Polygala andina,Caamembeca andina,11181608,1
Oxylobium lineare,Gastrolobium ebracteolatum,5627941,1
Phaseolus pius,Ancistrotropis clitorioides,8296291,1
Dorycnium parviflorum,Lotus parviflorus,5356892,1
Lotus humilis,Lotus parviflorus,5356892,1
Millettia demeusei,Erythrostemon placidus,9265867,0
Heistera squarrosa,Muraltia squarrosa,4049689,1
Lotus alpinus,Lotus alpinus,5356917,1
Feuilleea squarrosa,Calliandra squarrosa,2981876,1
Moghania macrophylla,Flemingia macrophylla,5359866,1
Nissolia declinata,Millettia nudiflora,5355768,0
Salomonia elongata,Salomonia ciliata,7130426,0
Asemeia miamiensis,Calliandra angustifolia,2982331,0
Lupinus caesius,Lupinus andersonii,2964568,1
Millettia claessensii,Millettia dubia,11291196,1
Caamembeca laureola,Caamembeca salicifolia,9335158,1
Paralbizzia robinsonii,Archidendron chevalieri,2941358,0
Spartium sericeum,Hippocrepis constricta,5353697,0
Genista arborescens,Asemeia grandiflora,5658192,0
Chaetocalyx matudae,Lupinus magnistipulatus,2964221,0
Telinaria linifolia,Monnina stenophylla,8198893,0
Inga pulcherrima,Calliandra tweediei,2982058,1
Mimosa purpurea,Calliandra purpurea,2981994,1
Telinaria salzmannii,Genista majorica,5347563,0
Galactia gracillima,Carpolobia goetzei,4049490,0
Lotus lanatus,Lotus jacobaeus,5356916,1
Pteromonnina ramosa,Monnina ramosa,4049348,1
Solulus thurberi,Diphysa thurberi,5357259,1
Chorizema spectabile,Chorizema diversifolium,2968192,1
Cynometra hedinii,Eutaxia myrtifolia,7275616,0
Mimosa laxa,Calobota saharae,4929856,0
Polygala filiformis,Hoffmannseggia peninsularis,5347490,0
Moghania latifolia,Xanthophyllum griffithii,7293591,0
Berlinia ledermannii,Julbernardia seretii,2981753,1
Racosperma leucocladum,Acacia leucoclada,2979812,1
Cyclopia grandiflora,Bossiaea eriocarpa,2968317,0
Lebeckia pungens,Securidaca diversifolia,5421445,0
Phaseolus peduncularis,Glycine brachybotria,5634269,0
Acacia derwentii,Ononis adenotricha,2977273,0
Recchia bracteata,Lotus broussonetii,5356880,0
Entada scelerata,Adenopodia scelerata,2952363,1
Securidaca spinosa,Securidaca longepedunculata,5658133,1
Carmichaelia stricta,Calliandra californica,2982062,0
Lophostylis oblongifolia,Securidaca longepedunculata,5658133,1
Lotus dispermus,Lotus dorycnium,5632022,1
Ononis scariosa,Ononis mitissima,2977292,1
Acacia sieberiana,Cadia purpurea,2968353,0
Hippocrepis bicontorta,Hippocrepis areolata,5353722,1
Indigofera depressa,Muraltia spinosa,7225532,1
Mimosa tropezifolia,Archidendron clypearia,2941309,1
Viborquia spinosa,Eysenhardtia spinosa,8253620,1
Heisteria reticulata,Muraltia depressa,7792747,0
Macrolobium reticulatum,Gastrolobium coriaceum,5627987,0
Lissera anglica,Genista anglica,5347644,1
Inga salicifoliola,Inga salicifolia,5580608,1
Heisteria ciliaris,Muraltia ciliaris,8037203,1
Millettia cyanantha,Millettia dura,5355670,1
Glycine pescadrensis,Xanthophyllum rufum,4051015,0
Pteromonnina linearifolia,Monnina linearifolia,4050529,1
Bonjeanea incana,Lotus hirsutus,5354799,1
Millettia bojeri,Mundulea barclayi,2933873,1
Chaetocalyx tomentosus,Nissolia tomentosa,10879914,1
Smithia strigosa,Kotschya strigosa,2949015,1
Caesalpinia peninsularis,Muraltia leptorhiza,4050401,0
Genista benehoavensis,Archidendron bigeminum,2941295,0
Chaetocalyx parviflorus,Nissolia vincentina,10745779,1
Indigofera praetermissa,Microcharis praetermissa,2963297,1
Callistachys carinata,Chorizema carinatum,3911714,1
Genista dalmatica,Dialium guianense,2971008,0
Senega suganumae,Eutaxia myrtifolia,7275616,0
Moghania nilgheriensis,Flemingia nilgheriensis,5359828,1
Isoberlinia globiflora,Julbernardia globiflora,2981760,1
Comesperma mansonii,Polygala exilis,4049994,0
Inga brevituba,Inga saltensis,5357770,1
Pithecellobium mottleyanum,Archidendron oppositum,2941543,1
Moghania lacei,Erythrostemon placidus,9265867,0
Hoffmannseggia patagonica,Hoffmannseggia erecta,5347529,1
Pteromonnina rusbyi,Humularia corbisieri,5349889,0
Inga zacuapanica,Inga xalapensis,5357693,1
Acacia daviesioides,Hebecarpa americana,7364474,0
Archidendron sogerense,Acacia bakeri,2980723,0
Abarema kerrii,Archidendron kerrii,2941373,1
Mimosa purpurea,Monnina xalapensis,4051592,0
Desmodium bakeri,Gilbertiodendron obliquum,2941672,0
Feuilleea dysantha,Calliandra dysantha,2982349,1
Disynstemon madagascariense,Disynstemon paullinioides,2982879,1
Indigofera tisserantii,Microcharis tisserantii,2963334,1
Diphysa carthaginensis,Gilbertiodendron dewevrei,2941659,0
Geissaspis ringoetii,Calliandra belizensis,2981850,0
Viborquia adenostylis,Polygaloides chamaebuxus,4051746,0
Phyllodoce genistaefolia,Cyclopia bowieana,5341871,0
Centrolobium ochroxylum,Centrolobium ochroxylum,2945574,1
Senega asperuloides,Polygala asperuloides,4050743,1
Racosperma glaucopterum,Acacia glaucoptera,2978543,1
Lotus genistoides,Xanthophyllum vitellinum,7293493,0
Heistera humilis,Muraltia depressa,7792747,1
Spartium radiatum,Genista radiata,5347648,1
Xanthophyllum glandulosum,Xanthophyllum flavescens,7580773,1
Securidaca fendleri,Archidendron globosum,2941218,0
Pithecellobium kostermansianum,Archidendron nervosum,2941417,1
Anneslia quetzal,Calliandra quetzal,2981976,1
Dorycnium dispermum,Lotus dorycnium,5632022,1
Anneslia mucronulata,Polygala longifolia,4049199,0
Monnina chanduyensis,Monnina pterocarpa,7293304,1
Acacia biflora,Archidendron calliandrum,2941433,0
Pithecolobium lucyi,Machaerium isadelphum,7932857,0
Millettia demeusei,Millettia barteri,5355814,1
Polygala depressa,Myroxylon balsamum,5357190,0
Berlinia magnistipulata,Calobota cinerea,4929857,0
Flemingia nilgiriensis,Microcharis spathulata,2963350,0
Securidaca macrophylla,Archidendron havilandii,2941411,0
Heistera ononidifolia,Muraltia ononidifolia,4050144,1
Feuilleea brevispicata,Inga stenoptera,5357558,1
Gastrolobium forrestii,Gastrolobium cuneatum,5612543,1
Dimorphandra biretusa,Brachypterum koolgibberah,10926317,0
Bonjeanea sericea,Kotschya aeschynomenoides,2949004,0
Feuilleea borneense,Archidendron borneense,2941533,1
Moghania wangkii,Flemingia kerrii,5359893,1
Feuilleea brevipes,Calliandra selloi,2981788,1
Ononis zaiana,Ononis cintrana,2977194,1
Flemingia involucrata,Flemingia trifoliata,5628704,1
Cylindrokelupha tonkinensis,Archidendron tonkinense,2941238,1
Dorycnium collinum,Lotus dorycnium,5632022,1
Chaetocalyx scandens,Bouffordia dichotoma,10854344,0
Mimosa coriacea,Acacia filipes,2979853,0
Calliandra exsudans,Gastrolobium formosum,5627923,0
Maughania sericans,Flemingia macrophylla,5359866,1
Monnina wilczekiana,Machaerium lunatum,5355075,0
Bossiaea microphylla,Securidaca diversifolia,5421445,0
Hippocrepis multiflora,Inga pezizifera,5357576,0
Bredemeyera drummondii,Millettia comosa,5355876,0
Pithecellobium dies-christi,Ebenus longipes,8349417,0
Cytisanthus numidicus,Genista numidica,5347589,1
Cyanothyrsus ogea,Polygala malesiana,4051910,0
Inga lindeniana,Inga sapindoides,5357706,1
Muellera glaziouvii,Dahlstedtia glaziovii,7355391,1
Eminia noldeana,Eminia holubii,5349217,1
Polygala glaziovii,Ononis striata,2977206,0
Polygala hyssopifolia,Asemeia hebeclada,7548566,1
Xanthophyllum hookerianum,Xanthophyllum vitellinum,7293493,1
Lotus uluginosus,Lotus pedunculatus,5356854,1
Polygala corymbosa,Comesperma virgatum,7293549,0
Derris robusta,Archidendron lucidum,2941456,0
Cojoba siltepecensis,Quillaja saponaria,3029379,0
Geissaspis luentensis,Inga sapindoides,5357706,0
Gastrolobium emarginatum,Gastrolobium velutinum,5350184,1
Galactia terminiflora,Bredemeyera divaricata,7477026,0
Uraria esquirolii,Nogra grahamii,2952632,1
Flemingia capitata,Flemingia macrophylla,5359866,1
Millettia leucantha,Millettia vatkei,11884640,1
Dialium bipindense,Gilbertiodendron splendidum,2941650,0
Pithecellobium calliandrum,Archidendron calliandrum,2941433,1
Genista stylosa,Genista sericea,5347781,0
Feuilleea bombycina,Calliandra bombycina,2981874,1
Coronilla scandens,Nissolia vincentina,10745779,1
Hoffmannseggia glandulosa,Hoffmannseggia glandulosa,7395771,1
Pterocarpus robustus,Muraltia depressa,7792747,0
Pithecolobium siltepecense,Chesneya acaulis,5353617,0
Teline medicagioides,Genista monspessulana,5347796,1
Caesalpinia standleyi,Genista tridentata,5347807,0
Triclisperma paucifolia,Polygaloides paucifolia,7346080,1
Flemingia macrophylla,Flemingia prostrata,5359865,1
Solori pseudoinvoluta,Inga cordistipula,5357916,0
Dialium yambataense,Dialium pachyphyllum,2970936,1
Rhynchocarpa monophylla,Machaerium arboreum,5355155,0
Brasilettia pubescens,Coulteria platyloba,7545558,1
Lupinus dasyphyllus,Calliandra parvifolia,2981824,0
Caesalpinia phyllanthoides,Erythrostemon phyllanthoides,9385710,1
Teline splendens,Machaerium isadelphum,7932857,0
Polygala venulosa,Dimorphandra exaltata,2974264,0
Larrea intricata,Bredemeyera moritziana,4049883,0
Calophaca wolgarica,Calophaca wolgarica,7956731,1
Inga planisiliqua,Inga cordistipula,5357916,1
Sophora genistoides,Cyclopia genistoides,7508648,1
Microlophium exile,Polygala exilis,4049994,1
Heisteria phylicodes,Lotus maritimus,5356973,0
Poinciana tomentosa,Delonix tomentosa,2956186,1
Flemingia nana,Inga laevigata,5629065,0
Ebenus horrida,Acacia hamiltoniana,2978560,0
Derris polyphylla,Dialium pachyphyllum,2970936,0
Acacia cassioides,Acacia peruviana,3974930,1
Quillaja poeppigii,Quillaja saponaria,3029379,1
Afgekia filipes,Monnina salicifolia,7875295,0
Polygala nitens,Caamembeca oxyphylla,7868452,1
Dillwynia incerta,Eutaxia parvifolia,5358150,1
Millettia heterophylla,Erythrostemon acapulcensis,9504589,0
Inga heinei,Inga densiflora,5357837,1
Securidaca flexuosa,Gastrolobium tricuspidatum,5360165,0
Polygala laxa,Genista canariensis,5347769,0
Monnina martiana,Hoffmannseggia humilis,5347512,0
Racosperma ferocius,Acacia ferocior,2979887,1
Mimosa hymenaeodes,Calliandra hymenaeoides,2982171,1
Muraltia fasciculata,Muraltia ericoides,8345157,1
Bonjeanea prostrata,Lotus jordanii,9567879,1
Eysenhardtia drummondii,Berlinia orientalis,2971345,0
Polygala ellenbeckii,Collaea stenophylla,5352529,0
Genista crebrispina,Angylocalyx pynaertii,2952340,0
Lotus coronillifolius,Lotus purpureus,5356837,1
Polygala lasseniana,Rhinotropis subspinosa,8002945,1
Nissolia diversifolia,Lupinus littoralis,2964727,0
Archidendron chrysocarpum,Archidendron lucyi,2941496,1
Polygala lanceolata,Caamembeca salicifolia,9335158,1
Ononis litoralis,Lupinus nubigenus,3908570,0
Acacia hybrida,Flemingia nilgheriensis,5359828,0
Ononis hispanica,Ononis natrix,2977234,1
Machaerium campestre,Machaerium opacum,5355028,1
Mimosa capitata,Calliandra rhodocephala,2981815,0
Polygala polygama,Asemeia grandiflora,5658192,1
Spartium heterophyllum,Machaerium pedicellatum,5354939,0
Polygala nitida,Rhinotropis nitida,7429502,1
Polygala micrantha,Errazurizia multifoliolata,2967046,0
Pithecolobium inundabile,Inga inundata,5347460,1
Mundtia tabularis,Muraltia spinosa,7225532,1
Phaseolus grandis,Dysolobium grande,2963397,1
Canavalia dolichoides,Securidaca virgata,5421446,0
Genista tomentella,Lupinus onustus,2964118,0
Cylindrokelupha eberhardtii,Archidendron eberhardtii,2941481,1
Nissolius arboreus,Monnina padifolia,7891141,0
Hippocrepis dicarpa,Hippocrepis ciliata,5353690,1
Muraltia sprengelioides,Muraltia muraltioides,4050214,1
Daniellia mortehanii,Gymnospora violoides,8310280,0
Polygala tehuelchum,Ononis sieberi,2977115,0
Chaetocalyx matudae,Nissolia brasiliensis,10844581,1
Feuilleea panamensis,Inga sapindoides,5357706,1
Oxylobium obovatum,Badiera oblongata,4050599,0
Feuilleea blanchetiana,Hoffmannseggia glauca,5347492,0
Nemcia truncata,Gastrolobium truncatum,5360154,1
Maughania fluminalis,Myroxylon peruiferum,5357189,0
Mimosa quassiaefolia,Ononis ramosissima,2977250,0
Inga coriacea,Calliandra coriacea,2981844,1
Feuilleea crassipes,Millettia pachycarpa,5355731,0
Onobrychis sericea,Ebenus pinnata,5354888,1
Pithecellobium bauchei,Archidendron bauchei,3961221,1
Paraberlinia bifoliolata,Julbernardia pellegriniana,2981747,1
Heisteria tenuifolia,Betencourtia neesii,10906904,0
Hippocrepis multicaulis,Humularia katangensis,5349910,0
Glycine discolor,Glycine discolor,7977042,1
Sennia sciap-sciaple,Brachypterum robustum,2947483,0
Carmichaelia enysii,Carmichaelia nana,8639774,1
Feuilleea calycina,Inga ruiziana,5357975,0
Bossiaea ensata,Bossiaea ensata,2968326,1
Racosperma muellerianum,Eutaxia myrtifolia,7275616,0
Falcata edgeworthii,Inga plumifera,5357849,0
Lupinus rimae,Lupinus andersonii,2964568,1
Carmichaelia odorata,Muraltia acicularis,4051299,0
Cadia catati,Cadia commersoniana,2968350,1
Polygala lanceolata,Muraltia divaricata,4050776,0
Dorycnium insulare,Lotus dorycnium,5632022,1
Polygala pauciflora,Acacia pinguiculosa,2979072,0
Zichya latrobeana,Calobota halenbergensis,4929854,0
Cynometra djumaensis,Dialium bipindense,2970949,0
Affonsea hirsuta,Securidaca pubescens,7293337,0
Pluchia curiosa,Diclidanthera laurifolia,4051089,1
Eutaxia ericoides,Eutaxia virgata,5358158,1
Racosperma durabile,Acacia durabilis,2980979,1
Monnina longifolia,Monnina stenophylla,8198893,1
Lebeckia elongata,Calobota spinescens,4929859,1
Pithecellobium brevipes,Flemingia macrophylla,7601084,0
Psoralea testariae,Ancistrotropis clitorioides,8296291,0
Kennedynella microphylla,Glycine clandestina,5359647,1
Albizia alternifoliolata,Archidendron alternifoliolatum,2941540,1
Drepanocarpus salvadorensis,Machaerium salvadorense,5354919,1
Carmichaelia violacea,Calliandra calycina,2981970,0
Inga mertensioides,Calliandra asplenioides,7524304,1
Telinaria anglica,Acacia paradoxa,2981159,0
Millettia foxworthyi,Millettia merrillii,5355885,1
Ononis spinescens,Ononis arvensis,2977171,1
Virgilia intrusa,Calpurnia intrusa,2956419,1
Cyclopia laricina,Asemeia grandiflora,5658192,0
Larrea humilis,Hoffmannseggia humilis,5347512,1
Acacia papulaeformis,Acacia cultriformis,2979559,1
Oxylobium luteifolium,Gastrolobium luteifolium,5627884,1
Salomonia aphylla,Epirixanthes elongata,4050415,1
Polygala oblongata,Hippocrepis eriocarpa,5353710,0
Brachysema subcordatum,Polygala equisetoides,4050240,0
Berrebera caffra,Millettia grandis,5355756,1
Podalyria laevigata,Cyclopia latifolia,5341857,1
Nemcia effusa,Glycine monantha,5634065,0
Hedysarum dichotomum,Bouffordia dichotoma,10854344,1
Flemingia chappar,Flemingia chappar,5359863,1
Racosperma bakeri,Archidendron bigeminum,2941295,0
Jackia vitellina,Xanthophyllum vitellinum,7293493,1
Comesperma selaginoides,Inga martinicensis,5357612,0
Polygala lourerii,Polygala japonica,7293443,1
Flemingia affinis,Flemingia strobilifera,5359843,1
Feuilleea heterophylla,Inga heterophylla,5357852,1
Carmichaelia rivulata,Monnina lorenziana,4050449,0
Flemingia macrophylla,Flemingia macrophylla,7848561,1
Apios esquirolii,Flemingia fluminalis,5359846,0
Derris multiflora,Inga meissneriana,5357596,0
Macrolobium klainei,Gilbertiodendron klainei,2941663,1
Anneslia papillosa,Inga pilosula,5358111,0
Polygala serpens,Hebecarpa velutina,9556567,1
Tephrosia fruticosa,Coulteria velutina,10687779,0
Spartidium saharae,Nissolia tomentosa,10879914,0
Chesniella tribuloides,Calliandra taxifolia,2982202,0
Chorizema pubescens,Chorizema carinatum,3911714,1
Inga taxifolia,Calliandra taxifolia,2982202,1
Caesalpinia regia,Delonix regia,2956176,1
Machaerium stenophyllum,Berlinia occidentalis,2971349,0
Heisteria cliffortiifolia,Muraltia cliffortiifolia,4050985,1
Inga purpurea,Archidendron molle,7718503,0
Ononis stenophylla,Carmichaelia australis,5348429,0
Archidendron yunnanense,Archidendron kerrii,2941373,1
Anneslia belizensis,Asemeia ilheotica,7593388,0
Recchia bracteata,Recchia mexicana,7898222,1
Centrolobium minus,Archidendron microcarpum,2941523,0
Inga globosa,Genista stenopetala,5347701,0
Racosperma rigidum,Calliandra asplenioides,7524304,0
Cylindrokelupha eberhardtii,Inga ruiziana,5357975,0
Bionia acuminata,Camptosema acuminatum,3968181,1
Racosperma ayersianum,Acacia ayersiana,2978497,1
Polygala tenuifolia,Lotus strictus,5354800,0
Polygala subglobosa,Hippocrepis constricta,5353697,0
Polygala rimulicola,Rhinotropis rimulicola,7392607,1
Bugranopsis crinita,Ononis crinita,2977274,1
Polygala pilosa,Polygala grandidieri,4051973,1
Inga macrophylla,Lotus subbiflorus,5356841,0
Smithia aeschynomenoides,Acacia elata,2973176,0
Calliandra goldmanii,Calliandra goldmanii,2981941,1
Bredemeyera rhadinocarpa,Comesperma rhadinocarpum,4051617,1
Genista hypericifolia,Erythrostemon fimbriatus,9626167,0
Xanthophyllum floriferum,Asemeia hirsuta,8353160,0
Abarema borneense,Gilbertiodendron demonstrans,2941698,0
Valentinia sylvestris,Xanthophyllum sylvestre,4050961,1
Abarema clypearia,Acacia binervata,2979161,0
Dolichos schlechteri,Decorsea schlechteri,2977702,1
Inga cyclocarpa,Inga ruiziana,5357975,1
Genista parviflora,Flemingia gracilis,5359860,0
Stauracanthus lusitanicus,Echinospartum lusitanicum,2959225,1
Chamaebuxus alpestris,Polygaloides chamaebuxus,4051746,1
Nissolia confertiflora,Muraltia ciliaris,8037203,0
Caesalpinia cubensis,Coulteria cubensis,10786450,1
Chesniella tribuloides,Chesneya tribuloides,5353656,1
Inga microdonta,Inga densiflora,5357837,1
Hoffmannseggia gladiata,Acacia botrydion,2978647,0
Discolobium elongatum,Discolobium pulchellum,2962224,1
Dalbergia timoriensis,Calliandra rubescens,2982006,0
Mucuna chienkweiensis,Dysolobium grande,2963397,1
Westia stipulacea,Gilbertiodendron stipulaceum,2941674,1
Pylostachya cymosa,Polygala cymosa,3191370,1
Acacia pravissima,Acacia pravissima,2978643,1
Lotus macrocarpus,Lotus weilleri,5357008,1
Comesperma tasmanicum,Securidaca retusa,8126792,0
Genista balearica,Erythrostemon coccineus,9574659,0
Albizia hendersonii,Archidendron hendersonii,2941401,1
Ononis saxatilis,Muraltia tenuifolia,4049598,0
Heisteria pappeana,Muraltia pappeana,4050093,1
Salomonia obovata,Lotus quinatus,5356887,0
Polygala microloncha,Polygala salviniana,4049554,1
Inga umbellata,Inga heterophylla,5357852,1
Archidendron peekelii,Hippocrepis constricta,5353697,0
Cytiscus linifolius,Securidaca trianae,5658075,0
Moghania faginea,Flemingia faginea,5359906,1
Hoita villosa,Hoita macrostachya,2943710,1
Tetragonolobus siliqosus,Polygaloides chamaebuxus,4051746,0
Racosperma polybotryum,Muraltia macropetala,4050299,0
Psoralea acaulis,Kartalinia acaulis,10744511,1
Eysenhardtia amorphoides,Polygala crotalarioides,3191438,0
Acanthocladus albicans,Acanthocladus dichromus,8890058,1
Chesneya olivieri,Archidendron clypearia,2941309,0
Anneslia brevipes,Calliandra selloi,2981788,1
Feuilleea plumifera,Eutaxia myrtifolia,7275616,0
Feuilleea stenocarpa,Inga heterophylla,5357852,1
Glycine americana,Ononis dentata,2977135,0
Racosperma covenyi,Acacia covenyi,2980351,1
Bredemeyera sphaerocarpa,Comesperma sphaerocarpum,4051487,1
Scottia dentata,Polygaloides chamaebuxus,4051746,0
Spiroloba bigemina,Betencourtia gracillima,11087931,0
Anila stipularis,Microcharis stipulosa,2963318,1
Dorycnium suffruticosum,Carmichaelia stevensonii,5628936,0
Poincianella melanadenia,Erythrostemon melanadenius,9426133,1
Securidaca volubilis,Acacia glaucoptera,2978543,0
Inga laurifolia,Asemeia violacea,8077988,0
Camptosema scarlatinum,Erythrostemon acapulcensis,9504589,0
Muraltia decandollei,Apios americana,2966796,0
Dialium kingii,Calobota sericea,4929855,0
Polygala micrantha,Muraltia filiformis,4050611,1
Scottia angustifolia,Bossiaea dentata,2968330,1
Myrospermum arboreum,Gonocytisus angulatus,2952409,0
Feuilleea quassiaefolia,Inga pilosula,5358111,1
Dimorphandra speciosa,Dimorphandra pennigera,2974286,1
Securidaca affinis,Securidaca divaricata,5658161,1
Indigofera gyrata,Genista tricuspidata,5347804,0
Nissolia acuminata,Millettia stuhlmannii,5355934,0
Pedrosia arenaria,Glycine max,5359660,0
Genista monspessulana,Inga pilosula,5358111,0
Muraltia diffusa,Muraltia stipulacea,7652309,1
Banisterodes glaucum,Acacia peruviana,3974930,0
Senega regnellii,Polygala cneorum,4051947,1
Genista retamoides,Genista spartioides,5347582,1
Falcata japonica,Amphicarpaea edgeworthii,2960189,1
Spartium ferox,Calobota cytisoides,3968567,0
Polygala heterophylla,Polygala calcarea,8169088,1
Inga dolichantha,Inga ornata,5357589,1
Carmichaelia flagelliformis,Carmichaelia australis,5348429,1
Ononis spinosohircina,Inga inicuil,7592050,0
Polygala tamariscea,Camoensia scandens,5358230,0
Rhynchotropis curtisiae,Microcharis microcharoides,2963314,1
Polygala andreana,Hebecarpa caracasana,9585242,1
Oxylobium rigidum,Gastrolobium rigidum,5350185,1
Mundulea chpelieri,Mundulea chapelieri,2933881,1
Mora guianensis,Microcharis contorta,2963295,0
Boenninghausia vincentina,Nissolia vincentina,10745779,1
Muraltia phylicoides,Muraltia aspalatha,4051201,1
Pithecellobium havilandii,Archidendron havilandii,2941411,1
Lotus ciliatus,Lotus conimbricensis,5356971,1
Chesniella ferganensis,Chesneya ferganensis,5353619,1
Mundulea andringitrensis,Mundulea barclayi,2933873,1
Feuilleea inicuil,Inga inicuil,7592050,1
Genista virgata,Dysolobium grande,2963397,0
Maughania procumbens,Humularia drepanocephala,5349894,0
Monnina epilobioides,Dahlstedtia glaziovii,7355391,0
Polygala trinervata,Flemingia strobilifera,5359843,0
Xanthophyllum papuanum,Xanthophyllum papuanum,8176843,1
Teline congesta,Genista tenera,5347751,1
Inga ochroclada,Calliandra depauperata,2981989,0
Phaseolodes zollingerianum,Millettia sericea,7807253,1
Genista lipskii,Dialium zenkeri,2970960,0
Angylocalyx talbotii,Angylocalyx talbotii,2952348,1
Teline paivae,Archidendron alternifoliolatum,2941540,0
Phaseolodes pulchrum,Millettia pulchra,5355677,1
Inga splendens,Gilbertiodendron grandistipulatum,9199427,0
Tunatea brachystachya,Genista cinerea,5347718,0
Macrolobium barbulatum,Alistilus jumellei,2961189,0
Polygala nova,Polygala exilis,4049994,1
Inga radians,Inga inicuil,7592050,1
Calliandra bullata,Machaerium donnell-smithii,5355091,0
Comesperma aristulosum,Comesperma ericinum,7293357,1
Polygala longifolia,Polygala macroptera,4052027,1
Flemingia macrophylla,Flemingia macrophylla,5359866,1
Bredemeyera calymega,Genista sagittalis,5347702,0
Polygala vayredae,Polygaloides vayredae,4051732,1
Polygala fallax,Asemeia extraaxillaris,7839407,1
Polygala autranii,Caamembeca autranii,9359789,1
Angylocalyx gossweileri,Angylocalyx pynaertii,2952340,1
Westia grandiflora,Berlinia grandiflora,2971333,1
Glycine angustifolia,Polygala trichosperma,4050125,0
Gastrolobium obovatum,Gastrolobium obovatum,7999234,1
Archidendron incurvatum,Archidendron molle,7718503,0
Meibomia ormocarpoides,Archidendron aruense,7853116,0
Xanthophyllum undulatum,Nissolia vincentina,10745779,0
Muraltia petraea,Muraltia ericifolia,8414336,0
Monnina diversifolia,Monnina cuneata,8216450,1
Securidaca mollis,Polygala nicaeensis,7293457,0
Archidendron glandulosum,Archidendron glandulosum,2941276,1
Craibia bequaertii,Millettia psilopetala,5355701,1
Monnina humahuaquensis,Chorizema aciculare,7757885,0
Epirixanthes tenella,Lotus biflorus,5356877,0
Eminia eminens,Erythrostemon pannosus,9336761,0
Oxylobium nervosum,Gastrolobium nervosum,5627863,1
Lupinus opsianthus,Lupinus angustifolius,2964025,1
Comesperma selaginoides,Comesperma virgatum,7293549,1
Inga pulcherrima,Carmichaelia stevensonii,5628936,0
Bossiaea cordigera,Genista ausetana,5627705,0
Hedysarum ebenus,Muraltia pappeana,4050093,0
Pithecellobium tetraphyllum,Archidendron tetraphyllum,2941475,1
Calobota multiflora,Calobota angustifolia,4929861,1
Teramnus gandiflorus,Herpyza grandiflora,2941709,1
Anneslia guildingii,Ononis leucotricha,2977229,0
Chorizema chandleri,Nissolia chacoensis,10736045,0
Polygala ruderalis,Polygala sphenoptera,4051511,1
Triclisperma grandiflora,Polygaloides paucifolia,7346080,1
Inga harrisii,Calliandra harrisii,2982277,1
Genista charegia,Genista ferox,7689832,1
Scorpius clusii,Acacia decora,2978514,0
Mimosa tetraphylla,Calliandra tergemina,2981879,1
Polygala formosa,Genista lydia,5347712,0
Pithecellobium siltepecense,Genista tricuspidata,5347804,0
Acacia biflora,Acacia biflora,2978318,1
Albizia clypearia,Nissolia spinosa,5631043,0
Xanthophyllum hosei,Gilbertiodendron brachystegioides,2941702,0
Angylocalyx vermeulenii,Angylocalyx schumannianus,2952345,1
Pithecellobium fallax,Inga salicifolia,5580608,0
Oxylobium cuneatum,Polygala cymosa,3191370,0
Bugranopsis stricta,Ononis euphrasiifolia,2977232,1
Phaseoloides pulchrum,Genista dracunculoides,5347733,0
Machaerium leiocarpum,Machaerium lanceolatum,5355092,1
Genista saharae,Calobota saharae,4929856,1
Dialium sylvestre,Apios fortunei,2966794,0
Polygala heliostigma,Polygala usafuensis,4049750,1
Lepidocoma gracilis,Muraltia calycina,4051061,0
Comesperma floribunda,Bredemeyera floribunda,7293394,1
Salomonia arnottiana,Muraltia ericoides,8345157,0
Feuilleea fasciculata,Polygala serpyllifolia,3191414,0
Apios cavaleriei,Brachypterum philippinense,11371659,0
Monnina obscura,Monnina xalapensis,4051592,1
Comesperma aristulosum,Acacia elata,2973176,0
Ononis laevis,Calliandra sessilis,2981978,0
Comesperma silvestre,Comesperma sylvestre,4051416,1
Maughania helferiana,Flemingia helferiana,5628812,1
Phaseolus pascuorum,Ancistrotropis peduncularis,7484829,1
Genista scythica,Genista albida,5347692,1
Inga fagifolia,Inga laurina,5358039,1
Robinia dubia,Flemingia pauciflora,5359861,0
Feuilleea dysantha,Chesneya acaulis,5353617,0
Bredemeyera ericina,Comesperma ericinum,7293357,1
Colutea americana,Mecopus nidulans,5352176,0
Inga hirsutissima,Archidendron bigeminum,2941295,0
Flemingia racemosa,Securidaca trianae,5658075,0
Brachysema latifolium,Gastrolobium minus,5627874,1
Calliandra michelii,Genista aristata,5347772,0
Feuilleea laurina,Inga laurina,5358039,1
Calliandra slaneae,Adenopodia spicata,2952379,0
Nemcia truncata,Erythrostemon standleyi,9272208,0
Polygala saxatilis,Genista salzmannii,5347830,0
Genista villosa,Polygala japonica,7293443,0
Dillwynia glycinifolia,Inga vulpina,5357563,0
Lovanafia capuroniana,Archidendron jiringa,2941605,0
Calobota multiflora,Glycine clandestina,5359647,0
Ononis polymorpha,Cyclopia maculata,5341867,0
Polygala macrophylla,Caamembeca grandifolia,8265068,1
Racosperma inamabile,Angylocalyx oligophyllus,2952349,0
Monnina gaudroniana,Monnina marginata,9392468,1
Xanthophyllum paniculatum,Muraltia macrocarpa,4050325,0
Flemingia fluminalis,Inga laevigata,5629065,0
Muraltia dregei,Muraltia squarrosa,4049689,1
Dorycnium sphaerocarpum,Lotus dorycnium,5632022,1
Bionia marginata,Archidendron borneense,2941533,0
Larrea humilis,Ebenus laguroides,7302164,0
Polygala decumbens,Lotus hirsutus,5354799,0
Machaerium tolimense,Machaerium tolimense,5355062,1
Calophaca vaginalis,Inga multicaulis,5357732,0
Inga melinonis,Inga ruiziana,5357975,1
Millettia brunneosericea,Ammopiptanthus nanus,2943139,0
Heistera asparagifolia,Muraltia asparagifolia,4051186,1
Polygala klotzschii,Carmichaelia juncea,5628964,0
Nemcia brownii,Gastrolobium brownii,5360161,1
Racosperma glaucopterum,Calliandra bijuga,2982296,0
Wiborgia amorphoides,Eysenhardtia polystachya,2964737,1
Drepanocarpus africanus,Lotus arenarius,5356814,0
Hebecarpa orthotricha,Hebecarpa obscura,7545780,1
Indigofera medicaginea,Mecopus nidulans,5352176,0
Monnina myrtoides,Genista micrantha,5347650,0
Teramnus gandiflorus,Genista ferox,7689832,0
Psoralea fruticosa,Eysenhardtia polystachya,2964737,1
Lupinus bridgesii,Lupinus luteolus,2963818,1
Lebeckia acanthoclada,Polygala caudata,4049190,0
Moghania trifoliastrum,Archidendron tonkinense,2941238,0
Bredemeyera nudiuscula,Carmichaelia hutchinsii,5628965,0
Cylindrokelupha macrophylla,Inga pilosula,5358111,0
Catocoma mansonii,Machaerium nigrum,5355066,0
Polygala angustifolia,Delonix decaryi,2956183,0
Hallia sororia,Carmichaelia torulosa,5628927,0
Spartium ellipticum,Genista patens,5354553,1
Parosela megacarpa,Ononis viscosa,7855130,0
Polygala bicornis,Millettia griffoniana,5355825,0
Nissolia aculeata,Machaerium reticulatum,3968589,1
Mundtia brasiliensis,Acanthocladus brasiliensis,5658224,1
Genista elliptica,Genista patens,5354553,1
Lotus canescens,Calophaca wolgarica,7956731,0
Oxylobium kelsoi,Gastrolobium graniticum,5350183,1
Dolichos rhombifolius,Dysolobium pilosum,2963403,1
Lotus approximatus,Machaerium lanceolatum,5355092,0
Ononis occidentalis,Flemingia chappar,5359863,0
Nemcia rubra,Calliandra houstoniana,2982067,0
Daniellia similis,Inga pilosula,5358111,0
Xanthophyllum molle,Xanthophyllum purpureum,4051109,1
Chaetocalyx tenuipedicellatus,Hoita macrostachya,2943710,0
Comesperma compactum,Dolichopsis monticola,5611262,0
Arouna divaricatum,Dialium guianense,2971008,1
Polygala parviflora,Polygala exilis,4049994,1
Stachyothyrsus tessmannii,Pachyelasma tessmannii,2944797,1
Lupinus linifolius,Calliandra purpurea,2981994,0
Vigna subhastata,Ancistrotropis subhastata,8100701,1
Heistera micrantha,Millettia caerulea,5355797,0
Banisterodes obscurum,Archidendron lucyi,2941496,0
Muraltia stipulacea,Archidendron syringifolium,2941559,0
Calliandra microcalyx,Calliandra parvifolia,2981824,1
Lemuropisum edule,Delonix edule,10851938,1
Larrea intricata,Hoffmannseggia intricata,5347552,1
Genista inermis,Chesneya acaulis,5353617,0
Polygala marquesiana,Xanthophyllum ancolanum,4052148,0
Erinacea erinacea,Erinacea anthyllis,2977757,1
Machaerium oxyphyllum,Genista germanica,5347824,0
Polygala ilseana,Polygala calcarea,8169088,1
Pteromonnina boliviana,Monnina boliviana,4051991,1
Inga rugosa,Ononis tridentata,2977272,0
Bossiaea riparia,Nissolia vincentina,10745779,0
Xanthophyllum insigne,Chesneya ferganensis,5353619,0
Feuilleea heterophylla,Machaerium reticulatum,3968589,0
Oxylobium obtusifolium,Humularia rosea,5349892,0
Cytisus segonnei,Genista segonnei,5347842,1
Psoralea schultzii,Flemingia parviflora,5359905,1
Emurus major,Hippocrepis emerus,5353705,1
Bredemeyera cuneata,Bredemeyera cuneata,4050187,1
Xanthophyllum forbesii,Xanthophyllum erythrostachyum,4051852,1
Xanthophyllum scortechinii,Kotschya speciosa,2949011,0
Berlinia stipulacea,Flemingia macrophylla,5359866,0
Nemcia punctata,Xanthophyllum rufum,4051015,0
Brachysema bracteolosum,Gastrolobium bracteolosum,5628017,1
Caesalpinia colimensis,Millettia urophylloides,11331493,0
Sophora angulata,Bouffordia dichotoma,10854344,0
Crotalaria cavaleriei,Flemingia macrophylla,5359866,1
Dalbergia amorphoides,Archidendron lucidum,2941456,0
Eutaxia punctata,Calliandra fasciculata,2981954,0
Millettia fruticosa,Millettia fruticosa,5355849,1
Racosperma alpinum,Flemingia nana,7981517,0
Inga hirsuta,Acacia cultriformis,2979559,0
Xanthophyllum geminiflorum,Archidendron bigeminum,2941295,0
Polygala dumosa,Securidaca pubescens,7293337,0
Monnina crispata,Glycine max,5359660,0
Lonchocarpus paullinioides,Ebenus haussknechtii,5630784,0
Polygala heterorhyncha,Daniellia ogea,2948722,0
Polygala leptalea,Polygala longifolia,4049199,1
Leptocyamus sericeus,Glycine canescens,5359650,1
Whitfordiodendron filipes,Coulteria platyloba,7545558,0
Caesalpinia hughesii,Erythrostemon hughesii,9460819,1
Anneslia xalapensis,Myroxylon peruiferum,5357189,0
Cytisanthus sericopetalus,Genista radiata,5347648,1
Pithecellobium kerrii,Archidendron kerrii,2941373,1
Pithecellobium vaillantii,Archidendron vaillantii,2941381,1
Tetragonolobus aegaeus,Machaerium firmum,5354996,0
Anneslia rhodocephala,Calliandra rhodocephala,2981815,1
Catocoma floribunda,Bredemeyera floribunda,7293394,1
Pithecellobium oppositum,Archidendron oppositum,2941543,1
Teline segonnei,Monnina richardiana,4049262,0
Securidaca hebeclada,Bredemeyera hebeclada,7459931,1
Racosperma hamiltonianum,Lotus jordanii,9567879,0
Pithecellobium baucheri,Inga pilosula,5358111,0
Dalea mutifoliata,Errazurizia multifoliolata,2967046,1
Lemuropisum edule,Lupinus luteolus,2963818,0
Indigofera phyllogramme,Microcharis phyllogramme,2963330,1
Phaseoloides maingayi,Genista ferox,7689832,0
Smithia lutea,Polygala seminuda,4052191,0
Daniellia mortehanii,Ononis leucotricha,2977229,0
Ferrum-equinum multisiliquosum,Padbruggea dasyphylla,2952312,0
Polygala nelsonii,Dysolobium dolichoides,2963388,0
Lotus peliorhynchus,Lotus berthelotii,5356822,1
Salomonia angulata,Flemingia latifolia,5359868,0
Ononis spicata,Lotus tenellus,5613289,0
Polygala mexicana,Polygala mexicana,4051609,1
Ononis dentata,Gastrolobium retusum,5611865,0
Feuilleea longipinna,Xanthophyllum obscurum,4051314,0
Securidaca rufescens,Polygala salviniana,4049554,0
Tipuana mucronata,Hebecarpa ovatifolia,8059777,0
Lupinus amniculi-vulpum,Securidaca coriacea,7499347,0
Pithecellobium lobatum,Archidendron falcatum,2941367,1
Lotus mollissimus,Lotus angustissimus,5356931,1
Ononis arthropodia,Ononis pubescens,2977281,1
Machaerium violaceopurpureum,Machaerium hirtum,5354979,1
Robinia thonningii,Lupinus onustus,2964118,0
Teline patens,Genista patens,5354553,1
Ortholobium chevalieri,Archidendron chevalieri,2941358,1
Polygala scleroxylon,Genista sessilifolia,5347744,0
Lebeckia lotononoides,Flemingia paniculata,5359909,0
Nemcia stipularis,Gastrolobium stipulare,5360156,1
Comesperma strictum,Comesperma calymega,7293259,1
Calliandra dendroides,Muraltia longicuspis,4050349,0
Amphicarpaea ciliata,Amphicarpaea bracteata,2960161,1
Polygala lindmaniana,Angylocalyx oligophyllus,2952349,0
Heisteria candollei,Lotus peregrinus,5356819,0
Ononis hackelii,Ononis maweana,2977270,1
Pithecellobium occultatum,Calliandra quetzal,2981976,0
Spartium cuspidosum,Calliandra humilis,2982270,0
Spiroloba bigemina,Archidendron bigeminum,2941295,1
Polygala laotica,Polygala tricholopha,4050160,1
Calliandra metrosideriflora,Calliandra houstoniana,2982067,1
Lebeckia armata,Archidendron alternifoliolatum,2941540,0
Comesperma aphyllum,Inga densiflora,5357837,0
Pithecellobium mottleyanum,Archidendron pahangense,2941406,0
Cytisus paniculatus,Genista canariensis,5347769,1
Chaetocalyx fissus,Calliandra bijuga,2982296,0
Affonsea hirsuta,Inga edwallii,5357301,1
Pedrosia porto-sanctana,Hippocrepis unisiliquosa,5353717,0
Heistera striata,Xanthophyllum vitellinum,7293493,0
Lupinus douglasii,Hanslia ormocarpoides,3978075,0
Polygala pauciflora,Muraltia pauciflora,4050068,1
Anneslia bijuga,Polygala cneorum,4051947,0
Monnina olfersiana,Monnina richardiana,4049262,1
Feuilleea trinervia,Calliandra trinervia,2982031,1
Comesperma latifolium,Comesperma ericinum,7293357,1
Acacia glaucifolia,Acacia cultriformis,2979559,1
Hippocrepis biflora,Diphysa americana,5357263,0
Machaerium rectipes,Machaerium hirtum,5354979,1
Spartium osyris,Genista ramosissima,5347699,1
Eutaxia microphylla,Eutaxia microphylla,7566710,1
Chamaespartium tridentatum,Muraltia acicularis,4051299,0
Larrea pueblana,Hoffmannseggia humilis,5347512,1
Heistera rigida,Gastrolobium whicherense,5627810,0
Hebeandra prinoides,Monnina ligustrina,4050545,1
Securidaca ovata,Berlinia occidentalis,2971349,0
Dalbergia crowei,Brachypterum robustum,2947483,1
Moghania sootepensis,Flemingia sootepensis,5359896,1
Feuilleea multicaulis,Inga multicaulis,5357732,1
Cylindrokelupha bubalina,Hippocrepis biflora,5353737,0
Acacia aurea,Lotus dumetorum,5357012,0
Polygala banksii,Echinospartum horridum,2959222,0
Carpolobia macrostachya,Inga chartacea,5357658,0
Dimorphandra excelsa,Millettia glaucescens,5355716,0
Daniellia fosterae,Amphicarpaea bracteata,2960161,0
Pithecellobium utile,Archidendron utile,2941583,1
Dorycnium fulgurans,Machaerium declinatum,5354944,0
Mundtia montana,Decorsea dinteri,2977710,0
Polygala cowellii,Phlebotaenia cowellii,3191460,1
Monnina parviflora,Badiera oblongata,4050599,0
Calliandra schultzei,Calliandra riparia,2982275,1
Racosperma chrysocephalum,Archidendron glomeriflorum,2941385,0
Maughania nana,Flemingia nana,7981517,1
Acacia rostellifera,Decorsea schlechteri,2977702,0
Inga koeringa,Kotschya aeschynomenoides,2949004,0
Syspone sagittalis,Genista sagittalis,5347702,1
Pithecellobium apoense,Archidendron apoense,2941269,1
Muraltia serpyllifolia,Genista microphylla,5347681,0
Catocoma brevifolia,Bredemeyera brevifolia,4050274,1
Acacia myriobotrya,Carmichaelia juncea,5628964,0
Archidendron racemosum,Xanthophyllum lanceatum,4051497,0
Smithia volkensii,Nissolia brasiliensis,10844581,0
Comesperma strictum,Decorsea galpinii,2977705,0
Polygala selloi,Monnina tristaniana,7293618,1
Carpolobia leandriana,Inga capitata,5358094,0
Mundia glauca,Inga chartacea,5357658,0
Muraltia ericifolia,Muraltia satureioides,7851822,1
Macrolobium brachystegioides,Gilbertiodendron brachystegioides,2941702,1
Badiera divaricata,Bredemeyera divaricata,7477026,1
Geissaspis drepanocephala,Gastrolobium spectabile,5350214,0
Abarema trichophylla,Genista spartioides,5347582,0
Telinaria ramosissima,Genista canariensis,5347769,1
Polygala muraltioides,Genista florida,5347816,0
Anonis viscosa,Ononis viscosa,2977105,1
Genista elliptica,Archidendron pauciflorum,2941485,0
Inga hirsutissima,Inga setosa,5357663,1
Senega paganuccii,Genista monspessulana,5347796,0
Moghania latifolia,Flemingia macrophylla,5359866,1
Drepanocarpus aristulatus,Padbruggea maingayi,2952311,0
Flemingia prostrata,Quillaja brasiliensis,3029372,0
Caesalpinia watsonii,Archidendron alternifoliolatum,2941540,0
Archidendron xichouensis,Archidendron xichouense,3980717,1
Heisteria alopecurodes,Muraltia alopecuroides,4051253,1
Catocoma mansonii,Bredemeyera lucida,4049939,1
Chaetocalyx acutifolius,Xanthophyllum flavescens,7580773,0
Berlinia globiflora,Flemingia latifolia,5359868,0
Bredemeyera mollis,Securidaca coriacea,7499347,1
Lupinus huigrensis,Lupinus huigrensis,3910177,1
Pithecolobium comosum,Calliandra comosa,2982362,1
Genista rhodopaea,Genista depressa,5347667,1
Hippocrepis ambigua,Archidendron nervosum,2941417,0
Apaloxylon madagascariense,Neoapaloxylon madagascariense,2944229,1
Desmodium dependens,Hanslia ormocarpoides,3978075,1
Maughania praecox,Inga umbratica,5358034,0
Poincianella laxa,Salomonia ciliata,7130426,0
Podolobium aciculare,Lotus palustris,5356941,0
Calliandra sanctapaulii,Calliandra foliolosa,2981801,1
Anneslia nipensis,Calliandra pauciflora,2982147,1
Calliandra humilis,Calliandra humilis,2982270,1
Cylindrokelupha havilandii,Inga pulcherrima,5360572,0
Ortholobium umbellatum,Archidendron eberhardtii,2941481,0
Ononis gibraltarica,Ononis ramosissima,2977250,1
Chaetocalyx fissus,Nissolia vincentina,10745779,1
Pithecellobium lucidum,Acacia assimilis,2978856,0
Apios cavaleriei,Apios fortunei,2966794,1
Pithecellobium teysmannii,Daniellia thurifera,2948727,0
Racosperma georginae,Calliandra tweedii,2982053,0
Pongamia angustifolia,Millettia glaucescens,5355716,1
Anneslia pubiflora,Acacia lobulata,2979524,0
Ononis arborescens,Inga longiflora,5357949,0
Polygala webbiana,Polygaloides webbiana,4051725,1
Lupinus ornatus,Archidendron oppositum,2941543,0
Calliandra expansa,Millettia peguensis,5355687,0
Codarium nitidum,Dialium guineense,2971007,1
Jackia excelsa,Archidendron merrillii,2941600,0
Poincianella californica,Flemingia kweichowensis,5359838,0
Genista hispanica,Muraltia crassifolia,4050884,0
Polygala purpurea,Polygaloides paucifolia,7346080,1
Securidaca corymbosa,Securidaca trianae,5658075,1
Inga speciosa,Gilbertiodendron stipulaceum,2941674,0
Poincianella arida,Securidaca lanceolata,7584051,0
Polygala hondurana,Asemeia hondurana,8312249,1
Dialium laurentii,Dialium guineense,2971007,1
Lotus boissieri,Lotus glacialis,5356990,1
Cyclopia galioides,Cyclopia galioides,5341873,1
Genista sibirica,Moutabea excoriata,4051489,0
Machaerium densicomum,Amphicarpaea bracteata,2960161,0
Bredemeyera lhotzkyana,Inga longiflora,5357949,0
Ononis doerfleri,Ononis doerfleri,3970321,1
Muraltia alopecuroides,Inga sapindoides,5357706,0
Racosperma evenulosum,Polygala myriantha,4050863,0
Muraltia decandollei,Muraltia alopecuroides,4051253,1
Inga brevipedicellata,Inga acrocephala,5357674,1
Poecilanthe amazonica,Limadendron amazonicum,7864243,1
Muraltia laricifolia,Muraltia macroceras,4050318,1
Hoffmannseggia stipulata,Hoffmannseggia miranda,5347554,1
Inga yunckeri,Inga laevigata,5629065,1
Machaerium aculeatum,Machaerium reticulatum,3968589,1
Polygala nova,Securidaca coriacea,7499347,0
Myrospermum balsamiferum,Kotschya micrantha,2948991,0
Aspalathus nubigenus,Chesneya nubigena,5357277,1
Genista holopetala,Genista holopetala,7664255,1
Lupinus odoratus,Millettia aurea,5355818,0
Platylobium spinosum,Bossiaea spinosa,2968333,1
Polygala ambigens,Lotus jordanii,9567879,0
Pithecellobium turgidum,Polygala mexicana,4051609,0
Racosperma dealbatum,Calobota angustifolia,4929861,0
Genista charegia,Archidendron trichophyllum,2941409,0
Derris cumingii,Brachypterum cumingii,11370604,1
Polygala gigantea,Acacia biflora,2978318,0
Camptosema pinnatum,Aphanocalyx ledermannii,2954253,0
Millettia drastica,Calliandra parviflora,2982301,0
Paradaniellia oliveri,Daniellia oliveri,2948733,1
Dalbergia lindeniana,Polygala ludwigiana,4052273,0
Drepanocarpus dubius,Genista linifolia,5347599,0
Trifolium lupinaster,Lotus dorycnium,5632022,1
Pedrosia tenella,Machaerium isadelphum,7932857,0
Carpolobia suaveolens,Julbernardia paniculata,2981767,0
Spartium capitatum,Genista clavata,5347795,1
Genista lipskii,Genista humifusa,5347837,1
Pithecellobium inundabile,Inga inundata,5347460,1
Larrea densiflora,Hippocrepis comosa,5353750,0
Abarema novoguineense,Archidendron novoguineense,3960951,1
Inga quassiifolia,Genista hispanica,5347761,0
Lotus bornmuellerianus,Diphysa americana,5357263,0
Retama parviflora,Securidaca longifolia,5658132,0
Feuilleea hymeneioides,Calliandra hymenaeoides,2982171,1
Spartium ramosissimum,Genista ramosissima,5347699,1
Smithia oubanguiensis,Kotschya oubanguiensis,2948993,1
Lotodes testariae,Flemingia trifoliata,5628704,1
Asemeia rosea,Asemeia grandiflora,5658192,1
Whitfordiodendron filipes,Padbruggea filipes,2982855,1
Acacia pachyloma,Carmichaelia petriei,5348436,0
Polygala monticola,Asemeia monticola,8344266,1
Flemingia hockii,Flemingia grahamiana,5359839,1
Maughania strobilifera,Bossiaea hendersonii,11717774,0
Lepidocoma rollae,Flemingia rollae,5359891,1
Astragalus gibberosus,Chesneya rytidosperma,5353632,1
Feuilleea multifoliolata,Cyclopia genistoides,7508648,0
Rodschiedia surinamensis,Acacia prominens,2978612,0
Feuilleea eriophylla,Calliandra eriophylla,2982181,1
Acacia obtusata,Eleiotis rottleri,2968278,0
Ononis bracteata,Muraltia ciliaris,8037203,0
Inga marginata,Inga laurina,5358039,1
Geissaspis welwitschii,Monnina filifolia,4051128,0
Eleiotis monophylla,Eleiotis sororia,2968282,1
Chorizema aciculoides,Gastrolobium oxylobioides,5350208,0
Solori pseudorobusta,Brachypterum pseudorobustum,11377408,1
Inga tergemina,Calliandra tergemina,2981879,1
Senega sedoides,Acacia provincialis,2979750,0
Lonchocarpus griffonianus,Millettia griffoniana,5355825,1
Solulus thurberi,Acacia leichhardtii,2980894,0
Brachysema minor,Nissolia schottii,5358624,0
Berlinia bracteosa,Nissolia bicallosa,5631100,0
Flemingia rhodocarpa,Acacia chartacea,2980347,0
Dendrospartum aetnense,Genista aetnensis,5347587,1
Polygala corbariensis,Polygala calcarea,8169088,1
Huttonella prona,Polygala telephium,7293472,0
Genista microphylla,Millettia grandis,5355756,0
Lonchocarpus goossensii,Muraltia lancifolia,4050447,0
Lotodes strobilinum,Diphysa americana,5357263,0
Pithecellobium oppositum,Ancistrotropis clitorioides,8296291,0
Acacia eglandulosa,Gastrolobium bracteolosum,5628017,0
Xanthophyllum paniculatum,Xanthophyllum vitellinum,7293493,1
Benedictella benoistii,Rhamphopetalum microphyllum,10717476,0
Polygala persicariifolia,Machaerium lunatum,5355075,0
Muraltia humilis,Muraltia depressa,7792747,1
Aotus drummondii,Aotus procumbens,5352271,1
Teline microphylla,Inga velutina,5357985,0
Poinciana leucantha,Delonix leucantha,2956166,1
Lebeckia acanthoclada,Calobota acanthoclada,7528572,1
Pithecellobium balansae,Salomonia cantoniensis,5421447,0
Polygala glandulosopilosa,Bossiaea spinosa,2968333,0
Calliandra pallatangensis,Calliandra glyphoxylon,2981964,1
Polygala parviflora,Archidendron oppositum,2941543,0
Lotus angustifolius,Lotus angustissimus,5356931,1
Heisteria zeyheri,Muraltia vulnerans,4049528,1
Lupinus milo-bakeri,Nissolia blanchetiana,10826885,0
Calliandra clavellina,Inga pezizifera,5357576,0
Oxylobium kelsoi,Inga densiflora,5357837,0
Genista monspessulana,Genista monspessulana,5347796,1
Anonis reclinata,Ononis reclinata,2977133,1
Millettia nana,Millettia puerarioides,5355763,0
Mimosa pilosula,Inga pilosula,5358111,1
Macrolobium dewevrei,Inga laurina,5358039,0
Genista acutiflora,Genista ancistrocarpa,5347645,1
Bradburya cologanioides,Ancistrotropis peduncularis,7484829,1
Phaseolodes coeruleum,Millettia caerulea,5355797,1
Bossiaea lalagoides,Bossiaea ornata,2968307,1
Vouapa demonstrans,Hippocrepis emerus,5353705,0
Phaseolus firmulus,Lotus schoelleri,5356998,0
Genista sericea,Calobota sericea,4929855,1
Coronilla austriaca,Securidaca divaricata,5658161,0
Calliandra falcifera,Calliandra pedicellata,2982252,0
Notospartium glabrescens,Carmichaelia glabrescens,5628976,1
Codarium acutifolium,Hippocrepis multisiliquosa,5353693,0
Asemeia leiodes,Polygala butyracea,7293327,0
Inga brevipedicellata,Acacia cremiflora,2980990,0
Monnina phytolaccifolia,Genista anglica,5347644,0
Varennea polystachya,Eysenhardtia polystachya,2964737,1
Xanthophyllum kingii,Xanthophyllum ellipticum,4051861,1
Cytisus heterocanthus,Genista germanica,5347824,1
Dimorphandra oleifera,Lotus dorycnium,5632022,0
Macrolobium brachystegioides,Dolichopsis monticola,5611262,0
Caesalpinia falcaria,Flemingia wightiana,5359890,0
Hippocrepis cornigera,Monnina ciliolata,7977161,0
Polygala amarella,Polygala calcarea,8169088,1
Drepanocarpus isadelphus,Inga lomatophylla,5357869,0
Polygala sororia,Archidendron jiringa,2941605,0
Lotus pusillus,Lotus halophilus,5357005,1
Heisteria calycina,Muraltia calycina,4051061,1
Machaerium paraguariense,Machaerium oblongifolium,5355122,1
Carmichaelia cunninghamii,Carmichaelia australis,5348429,1
Ononis leptocarpa,Ononis sicula,2977111,1
Mimosa monadelpha,Xanthophyllum lanceatum,4051497,0
Polygala smithii,Asemeia acuminata,8154099,1
Securidaca timboensis,Securidaca welwitschii,5658068,1
Maughania gracilis,Archidendron aruense,7853116,0
Tetragonolobus aegaeus,Lotus aegaeus,5356864,1
Smithia perrieri,Kotschya perrieri,2948960,1
Polygala michoacana,Polygala mexicana,4051609,1
Xanthophyllum puberulum,Xanthophyllum wrayi,4050839,1
Nissolia scandens,Nissolia scandens,5631047,1
Polygala ericoides,Erythrostemon angulatus,9381205,0
Lupinus missionum,Mora oleifera,5355420,0
Macrolobium obliquum,Echinospartum boissieri,2959219,0
Amphicarpaea deltifolia,Amphicarpaea bracteata,2960161,1
Telinaria radiata,Genista radiata,5347648,1
Polygala autranii,Machaerium debile,5355042,0
Feuilleea stipularis,Inga stipularis,5358011,1
Solori submontana,Brachypterum submontanum,11372384,1
Heistera saturejoides,Erythrostemon placidus,9265867,0
Corniola scariosa,Ononis arvensis,2977171,0
Ononis canescens,Ononis tridentata,2977272,1
Comesperma tasmanicum,Comesperma ericinum,7293357,1
Inga eglandulosa,Gastrolobium acutum,5612331,0
Genista scoparia,Genista cinerea,5347718,1
Polygala cinerea,Lupinus andersonii,2964568,0
Feuillea multifoliata,Flemingia macrophylla,5359866,0
Ferrum-equinum multiflorum,Hippocrepis multisiliquosa,5353693,1
Monnina luteola,Calliandra pedicellata,2982252,0
Notospartium torulosum,Genista stenopetala,5347701,0
Berlinia magnistipulata,Julbernardia magnistipulata,2981765,1
Pithecellobium hansemannii,Glycine clandestina,5359647,0
Calliandra pyrophila,Archidendron syringifolium,2941559,0
Phaseolodes maingayi,Padbruggea dasyphylla,2952312,1
Cytisus sagittalis,Genista sagittalis,5347702,1
Nemcia plicata,Securidaca bialata,5658180,0
Lotus filiformis,Chorizema lowii,8295349,0
Inga quassiifolia,Inga pilosula,5358111,1
Polygala domingensis,Flemingia parvifolia,5628753,0
Albizia hansemannii,Polygaloides paucifolia,7346080,0
Indigofera asparagoides,Lotus hirsutus,5354799,0
Polygala calvipes,Hebecarpa americana,7364474,1
Phaseoloides zollingerianum,Millettia sericea,7807253,1
Dolichos schomburgkii,Dysolobium dolichoides,2963388,1
Lotus collinus,Hebecarpa caracasana,9585242,0
Galactia paraguariensis,Caetangil paraguariensis,11006920,1
Polygala serpyllacea,Acacia biflora,2978318,0
Larrea viscosa,Gilbertiodendron limba,2941683,0
Ononis thomsonii,Ononis thomsonii,2977277,1
Lotus macedonicus,Lotus aegaeus,5356864,1
Deguelia polyphylla,Brachypterum robustum,2947483,1
Stachyothyrsus tessmannii,Archidendron kerrii,2941373,0
Lotus nummularius,Monnina lehmanniana,4050586,0
Hebeandra prinoides,Polygala nemoralis,4050657,0
Lotus tristis,Amphicarpaea bracteata,2960161,0
Humularia luentensis,Millettia grandis,5355756,0
Tetragonolobus gussonei,Lotus conjugatus,5356945,1
Inga multicaulis,Gastrolobium nervosum,5627863,0
Heisteria anthospermifolia,Muraltia ciliaris,8037203,1
Lotus canescens,Archidendron aruense,7853116,0
Ononis arragonensis,Microcharis disjuncta,2963282,0
Desmodium amplexicaule,Bouffordia dichotoma,10854344,1
Genista caballeroi,Genista tricuspidata,5347804,1
Cyanothyrsus soyauxii,Dysolobium lucens,2963384,0
Pilostaxis cymosa,Polygala cymosa,3191370,1
Polygala tonsa,Asemeia tonsa,7824302,1
Muraltia stipulacea,Muraltia stipulacea,7652309,1
Caesalpinia exostemma,Erythrostemon exostemma,9313752,1
Polygala linearis,Calobota spinescens,4929859,0
Polygala uniflora,Muraltia angulosa,4051236,0
Quillaja petiolaris,Quillaja brasiliensis,3029372,1
Genista inermis,Genista germanica,5347824,1
Archidendron dies-christi,Archidendron glabrum,2941437,1
Polygala timutu,Lotus dorycnium,5632022,0
Acacia praetervisa,Calliandra mollissima,2981928,0
Abarema muricarpa,Aphanocalyx richardsiae,2954250,0
Catocoma myrtifolia,Bredemeyera myrtifolia,7293369,1
Acacia magdalenae,Calliandra magdalenae,2982131,1
Lalage stipularis,Bossiaea ornata,2968307,1
Muraltia rupestris,Muraltia pubescens,4049976,1
Spartium aspalatoides,Archidendron syringifolium,2941559,0
Dialium quinquepetalum,Dialium englerianum,2970943,1
Emerus thurberi,Diphysa thurberi,5357259,1
Ononis remotiflora,Ononis serrata,2977279,0
Anthyllis multicaulis,Acacia manipularis,2980495,0
Mundtia scoparia,Muraltia scoparia,4049799,1
Mundia scoparia,Muraltia scoparia,4049799,1
Acacia leptophleba,Millettia sericea,5355765,0
Asemeia grandiflora,Machaerium robiniifolium,5355034,0
Calliandra matisiana,Apios fortunei,2966794,0
Polygala volubilis,Genista aristata,5347772,0
Banisterodes vitellinum,Xanthophyllum vitellinum,7293493,1
Macrolobium dinklagei,Polygala garcini,4049364,0
Paralbizzia turgida,Archidendron turgidum,2941467,1
Lotus lateralis,Lotus angustissimus,5356931,1
Monnina floribunda,Monnina padifolia,7891141,1
Ononis polymorpha,Ononis sieberi,2977115,1
Ononis dumosa,Gymnospora violoides,8310280,0
Racosperma microbotryum,Genista clavata,5347795,0
Polygala bicolor,Acanthocladus dichromus,8890058,1
Polygala gagnebiniana,Polygala sphenoptera,4051511,1
Moghania wangkii,Polygala rosea,7989450,0
Hoffmanseggia tenella,Hoffmannseggia tenella,5347508,1
Xanthophyllum scortechinii,Xanthophyllum obscurum,4051314,1
Maughania rollae,Flemingia rollae,5359891,1
Aspalthium acaulis,Eysenhardtia polystachya,2964737,0
Polygala aethiopica,Eysenhardtia texana,2964734,0
Daviesia ericoides,Aotus ericoides,5352260,1
Comesperma laurifolium,Bredemeyera laurifolia,7293385,1
Machaerium pachyphyllum,Cadia purpurea,2968353,0
Polygala ulei,Caamembeca ulei,8295489,1
Abarema gracillima,Archidendron tenuiracemosum,2941390,1
Inga lallensis,Polygala japonica,7293443,0
Glycine dalbergioides,Glycine dalbergioides,5634248,1
Comesperma floribundum,Bredemeyera floribunda,7293394,1
Acacia bossiaeoides,Archidendron ramiflorum,2941451,0
Sarcobotrya strigosa,Kotschya strigosa,2949015,1
Calliandra pallida,Muraltia muraltioides,4050214,0
Lespedeza lineata,Flemingia lineata,5359831,1
Lotus mossamedensis,Lotus arabicus,5356903,1
Machaerium erianthum,Machaerium brasiliense,5355145,1
Lotus roseus,Lotus arabicus,5356903,1
Caesalpinia standleyi,Erythrostemon standleyi,9272208,1
Feuilleea viscidula,Gymnospora blanchetii,7791729,0
Chorizema huegellii,Genista lydia,5347712,0
Trichlisperma grandiflorum,Polygaloides paucifolia,7346080,1
Securidaca latifolia,Archidendron lovelliae,2941581,0
Chaetocalyx pubescens,Inga densiflora,5357837,0
Inga holtonii,Inga ornata,5357589,1
Acacia furcifera,Acacia paradoxa,2981159,1
Maughania cumingiana,Flemingia cumingiana,5359872,1
Inga calophylla,Kotschya aeschynomenoides,2949004,0
Pithecellobium sessile,Asemeia floribunda,7793662,0
Senega pseudovariabilis,Polygaloides webbiana,4051725,0
Pteromonnina cardiocarpa,Hanslia ormocarpoides,3978075,0
Polygala parva,Polygala seminuda,4052191,1
Monnina ciliolata,Monnina ciliolata,7977161,1
Mimosa pilosula,Genista spartioides,5347582,0
Comesperma longebracteatum,Millettia dubia,11291196,0
Feuilleea umbratica,Lotus tenellus,5613289,0
Genista antiochia,Genista lydia,5347712,1
Feuilleea tomentosa,Inga xalapensis,5357693,0
Bredemeyera spinosa,Caetangil paraguariensis,11006920,0
Bredemeyera scoparia,Moutabea guianensis,4051471,0
Feuilleea hymenaeodes,Calliandra hymenaeoides,2982171,1
Tunatea brachystachya,Candolleodendron brachystachyum,2933835,1
Feuilleea glyphoxylon,Calliandra glyphoxylon,2981964,1
Bredemeyera sylvestris,Comesperma sylvestre,4051416,1
Pithecellobium quocense,Caamembeca andina,11181608,0
Geissaspis ringoetii,Humularia drepanocephala,5349894,1
Feuilleea axillaris,Calliandra sessilis,2981978,1
Telinaria sericea,Polygala sericea,4052075,0
Millettia drastica,Millettia dura,5355670,1
Ortholobium havilandii,Mora ekmanii,5355416,0
Racosperma hockingsii,Inga flagelliformis,5357633,0
Acacia fasciculata,Calliandra surinamensis,2982188,1
Lupinus gracilis,Gilbertiodendron grandistipulatum,9199427,0
Acanthocladus microphylla,Rhamphopetalum microphyllum,10717476,1
Callistachys obtusifolia,Chorizema obtusifolium,3907493,1
Microcharis pseudoindigofera,Xanthophyllum flavescens,7580773,0
Ononis euphrasiaefolia,Bossiaea ornata,2968307,0
Camptosema scarlatinum,Betencourtia scarlatina,10926174,1
Pithecellobium occultatum,Archidendron occultatum,2941517,1
Abarema novoguineensis,Archidendron novoguineense,3960951,1
Racosperma cultriforme,Acacia cultriformis,2979559,1
Derris pseudorobusta,Acanthocladus brasiliensis,5658224,0
Caragana nubigena,Chesneya nubigena,5357277,1
Comesperma herbaceum,Acacia hemignosta,2980601,0
Cytisus hillebrandii,Genista canariensis,5347769,1
Berlinia ledermannii,Lotus jacobaeus,5356916,0
Elsota tomentosa,Dialium procerum,2970983,0
Mimosa jiringa,Archidendron jiringa,2941605,1
Rhynchosia holubii,Eminia holubii,5349217,1
Abarema tjendana,Inga sapindoides,5357706,0
Ononis purpurea,Ononis arvensis,2977171,1
Phaseolus pedunculatus,Millettia ebenifera,10747004,0
Lotodes orbiculare,Hoita orbicularis,2943707,1
Machaerium seemannii,Monnina exalata,4051188,0
Polygala elongata,Polygala preslii,4051480,1
Dorycnium sericeum,Hippocrepis constricta,5353697,0
Carmichaelia ramosa,Carmichaelia petriei,5348436,1
Abarema arborescens,Archidendron arborescens,2941520,1
Oxylobium revolutum,Flemingia yunnanensis,5359886,0
Muraltia faciculata,Muraltia ericoides,8345157,1
Caragana acaulis,Brachypterum pseudinvolutum,11374322,0
Cytisus speciosus,Collaea speciosa,5352530,1
Ebenidium bourgeanii,Ebenus bourgeaui,8106253,1
Machaerium tounateifolium,Machaerium tounateifolium,5612881,1
Anil medicaginea,Microcharis medicaginea,2963336,1
Amphicarpaea comosa,Securidaca rivinifolia,7293316,0
Polygala sennii,Aphanocalyx ledermannii,2954253,0
Calliandra mertensioides,Calliandra asplenioides,7524304,1
Abarema hendersonii,Archidendron hendersonii,2941401,1
Abarema yunnanensis,Archidendron kerrii,2941373,1
Chorizema triangulare,Chorizema ilicifolium,2968201,1
Camoensia maxima,Camoensia scandens,5358230,1
Feuilleea aeschynomenodes,Calliandra aeschynomenoides,2981855,1
Smegmadermos emarginata,Glycine tabacina,5359681,0
Dalea fruticosa,Eysenhardtia polystachya,2964737,1
Smithia scaberrima,Kotschya scaberrima,2948969,1
Poinciana boiviniana,Ononis pubescens,2977281,0
Quillaja lanceolata,Quillaja brasiliensis,3029372,1
Indigofera wajirensis,Flemingia fluminalis,5359846,0
Polygala heribaudii,Polygala calcarea,8169088,1
Pithecellobium turgidum,Archidendron turgidum,2941467,1
Millettia calabarica,Calliandra houstoniana,2982067,0
Racosperma hylonomum,Acacia hylonoma,2979401,1
Listera germanica,Genista germanica,5347824,1
Monnina media,Monnina polystachya,4049556,1
Catocoma altissima,Bredemeyera divaricata,7477026,1
Moghania fruticulosa,Securidaca planchoniana,5658109,0
Ononis littoralis,Ononis tournefortii,2977209,1
Caesalpinia mollis,Coulteria mollis,3931987,1
Acacia bartleana,Acacia microbotrya,2979057,1
Macrolobium reticulatum,Gilbertiodendron diphyllum,10729309,1
Camoensia laurentii,Camoensia brevicalyx,5358232,1
Chaetocalyx hebecarpus,Erythrostemon gilliesii,8130309,0
Lupinus amplus,Lupinus prunophilus,2964282,1
Pteromonnina filifolia,Monnina filifolia,4051128,1
Hippocrepis scorpioides,Lotus mlanjeanus,5356912,0
Lotus borzii,Lotus emeroides,5356838,1
Anneslia michelii,Calliandra bijuga,2982296,1
Hippocrepis heterocarpa,Hippocrepis comosa,5353750,1
Acacia cyclops,Flemingia lineata,5359831,0
Larrea drummondii,Hoffmannseggia drummondii,5347522,1
Moghania racemosa,Flemingia parviflora,5359905,1
Moghania cummingiana,Inga pilosula,5358111,0
Poinciana palmeri,Polygala timoutou,7293430,0
Feuilleea taxifolia,Flemingia macrophylla,5359866,0
Monnina latisepala,Monnina xalapensis,4051592,1
Muraltia serpylloides,Muraltia thymifolia,4049581,1
Acacia brasiliensis,Asemeia floribunda,7793662,0
Heisteria saturejoides,Muraltia satureioides,7851822,1
Muraltia marifolia,Chesneya macrantha,5357273,0
Muraltia depressa,Moutabea pacifica,9990119,0
Flemingia trinervia,Archidendron sessile,8411267,0
Nissolia hirta,Calliandra hirsuta,2982255,0
Abarema kinubaluensis,Inga sapindoides,5357706,0
Spartium sericeum,Calpurnia sericea,2956423,0
Cytisanthus nissanus,Genista nissana,5347608,1
Securidaca cristata,Amphicarpaea bracteata,2960161,0
Anneslia peninsularis,Calliandra peninsularis,2982288,1
Polygala hebeclada,Archidendron molle,7718503,0
Lupinus bridgesii,Securidaca divaricata,5658161,0
Oxylobium batillum,Gastrolobium polystachyum,5350210,1
Lebeckia spathulifolia,Adenopodia spicata,2952379,0
Cyanothyrsus soyauxii,Daniellia soyauxii,2948720,1
Calliandra caripensis,Angylocalyx pynaertii,2952340,0
Nissolia stipitata,Lupinus eriocladus,2964665,0
Muraltia heterophylla,Muraltia ononidifolia,4050144,1
Lotodes orbicularis,Hoita orbicularis,2943707,1
Abarema kinabaluensis,Genista monspessulana,5347796,0
Kaulfussia geminiflora,Ononis tridentata,2977272,0
Comesperma kunthiana,Bredemeyera hebeclada,7459931,1
Polygala acanthoclada,Rhinotropis acanthoclada,7508551,1
Maughania vestita,Dialium englerianum,2970943,0
Maughania fruticulosa,Erythrostemon exostemma,9313752,0
Phaseolus grandidieri,Archidendron jiringa,2941605,0
Polygala ovalifolia,Asemeia monticola,8344266,0
Comesperma longifolium,Comesperma confertum,7293668,1
Dimorphandra ekmanii,Mora ekmanii,5355416,1
Genista microphylla,Genista tenera,5347751,1
Notospartium glabrescens,Flemingia parviflora,5359905,0
Geissaspis luentensis,Humularia apiculata,5349880,1
Racosperma hubbardianum,Muraltia macroceras,4050318,0
Daniellia caudata,Daniellia ogea,2948722,1
Feuilleea pedicellata,Calliandra goldmanii,2981941,0
Spartium gymnopterum,Genista ephedroides,5347647,1
Mimosa pacay,Acacia elata,2973176,0
Nissolia legalis,Machaerium legale,5355084,1
Galactia macropoda,Monnina leptostachya,4050561,0
Spartium aetnense,Genista aetnensis,5347587,1
Muraltia heterophylla,Archidendron oppositum,2941543,0
Galactia linearifolia,Betencourtia gracillima,11087931,1
Bredemeyera spinosa,Comesperma spinosum,8402010,1
Dimorphandra polystachya,Dimorphandra polyandra,2974271,1
Crotalaria angustifolia,Calobota sericea,4929855,1
Feuilleea chilensis,Archidendron jiringa,2941605,0
Chaetocalyx vincentinus,Archidendron contortum,2941231,0
Meibomia dependens,Acacia paradoxa,2981159,0
Cyclopia latifolia,Cyclopia falcata,5341865,1
Epirixanthes aphylla,Eutaxia parvifolia,5358150,0
Notospartium carmichaelii,Polygala equisetoides,4050240,0
Genista umbellata,Genista aspalathoides,5347829,1
Polygala cornuta,Rhinotropis cornuta,8407620,1
Polygala rubioides,Brachypterum scandens,10779326,0
Racosperma pickardii,Machaerium nigrum,5355066,0
Polygala crotalarioides,Dahlstedtia peckoltii,7528435,0
Banisteroides glaucum,Xanthophyllum lanceatum,4051497,1
Racosperma gordonii,Lotus angustissimus,5356931,0
Chaetocalyx weberbaueri,Nissolia weberbaueri,10712276,1
Acanthocladus caracansis,Genista albida,5347692,0
Heistera lancifolia,Mecopus nidulans,5352176,0
Lotus hemorroidalis,Lotus hirsutus,5354799,1
Securidaca floribunda,Hoffmannseggia microphylla,5347509,0
Stiza erioloba,Calobota pungens,4929860,1
Moutabea longifolia,Acacia johannis,2979597,0
Muraltia stipulacea,Muraltia dumosa,4050736,1
Polygala grisea,Ononis sieberi,2977115,0
Polygala taquetii,Archidendron chevalieri,2941358,0
Lotus hebranicus,Lotus hebranicus,5356910,1
Lophostylis oblongifolia,Monnina arbuscula,4052103,0
Feuillea multifoliata,Calliandra parvifolia,2981824,1
Pithecellobium solomonense,Millettia vankerckhovenii,11317324,0
Muraltia stipulacea,Flemingia paniculata,5359909,0
Polygala pulcherrima,Acanthocladus pulcherrimus,8180820,1
Glycine tuberosa,Apios americana,2966796,1
Genista compressa,Carmichaelia australis,5348429,1
Lebeckia macrantha,Calobota cuspidosa,4929858,1
Polygala orobus,Asemeia violacea,8077988,1
Mundulea chpelieri,Polygala nicaeensis,7293457,0
Monnina selloi,Monnina tristaniana,7293618,1
Trichlisperma grandiflorum,Ebenus stellata,5354890,0
Hoffmannseggia gracilis,Hoffmannseggia watsonii,5347511,1
Poincianella palmeri,Lupinus littoralis,2964727,0
Ougeinia dalbergioides,Ougeinia oojeinensis,2967471,1
Polygala platycarpa,Hebecarpa platycarpa,9363839,1
Caesalpinia falcaria,Hoffmannseggia glauca,5347492,1
Polygala apopetala,Asemeia apopetala,8205751,1
Heisteria pilosa,Muraltia lancifolia,4050447,1
Muraltia neglecta,Muraltia ericoides,8345157,1
Polygala retifera,Muraltia thymifolia,4049581,0
Robinia violacea,Apios americana,2966796,0
Pylostachya cymosa,Gastrolobium graniticum,5350183,0
Pithecellobium papuanum,Archidendron palauense,2941510,1
Solori philippinensis,Carmichaelia arborea,5348415,0
Moghania lineata,Polygala arcuata,7651931,0
Inga bigemina,Archidendron bigeminum,2941295,1
Acacia derwentii,Acacia dealbata,2979474,1
Inga vulpina,Ononis ramosissima,2977250,0
Elsota lateralis,Adenopodia scelerata,2952363,0
Natrix crispa,Ononis crispa,2977282,1
Nemcia cuneata,Gastrolobium dilatatum,5627951,1
Archidendron affine,Lotus conjugatus,5356945,0
Carmichaelia angusta,Carmichaelia odorata,5348460,1
Muraltia condensata,Calobota angustifolia,4929861,0
Macintyria octandra,Xanthophyllum octandrum,4051298,1
Derris timorensis,Brachypterum scandens,10779326,1
Lotus oligoceratos,Erythrostemon pannosus,9336761,0
Ebenidium pinnatum,Ebenus pinnata,5354888,1
Telinaria florida,Genista florida,5347816,1
Brachysema latifolium,Gastrolobium latifolium,5627898,1
Feuilleea uruguensis,Apios carnea,7457890,0
Banisteroides longifolium,Xanthophyllum vitellinum,7293493,1
Maughania parviflora,Flemingia parviflora,5359905,1
Ougeinia dalbergioides,Salomonia ciliata,7130426,0
Carmichaelia hookeri,Carmichaelia australis,5348429,1
Muraltia petraea,Muraltia polyphylla,4049991,1
Bredemeyera conferta,Comesperma confertum,7293668,1
Collaea crassifolia,Calliandra purpurea,2981994,0
Carmichaelia glabrata,Gastrolobium sericeum,5627827,0
Phaseoloides xylocarpum,Millettia xylocarpa,5355719,1
Calpurnia obovata,Calpurnia sericea,2956423,1
Polygala ruderalis,Calliandra hirsuta,2982255,0
Mimosa scutifera,Microcharis tritoides,2963345,0
Inga guadeloupensis,Inga sastreana,10690632,1
Lotus dorycnium,Lotus dorycnium,7669646,1
Genista borysthenica,Genista sibirica,5347619,1
Amphicarpaea chamaecaulis,Archidendron muricarpum,2941530,0
Polygala dukei,Calobota cytisoides,3968567,0
Ebenidium lagopus,Ebenus lagopus,5354889,1
Spartium radiatum,Limadendron amazonicum,7864243,0
Lotus herbaceus,Carmichaelia australis,5348429,0
Feuilleea ferrugineohirta,Inga hispida,5357647,1
Lotus tingitanus,Lotus conimbricensis,5356971,1
Polygala portoricensis,Badiera penaea,4050594,1
Elsota rufescens,Securidaca planchoniana,5658109,1
Albizia yunnanensis,Archidendron kerrii,2941373,1
Racosperma gloeotrichum,Acacia gloeotricha,2980002,1
Acacia daintreeana,Acacia excelsa,2980114,1
Polygala gymnosepala,Asemeia monninoides,7646613,1
Acacia cyclopsis,Archidendron alternifoliolatum,2941540,0
Polygala tovariensis,Adenopodia rotundifolia,2952376,0
Feuilleea mottleyana,Archidendron oppositum,2941543,1
Cylindrokelupha robinsonii,Archidendron robinsonii,2941576,1
Phaseolus spixianus,Camptosema coriaceum,2963275,0
Cyclopia teretifolia,Carmichaelia odorata,5348460,0
Polygala crassiuscula,Polygala arcuata,7651931,1
Telinaria aprutia,Chesneya paucifoliolata,5632684,0
Polygala aculeata,Caamembeca oxyphylla,7868452,1
Genista villosa,Genista germanica,5347824,1
Nissolia punctata,Ancistrotropis firmula,7481673,0
Caesalpinia caudata,Erythrostemon caudatus,9544011,1
Polygala glabra,Asemeia glabra,8028794,1
Paralbizia platycarpa,Archidendron merrillii,2941600,1
Berlinia paniculata,Julbernardia paniculata,2981767,1
Mimosa gualanensis,Adenopodia patens,2952366,1
Lotus fraseri,Adenopodia patens,2952366,0
Machaerium lineatum,Machaerium declinatum,5354944,1
Polygala floribunda,Flemingia trifoliata,5628704,0
Asphalthium acaule,Chorizema spathulatum,3907445,0
Brasilettia pilosa,Flemingia grahamiana,5359839,0
Collaea neesii,Betencourtia neesii,10906904,1
Acacia myriobotrya,Acacia microbotrya,2979057,1
Banisteroides affine,Millettia pachycarpa,5355731,0
Rhadinocarpus brasiliensis,Archidendron dalatense,2941588,0
Senega celosioides,Polygala celosioides,4049178,1
Ononis adglutinans,Ononis ramosissima,2977250,1
Feuilleea uraguensis,Inga uraguensis,5357546,1
Zuccagnia angulata,Machaerium villosum,5354918,0
Podalyria bracteata,Bossiaea preissii,2968335,0
Pithecellobium platycarpum,Archidendron merrillii,2941600,1
Polygala glandulosa,Calobota angustifolia,4929861,0
Pithecellobium trichophyllum,Gastrolobium stipulare,5360156,0
Desmodium sennaarense,Carmichaelia australis,5348429,0
Ononis campestris,Millettia griffoniana,5355825,0
Elsota diversifolia,Securidaca diversifolia,5421445,1
Inga kawahurunae,Archidendron clypearia,2941309,1
Annesleya brevipes,Calliandra selloi,2981788,1
Mimosa coriacea,Inga martinicensis,5357612,1
Piptanthus mongolicus,Inga laurina,5358039,0
Heistera angulosa,Archidendron apoense,2941269,0
Hippocrepis multiflora,Hippocrepis multisiliquosa,5353693,1
Hippocrepis burgalensis,Ononis pusilla,2977214,0
Feuilleea virgata,Muraltia spinosa,7225532,0
Lotus pilosissimus,Acacia neorigida,8366717,0
Comesperma variabile,Millettia fruticosa,5355849,0
Heisteria tenuifolia,Muraltia tenuifolia,4049598,1
Baudouinia perrieri,Baudouinia rouxevillei,2963756,1
Polygala coniicarpa,Calliandra tweediei,2982058,0
Flemingia kradungensis,Flemingia kweichowensis,5359838,1
Machaerium viridipetalum,Inga panurensis,5357844,0
Millettia piscida,Millettia piscidia,5355786,1
Lotus trichocarpus,Millettia urophylloides,11331493,0
Caesalpinia virgata,Hoffmannseggia microphylla,5347509,1
Racosperma phlebocarpum,Archidendron calliandrum,2941433,0
Polygala distans,Polygala asperuloides,4050743,1
Polygala scopulorum,Millettia drastica,5355671,0
Nemcia lehmannii,Gastrolobium lehmannii,5360163,1
Calliandra diademata,Calliandra foliolosa,2981801,1
Eminia polyadenia,Eminia holubii,5349217,1
Heistera crassifolia,Ebenus bourgeaui,8106253,0
Polygala congesta,Polygala karensium,7293419,1
Corniola scariosa,Genista januensis,5347603,1
Huchimingia weizhii,Xanthophyllum vitellinum,7293493,0
Cytisus sagittalis,Inga umbratica,5358034,0
Derris thorelii,Brachypterum thorelii,11374775,1
Inga parvifolia,Calliandra parvifolia,2981824,1
Ononis arbuscula,Monnina richardiana,4049262,0
Erinacea erinacea,Muraltia alopecuroides,4051253,0
Ononis tribracteata,Ononis rotundifolia,2977131,1
Phyllodoce undulata,Acacia paradoxa,2981159,1
Genista rhodopnoa,Genista canariensis,5347769,1
Spartium ferox,Genista ferox,7689832,1
Feuilleea leiocalycina,Inga laevigata,5629065,1
Monnina polygaloides,Monnina polygonoides,4049573,1
Comesperma pubescens,Lotus jolyi,5356824,0
Glycine javanica,Dialium zenkeri,2970960,0
Lotus capillipes,Lotus jolyi,5356824,1
Salomonia sessilifolia,Calliandra peninsularis,2982288,0
Polygala itatiaiae,Ononis diffusa,2977289,0
Polygala oleifolia,Hippocrepis balearica,5353700,0
Nemcia spathulata,Gastrolobium spathulatum,7410335,1
Lotus suaveolens,Lupinus velutinus,2964509,0
Dolichopsis monticola,Monnina polystachya,4049556,0
Lalage angustifolia,Calobota angustifolia,4929861,0
Hoffmannseggia falcaria,Archidendron bigeminum,2941295,0
Heisteria brevicornu,Muraltia striata,4049625,1
Inga rhabdotocalyx,Ancistrotropis firmula,7481673,0
Polygala ligustroides,Caamembeca oxyphylla,7868452,1
Mullaghera compressa,Lotus ornithopodioides,5357035,1
Teline canariensis,Hoffmannseggia viscosa,5347504,0
Spartium arborescens,Kotschya recurvifolia,2948985,0
Ononis stricta,Gilbertiodendron stipulaceum,2941674,0
Genistella ramosissima,Microcharis disjuncta,2963282,0
Carmichaelia virgata,Berlinia bracteosa,2971336,0
Anneslia fulgens,Calliandra falcata,2981836,1
Lebeckia multiflora,Calobota angustifolia,4929861,1
Cytisanthus holopetalus,Genista holopetala,5347723,1
Millettia bicolor,Millettia soyauxii,8178316,1
Lotus erectus,Acanthocladus santosii,8228215,0
Mundia montana,Flemingia nana,7981517,0
Drepanocarpus cuyabensis,Eleiotis sororia,2968282,0
Polygala pubescens,Hebecarpa buxifolia,9346779,0
Acacia lasiopus,Acacia lasiopus,3976451,1
Feuilleea stenoptera,Inga stenoptera,5357558,1
Mundia scoparia,Inga sapindoides,5357706,0
Calliandra coroensis,Calliandra purpurea,2981994,1
Polygala durandii,Calliandra tergemina,2981879,0
Moghania angusta,Flemingia praecox,5359900,1
Indigofera medicaginea,Microcharis medicaginea,2963336,1
Nissolia nyctitans,Securidaca longepedunculata,5658133,0
Inga speciosa,Acacia mimica,2978591,0
Feuilleea setifera,Inga pilosula,5358111,1
Arouna guianensis,Dialium guianense,2971008,1
Brachysema speciosum,Gastrolobium celsianum,5628000,1
Pithecellobium laoticum,Archidendron laoticum,2941592,1
Pedrosia loweana,Calliandra angustifolia,2982331,0
Indigofera pseudoindigofera,Microcharis galpinii,2963300,1
Aotus preissii,Aotus procumbens,5352271,1
Genista triangularis,Genista triangularis,7901681,1
Cytisus dalmaticus,Genista aristata,5347772,1
Eminia eminens,Eminia antennulifera,5349213,1
Lupinus rimae,Caamembeca andina,11181608,0
Archidendron sessile,Muraltia crassifolia,4050884,0
Genista triangularis,Genista januensis,5347603,1
Racosperma macdonnelliense,Acacia macdonnelliensis,2979632,1
Machaerium acaciefolium,Gastrolobium melanopetalum,5627879,0
Macrolobium ecoukense,Gilbertiodendron ecoukense,9108524,1
Corniola ferox,Genista ferox,7689832,1
Lonchocarpus lucens,Millettia lucens,5355745,1
Anneslia compacta,Berlinia bracteosa,2971336,0
Saltzwedelia sagittalis,Securidaca revoluta,5658096,0
Amphicarpaea rufescens,Humularia welwitschii,5349876,0
Acacia lancifolia,Acacia cultriformis,2979559,1
Heistera calycina,Muraltia calycina,4051061,1
Polygala californica,Flemingia trifoliata,5628704,0
Moghania vestita,Kotschya strigosa,2949015,0
Pterospartum sagittale,Xanthophyllum flavescens,7580773,0
Machaerium merrillii,Polygala amatymbica,4051749,0
Polygala subglobosa,Polygala grandidieri,4051973,1
Millettia drastica,Millettia drastica,5355671,1
Lupinus rinae,Acacia genistifolia,2978740,0
Derris entadoides,Genista carinalis,5347609,0
Corniola microphylla,Genista microphylla,5347681,1
Machaerium glaziovii,Machaerium sericiflorum,7680192,1
Solori cumingii,Brachypterum cumingii,11370604,1
Badiera heterophylla,Badiera oblongata,4050599,1
Ononis pyramidale,Hebecarpa myrtilloides,9499510,0
Dalbergia krowee,Brachypterum robustum,2947483,1
Seretoberlinia seretii,Inga heterophylla,5357852,0
Banisteroides excelsum,Xanthophyllum flavescens,7580773,1
Moghania brevipes,Hoffmannseggia viscosa,5347504,0
Tetrodea comosa,Amphicarpaea bracteata,2960161,1
Inga calycina,Inga sessilis,5357552,1
Lotus arguinensis,Millettia xylocarpa,5355719,0
Solori pseudoinvoluta,Brachypterum pseudinvolutum,11374322,1
Genista cinerea,Gastrolobium melanocarpum,5627882,0
Caesalpinia cromantha,Carmichaelia australis,5348429,0
Damapana welwitschii,Calliandra subspicata,2982293,0
Ononis doerfleri,Muraltia satureioides,7851822,0
Flemingia lineata,Flemingia lineata,5359831,1
Anneslia brandegeei,Calliandra peninsularis,2982288,1
Moutabea excoriata,Genista linifolia,5347599,0
Dorycnium strictum,Lotus strictus,5354800,1
Cyclopia galioides,Calliandra haematomma,2982219,0
Heisteria asparagifolia,Carmichaelia nana,8639774,0
Polygala paludosa,Polygala serpyllifolia,3191414,1
Swartzia panamensis,Calobota pungens,4929860,0
Ononis ludovicii,Ononis sicula,2977111,1
Lebeckia pulchella,Calobota cytisoides,3968567,1
Muraltia dregei,Muraltia harveyana,4050568,1
Lotus fallax,Monnina macrostachya,7293415,0
Moghania pauciflora,Bredemeyera divaricata,7477026,0
Polygala acutifolia,Lotus conimbricensis,5356971,0
Acacia cyclopis,Acacia cyclops,2980425,1
Inga wightiana,Archidendron bigeminum,2941295,1
Dialium simii,Dialium englerianum,2970943,1
Ebenus pogonotropis,Archidendron grandiflorum,2941212,0
Westia bracteosa,Berlinia bracteosa,2971336,1
Flemingia wangkae,Flemingia kerrii,5359893,1
Indigofera garissaensis,Amphicarpaea bracteata,2960161,0
Elsota longipedunculata,Securidaca longepedunculata,5658133,1
Geissaspis incognita,Humularia rosea,5349892,1
Machaerium purpurascens,Acacia campylophylla,2979063,0
Calliandra sanctapaulii,Betencourtia scarlatina,10926174,0
Feuilleea amplebracteata,Calliandra fasciculata,2981954,1
Inga koeringa,Archidendron jiringa,2941605,1
Ononis montana,Monnina densa,4051423,0
Mundtia capensis,Mundtia spinosa,4051351,1
Millettia gossweileri,Millettia lecomtei,5355906,1
Tetragonolobus bivonaeus,Comesperma calymega,7293259,0
Chaetocalyx blanchetianus,Genista monspessulana,5347796,0
Amphithalea spinosa,Muraltia spinosa,7225532,1
Acacia peruviana,Muraltia cliffortiifolia,4050985,0
Ononis villosissima,Ononis diffusa,2977289,1
Racosperma conspersum,Amphicarpaea bracteata,2960161,0
Scorpius falcatus,Ononis adenotricha,2977273,0
Glycine ferruginea,Muraltia mixta,7387288,0
Amerimnon polystachyon,Eysenhardtia polystachya,2964737,1
Collaea rigida,Betencourtia stereophylla,10983480,1
Heistera fasciculata,Acacia cardiophylla,2978934,0
Polygala polyphylla,Muraltia polyphylla,4049991,1
Leptolobium microphyllum,Glycine microphylla,5359676,1
Camptosema pinnatum,Dahlstedtia pinnata,2960230,1
Lemuropisum edula,Monnina fastigiata,4051158,0
Lupinus glaziouanus,Lupinus velutinus,2964509,1
Mimosa parii,Carmichaelia australis,5348429,0
Heisteria ericoides,Lotus villicarpus,11377032,0
Pongamia sericea,Millettia sericea,7807253,1
Mimosa kaeringa,Bredemeyera myrtifolia,7293369,0
Racosperma brassii,Archidendron eberhardtii,2941481,0
Acanthobotrya pungens,Glycine jamaicensis,5634158,0
Machaerium habroneurum,Machaerium biovulatum,5355033,1
Callistachys spectabilis,Gastrolobium spectabile,5350214,1
Muraltia fernandi,Archidendron bauchei,3961221,0
Nissolia polyphylla,Hoffmannseggia oxycarpa,7628338,0
Leptocyamus tasmanicus,Asemeia monninoides,7646613,0
Racosperma grandifolium,Acacia grandifolia,2979024,1
Hippocrepis multisiliquosa,Acacia lobulata,2979524,0
Chaetocalyx ilheoticus,Nissolia brasiliensis,10844581,1
Poinciana pannosa,Erythrostemon pannosus,9336761,1
Dimorphandra hohenkerkii,Muraltia chamaepitys,4051016,0
Pteromonnina macbridei,Ononis decumbens,3963802,0
Geissaspis affinis,Humularia affinis,5349908,1
Xanthophyllum subglobosum,Xanthophyllum celebicum,4052005,1
Cytisus hispanicus,Comesperma confertum,7293668,0
Xanthophyllum kalimantanum,Hippocrepis biflora,5353737,0
Polygala piauhiensis,Asemeia ovata,7765333,1
Bredemeyera acerosa,Archidendron bigeminum,2941295,0
Muraltia levynsiana,Muraltia tenuifolia,4049598,1
Bradypterum microphyllum,Brachypterum microphyllum,2947577,1
Bossiaea calycina,Muraltia longicuspis,4050349,0
Cylindrokelupha glabrifolia,Archidendron alternifoliolatum,2941540,1
Caesalpinia stipulata,Acacia microbotrya,2979057,0
Lonchocarpus lucens,Lotus angustissimus,5356931,0
Podolobium heterophyllum,Ebenus cretica,5354894,0
Feuilleea longipinna,Calliandra longipinna,2982341,1
Genista javalambrensis,Salomonia ciliata,7130426,0
Psorobatus benthamii,Errazurizia benthamii,2967037,1
Anneslia californica,Machaerium arboreum,5355155,0
Chesniella villosa,Chesneya villosa,5353648,1
Amphicarpaea pitcheri,Carmichaelia australis,5348429,0
Polygala glacialis,Lotus mlanjeanus,5356912,0
Dialium floribundum,Calobota cuspidosa,4929858,0
Hoffmannseggia alpina,Eysenhardtia polystachya,2964737,0
Aeschynomene latisiliquosa,Muraltia longicuspis,4050349,0
Cryptostomum laurifolium,Millettia ahernii,5355713,0
Muraltia macroceras,Calliandra tergemina,2981879,0
Smithia ruwenzoriensis,Hoita macrostachya,2943710,0
Diphysa robinioides,Muraltia squarrosa,4049689,0
Muraltia azorella,Genista horrida,8203658,0
Securidaca angustifolia,Bossiaea ornata,2968307,0
Spartium radiatum,Humularia mendoncae,5349886,0
Pithecellobium pahangense,Archidendron pahangense,2941406,1
Millettia piscida,Polygala smallii,3191403,0
Hippocrepis cornigera,Hippocrepis areolata,5353722,1
Feuilleea xalapensis,Inga xalapensis,5357693,1
Abarema tetraphylla,Archidendron tetraphyllum,2941475,1
Berrebera caffra,Securidaca coriacea,7499347,0
Dialium macranthum,Dialium pachyphyllum,2970936,1
Inga brevialata,Asemeia ovata,7765333,0
Polygala translucida,Asemeia ovata,7765333,1
Ferrum-equinum multisiliquosum,Hippocrepis multisiliquosa,5353693,1
Racosperma lobulatum,Acacia lobulata,2979524,1
Pithecellobium kinabaluense,Comesperma virgatum,7293549,0
Heisteria pilosa,Calliandra purpurea,2981994,0
Hippocrepis bornmuelleri,Xanthophyllum stipitatum,7293350,0
Smithia prittwitzii,Kotschya prittwitzii,2948971,1
Euteline germanica,Archidendron bubalinum,2941202,0
Pongamia piscidia,Acacia lasiopus,3976451,0
Senega celosioides,Lotus sanguineus,5631675,0
Polygala rhodoptera,Asemeia rhodoptera,7360831,1
Lotea ornithopodioides,Baudouinia rouxevillei,2963756,0
Machaerium whitfordii,Machaerium goudotii,5355105,1
Inga nitida,Inga pilosula,5358111,1
Archidendron dieschristi,Archidendron glabrum,2941437,1
Hippocrepis annularis,Carmichaelia juncea,5628964,0
Monnina insignis,Ancylotropis insignis,5658205,1
Carmichaelia glabrata,Carmichaelia odorata,5348460,1
Heistera serpylloides,Muraltia serpylloides,4049767,1
Pteromonnina wrightii,Monnina wrightii,3191469,1
Polygala intermontana,Rhinotropis intermontana,8205120,1
Ononis praecox,Ononis biflora,2977198,1
Millettia stapfiana,Millettia zechiana,5355815,1
Pteromonnina herbacea,Monnina herbacea,4050907,1
Nephrosis aculeata,Inga ruiziana,5357975,0
Derris leptorhachis,Eutaxia myrtifolia,7275616,0
Dillwynia gracillima,Machaerium declinatum,5354944,0
Caragana crassicaulis,Coulteria platyloba,7545558,0
Abarema pellita,Archidendron pellitum,2941403,1
Lebeckia subnuda,Calobota pungens,4929860,1
Caesalpinia brasiliensis,Chesneya ferganensis,5353619,0
Calliandra humilis,Ebenus stellata,5354890,0
Schrammia caudata,Hoffmannseggia humilis,5347512,0
Bossiaea ovata,Gonocytisus angulatus,2952409,0
Pithecellobium trichophyllum,Archidendron trichophyllum,2941409,1
Moparia repens,Archidendron sessile,8411267,0
Quillaja lancifolia,Millettia oraria,5355869,0
Carmichaelia angustata,Carmichaelia odorata,5348460,1
Callistachys spectabilis,Cyclopia buxifolia,5341856,0
Ononis antiquorum,Machaerium lunatum,5355075,0
Chordospartium muritai,Carmichaelia muritai,5628954,1
Poinciania gilliesii,Lotus cytisoides,5356937,0
Polygala arenicola,Polygala smallii,3191403,1
Hoffmannseggia andina,Hoffmannseggia eremophila,5347532,1
Xanthophyllum virescens,Xanthophyllum flavescens,7580773,1
Avornela canariensis,Flemingia strobilifera,5359843,0
Viborquia nigrostipellata,Eysenhardtia nigrostipellata,11964509,1
Pylostachya rugelii,Polygala rugelii,3191435,1
Pithecellobium hansemannii,Archidendron glabrum,2941437,1
Bredemeyera microphylla,Monnina macbridei,4050411,0
Dolichos formosanus,Dysolobium pilosum,2963403,1
Glycine atomaria,Glycine atomaria,5634277,1
Polygala spectabilis,Inga ruiziana,5357975,0
Polygala miamiensis,Gastrolobium retusum,5611865,0
Inga hymenaeodes,Calliandra hymenaeoides,2982171,1
Mundia montana,Muraltia spinosa,7225532,1
Comesperma linariifolium,Inga ornata,5357589,0
Inga medellinensis,Polygala stephaniana,4051265,0
Polygala riukiuensis,Polygala longifolia,4049199,1
Polygala dichotoma,Angylocalyx oligophyllus,2952349,0
Xanthophyllum kunstleri,Archidendron oppositum,2941543,0
Ononis scariosa,Genista monspessulana,5347796,0
Desmodium dichotomum,Caamembeca martinellii,7704056,0
Fusanus diversifolius,Acacia microbotrya,2979057,1
Ebenidium pinnatum,Comesperma ericinum,7293357,0
Feuilleea tomentosa,Inga tomentosa,5357816,1
Racosperma leptophlebum,Polygala wettsteinii,4052066,0
Polygala wrightii,Xanthophyllum incertum,4051562,0
Inga rufiseta,Inga stipulacea,5358071,1
Acacia mollissima,Hebecarpa costaricensis,9482034,0
Amphicarpaea japonica,Machaerium brasiliense,5355145,0
Millettia chapelieri,Aotus procumbens,5352271,0
Brachysema modestum,Muraltia capensis,4051035,0
Muraltia pilosa,Hebecarpa punctata,10786028,0
Calliandra asplenioides,Lupinus prunophilus,2964282,0
Badiera domingensis,Flemingia macrophylla,5359866,0
Lupinus hirsutus,Inga vestita,5357833,0
Hedysarum celtifolium,Gilbertiodendron klainei,2941663,0
Lotus arboreus,Asemeia hebeclada,7548566,0
Daniellia ealaensis,Archidendron beguinii,2941446,0
Polygala canarana,Salomonia ciliata,7130426,1
Amphicarpaea trisperma,Amphicarpaea edgeworthii,2960189,1
Inga platycarpa,Inga pilosula,5358111,1
Racosperma phlebocarpum,Acacia phlebocarpa,2978232,1
Macrolobium klainei,Lotus loweanus,5356983,0
Dorycnium microcarpum,Lotus parviflorus,5356892,1
Berlinia heudelotiana,Flemingia nana,7981517,0
Glycine sarmentosa,Humularia welwitschii,5349876,0
Aspalatus ebenus,Brya ebenus,5348895,1
Polygala quartiniana,Polygala sphenoptera,4051511,1
Polygala discolor,Lotus biflorus,5356877,0
Mimosa djiringa,Archidendron jiringa,2941605,1
Calpurnia aurea,Calpurnia aurea,2956417,1
Acanthobotrya angustifolia,Calobota angustifolia,4929861,1
Polygala quinqueangularis,Polygala timoutou,7293430,1
Machaerium luschnathianum,Amphicarpaea bracteata,2960161,0
Pseudoentada scelerata,Dysolobium grande,2963397,0
Macrolobium demonstrans,Acacia mimica,2978591,0
Macrolobium unijugum,Gilbertiodendron unijugum,2941654,1
Lebeckia cinerea,Calobota cinerea,4929857,1
Polygala xyloclada,Calobota angustifolia,4929861,0
Polygala rubiifolia,Polygala wettsteinii,4052066,1
Guaymasia pumila,Coulteria pumila,10894741,1
Affonsea dusenii,Chesneya vaginalis,5353635,0
Anneslia tergemina,Calliandra tergemina,2981879,1
Humularia bakeriana,Lotus cytisoides,5356937,0
Polygala laxa,Polygala ludwigiana,4052273,1
Lupinus tricolor,Lupinus pubescens,2964465,1
Callerya songgangensis,Flemingia stricta,5359894,0
Pithecellobium tetraphyllum,Archidendron fagifolium,2941550,0
Racosperma enterocarpum,Acacia enterocarpa,2979576,1
Chaetocalyx belizensis,Genista aetnensis,5347587,0
Abarema pahangensis,Inga multicaulis,5357732,0
Caamembeca bangiana,Coulteria pringlei,11146086,0
Dolichos grandis,Polygala gayii,4049331,0
Polygala albicans,Acanthocladus dichromus,8890058,1
Polygala chodatiana,Inga heterophylla,5357852,0
Glycine apios,Apios americana,2966796,1
Mimosa fasciculata,Archidendron jiringa,2941605,0
Racosperma undulata,Acacia microbotrya,2979057,0
Psoralea testariae,Flemingia trifoliata,5628704,1
Heisteria lancifolia,Gastrolobium ebracteolatum,5627941,0
Dorycnium intermedium,Lotus herbaceus,7815140,1
Spartium sagittale,Genista sagittalis,5347702,1
Oxylobium carinatum,Chorizema carinatum,3911714,1
Chorizema capillipes,Chorizema glycinifolium,2968193,1
Desmodium oojeinense,Ougeinia oojeinensis,2967471,1
Lotus sharifii,Lotus garcinii,8298127,1
Chaetocalyx nigrescens,Lotus subbiflorus,5356841,0
Polygala pubescens,Hebecarpa obscura,7545780,1
Heistera reticulata,Muraltia origanoides,4050129,1
Phaseolus spixianus,Ancistrotropis peduncularis,7484829,1
Genista pubescens,Genista pubescens,7700872,1
Pteromonnina tristaniana,Genista aspalathoides,5347829,0
Comesperma anthocarpum,Comesperma virgatum,7293549,0
Poinciana brachycarpa,Erinacea anthyllis,2977757,0
Phaseoloides macrophyllum,Millettia macrophylla,5355729,1
Carmichaelia divaricata,Chorizema carinatum,3911714,0
Geissaspis welwitschii,Humularia welwitschii,5349876,1
Polygala pilosa,Millettia fruticosa,5355849,0
Lotus allionii,Muraltia alopecuroides,4051253,0
Lotus roseus,Monnina ramosa,4049348,0
Dorycnium monspeliense,Lotus dorycnium,5632022,1
Racosperma armata,Calliandra humilis,2982270,0
Bossiaea lenticularis,Bossiaea rhombifolia,2968314,1
Glycine filosa,Polygala amboniensis,4051695,0
Millettia foliolosa,Millettia penicillata,5355767,1
Heisteria divaricata,Muraltia divaricata,4050776,1
Pedrosia porto-sanctana,Lotus loweanus,5356983,1
Hoffmannseggia demissa,Hoffmannseggia glauca,5347492,1
Dolichos jumellei,Monnina rusbyi,4049176,0
Quillaja molinae,Eysenhardtia punctata,2964732,0
Annesleya tweediei,Calliandra tweediei,2982058,1
Phaseolodes nudiflorum,Millettia nudiflora,5355768,1
Racosperma microbotryum,Acacia microbotrya,2979057,1
Larrea densiflora,Hoffmannseggia glauca,5347492,1
Cylindrokelupha alternifoliolata,Archidendron turgidum,2941467,0
Telinaria sagittalis,Genista sagittalis,5347702,1
Calliandra serjanoides,Inga setosa,5357663,0
Polygala uliginosa,Calliandra taxifolia,2982202,0
Moghania parviflora,Flemingia parviflora,5359905,1
Calliandra chamaedrys,Calliandra eriophylla,2982181,1
Polygala juniperifolia,Calliandra viscidula,2981809,0
Bonjeanea venusta,Archidendron jiringa,2941605,0
Calliandra pubiflora,Ononis diffusa,2977289,0
Nissolia arrabidae,Machaerium eriocarpum,5355061,0
Chamaebuxus vayredae,Polygaloides vayredae,4051732,1
Racosperma idiomorphum,Archidendron oppositum,2941543,0
Genista macrotropis,Hebecarpa obscura,7545780,0
Hippocrepis willkommiana,Hippocrepis scabra,5353706,1
Millettia vanderystii,Xanthophyllum flavescens,7580773,0
Anneslia enervis,Ononis sicula,2977111,0
Albizia neumanniana,Dahlstedtia hylobia,10691071,0
Genista carpetana,Genista carpetana,5347695,1
Polygala sphaerospora,Asemeia sphaerospora,8124934,1
Calophaca depressa,Amphicarpaea ferruginea,2960203,0
Ononis glandulifera,Ononis rotundifolia,2977131,1
Muraltia ericifolia,Monnina exalata,4051188,0
Monnina erioclada,Hebecarpa barbeyana,7552320,0
Macrolobium limba,Gilbertiodendron limba,2941683,1
Muraltia dregei,Inga sapindoides,5357706,0
Ononis viscosa,Ononis viscosa,7855130,1
Dorycnium collinum,Hoita orbicularis,2943707,0
Mimosa kaeringa,Archidendron jiringa,2941605,1
Calliandra gracilis,Calliandra renvoizeana,2982163,1
Drepanocarpus polyphyllus,Machaerium aculeatum,5354953,1
Pterocarpus cyathiformis,Calobota cytisoides,3968567,0
Mimosa hymenaeoides,Calliandra hymenaeoides,2982171,1
Crotalaria cavaleriei,Machaerium hirtum,5354979,0
Indigofera tenuirostris,Microcharis tenuirostris,2963337,1
Machaerium longistipitatum,Lotus parviflorus,5356892,0
Pseudoberlinia baumii,Badiera oblongata,4050599,0
Sinolegumenea chendezhaoana,Monnina tristaniana,7293618,0
Heistera zeyheri,Lotus parviflorus,5356892,0
Inga tarapotensis,Acacia amyctica,2980344,0
Monnina ciliolosa,Monnina ciliolata,7977161,1
Caesalpinia cromantha,Erythrostemon fimbriatus,9626167,1
Phaseolus clitorioides,Ancistrotropis clitorioides,8296291,1
Genista iberica,Echinospartum ibericum,7302116,1
Securidaca coriacea,Polygala preslii,4051480,0
Glycine angustifolia,Glycine max,5359660,1
Derris peckoltii,Ononis diffusa,2977289,0
Pithecellobium lucyi,Archidendron lucyi,2941496,1
Banisterodes affine,Comesperma nudiusculum,4051796,0
Entadopsis spicata,Adenopodia spicata,2952379,1
Acacia diffusa,Flemingia prostrata,5359865,0
Dialium turbinatum,Dialium indum,2970993,1
Genista millii,Asemeia galmeri,7737157,0
Monnina mexicana,Ebenus sibthorpii,5354896,0
Elsota elliptica,Securidaca elliptica,5658157,1
Geissaspis elisabethvilleana,Flemingia prostrata,5359865,0
Ononis pallida,Ononis pallida,3969982,1
Aspalathus persica,Lotus garcinii,8298127,1
Pteromonnina cyanea,Inga obtusata,5357651,0
Racosperma polifolium,Salomonia ciliata,7130426,0
Amphicarpaea rufescens,Amphicarpaea ferruginea,2960203,1
Caiandra conferta,Inga inundata,5347460,0
Inga bubalina,Asemeia violacea,8077988,0
Heistera longicuspis,Gastrolobium linearifolium,5627888,0
Cylindrokelupha turgida,Hebecarpa rivinifolia,9516978,0
Elsota retusa,Genista cinerea,8115468,0
Dalea multifolioliata,Errazurizia multifoliolata,2967046,1
Berlinia laurentii,Berlinia grandiflora,2971333,1
Cytisus capensis,Calobota cytisoides,3968567,1
Caesalpinia violacea,Coulteria cubensis,10786450,1
Lophostylis floribunda,Acacia binervata,2979161,0
Machaerium tounateifolium,Polygala serpentaria,8257153,0
Calliandra dendroidea,Calliandra asplenioides,7524304,1
Dialium angolense,Calliandra taxifolia,2982202,0
Chesneya macrantha,Chesneya macrantha,5357273,1
Lotus vidalii,Lotus palustris,5356941,1
Feuilleea subspicata,Calliandra subspicata,2982293,1
Polygala jaliscana,Archidendron bubalinum,2941202,0
Feuilleea bonplandiana,Inga sapindoides,5357706,1
Lotus discolor,Monnina crassifolia,4051573,0
Genista pseudoumbellata,Genista segonnei,5347842,1
Derris eriocarpa,Brachypterum eriocarpum,11371334,1
Machaerium longifolium,Muraltia spinosa,7225532,0
Muraltia dontolopha,Muraltia dumosa,4050736,1
Anneslia mixta,Acacia hypermeces,2979864,0
Calliandra brevipes,Calliandra selloi,2981788,1
Polygala nimborum,Polygala latouchei,4049919,1
Spongiocarpella purpurea,Polygala sphenoptera,4051511,0
Oxylobium vestitum,Limadendron amazonicum,7864243,0
Moghania gracilis,Flemingia gracilis,5359860,1
Poincianella placida,Erythrostemon placidus,9265867,1
Peltophorum brasiliense,Coulteria cubensis,10786450,1
Galactia tenera,Comesperma ericinum,7293357,0
Racosperma armata,Acacia paradoxa,2981159,1
Onobrychis lineata,Flemingia lineata,5359831,1
Banisterodes macintyrii,Bredemeyera laurifolia,7293385,0
Ononis remotiflora,Ononis remotiflora,3969803,1
Inga biolleyana,Inga sapindoides,5357706,1
Dolichos monticola,Amphicarpaea bracteata,2960161,0
Polygala rectipilis,Muraltia rubeacea,4049898,0
Ononis orygalis,Erythrostemon gilliesii,8130309,0
Podolobium sericeum,Hebecarpa obscura,7545780,0
Racosperma deltoideum,Ebenus bourgeaui,8106253,0
Euteline germanica,Genista germanica,5347824,1
Polygala cordobensis,Polygala subandina,4051083,1
Ononis pallida,Dahlstedtia muehlbergiana,8359138,0
Scandalida rubra,Lotus tetragonolobus,5356862,1
Heistera diffusa,Inga pezizifera,5357576,0
Centrosema fulgens,Betencourtia scarlatina,10926174,1
Ononis rotundifola,Epirixanthes elongata,4050415,0
Phaseolodes hookerianum,Flemingia procumbens,5359830,0
Ononis arborescens,Ononis arborescens,8415428,1
Cyclopia capensis,Securidaca rivinifolia,7293316,0
Maughania lineata,Flemingia lineata,5359831,1
Maughania cumingiana,Humularia rosea,5349892,0
Muraltia beiliana,Gilbertiodendron brachystegioides,2941702,0
Lotus uluginosus,Errazurizia benthamii,2967037,0
Caesalpinia pringlei,Xanthophyllum borneense,4052054,0
Pueraria ferruginea,Delonix regia,2956176,0
Bossiaea lenticularis,Echinospartum ibericum,7302116,0
Toluifera punctata,Myroxylon balsamum,5357190,1
Amerimnon fasciculatum,Millettia fruticosa,5355849,1
Genista rigens,Genista cupanii,5347731,1
Lotus dumetorum,Lotus dumetorum,5357012,1
Genista britannica,Genista anglica,5347644,1
Crotalaria minor,Lotus mlanjeanus,5356912,1
Moghania grahamiana,Cyclopia subternata,5341866,0
Maughania tuberosa,Flemingia tuberosa,5359856,1
Dorycnium cinerascens,Lotus dorycnium,5632022,1
Cryptostomum coriaceum,Moutabea guianensis,4051471,1
Racosperma caleyi,Acanthocladus moyanoi,5658246,0
Huchimingia piscidia,Millettia piscidia,5355786,1
Hoffmanseggia drepanocarpa,Hoffmannseggia drepanocarpa,5347497,1
Polygala nemorosa,Calliandra falcata,2981836,0
Elsota corymbosa,Amphicarpaea bracteata,2960161,0
Cyclopia tenuifolia,Machaerium biovulatum,5355033,0
Machaerium spinosum,Chesneya macrantha,5357273,0
Collaea velutina,Collaea speciosa,5352530,1
Baudouinia suarezensis,Acacia microbotrya,2979057,0
Millettia seretii,Polygala serpentaria,8257153,0
Aotus ferruginea,Aotus ericoides,5352260,1
Cyclopia latifolia,Cyclopia laxiflora,5628712,1
Ononis pseudocintrana,Ononis pedicellaris,2977117,1
Genista discolor,Genista canariensis,5347769,1
Lupinus chilensis,Dialium kunstleri,7302552,0
Virgilia aurea,Calpurnia aurea,2956417,1
Viborquia polystachya,Eysenhardtia polystachya,2964737,1
Moghania prostrata,Genista anglica,5347644,0
Apios bodinieri,Machaerium hirtum,5354979,0
Lotus ehrenbergii,Adenopodia rotundifolia,2952376,0
Inga jimeneziana,Inga sapindoides,5357706,1
Polygala pyramidalis,Calliandra parvifolia,2981824,0
Mimosa biflora,Erythrostemon fimbriatus,9626167,0
Achyronia arborea,Monnina lehmanniana,4050586,0
Lupinus punensis,Lupinus eriocladus,2964665,1
Millettia pueroroides,Securidaca divaricata,5658161,0
Hebecarpa piliophora,Polygala usafuensis,4049750,0
Cylindrokelupha xichouensis,Archidendron xichouense,3980717,1
Polygala globosa,Gymnospora violoides,8310280,1
Geissaspis incognita,Hoffmannseggia drepanocarpa,5347497,0
Mimosa koeringa,Archidendron jiringa,2941605,1
Spaendoncea tamarindifolia,Cadia purpurea,2968353,1
Cytisus scariosus,Dysolobium pilosum,2963403,0
Lotus schimperi,Lotus glinoides,5356852,1
Polygala nicaeensis,Polygala major,7372627,1
Coelidium spinosum,Muraltia spinosa,7225532,1
Salomonia subrotunda,Salomonia cantoniensis,5421447,1
Pithecellobium harmsii,Inga pilosula,5358111,0
Pedrosia argentea,Inga stenoptera,5357558,0
Drymospartum aetnense,Genista aetnensis,5347587,1
Muraltia stipulacea,Muraltia ericoides,8345157,1
Polygala baccifera,Polygaloides chamaebuxus,4051746,0
Elsota macrocarpa,Archidendron merrillii,2941600,0
Tephrosia barclayi,Mundulea barclayi,2933873,1
Lonchocarpus goossensii,Millettia goossensii,5355901,1
Polygala tristis,Calliandra purpurea,2981994,0
Feuilleea borneensis,Coulteria platyloba,7545558,0
Heistera pilosa,Inga heterophylla,5357852,0
Cylindrokelupha yunnanensis,Archidendron kerrii,2941373,1
Comesperma lanceolatum,Machaerium hirtum,5354979,0
Caesalpinia laxa,Erythrostemon laxus,9307391,1
Polygala tricornis,Polygala karensium,7293419,1
Calliandra gracilis,Inga sapindoides,5357706,0
Polygala amoenissima,Polygala major,7372627,1
Pteromonnina polygonoides,Xanthophyllum lanceatum,4051497,0
Polygala bennettii,Archidendron occultatum,2941517,0
Salomonia ramosissima,Salomonia ciliata,7130426,1
Caragana nubigena,Inga martinicensis,5357612,0
Albizia acradena,Archidendron bubalinum,2941202,1
Ammopiptanthus kamelinii,Ammopiptanthus nanus,2943139,1
Ononis bonanniana,Ononis oligophylla,2977123,1
Caesalpinia chicamana,Hoffmannseggia glauca,5347492,1
Archidendron bequinii,Lotus jordanii,9567879,0
Lebeckia elongata,Flemingia macrophylla,5359866,0
Psoralea acaulis,Flemingia parviflora,5359905,0
Polygala piliophora,Hebecarpa obscura,7545780,1
Heistera cliffortiafolia,Acacia hemignosta,2980601,0
Inga danieli,Millettia richardiana,5355937,0
Nemcia effusa,Gastrolobium effusum,5627939,1
Dialium havilandii,Dialium platysepalum,2970972,1
Macrolobium ivorense,Gilbertiodendron demonstrans,2941698,0
Daniellia thurifera,Camptosema rubicundum,2963247,0
Bredemeyera polygaloides,Comesperma polygaloides,4051684,1
Pithecellobium globosum,Gastrolobium minus,5627874,0
Anneslia bullata,Calliandra enervis,2982305,1
Nissolia hirta,Machaerium hirtum,5354979,1
Phaseolus schlechteri,Decorsea schlechteri,2977702,1
Gastrolobium forrestii,Archidendron minahassae,2941424,0
Ononis pulchella,Archidendron kerrii,2941373,0
Ononis juncea,Chorizema cordatum,2968203,0
Heterosamara caudata,Genista michelii,5347734,0
Calophaca hovenii,Asemeia grandiflora,5658192,0
Lupinus sabinii,Lupinus sabinianus,2964594,1
Nissolia dodgei,Nissolia platycarpa,5358622,1
Carmichaelia multicaulis,Brachypterum pseudinvolutum,11374322,0
Lebeckia decipiens,Acacia ayersiana,2978497,0
Spartium pilosum,Genista pilosa,5347571,1
Polygala rectipilus,Hebecarpa rectipilis,8052903,1
Feuilleea mutata,Inga panurensis,5357844,1
Genistella florida,Genista florida,5347816,1
Smithia mildbraedii,Calliandra coriacea,2981844,0
Lepidocoma trifoliatum,Flemingia trifoliata,5628704,1
Hebeandra padifolia,Monnina padifolia,7891141,1
Oxylobium bennettsii,Archidendron borneense,2941533,0
Mimosa laurina,Bouffordia dichotoma,10854344,0
Collaea velutina,Muraltia rubeacea,4049898,0
Indigofera buchneri,Dysolobium dolichoides,2963388,0
Oxylobium ruscifolium,Acanthocladus scleroxylon,5658216,0
Machaerium villosulum,Machaerium punctatum,5355098,1
Inga hartii,Inga sapindoides,5357706,1
Polygala pedicellaris,Archidendron balansae,2941396,0
Cytisus bracteolatus,Genista spachiana,5347766,1
Heterostemon corrugatus,Calobota lotononoides,8125788,0
Lotodes orbicularis,Archidendron aruense,7853116,0
Pithecellobium macrophyllum,Archidendron minahassae,2941424,1
Hoffmanseggia drepanocarpa,Inga heterophylla,5357852,0
Lupinus indigoticus,Lupinus andersonii,2964568,1
Mundtia brasiliensis,Polygala sinaica,7293610,0
Dorycnium implexum,Bossiaea obcordata,2968327,0
Abarema microcarpa,Archidendron pachycarpum,8270523,0
Hedysarum quinquangulatum,Polygala appressa,7293532,0
Millettia maingayi,Padbruggea maingayi,2952311,1
Derris dalbergioides,Humularia drepanocephala,5349894,0
Geissaspis descampsii,Humularia descampsii,5349912,1
Pterocarpus anterus,Machaerium lunatum,5355075,1
Inga clypearia,Millettia grandis,5355756,0
Lotus trigonelloides,Lotus glinoides,5356852,1
Feuilleea aeschynomenoides,Calliandra aeschynomenoides,2981855,1
Chamaebuxus karensium,Polygala karensium,7293419,1
Badiera acuminata,Asemeia acuminata,8154099,1
Polygala chloroptera,Polygala serpentaria,8257153,1
Nissolia robiniifolia,Securidaca diversifolia,5421445,0
Ononis bicolor,Ononis biflora,2977198,1
Racosperma elachanthum,Acacia elachantha,2978698,1
Bionia bella,Machaerium debile,5355042,0
Zygia apoensis,Archidendron apoense,2941269,1
Chorizema elegans,Calobota cinerea,4929857,0
Derris submontana,Muraltia origanoides,4050129,0
Polygala phoenicistes,Hebecarpa punctata,10786028,1
Feuilleea sapinoides,Inga cordistipula,5357916,0
Archidendron xichouensis,Rhinotropis lindheimeri,7660144,0
Inga hymenaeodes,Muraltia stipulacea,7652309,0
Deguelia dalbergioides,Brachypterum microphyllum,2947577,1
Teramnus clandestinus,Glycine clandestina,5359647,1
Heisteria squarrosa,Muraltia squarrosa,4049689,1
Cytisus pseudoumbellatus,Securidaca bialata,5658180,0
Ononis purpurea,Lotus herbaceus,7815140,0
Spartium radiatum,Asemeia violacea,8077988,0
Inga ellipsoidea,Inga expansa,5357986,1
Polygala stipitata,Badiera cubensis,4050653,1
Myrospermum toluiferum,Myroxylon balsamum,5357190,1
Millettia polyphylla,Millettia lenneoides,5355724,1
Inga eglandulosa,Inga ornata,5357589,1
Flemingia nilgheriensis,Flemingia nilgheriensis,5359828,1
Tertria chamaebuxus,Muraltia pappeana,4050093,0
Monnina cladostachya,Acacia multisiliqua,2978921,0
Ebenidium monbrettii,Ebenus laguroides,7302164,1
Moghania phursia,Gastrolobium capitatum,5628003,0
Dorycnium gracile,Lotus jordanii,9567879,1
Polygala glacialis,Polygala alpina,7481031,1
Machaerium angustifolium,Archidendron aruense,7853116,0
Feuilleea lateriflora,Genista pseudopilosa,5347803,0
Lebeckia subnuda,Monnina herbacea,4050907,0
Feuilleea bullata,Inga bullata,5357298,1
Hualania colletioides,Julbernardia globiflora,2981760,0
Pithecellobium pellitum,Mundulea sericea,2933885,0
Inga harrisii,Centrolobium paraense,2945579,0
Asemeia leoides,Asemeia grandiflora,5658192,1
Polygala rusbyi,Heterostemon impar,2943922,0
Baryxylum brasiliense,Coulteria cubensis,10786450,1
Calliandra hymeneaeoides,Muraltia divaricata,4050776,0
Monnina pilosa,Securidaca trianae,5658075,0
Heistera pauciflora,Muraltia pauciflora,4050068,1
Acacia floribunda,Calliandra mollissima,2981928,0
Chesneya macrantha,Myroxylon balsamum,5357190,0
Inga cauliflora,Archidendron fagifolium,2941550,1
Dialium wallichii,Dialium platysepalum,2970972,1
Polygala isotricha,Nissolia weberbaueri,10712276,0
Scandalida conjugata,Lotus conjugatus,5356945,1
Heisteria pauciflora,Muraltia pauciflora,4050068,1
Trigonella crassifolia,Ononis vaginalis,2977196,1
Dolichos galpinii,Polygala brevialata,4049765,0
Chorizema sericeum,Kotschya goetzei,2949028,0
Albizia papuana,Archidendron palauense,2941510,1
Pithecellobium forbesii,Chesneya ternata,5353621,0
Polygala sulcata,Comesperma ericinum,7293357,0
Clitoria angustifolia,Calobota cytisoides,3968567,0
Dorycnium hirsuitum,Lotus hirsutus,5354799,1
Lotus anthylloides,Lotus jacobaeus,5356916,1
Hansemannia pachycarpa,Archidendron pachycarpum,8270523,1
Dalea fruticosa,Carmichaelia australis,5348429,0
Nemcia obovata,Gastrolobium obovatum,7999234,1
Polygala scandens,Ononis pubescens,2977281,0
Nemcia retusa,Gastrolobium retusum,5611865,1
Retama angulata,Polygala leptostachys,8522358,0
Abarema kerrii,Caamembeca salicifolia,9335158,0
Solori koolgibberah,Hoffmannseggia glauca,5347492,0
Machaerium dimorphandrum,Cyclopia bowieana,5341871,0
Oxylobium retusum,Gastrolobium coriaceum,5627987,1
Dalbergia ougeinensis,Ougeinia oojeinensis,2967471,1
Securidaca obcordata,Securidaca virgata,5421446,1
Torresea cearensis,Amburana cearensis,2945821,1
Inga subalata,Flemingia chappar,5359863,0
Polygala liniflora,Polygala amboniensis,4051695,1
Adenocarpus wolgensis,Calophaca tianschanica,9121541,0
Bredemeyera lanceolata,Comesperma lanceolatum,4051941,1
Genista caespitosa,Xanthophyllum wrayi,4050839,0
Polygala tehuelchum,Acanthocladus tehuelchum,5658214,1
Polygala paniculata,Polygala exilis,4049994,1
Kostyczewa ternata,Chesneya ternata,5353621,1
Pteromonnina exalata,Moutabea aculeata,4051535,0
Lotus herbaceus,Lotus herbaceus,7815140,1
Lebeckia armata,Calobota spinescens,4929859,1
Muraltia aspera,Muraltia thymifolia,4049581,1
Salomonia cordata,Salomonia ciliata,7130426,1
Hansemannia gogolensis,Lotus aegaeus,5356864,0
Genista tejedensis,Genista longipes,5347560,1
Collaea virgata,Inga maynensis,5357754,0
Teline maderensis,Bredemeyera lucida,4049939,0
Flemingia macrophylla,Inga laurina,5358039,0
Anneslia brandegeei,Amphicarpaea bracteata,2960161,0
Spartium hirsutum,Acacia leptophleba,2978937,0
Anthyllis sericea,Ebenus sibthorpii,5354896,1
Pithecolobium inundabile,Calliandra purdiei,2982326,0
Genista pomelii,Gastrolobium coriaceum,5627987,0
Inga asplenioides,Millettia dubia,11291196,0
Mimosa sinemariensis,Inga laurina,5358039,1
Feuilleea championii,Archidendron lucidum,2941456,1
Macrolobium aylmeri,Gilbertiodendron aylmeri,2941696,1
Genista macrobotrys,Genista spartioides,5347582,1
Maughania trifoliastrum,Carmichaelia kirkii,5348423,0
Anneslia eriophylla,Calliandra eriophylla,2982181,1
Monnina spruceana,Monnina herbacea,4050907,1
Collaea crassifolia,Betencourtia crassifolia,10962628,1
Hebecarpa grandiflora,Asemeia grandiflora,5658192,1
Lotus nubicus,Lotus nubicus,5356839,1
Senega riograndensis,Calliandra laxa,2982019,0
Millettia soyauxii,Genista hispanica,5347761,0
Calliandra anthoniae,Calliandra coriacea,2981844,1
Nemcia reticulata,Polygala sericea,4052075,0
Ortholobium annamense,Genista tridentata,5347807,0
Scottia laevis,Bossiaea dentata,2968330,1
Badiera montana,Badiera cubensis,4050653,1
Indigofera stipulosa,Salomonia ciliata,7130426,0
Oxylobium graniticum,Gastrolobium graniticum,5350183,1
Feuilleea acrocephala,Lupinus littoralis,2964727,0
Inga latibracteata,Inga xalapensis,5357693,1
Dialium densiflorum,Gastrolobium bilobum,5350186,0
Inga purpusii,Erinacea anthyllis,2977757,0
Lotus microcarpus,Lotus parviflorus,5356892,1
Dorycnium humile,Acacia oxyclada,2979952,0
Inga obtusata,Calliandra mollissima,2981928,0
Calliandra herbacea,Acacia binervata,2979161,0
Aspalathus persica,Muraltia longicuspis,4050349,0
Chorizema elegans,Chorizema elegans,3907583,1
Carmichaelia robusta,Carmichaelia australis,5348429,1
Rhynchosia sericea,Julbernardia brieyi,2981744,0
Nissolia arrabidae,Machaerium reticulatum,3968589,1
Isoberlinia paniculata,Julbernardia paniculata,2981767,1
Zygia jiringa,Archidendron jiringa,2941605,1
Amphicarpaea bracteata,Amphicarpaea bracteata,2960161,1
Caesalpinia platycarpa,Hoffmannseggia peninsularis,5347490,0
Derris taiwaniana,Millettia pachycarpa,5355731,1
Inga calophylla,Inga chartacea,5357658,1
Machaerium scleroxylum,Comesperma sphaerocarpum,4051487,0
Caesalpinia oyamae,Erythrostemon oyamae,9546026,1
Genista congesta,Cyclopia intermedia,5341860,0
Maughania procumbens,Flemingia procumbens,5359830,1
Polygala crassiuscula,Millettia splendens,5355930,0
Lupinus pumicola,Calliandra staminea,2981866,0
Solori scandens,Bouffordia dichotoma,10854344,0
Maughania wangkae,Flemingia kerrii,5359893,1
Heisteria fasciculata,Muraltia ericoides,8345157,1
Polygala gymnosepala,Lupinus velutinus,2964509,0
Moghania wightiana,Flemingia wightiana,5359890,1
Gastrolobium corymbosum,Polygala timoutou,7293430,0
Ononis arbuscula,Ononis tridentata,2977272,1
Acacia hakeoides,Muraltia macroceras,4050318,0
Poincianella melanadenia,Millettia sericea,5355765,0
Pongamia coriacea,Flemingia prostrata,5359865,0
Ingenhoussia spinosa,Muraltia spinosa,7225532,1
Ononis hybrida,Angylocalyx oligophyllus,2952349,0
Lupinus sparhawkianus,Lupinus evermannii,2964595,1
Lupinus sabinii,Genista sibirica,5347619,0
Hoffmannseggia alpina,Hoffmannseggia glauca,5347492,1
Anneslia comosa,Archidendron calliandrum,2941433,0
Genista pungens,Acacia consobrina,2979964,0
Lugaion aetnense,Polygaloides chamaebuxus,4051746,0
Polygala unguiculata,Asemeia violacea,8077988,1
Poincianella mexicana,Erythrostemon mexicanus,9619402,1
Machaerium sieberi,Machaerium robiniifolium,5355034,1
Ononis dumosa,Ononis aragonensis,2977261,1
Securidaca erecta,Muraltia ericoides,8345157,0
Anonis reclinata,Inga ruiziana,5357975,0
Racosperma mearnsii,Genista canariensis,5347769,0
Abarema tetraphylla,Humularia drepanocephala,5349894,0
Dalbergia scandens,Brachypterum scandens,10779326,1
Polygala pohliana,Asemeia pohliana,7368941,1
Hippocrepis velutina,Hippocrepis areolata,5353722,1
Inga obtusifolia,Calliandra surinamensis,2982188,0
Genista pestalozzae,Comesperma drummondii,4052145,0
Machaerium spinosum,Nissolia spinosa,5631043,1
Spartium humile,Genista germanica,5347824,1
Ebenus horrida,Ebenus stellata,5354890,1
Pterocarpus polyphyllus,Hoffmannseggia miranda,5347554,0
Racosperma olganum,Eysenhardtia polystachya,2964737,0
Poiretia latisiliqua,Muraltia rhamnoides,4049938,0
Calliandra patrisii,Calliandra hymenaeoides,2982171,1
Derris polyphylla,Brachypterum robustum,2947483,1
Heistera pilosa,Muraltia lancifolia,4050447,1
Carmichaelia uniflora,Millettia glaucescens,5355716,0
Feuilleea lindeniana,Inga sapindoides,5357706,1
Racosperma nigripilosum,Calobota angustifolia,4929861,0
Polygala tobatiensis,Bossiaea ornata,2968307,0
Chaetocalyx subulatus,Millettia splendens,5355930,0
Polygala laxa,Delonix decaryi,2956183,0
Millettia capillipes,Acacia neorigida,8366717,0
Racosperma incrassatum,Genista anatolica,5347594,0
Salomonia tenella,Lotus schoelleri,5356998,0
Smithia micrantha,Calophaca wolgarica,7956731,0
Muraltia juniperifolia,Muraltia ericifolia,8414336,1
Muraltia sprengelioides,Monnina marginata,9392468,0
Phaseolodes pachycarpum,Millettia pachycarpa,5355731,1
Derris multiflora,Brachypterum philippinense,11371659,1
Hoffmannseggia eremophila,Hoffmannseggia eremophila,5347532,1
Mimosa obtusifolia,Calliandra purpurea,2981994,1
Ononis kotschyana,Ononis adenotricha,2977273,1
Racosperma binervatum,Acacia binervata,2979161,1
Polygala subspicata,Ononis tridentata,2977272,0
Polygala fimutu,Polygala timoutou,7293430,1
Genista lusitanica,Ebenus depressa,5630791,0
Securidaca rufescens,Calobota sericea,4929855,0
Abarema contorta,Archidendron contortum,2941231,1
Phaseolodes thonningii,Humularia drepanocephala,5349894,0
Lotus pratensis,Lupinus sarmentosus,2964517,0
Racosperma anomalum,Acacia cracentis,2981118,0
Smithia speciosa,Dimorphandra parviflora,2974283,0
Millettia foliolosa,Acacia pickardii,2979389,0
Millettia baronii,Delonix floribunda,2956188,0
Tephrosia barclayi,Carmichaelia juncea,5628964,0
Muraltia squarrosa,Archidendron eberhardtii,2941481,0
Carmichaelia subulata,Genista daurica,5627556,0
Acacia scapuliformis,Acacia froggattii,2980269,0
Archidendron aruense,Archidendron aruense,7853116,1
Podalyria nana,Ammopiptanthus nanus,2943139,1
Securidaca parvifolia,Nissolia brasiliensis,10844581,0
Cyclopia grandifolia,Bouffordia dichotoma,10854344,0
Glycine americana,Glycine americana,7681511,1
Machaerium paniculatum,Machaerium stipitatum,5355152,1
Comesperma secundum,Comesperma secundum,4051554,1
Cryptosema pimeleoides,Glycine tabacina,5359681,0
Inga chardonii,Brachypterum koolgibberah,10926317,0
Polygala sinaloensis,Hebecarpa rivinifolia,9516978,1
Xanthophyllum palembanicum,Xanthophyllum ancolanum,4052148,1
Phaseolus monoicus,Amphicarpaea bracteata,2960161,1
Archidendron kanehirae,Archidendron calliandrum,2941433,1
Caesalpinia calycina,Erythrostemon calycinus,8322761,1
Macrolobium ecoukense,Nissolia tomentosa,10879914,0
Lalage acuminata,Calliandra spinosa,2982128,0
Pteromonnina resedoides,Monnina resedoides,4049319,1
Lupinus maissurianii,Asemeia violacea,8077988,0
Salomonia cylindrica,Flemingia kerrii,5359893,0
Flemingia sarmentosa,Flemingia paniculata,5359909,1
Polygala juncoides,Polygala equisetoides,4050240,1
Senega asperuloides,Inga vulpina,5357563,0
Gastrolobium ovalifolium,Gastrolobium coriaceum,5627987,1
Phaseolodes thonningii,Millettia thonningii,5355788,1
Heisteria phylicodes,Muraltia aspalatha,4051201,1
Banisterodes ellipticum,Machaerium lunatum,5355075,0
Monnina longifolia,Caamembeca salicifolia,9335158,1
Gastrolobium sagittulatum,Genista aristata,5347772,0
Smithia uniflora,Kotschya uniflora,2948980,1
Brachysema platypteron,Gastrolobium celsianum,5628000,1
Lotus prostratus,Lotus cytisoides,5356937,1
Ononis broussonetii,Ononis pendula,2977262,1
Polygala baccifera,Monnina ciliolata,7977161,1
Apaloxylon tuberosum,Neoapaloxylon tuberosum,2944232,1
Dimorphandra speciosa,Chorizema carinatum,3911714,0
Xanthophyllum griffithii,Xanthophyllum griffithii,7293591,1
Poiretia latisiliqua,Chaetocalyx latisiliqua,2945009,1
Inga squamigera,Lotus subbiflorus,5356841,0
Anila stipularis,Angylocalyx oligophyllus,2952349,0
Inga ochroclada,Inga sapindoides,5357706,1
Genista lamprophylla,Genista lydia,5347712,1
Millettia foxworthyi,Padbruggea maingayi,2952311,0
Calliandra hookeriana,Calliandra rigida,2982337,1
Caesalpinia aphylla,Hoffmannseggia aphylla,7849763,1
Cytisus holopetalus,Echinospartum horridum,2959222,0
Lissera germanica,Genista germanica,5347824,1
Acacia mollissima,Acacia mearnsii,2979775,1
Racosperma cracente,Betencourtia gracillima,11087931,0
Machaerium leiocarpum,Dysolobium pilosum,2963403,0
Polygala graminifolia,Polygala cymosa,3191370,1
Caesalpinia mollis,Acanthocladus dukei,7667970,0
Feuilleea sellowiana,Genista monspessulana,5347796,0
Carmichaelia egmontiana,Monnina polygonoides,4049573,0
Dalea benthamii,Calliandra hymenaeoides,2982171,0
Brachysema acuminatum,Librevillea klainei,2941198,0
Acacia pauciflora,Calliandra pauciflora,2982147,1
Xanthophyllum adenopodum,Monnina richardiana,4049262,0
Falcata bracteata,Amphicarpaea bracteata,2960161,1
Polygala insignis,Brachypterum koolgibberah,10926317,0
Caesalpinia platyloba,Muraltia zeyheri,4049504,0
Coronilla hirsuta,Nissolia tomentosa,10879914,1
Pithecellobium bubalinum,Hebecarpa costaricensis,9482034,0
Racosperma macdonnelliense,Genista nissana,5347608,0
Millettia grandidieri,Millettia lenneoides,5355724,1
Geissaspis ciliato-denticulata,Humularia ciliatodenticulata,5631155,1
Ononis geminiflora,Acacia perryi,2979665,0
Securidaca scandens,Nissolia brasiliensis,10844581,0
Racosperma brachycladum,Asemeia extraaxillaris,7839407,0
Feuilleea bubalina,Archidendron bubalinum,2941202,1
Drepanocarpus polyphyllus,Genista fasselata,5347597,0
Inga rufiseta,Calophaca tianschanica,9121541,0
Flemingia strobilifera,Gastrolobium coriaceum,5627987,0
Oxylobium racemosum,Gastrolobium racemosum,5350207,1
Desmodium diffusum,Bouffordia dichotoma,10854344,1
Phaseolus reptans,Archidendron occultatum,2941517,0
Inga pulcherrima,Inga pulcherrima,5360572,1
Phaseoloides fruticosum,Millettia fruticosa,5355849,1
Abarema hendersonii,Dahlstedtia muehlbergiana,8359138,0
Brachysema acuminatum,Gastrolobium celsianum,5628000,1
Polygala maritima,Gymnospora violoides,8310280,1
Asemeia leoides,Flemingia trifoliata,5628704,0
Racosperma deltoideum,Acacia deltoidea,2980224,1
Eysenhardtia cobriformis,Muraltia spinosa,7225532,0
Inga sanctae-annae,Inga pilosula,5358111,1
Polygala martii,Dahlstedtia castaneifolia,7779256,0
Cytisus hillebrandtii,Genista canariensis,5347769,1
Asterocytisus radiatus,Genista radiata,5347648,1
Moghania involucrata,Calliandra foliolosa,2981801,0
Muraltia ruscifolia,Muraltia squarrosa,4049689,1
Glycine monophyllos,Eleiotis sororia,2968282,1
Mundia kraussiana,Lotus maritimus,5356973,0
Polygala formosa,Caamembeca andina,11181608,1
Pithecellobium crateradenum,Genista stenopetala,5347701,0
Chorizema aciculare,Chorizema aciculare,7757885,1
Ononis elegans,Lotus fulgurans,5631994,0
Feuilleea sapindoides,Inga sapindoides,5357706,1
Feuilleea purdiaei,Calliandra purdiaei,2982323,1
Comesperma longifolium,Polygala caudata,4049190,0
Dorycnium monspeliense,Muraltia angulosa,4051236,0
Ononis praecox,Humularia mendoncae,5349886,0
Ononis montana,Ononis cephalotes,2977128,1
Xanthophyllum curtisii,Xanthophyllum vitellinum,7293493,1
Echinospartum webbii,Echinospartum boissieri,2959219,1
Albizia hansemannii,Archidendron glabrum,2941437,1
Anneslia lagunae,Calliandra peninsularis,2982288,1
Acacia subfalcata,Apios americana,2966796,0
Pteromonnina cardiocarpa,Monnina cardiocarpa,4051809,1
Acacia striata,Hoita macrostachya,2943710,0
Camptosema splendens,Camptosema rubicundum,2963247,1
Racosperma eglandulosum,Monnina cestrifolia,4051769,0
Archidendron alatum,Microcharis garissaensis,2963293,0
Oxylobium luteifolium,Polygala karensium,7293419,0
Eleiotis trifoliata,Eleiotis rottleri,2968278,1
Comesperma latifolium,Hippocrepis unisiliquosa,5353717,0
Abarema grandiflora,Archidendron grandiflorum,2941212,1
Lupinus vaginans,Lupinus velutinus,2964509,1
Inga alatopetiola,Inga sapindoides,5357706,1
Polygala juncoides,Muraltia obovata,4050162,0
Monnina longifolia,Polygala macroptera,4052027,0
Andradia arborea,Dialium schlechteri,2970968,1
Phaseolodes splendens,Millettia splendens,5355930,1
Senega telephium,Archidendron chevalieri,2941358,0
Amphicarpaea cuspidata,Amphicarpaea bracteata,2960161,1
Feuilleea martinicensis,Acacia echinuliflora,2980506,0
Polygala communis,Asemeia monninoides,7646613,1
Inga patens,Adenopodia patens,2952366,1
Polygala humilis,Muraltia depressa,7792747,1
Salomonia petiolata,Salomonia cantoniensis,5421447,1
Genista minor,Monnina martiana,4050257,0
Inga attenuata,Myroxylon peruiferum,5357189,0
Xanthophyllum roxburghianum,Brachypterum scandens,10779326,0
Monnina densa,Monnina densa,4051423,1
Corniola lucida,Calliandra parvifolia,2981824,0
Brasilettia violacea,Acacia ericksoniae,2978874,0
Acacia setigera,Chorizema cordatum,2968203,0
Monnina stenophylla,Monnina ciliolata,7977161,1
Geissaspis vanderysti,Lotus biflorus,5356877,0
Heisteria fasciculata,Quillaja brasiliensis,3029372,0
Entada patens,Adenopodia patens,2952366,1
Flemingia affinis,Padbruggea filipes,2982855,0
Polygala caracasana,Hebecarpa caracasana,9585242,1
Atroxima zenkeri,Calobota sericea,4929855,0
Monnina coriacea,Flemingia procumbens,5359830,0
Lotus eriosolen,Lotus villicarpus,11377032,1
Emurus major,Dimorphandra vernicosa,2974301,0
Pithecellobium molle,Archidendron molle,7718503,1
Lebeckia spinescens,Calobota spinescens,4929859,1
Muraltia fasciculata,Bossiaea scolopendria,2968341,0
Lupinus reticularis,Calobota saharae,4929856,0
Genista carpetana,Salomonia ciliata,7130426,0
Berlinia bracteosa,Berlinia occidentalis,2971349,1
Cyclopia aurea,Cyclopia intermedia,5341860,1
Feuilleea pilosula,Dialium pobeguinii,2971004,0
Podolobium aciculare,Chorizema aciculare,7757885,1
Genista polyanthos,Genista polyanthos,5347610,1
Lotus canescens,Lotus angustissimus,5356931,1
Salmonea cantoniensis,Machaerium bondaense,5354941,0
Affonsea pedunculata,Glycine tomentella,5359655,0
Macroberlinia bracteosa,Berlinia bracteosa,2971336,1
Asemeia carnea,Erythrostemon palmeri,9415369,0
Chaetocalyx schottii,Acacia hamiltoniana,2978560,0
Psoralea orbicularis,Hoita orbicularis,2943707,1
Moghania sericans,Flemingia macrophylla,5359866,1
Dorycnium quinatum,Archidendron apoense,2941269,0
Polygala chloroneura,Polygala subandina,4051083,1
Gilbertiodendron dinklagei,Gilbertiodendron demonstrans,2941698,1
Teline splendens,Genista splendens,5347600,1
Cytisus genistoides,Genista spachiana,5347766,1
Cyclopia montana,Cyclopia meyeriana,5341861,1
Inga sciadodendron,Monnina bonplandiana,4051965,0
Diphysa carthaginensis,Diphysa americana,5357263,1
Acacia metrosiderifolia,Ononis diffusa,2977289,0
Polygala nutkana,Hebecarpa ovatifolia,8059777,1
Dialium acuminatum,Dialium zenkeri,2970960,1
Xanthophyllum hosei,Xanthophyllum havilandii,4051625,1
Scorpius anglicus,Genista anglica,5347644,1
Millettia cyanantha,Monnina lehmanniana,4050586,0
Feuilleea chilensis,Calliandra chilensis,2982285,1
Genista kochii,Genista germanica,5347824,1
Nemcia obovata,Monnina latifolia,4050656,0
Polygala huberiana,Asemeia violacea,8077988,1
Archidendron schlechteri,Erythrostemon yucatanensis,9270348,0
Bonjeanea hirta,Genista pilosa,5347571,0
Coronilla emerus,Archidendron minahassae,2941424,0
Spongiocarpella paucifoliolata,Chesneya paucifoliolata,5632684,1
Astragalus gibberosus,Salomonia ciliata,7130426,0
Dorycnium latifolium,Lotus graecus,5354802,1
Polygala macradenia,Hebecarpa macradenia,7525630,1
Heisteria beiliana,Betencourtia gracillima,11087931,0
Derris araripensis,Dahlstedtia araripensis,8234184,1
Muraltia macroceratia,Archidendron poilanei,2941242,0
Lotus dorycnium,Lotus herbaceus,7815140,1
Racosperma isoneurum,Acacia isoneura,2981037,1
Ononis reclinata,Ononis striata,2977206,1
Macrolobium benthamii,Acacia genistifolia,2978740,0
Corniola microphylla,Flemingia parvifolia,5628753,0
Mundia desertorum,Muraltia juniperifolia,4050483,1
Hallia sororia,Eleiotis sororia,2968282,1
Pteromonnina leptostachya,Monnina leptostachya,4050561,1
Derris eriocarpa,Dolichopsis monticola,5611262,0
Genista oliveri,Genista anatolica,5347594,1
Feuilleea lentiscifolia,Inga lentiscifolia,5357557,1
Damapana africana,Kotschya africana,2948996,1
Lotus suaveolens,Lotus subbiflorus,5356841,1
Muraltia macroceras,Muraltia alopecuroides,4051253,1
Nemcia pyramidalis,Genista ephedroides,5347647,0
Julbernardia normandii,Glycine max,5359660,0
Polygala linearis,Lotus quinatus,5356887,0
Spartium linifolium,Genista linifolia,5347599,1
Genista philippii,Genista canariensis,5347769,1
Elsota elliptica,Securidaca rivinifolia,7293316,0
Elsota virgata,Securidaca virgata,5421446,1
Abarema gracillima,Lupinus fulcratus,2964683,0
Brasilettia violacea,Coulteria cubensis,10786450,1
Discolobium paucijugum,Inga ornata,5357589,0
Calliandra subnervosa,Calliandra angustifolia,2982331,1
Xanthophyllum multiramosum,Flemingia tuberosa,5359856,0
Banisterodes insigne,Xanthophyllum obscurum,4051314,1
Lotus trichocarpus,Lotus conimbricensis,5356971,1
Chorizema chandleri,Chorizema carinatum,3911714,1
Nissolia fruticosa,Nissolia bicallosa,5631100,1
Bionia acuminata,Xanthophyllum vitellinum,7293493,0
Brasilettia pubescens,Microcharis contorta,2963295,0
Indigofera karinensis,Comesperma calymega,7293259,0
Polygala muraltioides,Muraltia muraltioides,4050214,1
Racosperma kenneallyi,Flemingia kerrii,5359893,0
Nissolia firma,Acacia neumanniana,2979573,0
Lotus macrotrichus,Gastrolobium dilatatum,5627951,0
Lotus arabicus,Xanthophyllum vitellinum,7293493,0
Polygala pseudohebeclada,Asemeia pseudohebeclada,7832780,1
Inga similis,Calliandra harrisii,2982277,0
Telinaria cinerea,Eminia holubii,5349217,0
Inga clyperia,Archidendron clypearia,2941309,1
Ononis morissonii,Polygala ludwigiana,4052273,0
Leucoxyla saponaria,Quillaja saponaria,3029379,1
Wiborgia amorphodes,Eysenhardtia polystachya,2964737,1
Monnina bangii,Monnina boliviana,4051991,1
Centrolobium orinocense,Bredemeyera divaricata,7477026,0
Polygala klotzschii,Acanthocladus brasiliensis,5658224,1
Cyrtotropis carnea,Polygala major,7372627,0
Polygala stricta,Polygala gayii,4049331,1
Smithia stolonifera,Kotschya stolonifera,2949013,1
Feuilleea purdiaei,Bossiaea cinerea,2968298,0
Teramnus grandiflorus,Herpyza grandiflora,2941709,1
Archidendron incurvatum,Archidendron aruense,7853116,1
Swartzia branchystachya,Erythrostemon melanadenius,9426133,0
Nissolia quinata,Flemingia macrophylla,5359866,0
Jackia excelsa,Xanthophyllum flavescens,7580773,1
Polygala velutina,Hebecarpa velutina,9556567,1
Isodesmia tomentosa,Nissolia tomentosa,10879914,1
Anneslia pedicellata,Fairchildia panamensis,2951308,0
Pteromonnina richardiana,Monnina richardiana,4049262,1
Inga kaeringa,Archidendron jiringa,2941605,1
Pithecellobium comosum,Calliandra comosa,2982362,1
Smithia schweinfurthii,Flemingia trifoliata,5628704,0
Chamaebuxus alpestris,Glycine monantha,5634065,0
Caesalpinia macvaughii,Padbruggea maingayi,2952311,0
Genista pteroclada,Lotus gussonei,5631971,0
Maughania phursia,Chorizema parviflorum,2968190,0
Heistera acipetala,Muraltia acipetala,4051291,1
Caesalpinia fimbriata,Erythrostemon fimbriatus,9626167,1
Lotus dorycnium,Calliandra humilis,2982270,0
Lotus mandonii,Lotus argyrodes,5357009,1
Anneslia magdalenae,Calliandra magdalenae,2982131,1
Feuilleea humilis,Calliandra humilis,2982270,1
Affonsea grandiflora,Inga pleiogyna,5357300,1
Monopetalanthus jenseniae,Xanthophyllum vitellinum,7293493,0
Lotus glaucus,Machaerium polyphyllum,5355047,0
Indigofera welwitschii,Microcharis welwitschii,2963322,1
Inga sarmentosa,Inga capitata,5358094,1
Heistera ericoides,Acacia anomala,2978978,0
Dolichos dasycarpus,Dysolobium dolichoides,2963388,1
Eutaxia reticulata,Calobota angustifolia,4929861,0
Genista tomentella,Genista albida,5347692,1
Cojoba siltepecensis,Calliandra hirsuta,2982255,1
Acacia squarrosa,Inga pleiogyna,5357300,0
Genista stylosa,Genista micrantha,5347650,1
Polygala subspinosa,Rhinotropis subspinosa,8002945,1
Bredemeyera scoparia,Comesperma scoparium,7492920,1
Inga fredoniana,Millettia aboensis,5355704,0
Corniola ferox,Xanthophyllum flavescens,7580773,0
Machaerium tobagense,Machaerium isadelphum,7932857,1
Chesniella gansuensis,Nissolia nigricans,10883651,0
Cyclopia aurea,Lotus jolyi,5356824,0
Astragalus larkyaensis,Chesneya nubigena,5357277,1
Polygala attenuata,Lupinus andersonii,2964568,0
Oxylobium coriaceum,Gastrolobium coriaceum,5627987,1
Salomonia arnottiana,Salomonia ciliata,7130426,1
Ononis pyramidalis,Dialium dinklagei,2970962,0
Monnina peruviana,Monnina marginata,9392468,1
Smithia eurycalyx,Kotschya eurycalyx,2949030,1
Polygala santosii,Muraltia aspalatha,4051201,0
Lotus pacificus,Inga pilosula,5358111,0
Drepanocarpus salvadorensis,Archidendron glomeriflorum,2941385,0
Caesalpinia acapulcensis,Hebecarpa obscura,7545780,0
Badiera caracasana,Diphysa carthagenensis,5357252,0
Pedrosia berthelotii,Lotus berthelotii,5356822,1
Vigna serrana,Ancistrotropis serrana,7409887,1
Millettia cavitensis,Millettia barteri,5355814,0
Maughania sarmentosa,Flemingia paniculata,5359909,1
Geissaspis bifoliolata,Ononis fruticosa,2977293,0
Caesalpinia bangii,Acacia ingramii,2980916,0
Dolichos sofa,Glycine max,5359660,1
Archdendron vandersijdei,Archidendron sessile,8411267,1
Grona grahamii,Polygala cneorum,4051947,0
Teline osmariensis,Monnina mollis,4050146,0
Ononis latifolia,Chorizema carinatum,3911714,0
Cytisus monspessulanus,Genista monspessulana,5347796,1
Smithia carsonii,Kotschya carsonii,2948962,1
Cylindrokelupha alternifoliolata,Archidendron alternifoliolatum,2941540,1
Pithecellobium apoense,Brachypterum microphyllum,2947577,0
Flemingia pycnantha,Genista horrida,8203658,0
Oxylobium drummondii,Dialium guineense,2971007,0
Berlinia cabrae,Berlinia giorgii,2971338,1
Chesniella gracilis,Chesneya gracilis,5353642,1
Aprevalia floribunda,Polygala cneorum,4051947,0
Deguelia microphylla,Ononis arborescens,8415428,0
Anneslia caeciliae,Calliandra caeciliae,2981811,1
Meibomia ormocarpodes,Calophaca wolgarica,7956731,0
Ononis villosissima,Flemingia rollae,5359891,0
Rhynchosia antennulifera,Eminia antennulifera,5349213,1
Monnina lingua,Monnina cestrifolia,4051769,1
Hedysarum sericeum,Millettia richardiana,5355937,0
Dialium divaricatum,Xanthophyllum wrayi,4050839,0
Lotus atrococcineus,Berlinia giorgii,2971338,0
Saltzwedelia sagittalis,Genista sagittalis,5347702,1
Monnina arborescens,Glycine canescens,5359650,0
Brasilettia mollis,Coulteria mollis,3931987,1
Cytisus candicans,Berlinia giorgii,11254379,0
Nemcia crenulata,Gastrolobium crenulatum,5612547,1
Anneslia brevipes,Ancylotropis insignis,5658205,0
Hoffmanseggia repens,Hoffmannseggia repens,5347507,1
Hoita longiloba,Brachypterum cumingii,11370604,0
Berlinia auriculata,Calliandra haematocephala,2982155,0
Lissera germanica,Hippocrepis comosa,5353750,0
Bonaga arvensis,Genista dorycnifolia,5347679,0
Indigofera sessilis,Microcharis sessilis,2963316,1
Chorizema varium,Chorizema varium,7740209,1
Hebeandra pubescens,Monnina pubescens,4049426,1
Hippocrepis monocarpa,Hippocrepis biflora,5353737,1
Bredemeyera velutina,Bredemeyera hebeclada,7459931,1
Monnina huacachiana,Machaerium lindenianum,5355115,0
Hippocrepis rolandi,Disynstemon paullinioides,2982879,0
Polygala bracteglandulosa,Polygala bracteglandulosa,4049872,1
Lotus rectus,Lotus dorycnium,5632022,1
Geissaspis apiculata,Kotschya uguenensis,2949019,0
Flemingia philippinensis,Flemingia prostrata,5359865,1
Maughania fluminalis,Flemingia fluminalis,5359846,1
Lotodes orbiculare,Acacia gloeotricha,2980002,0
Lonchocarpus araripensis,Inga meissneriana,5357596,0
Polygala oleaefolia,Caamembeca oleifolia,7630958,1
Polygala monspeliaca,Polygala exilis,4049994,1
Poinciana palmeri,Erythrostemon palmeri,9415369,1
Racosperma barringtonense,Acacia barringtonensis,2980459,1
Ebenidium longipes,Ebenus longipes,8349417,1
Lotus villosus,Lotus halophilus,5357005,1
Lebeckia marginata,Acacia genistifolia,2978740,0
Lebeckia lotonoides,Calobota lotononoides,8125788,1
Polygala wrightii,Monnina wrightii,3191469,1
Polygala violoides,Gilbertiodendron mayombense,2941667,0
Chorizema varium,Atroxima afzeliana,4050746,0
Lotus dumetorum,Archidendron contortum,2941231,0
Racosperma assimile,Acacia assimilis,2978856,1
Genista cassia,Genista anatolica,5347594,1
Inga bigemina,Polygala japonica,7293443,0
Dorycnium hirsutum,Lotus hirsutus,5354799,1
Genista pilosa,Machaerium incorruptibile,5355071,0
Feuilleea axillaris,Archidendron glabrum,2941437,0
Dansera procera,Monnina padifolia,7891141,0
Machaerium vellozianum,Machaerium reticulatum,3968589,1
Polygala pulcherrima,Inga multicaulis,5357732,0
Lotus digitatus,Lotus dorycnium,5632022,1
Chorizema lowii,Chorizema lowii,8295349,1
Banisterodes vitellinum,Genista michelii,5347734,0
Acacia longissima,Rhinotropis desertorum,7456890,0
Caesalpinia gladiata,Hoffmannseggia humilis,5347512,1
Dorycnium frutescens,Decorsea grandidieri,2977707,0
Maughania phursia,Flemingia paniculata,5359909,1
Amblygonocarpus obtusangulus,Amblygonocarpus andongensis,2975852,1
Feuilleea plana,Monnina dictyocarpa,4051378,0
Lotus sergievskiae,Lotus argyrodes,5357009,0
Salomonia elongata,Epirixanthes elongata,4050415,1
Caesalpinia macrantha,Erythrostemon gilliesii,8130309,1
Glycine grahamii,Ononis arvensis,2977171,0
Euteline sagittalis,Genista sagittalis,5347702,1
Dialium acuminatum,Inga sapindoides,5357706,0
Pultenaea virgata,Aotus ericoides,5352260,1
Macrolobium quadrifolium,Glycine discolor,7977042,0
Moghania trifoliastrum,Flemingia trifoliastrum,5359862,1
Genista tamarrutii,Polygaloides webbiana,4051725,0
Bonjeanea graeca,Lotus graecus,5354802,1
Myroxylon pereirae,Myroxylon balsamum,5357190,1
Feuilleea stenocarpa,Calobota pungens,4929860,0
Indigofera disjuncta,Microcharis disjuncta,2963282,1
Spaendoncea tamarindifolia,Flemingia tuberosa,5359856,0
Muraltia metalasiaefolia,Muraltia rubeacea,4049898,1
Lotus digii,Echinospartum lusitanicum,2959225,0
Pseudoberlinia globiflora,Julbernardia globiflora,2981760,1
Maughania hockii,Recchia mexicana,7898222,0
Comesperma gracile,Comesperma volubile,7293539,1
Machaerium triste,Calliandra guildingii,2981857,0
Viola punctata,Hebecarpa costaricensis,9482034,0
Indigofera remotiflora,Genista radiata,5347648,0
Pedrosia neglecta,Lotus lancerottensis,5357010,1
Muraltia hamata,Archidendron clypearia,2941309,0
Phaseolus dinteri,Flemingia macrophylla,5359866,0
Catocoma altissima,Erythrostemon exostemma,9313752,0
Lotus atrococcineus,Lotus berthelotii,5356822,1
Inga holtonii,Chesneya nubigena,5357277,0
Genista caespitosa,Genista lydia,5347712,1
Polygala lancilimba,Carpolobia gossweileri,4049483,0
Indigofera contorta,Microcharis contorta,2963295,1
Heisteria incompta,Archidendron molle,2941264,0
Polygala fasciculata,Gilbertiodendron pachyanthum,2941648,0
Aotus preissii,Microcharis kucharii,2963332,0
Inga radiata,Lupinus kunthii,3909893,0
Elsota virgata,Machaerium duckeanum,5355058,0
Eutaxia punctata,Gastrolobium punctatum,5627845,1
Ononis glaucescens,Kotschya africana,2948996,0
Coronilla emerus,Hippocrepis emerus,5353705,1
Hippocrepis balearica,Hippocrepis valentina,5353733,1
Feuilleea peruviana,Cyclopia genistoides,7508648,0
Inga riopalenquensis,Machaerium arboreum,5355155,0
Macrolobium splendidum,Carmichaelia petriei,5348436,0
Machaerium robiniaefolium,Machaerium robiniifolium,5355034,1
Pithecellobium lucyi,Brachypterum philippinense,11371659,0
Monopetalanthus pectinatus,Aphanocalyx pectinatus,2954255,1
Machaerium parvifolium,Inga xalapensis,5357693,0
Racosperma anthochaerum,Acacia anthochaera,2980712,1
Feuilleea hirsuta,Calliandra hirsuta,2982255,1
Ononis quinata,Lotus quinatus,5356887,1
Inga subsericantha,Polygala grandidieri,4051973,0
Mundia tabularis,Muraltia spinosa,7225532,1
Berlinia paniculata,Brya ebenus,5348895,0
Caesalpinia angulata,Calophaca wolgarica,7956731,0
Hedysarum ormocarpoides,Caamembeca gigantea,7558432,0
Drepanocarpus discolor,Machaerium inundatum,5355050,1
Cytisanthus hassertianus,Lupinus angustifolius,2964025,0
Hippocrepis willkommiana,Muraltia muraltioides,4050214,0
Nemcia atropurpurea,Gastrolobium leakeanum,5612520,1
Smegmadermos emarginata,Quillaja saponaria,3029379,1
Oxylobium heterophyllum,Gastrolobium heterophyllum,5350215,1
Geissaspis bakeriana,Humularia apiculata,5349880,1
Genista gracilis,Genista carinalis,5347609,1
Lotus pilosissimus,Lotus longisiliquosus,7820973,1
Hippocrepis arenaria,Carmichaelia carmichaeliae,5629001,0
Inga pilosiuscula,Inga pilosula,5358111,1
Hedysarum lineatum,Flemingia lineata,5359831,1
Isoberlinia baumii,Julbernardia paniculata,2981767,1
Securidaca coriacea,Securidaca divaricata,5658161,1
Muraltia cynara,Securidaca elliptica,5658157,0
Maughania kerrii,Flemingia kerrii,5359893,1
Pithecellobium rufescens,Archidendron rufescens,2941246,1
Listera hispanica,Genista hispanica,5347761,1
Millettia nudiflora,Archidendron bubalinum,2941202,0
Lupinus macrocarpus,Polygala baumii,4050429,0
Bredemeyera integerrima,Comesperma integerrimum,4051972,1
Polygala squarrosa,Lotus longisiliquosus,7820973,0
Calliandra sodiroi,Calliandra angustifolia,2982331,1
Polygala hoehneana,Polygala celosioides,4049178,1
Calliandra conoensis,Calliandra purpurea,2981994,1
Lygoplis horridum,Echinospartum horridum,2959222,1
Lotus garcini,Archidendron jiringa,2941605,0
Lophostylis angustifolia,Securidaca longepedunculata,5658133,1
Genista barnadesii,Dahlstedtia pentaphylla,2960232,0
Ononis barbata,Ononis minutissima,2977125,1
Archidendron kanehirae,Asemeia grandiflora,5658192,0
Damapana welwitschii,Humularia welwitschii,5349876,1
Nissolia acuminata,Machaerium arboreum,5355155,1
Heisteria ononidifolia,Muraltia ononidifolia,4050144,1
Ostryocarpus parviflorus,Monnina cuneata,8216450,0
Pueraria ferruginea,Amphicarpaea ferruginea,2960203,1
Polygala michoacana,Polygala usafuensis,4049750,0
Ononis spinescens,Ononis spinosa,2977149,1
Acacia terminalis,Muraltia obovata,4050162,0
Lepidocoma rollae,Genista ferox,7689832,0
Moutabea acostae,Acacia perryi,2979665,0
Racosperma confusum,Acacia confusa,2978466,1
Acanthocladus brasiliensis,Kotschya aeschynomenoides,2949004,0
Heisteria micrantha,Muraltia stipulacea,7652309,1
Polygala lindenii,Asemeia monninoides,7646613,1
Lupinus amabilis,Lupinus oreganus,2963785,1
Catocoma emarginata,Apios fortunei,2966794,0
Cytiscus canariensis,Genista segonnei,5347842,0
Polygala dichroma,Acanthocladus dichromus,8890058,1
Rhadinocarpus multiflorus,Nissolia vincentina,10745779,1
Albizia mollis,Quillaja brasiliensis,3029372,0
Nissolia debilis,Cyclopia latifolia,5341857,0
Polygala sciophila,Asemeia ilheotica,7593388,1
Archidendron bequinii,Archidendron beguinii,11222645,1
Pithecellobium syringifolium,Calliandra hirsuta,2982255,0
Albizia hausemanii,Monnina richardiana,4049262,0
Genista armeniaca,Genista albida,5347692,1
Mimosa tropezifolia,Asemeia marquesiana,7404908,0
Millettia wrightiana,Millettia xylocarpa,5355719,1
Chesneya macranica,Chesneya parviflora,5353645,1
Panciatica purpurea,Cadia purpurea,2968353,1
Ebenidium tragacanthoides,Ebenus stellata,5354890,1
Flemingia phursia,Julbernardia globiflora,2981760,0
Monnina cuspidata,Nissolia spinosa,5631043,0
Millettia macrostachya,Millettia chrysophylla,5355908,1
Lebeckia cytisoides,Calobota cytisoides,3968567,1
Cytisus syriacus,Genista cinerea,8115468,0
Flemingia ferruginea,Flemingia macrophylla,5359866,1
Crotalaria macrophylla,Asemeia violacea,8077988,0
Desmodium novohollandicum,Glycine tabacina,5359681,1
Heterostemon impar,Heterostemon impar,2943922,1
Senega patens,Polygala patens,8316305,1
Caesalpinia gracilis,Securidaca pubescens,7293337,0
Monnina ligustrifolia,Aubrevillea kerstingii,2950900,0
Chorizema denticulatum,Polygala calcarea,8169088,0
Heistera reticulata,Chesneya acaulis,5353617,0
Nogra simplicifolia,Lotus aegaeus,5356864,0
Feuilleea subspicata,Archidendron clypearia,2941309,0
Cryptostomum guianense,Moutabea guianensis,4051471,1
Ononis insignis,Ononis pinnata,2977228,1
Lalage hoveifolia,Flemingia parviflora,5359905,0
Mimosa staminea,Calliandra staminea,2981866,1
Caesalpinia egena,Muraltia empetroides,4050715,0
Machaerium papilisetosum,Millettia richardiana,5355937,0
Pongamia fruticosa,Millettia fruticosa,5355849,1
Eutaxia microphylla,Camptosema rubicundum,2963247,0
Senega equisetoides,Polygala equisetoides,4050240,1
Cytisus dalmaticus,Archidendron muellerianum,7779701,0
Bonjeanea hirsuta,Lotus hirsutus,5354799,1
Nemcia reticulata,Gastrolobium nervosum,5627863,1
Chesneya potaninii,Chesneya macrantha,5357273,1
Inga amazonica,Inga lomatophylla,5357869,1
Quillaja smegmadermis,Machaerium guanaiense,5355045,0
Machaerium steinbachianum,Machaerium kegelii,5355165,1
Genista lusitanica,Echinospartum lusitanicum,2959225,1
Leptolobium elongatum,Glycine tabacina,5359681,1
Heisteria mitior,Muraltia mitior,4050255,1
Calliandra sericea,Chorizema ilicifolium,2968201,0
Feuilleea cearana,Calliandra umbellifera,2982199,1
Eleiotis monophyllos,Eleiotis sororia,2968282,1
Calliandra chotanoana,Calliandra mollissima,2981928,1
Banisteroides griffithii,Xanthophyllum griffithii,7293591,1
Archidendron monadelphum,Archidendron bigeminum,2941295,1
Smithia recurvifolia,Ononis vaginalis,2977196,0
Pithecellobium multiflorum,Archidendron merrillii,2941600,1
Inga chaetophora,Inga stipulacea,5358071,1
Ononis gibraltarica,Ononis cossoniana,2977095,1
Xanthophyllum geminiflorum,Xanthophyllum flavescens,7580773,1
Xanthophyllum pyrifolium,Xanthophyllum ellipticum,4051861,1
Genista cirtensis,Securidaca goudotiana,5658144,0
Caesalpinia hintonii,Erythrostemon hintonii,9309300,1
Spartium tricuspidatum,Machaerium tounateifolium,5612881,0
Lotus glaberrimus,Lotus angustissimus,5356931,1
Bionia coriacea,Camptosema coriaceum,2963275,1
Dorycnium humile,Lotus dorycnium,5632022,1
Coronilla florida,Hippocrepis emerus,5353705,1
Feuilleea pezizifera,Inga pezizifera,5357576,1
Polygala lioranii,Calliandra sessilis,2981978,0
Inga protracta,Genista linifolia,5347599,0
Coronilla squamata,Hippocrepis squamata,5353714,1
Chaetocalyx vestitus,Collaea stenophylla,5352529,0
Calliandra goldmanii,Polygala arcuata,7651931,0
Polygala rimulicola,Gastrolobium pyramidale,5360152,0
Polygala taquetii,Polygala japonica,7293443,1
Polygala hilariana,Calliandra pedicellata,2982252,0
Spartium sericeum,Genista clavata,5347795,1
Polygala congoensis,Polygala nambalensis,4050760,1
Angylocalyx claessensii,Angylocalyx oligophyllus,2952349,1
Clitoria fulgens,Archidendron pellitum,2941403,0
Calliandra fulgens,Calliandra falcata,2981836,1
Mimosa rubiginosa,Hebecarpa americana,7364474,0
Polygala scutellata,Polygala scutellata,4052265,1
Comesperma apyllum,Phlebotaenia cuneata,7293299,0
Sophora genistoides,Lupinus angustifolius,2964025,0
Abarema poilanei,Archidendron poilanei,2941242,1
Dalbergia sericea,Coulteria platyloba,7545558,0
Monopetalanthus leonardii,Machaerium reticulatum,3968589,0
Muraltia anthospermifolia,Muraltia ciliaris,8037203,1
Acacia auriculiformis,Bossiaea obcordata,2968327,0
Epirixanthes tenella,Epirixanthes elongata,4050415,1
Inga caracasana,Inga sapindoides,5357706,1
Heistera squarrosa,Flemingia procumbens,5359830,0
Genista antiochia,Muraltia aspalatha,4051201,0
Comesperma secundum,Flemingia chappar,5359863,0
Chesneya potaninii,Muraltia macroceras,4050318,0
Dansera procera,Dialium procerum,2970983,1
Calpurnia mucronulata,Polygala paludicola,4049747,0
Lupinus nanus,Lupinus nanus,2964223,1
Machaerium vestitum,Machaerium brasiliense,5355145,1
Cryptostomum laurifolium,Moutabea guianensis,4051471,1
Echinospartum barnadesii,Archidendron contortum,2941231,0
Larrea drepanocarpa,Hoffmannseggia drepanocarpa,5347497,1
Smithia ochreata,Kotschya ochreata,2948982,1
Carmichaelia suteri,Carmichaelia uniflora,5348457,1
Inga mapiriensis,Hebecarpa obscura,7545780,0
Racosperma paradoxum,Acacia paradoxa,2981159,1
Mimosa nutans,Acanthocladus brasiliensis,5658224,0
Moghania brevipes,Flemingia macrophylla,5359866,1
Polygala oxyantha,Polygala equisetoides,4050240,0
Flemingia congesta,Flemingia macrophylla,5359866,1
Securidaca orinocensis,Securidaca bialata,5658180,1
Polygala antillensis,Bossiaea rhombifolia,2968314,0
Genista ramosissima,Eutaxia myrtifolia,7275616,0
Platylobium linifolium,Archidendron globosum,2941218,0
Ononis hircina,Ononis arvensis,2977171,1
Callistachys cuneata,Gastrolobium dilatatum,5627951,1
Bugranopsis crinita,Lotus maritimus,5356973,0
Lotus aegeus,Lotus aegaeus,5356864,1
Millettia claessensii,Millettia dubia,5355805,1
Polygala scoparia,Polygala mexicana,4051609,1
Brasilettia pringlei,Coulteria pringlei,11146086,1
Xanthophyllum acuminatissimum,Xanthophyllum incertum,4051562,1
Racosperma conjunctifolium,Acacia conjunctifolia,2980655,1
Smithia welwitschii,Humularia welwitschii,5349876,1
Hedysarum diffusum,Hippocrepis comosa,5353750,0
Cytisus triangularis,Fairchildia panamensis,2951308,0
Ononis dehnhardtii,Ononis diffusa,2977289,1
Carmichaelia gracilis,Genista sagittalis,5347702,0
Monnina olfersiana,Ebenus cretica,5354894,0
Polygala hoehneana,Asemeia tobatiensis,7867727,0
Genista triangularis,Genista lydia,5347712,1
Phaseolodes rubiginosum,Millettia rubiginosa,5355813,1
Acacia umbrosa,Lupinus littoralis,2964727,0
Leptolobium tabacinum,Acacia paradoxa,2981159,0
Feuilleea tarapotensis,Lotus jordanii,9567879,0
Pithecellobium bigeminum,Inga sapindoides,5357706,0
Machaerium tobagense,Calliandra houstoniana,2982067,0
Acacia cunninghamii,Bossiaea ornata,2968307,0
Muraltia rubicunda,Flemingia strobilifera,5359843,0
Lebeckia pungens,Calobota pungens,4929860,1
Maughania wightiana,Machaerium capote,5354954,0
Lupinus leucospermus,Lupinus angustifolius,2964025,1
Salomonia cylindrica,Epirixanthes cylindrica,4050424,1
Feuilleea benthamiana,Acacia mearnsii,2979775,0
Inga fasciculata,Calliandra surinamensis,2982188,1
Calliandra densifolia,Calliandra caeciliae,2981811,1
Monnina longifolia,Xanthophyllum vitellinum,7293493,1
Calophaca sericea,Millettia glaucescens,5355716,0
Lotus sulphureus,Lotus aegaeus,5356864,1
Senega appressa,Polygala appressa,7293532,1
Balgoya pacifica,Moutabea pacifica,9990119,1
Polygala banksii,Comesperma ericinum,7293357,1
Moparia repens,Hoffmannseggia repens,5347507,1
Toluifera erythroxyla,Acanthocladus santosii,8228215,0
Pterocarpus cyathiformis,Drepanocarpus cyathiformis,3972653,1
Genista humifusa,Securidaca rivinifolia,7293316,0
Cytisus heterochrous,Gastrolobium spathulatum,7410335,0
Polygala riparia,Bredemeyera lucida,4049939,0
Camptosema bellum,Lotus herbaceus,7815140,0
Pithecellobium syringifolium,Archidendron syringifolium,2941559,1
Entada patens,Lotus arabicus,5356903,0
Polygala albowiana,Hebecarpa rivinifolia,9516978,1
Hebeandra latifolia,Chorizema elegans,3907583,0
Dorycnium fruticosum,Lotus dorycnium,5632022,1
Heistera alopecuroides,Muraltia alopecuroides,4051253,1
Calophaca howenii,Genista aristata,5347772,0
Macrolobium limba,Calliandra angustifolia,2982331,0
Bossiaea gilbertii,Machaerium inundatum,5355050,0
Polygala gigantea,Caamembeca gigantea,7558432,1
Smithia thymodora,Kotschya thymodora,2948966,1
Genistella riphaea,Archidendron brevipes,8301768,0
Mundtia glauca,Muraltia spinosa,7225532,1
Pterocarpus scandens,Ononis ornithopodioides,2977204,0
Dimorphandra ekmanii,Genista canariensis,5347769,0
Ebenus montbretii,Ebenus laguroides,7302164,1
Larrea glauca,Hoffmannseggia glauca,5347492,1
Chaetocalyx ilheoticus,Acacia cultriformis,2979559,0
Caesalpinia blasiana,Coulteria platyloba,7545558,1
Feuilleea aeschynomenodes,Muraltia rubeacea,4049898,0
Moghania involucrata,Flemingia trifoliata,5628704,1
Cynometra glabra,Lebruniodendron leptanthum,2983909,1
Genista odoratissima,Genista micrantha,5347650,1
Calliandra hymenaeodes,Calliandra hymenaeoides,2982171,1
Inga comosa,Calliandra comosa,2982362,1
Delonix edulis,Delonix edule,10851938,1
Monnina macrophylla,Xanthophyllum vitellinum,7293493,1
Racosperma improcerum,Acacia improcera,2980352,1
Mundulea barclayi,Ononis spinosa,2977149,0
Spartium pusillum,Genista anglica,5347644,1
Genista kochii,Monnina ciliolata,7977161,0
Lupinus thompsonianus,Angylocalyx schumannianus,2952345,0
Hoffmannseggia andina,Cyclopia genistoides,7508648,0
Genista retamoides,Archidendron poilanei,2941242,0
Larrea villosa,Hoffmannseggia humilis,5347512,1
Boenninghausia vincentina,Flemingia lineata,5359831,0
Polygala orthostigma,Carmichaelia nana,8639774,0
Heisteria dumosa,Muraltia dumosa,4050736,1
Poinciana playfairii,Delonix elata,2956174,1
Genista juzepczukii,Gastrolobium linearifolium,5627888,0
Brachysema speciosum,Muraltia longicuspis,4050349,0
Hippocrepis grosii,Hippocrepis grosii,5631685,1
Flemingia chappar,Coulteria pumila,10894741,0
Polygala peduncularis,Humularia rosea,5349892,0
Senega minarum,Archidendron monopterum,2941562,0
Polygala blanchetii,Gymnospora blanchetii,7791729,1
Machaerium brachycarpum,Polygala equisetoides,4050240,0
Pedrosia loweana,Lotus loweanus,5356983,1
Leptocyamus tabacina,Leptocyamus tabacina,3909297,1
Lotus pilosus,Lotus hirsutus,5354799,1
Eutaxia ericoides,Genista fasselata,5347597,0
Bossiaea rigida,Muraltia tenuifolia,4049598,0
Elsota micheliana,Securidaca micheliana,5658122,1
Ononis picardii,Monnina rusbyi,4049176,0
Poincianella glandulosa,Gastrolobium dilatatum,5627951,0
Phaseoloides pachycarpum,Millettia pachycarpa,5355731,1
Galactia aschersoniana,Collaea aschersoniana,5352527,1
Lotus broussonetii,Lotus broussonetii,5356880,1
Telinaria anglica,Genista anglica,5347644,1
Feuilleea fagifolia,Inga laurina,5358039,1
Lotus canescens,Lotus arenarius,5356814,1
Pongamia caerulea,Archidendron molle,7718503,0
Heisteria poiretii,Muraltia ericoides,8345157,1
Cytisus genistoides,Polygala serpyllifolia,3191414,0
Machaerium jacarandifolium,Muraltia origanoides,4050129,0
Myroxylon punctatum,Brachypterum koolgibberah,10926317,0
Dialium staudtii,Dialium dinklagei,2970962,1
Lotus tenuifolius,Lotus tenuifolius,7533293,1
Oxylobium heterophyllum,Genista lydia,5347712,0
Millettia zollingeri,Acacia deltoidea,2980224,0
Lotus arguinensis,Lotus jolyi,5356824,1
Telinaria horrida,Hoffmannseggia humilis,5347512,0
Polygala cardiocarpa,Polygala malesiana,4051910,1
Caiandra conferta,Calliandra conferta,2981821,1
Millettia turgida,Millettia sericea,7807253,1
Cytiscus linifolius,Genista linifolia,5347599,1
Inga multiflora,Erythrostemon coccineus,9574659,0
Amphicarpa japonica,Amphicarpaea bracteata,2960161,1
Polygala longa,Kotschya strobilantha,2948979,0
Inga chocoensis,Caamembeca salicifolia,9335158,0
Polygala spinosa,Polygala karensium,7293419,0
Polygala buxifolia,Flemingia macrophylla,5359866,0
Polygala beiliana,Archidendron hendersonii,2941401,0
Pseudoberlinia globiflora,Chesneya parviflora,5353645,0
Machaerium ovalifolium,Flemingia macrophylla,5359866,0
Lotus latifolius,Scottia aquifolium,5928622,0
Phaseolus dolichicarpus,Dolichopsis ligulata,5611264,1
Pteromonnina boliviana,Asemeia violacea,8077988,0
Pithecellobium pauciflorum,Genista canariensis,5347769,0
Brasilettia glabra,Chesneya gansuensis,5353660,0
Geissaspis subscabra,Humularia rosea,5349892,1
Pithecellobium palauense,Archidendron ramiflorum,2941451,0
Anneslia fulgens,Machaerium brasiliense,5355145,0
Poecilanthe effusa,Amphiodon effusus,5350427,1
Callistachys ovalifolia,Acacia pachyphylla,2978982,0
Polygala brizoides,Decorsea grandidieri,2977707,0
Racosperma hakeoides,Monnina stenophylla,8198893,0
Ortholobium platyphyllum,Archidendron chevalieri,2941358,1
Lupinus cryptanthus,Millettia lenneoides,5355724,0
Derris leptorhachis,Millettia griffoniana,5355825,1
Dalea multifoliata,Archidendron glomeriflorum,2941385,0
Ononis deutata,Monnina cardiocarpa,4051809,0
Inga urnifera,Inga pezizifera,5357576,1
Moghania kerrii,Flemingia kerrii,5359893,1
Machaerium eggersii,Machaerium robiniifolium,5355034,1
Hoita rhombifolia,Hoita macrostachya,2943710,1
Heisteria juniperifolia,Calophaca wolgarica,7956731,0
Feuilleea haematomma,Calliandra haematomma,2982219,1
Bredemeyera volubilis,Comesperma volubile,7293539,1
Derris confertiflora,Millettia vatkei,11884640,0
Senega sericea,Flemingia fluminalis,5359846,0
Feuilleea guildingii,Calliandra guildingii,2981857,1
Mimosa circinnatus,Inga alternifolia,5629541,1
Inga multicaulis,Inga multicaulis,5357732,1
Oxylobium nervosum,Calliandra laxa,2982019,0
Dolichos jumellei,Alistilus jumellei,2961189,1
Polygala bahiensis,Asemeia violacea,8077988,1
Dorycnium crantzii,Lotus herbaceus,7815140,1
Anneslia rubescens,Acacia microbotrya,2979057,0
Bossiaea lenticularis,Genista linifolia,5347599,0
Larrea potosina,Julbernardia paniculata,2981767,0
Smithia micrantha,Kotschya micrantha,2948991,1
Racosperma ferocius,Comesperma xanthocarpum,4051217,0
Macrolobium zenkeri,Camptosema rubicundum,2963247,0
Xanthophyllum affine,Hoffmannseggia repens,5347507,0
Racosperma auriculiforme,Muraltia macropetala,4050299,0
Pithecellobium teijsemannii,Myroxylon peruiferum,5357189,0
Inga microgyna,Inga sapindoides,5357706,1
Shuteria trisperma,Lotus hirsutus,5354799,0
Millettia solheidii,Archidendron clypearia,2941309,0
Bredemeyera polygaloides,Acacia paradoxa,2981159,0
Lotus glacialis,Lotus glacialis,8316538,1
Genista cossoniana,Badiera cubensis,4050653,0
Heinekenia berthelotii,Lotus berthelotii,5356822,1
Ononis saxatilis,Ononis minutissima,2977125,1
Polygala cordobensis,Calobota lotononoides,8125788,0
Abarema triplinervia,Archidendron triplinervium,2941463,1
Adenocarpus segonnei,Genista segonnei,5347842,1
Cylindrokelupha chevalieri,Glycine microphylla,5359676,0
Polygala cumulicola,Salomonia ciliata,7130426,0
Oxylobium spectabile,Gastrolobium spectabile,5350214,1
Entada spicata,Adenopodia spicata,2952379,1
Poinciana elata,Securidaca divaricata,5658161,0
Polygala intricata,Hebecarpa barbeyana,7552320,1
Albizia turgida,Bredemeyera laurifolia,7293385,0
Polygala moyanoi,Acanthocladus moyanoi,5658246,1
Isodesmia blanchetiana,Nissolia blanchetiana,10826885,1
Xanthophyllum floriferum,Xanthophyllum flavescens,7580773,1
Chorizema chandleri,Chorizema varium,7740209,1
Xanthophyllum kunstleri,Xanthophyllum vitellinum,7293493,1
Mucuna chienkweiensis,Polygala leucantha,4049624,0
Mundia ecklonii,Muraltia spinosa,7225532,1
Muraltia sprengelioides,Gilbertiodendron ogoouense,2941685,0
Hoffmannseggia gladiata,Hoffmannseggia humilis,5347512,1
Lotus sulphureus,Dialium englerianum,2970943,0
Canavalia grandis,Dysolobium grande,2963397,1
Hebecarpa reducta,Betencourtia martii,10947449,0
Spartium sessilifolium,Genista sessilifolia,5347744,1
Polygala leptalea,Genista tenera,5347751,0
Derris microphylla,Quillaja brasiliensis,3029372,0
Polygala phlebotaenia,Phlebotaenia cuneata,7293299,1
Ononis stricta,Ononis euphrasiifolia,2977232,1
Eminia noldeana,Betencourtia martioides,10999723,0
Salomonia parasitica,Stylobasium australe,8019741,0
Lotus hispidus,Ononis biflora,2977198,0
Feuilleea martinicensis,Inga martinicensis,5357612,1
Polygala palmeri,Hebecarpa palmeri,7743157,1
Paralbizzia robinsonii,Archidendron robinsonii,2941576,1
Machaerium mucronulatum,Acacia blakelyi,2979464,0
Heisteria saturejoides,Hoffmannseggia repens,5347507,0
Feuilleea bullata,Polygala crotalarioides,3191438,0
Teline atleyana,Genista spachiana,5347766,1
Hippocrepis comosa,Hippocrepis glauca,5353703,1
Dialium engleranum,Dialium englerianum,2970943,1
Senega stephaniana,Polygala stephaniana,4051265,1
Hippocrepis burgalensis,Hippocrepis comosa,5353750,1
Anonis rotundifolia,Archidendron bauchei,3961221,0
Caiandra biflora,Calliandra biflora,2982346,1
Inga hymenaeoides,Millettia chrysophylla,5355908,0
Poincianella pannosa,Millettia sericea,5355765,0
Heisteria longicuspis,Muraltia longicuspis,4050349,1
Lupinus douglasii,Lupinus chamissonis,2963889,1
Macrolobium talbotii,Gilbertiodendron demonstrans,2941698,1
Chaetocalyx hebecarpus,Nissolia longiflora,10749545,1
Genistella umbellata,Cyclopia maculata,5341867,0
Aspalathus crassicaulis,Chesneya nubigena,5357277,1
Dillwynia gracillima,Aotus gracillima,5352269,1
Chesneya isfaransis,Caamembeca oleifolia,7630958,0
Chaetocalyx magniflorus,Heinekenia petiorhyncha,3975104,0
Shuteria ferruginea,Myroxylon peruiferum,5357189,0
Machaerium aculeatum,Millettia sericea,7807253,0
Feuilleea haematomma,Genista januensis,5347603,0
Moghania strobilifera,Millettia rubiginosa,5355813,0
Heinekenia petiorhyncha,Genista hispanica,5347761,0
Heisteria macroceras,Muraltia macroceras,4050318,1
Calobota decutiens,Calpurnia intrusa,2956419,0
Ononis microsperma,Acacia paradoxa,2981159,0
Bredemeyera mollis,Muraltia dumosa,4050736,0
Polygala punctifera,Hebecarpa macradenia,7525630,0
Feuilleea comosa,Calliandra comosa,2982362,1
Chaetocalyx longiflorus,Hesperolaburnum platycarpum,2941705,0
Mimosa laxa,Calliandra laxa,2982019,1
Machaerium bracteatum,Glycine max,5359660,0
Flemingia nana,Flemingia macrophylla,5359866,1
Dalea multifoliolata,Errazurizia multifoliolata,2967046,1
Brachysema subcordatum,Gastrolobium subcordatum,5627821,1
Cyclopia galioides,Archidendron arborescens,2941520,0
Pithecellobium tozeri,Archidendron grandiflorum,2941212,1
Eystathes sylvestris,Archidendron syringifolium,2941559,0
Calliandra angustidens,Hebecarpa ovatifolia,8059777,0
Natrix rotundifolia,Chesneya acaulis,5353617,0
Ebenidium bourgaei,Inga sessilis,5357552,0
Phaseolus crassifolius,Ancistrotropis firmula,7481673,1
Inga monticola,Caamembeca oxyphylla,7868452,0
Phaseoloides rubiginosum,Daniellia oblonga,2948726,0
Aprevalia perrieri,Delonix floribunda,2956188,1
Feuilleea bella,Calliandra bella,2981924,1
Acanthobotrya pungens,Calobota pungens,4929860,1
Inga subvestita,Calliandra falcata,2981836,0
Acacia armata,Genista tenera,5347751,0
Flemingia chapper,Inga tenuistipula,5357513,0
Polygala acutifolia,Polygala cymosa,3191370,1
Heistera ericoides,Muraltia ericoides,8345157,1
Monnina crassifolia,Monnina crassifolia,4051573,1
Cynometra hedinii,Aphanocalyx hedinii,2954237,1
Heistera beiliana,Muraltia alopecuroides,4051253,0
Comesperma scandens,Muraltia lancifolia,4050447,0
Melilotus dorycnium,Lotus dorycnium,5632022,1
Calliandra angustidens,Calliandra surinamensis,2982188,1
Phaseolus sordidus,Atroxima afzeliana,4050746,0
Larrea drummondii,Candolleodendron brachystachyum,2933835,0
Caesalpinia acutifolia,Coulteria mollis,3931987,1
Acacia selloi,Gilbertiodendron ogowense,11198222,0
Maughania philippinensis,Archidendron hendersonii,2941401,0
Geissaspis robynsii,Securidaca retusa,8126792,0
Lupinus canaliculatus,Lupinus angustifolius,2964025,1
Genista congesta,Genista tenera,5347751,1
Dorycnium implexum,Lotus dorycnium,5632022,1
Calliandra axillaris,Calliandra sessilis,2981978,1
Ortholobium havilandii,Archidendron havilandii,2941411,1
Genista candicans,Genista monspessulana,5347796,1
Albizia croizatiana,Archidendron turgidum,2941467,1
Muraltia rubicunda,Muraltia dumosa,4050736,1
Polygala flabellata,Asemeia grandiflora,5658192,1
Hebeandra cestrifolia,Lotus schoelleri,5356998,0
Millettia argentea,Millettia sericea,7807253,1
Telinaria virgata,Microcharis welwitschii,2963322,0
Berlinia splendida,Gilbertiodendron splendidum,2941650,1
Feuilleea quassiifolia,Inga pilosula,5358111,1
Caesalpinia pumila,Coulteria pumila,10894741,1
Polygala cucullata,Rhinotropis californica,8081866,1
Lupinus nanus,Calliandra tergemina,2981879,0
Nissolia diversifolia,Nissolia pringlei,5358620,1
Anthyllis erinacea,Erinacea anthyllis,2977757,1
Camptosema grandiflorum,Securidaca divaricata,5658161,0
Badiera berteroana,Archidendron beguinii,2941446,0
Securidaca scandens,Securidaca rivinifolia,7293316,1
Calliandra matudai,Calliandra hirsuta,2982255,1
Polygala mutabilis,Polygala serpyllifolia,3191414,1
Chaetocalyx chacoensis,Nissolia chacoensis,10736045,1
Inga marginata,Hoita macrostachya,2943710,0
Rhynchosia antennulifera,Lotus angustissimus,5356931,0
Caesalpinia bangii,Erythrostemon fimbriatus,9626167,1
Acacia praetervisa,Acacia prominens,2978612,1
Senega riograndensis,Polygala riograndensis,4050117,1
Mezoneurum procumbens,Ononis arvensis,2977171,0
Genista pontica,Bredemeyera hebeclada,7459931,0
Nephrosis aculeata,Machaerium lunatum,5355075,1
Polygala tenuifolia,Polygala gracilenta,4052053,1
Pterocarpus buxifolius,Bossiaea dentata,2968330,0
Gastrolobium lineare,Gastrolobium callistachys,5350176,1
Polygala kisantuensis,Lotus biflorus,7636304,0
Inga bubalina,Archidendron microcarpum,2941523,1
Polygala phoenicistes,Nissolia longiflora,10749545,0
Ononis balearica,Ononis pubescens,2977281,1
Angylocalyx claessensii,Lotus dorycnium,5632022,0
Feuilleea contorta,Xanthophyllum rufum,4051015,0
Racosperma polyadenium,Acacia polyadenia,2981307,1
Cytisus pulchellus,Gastrolobium coriaceum,5627987,0
Oxylobium tricuspidatum,Inga pilosula,5358111,0
Genista triquetra,Acanthocladus dichromus,8890058,0
Polygala mariesii,Polygala caudata,4049190,1
Pteromonnina exalata,Monnina exalata,4051188,1
Millettia gagnepainiana,Millettia comosa,5355876,1
Monnina phillyreoides,Monnina salicifolia,7875295,1
Zornia strobilifera,Genista micrantha,5347650,0
Lotus persicus,Lotus garcinii,8298127,1
Dialium mayumbense,Genista dorycnifolia,5347679,0
Polygala wrightii,Asemeia grandiflora,5658192,1
Calobota flexuosa,Polygala alpina,7481031,0
Securidaca macrophylla,Securidaca calophylla,5658175,1
Poincianella laxa,Erythrostemon laxus,9307391,1
Kotschya volkensii,Kotschya aeschynomenoides,2949004,1
Myrospermum pereirae,Myroxylon balsamum,5357190,1
Feuilleea inicuil,Machaerium uncinatum,5355085,0
Pithecellobium kuenstleri,Eutaxia virgata,5358158,0
Oxytropis grubovii,Chesneya macrantha,5357273,1
Mimosa sapindoides,Inga sapindoides,5357706,1
Pteromonnina philippiana,Archidendron molle,7718503,0
Spartium cinereum,Millettia barteri,5355814,0
Hippocrepis scabra,Inga pilosula,5358111,0
Spartium radiatum,Echinospartum horridum,2959222,1
Torresea acreana,Amburana acreana,2945824,1
Solori robusta,Aphanocalyx heitzii,2954232,0
Polygala isotricha,Hebecarpa costaricensis,9482034,1
Eysenhardtia cobriformis,Eysenhardtia platycarpa,2964755,1
Calliandra pubiflora,Calliandra hirsuta,2982255,1
Pithecellobium contortum,Inga sessilis,5357552,0
Cytisus everestianus,Polygaloides paucifolia,7346080,0
Rhynchosia crotalarioides,Flemingia macrophylla,5359866,1
Planarium latisiliquum,Nissolia latisiliqua,10750042,1
Abarema abeywickramae,Archidendron bigeminum,2941295,1
Lotus odoratus,Echinospartum ibericum,7302116,0
Derris polyphylla,Millettia lenneoides,5355724,1
Cassia fluminensis,Dimorphandra exaltata,2974264,1
Flemingia hockii,Lotus dorycnium,5632022,0
Feuilleea gardneri,Machaerium isadelphum,7932857,0
Polygala nicaeensis,Gastrolobium plicatum,5360162,0
Millettia nudiflora,Millettia nudiflora,5355768,1
Polygala salicina,Acacia paradoxa,2981159,0
Elsota pubescens,Securidaca pubescens,7293337,1
Salomonia angulata,Salomonia ciliata,7130426,1
Dimorphandra hohenkerkii,Dimorphandra polyandra,2974271,1
Gastrolobium verticillatum,Calliandra surinamensis,2982188,0
Spongiocarpella spinosa,Bossiaea eriocarpa,2968317,0
Lonchocarpus barteri,Ancylotropis malmeana,5658203,0
Gastrolobium whicherensis,Muraltia juniperifolia,4050483,0
Moghania helferiana,Flemingia helferiana,5628812,1
Calliandra compacta,Dicraeopetalum stipulare,2974572,0
Ononis marmorata,Ononis serrata,2977279,1
Pithecellobium triplinervium,Microcharis phyllogramme,2963330,0
Elsota corymbosa,Securidaca trianae,5658075,1
Teline stenopetala,Archidendron ellipticum,8638856,0
Mimosa armata,Acacia paradoxa,2981159,1
Vulneraria sericea,Ebenus sibthorpii,5354896,1
Hoffmannseggia gracilis,Aphanocalyx hedinii,2954237,0
Apios bodinieri,Apios carnea,7457890,1
Ononis ellipticifolia,Ononis hirta,2977096,1
Tertria chamaebuxus,Polygaloides chamaebuxus,4051746,1
Galactia macropoda,Betencourtia neesii,10906904,1
Muraltia satureioides,Lotus purpureus,5356837,0
Stiza psiloloba,Calliandra squarrosa,2981876,0
Acacia eglandulosa,Acacia cyclops,2980425,1
Nissolia dodgei,Aphanocalyx hedinii,2954237,0
Polygala lupulina,Calliandra tergemina,2981879,0
Cytisus annigricans,Calophaca wolgarica,7956731,1
Brachysema lanceolatum,Gastrolobium celsianum,5628000,1
Machaerium pilosum,Microcharis garissaensis,2963293,0
Polygala gypsophiloides,Polygala rosea,7989450,1
Dialium trifoliolatum,Acacia cultriformis,2979559,0
Moutabea floribunda,Muraltia flanaganii,4050605,0
Acacia pterocarpa,Acacia excelsa,2980114,1
Ononis calycina,Genista polyanthos,5347610,0
Hippocrepis elongatula,Bredemeyera densiflora,7293405,0
Brasilettia platyloba,Muraltia ononidifolia,4050144,0
Polygala adenophylla,Genista anglica,5347644,0
Banisterodes insigne,Hebecarpa caracasana,9585242,0
Ebenus candidus,Ebenus boissieri,8450783,1
Pithecellobium jiringa,Monnina marginata,9392468,0
Carmichaelia aligera,Carmichaelia australis,5348429,1
Polygala dimorphophylla,Badiera oblongata,4050599,1
Ononis tingitana,Ononis cossoniana,2977095,1
Pseudoberlinia paniculata,Julbernardia paniculata,2981767,1
Millettia capillipes,Millettia merrillii,5355885,1
Telinaria ramosissima,Ononis natrix,2977234,0
Berlinia ivorensis,Acacia burdekensis,3979076,0
Hebecarpa orthotricha,Calliandra purpurea,2981994,0
Millettia dunnii,Millettia pachycarpa,5355731,1
Heistera laricifolia,Genista aspalathoides,5347829,0
Dorycnium crantzii,Ononis orygalis,3969987,0
Cadia arabica,Cadia purpurea,2968353,1
Lotus latifolius,Amphicarpaea bracteata,2960161,0
Moghania stricta,Flemingia stricta,5359894,1
Albizia croizatiana,Polygala trichosperma,4050125,0
Polygala orthotricha,Hebecarpa obscura,7545780,1
Monnina euonymoides,Machaerium hirtum,5354979,0
Elsota ovalifolia,Securidaca ovalifolia,7293365,1
Monnina ciliolosa,Archidendron bubalinum,2941202,0
Pithecellobium fallax,Archidendron fallax,2941371,1
Lugaion angulatum,Gonocytisus angulatus,2952409,1
Mimosa emarginata,Calliandra tergemina,2981879,1
Polygala floribunda,Polygala karensium,7293419,1
Genista aprutia,Genista michelii,5347734,1
Dimorphandra guianensis,Mora excelsa,5355414,1
Inga ornifolia,Monnina densa,4051423,0
Genista pteroclada,Gonocytisus pterocladus,2952407,1
Tetrodea comosa,Genista micrantha,5347650,0
Nissolia leiophylla,Archidendron lucyi,2941496,0
Chordospartium stevensonii,Bredemeyera brevifolia,4050274,0
Machaerium rectipes,Ononis baetica,2977098,0
Machaerium splendens,Microcharis tritoides,2963345,0
Feuilleea flagelliformis,Muraltia depressa,7792747,0
Tetragonolobus biflorus,Genista umbellata,8000707,0
Polygala phylicoides,Muraltia aspalatha,4051201,1
Lotus sergievskiae,Lotus krylovii,5356866,1
Anthyllis capensis,Calobota cytisoides,3968567,1
Feuilleea obtusata,Monnina fastigiata,4051158,0
Neodunnia aurea,Millettia aurea,5355818,1
Caragana cuneata,Chesneya cuneata,5353662,1
Inga langlassei,Brachypterum robustum,2947483,0
Callistachys spathulata,Chorizema spathulatum,3907445,1
Polygala sphaerospora,Machaerium stipitatum,5355152,0
Lupinus andinus,Lupinus andinus,3912812,1
Calliandra metrosiderifolia,Calliandra houstoniana,2982067,1
Calliandra matudae,Calobota linearifolia,4929863,0
Feuilleea peckoltii,Flemingia parviflora,5359905,0
Racosperma georginae,Acacia georginae,2980066,1
Lalage hoveaefolia,Bossiaea ornata,2968307,1
Dimorphandra macrostachya,Calliandra quetzal,2981976,0
Lotodes macrostachyum,Hoita macrostachya,2943710,1
Bredemeyera virgata,Comesperma virgatum,7293549,1
Brasilettia pilosa,Coulteria platyloba,7545558,1
Cyclolobium hostmannii,Limadendron hostmannii,8146564,1
Inga tenuirama,Eysenhardtia polystachya,2964737,0
Carmispartium hutchinsii,Carmichaelia hutchinsii,5628965,1
Anonis minutissima,Ononis minutissima,2977125,1
Phaseoloides xylocarpum,Acacia leichhardtii,2980894,0
Senega graebiana,Archidendron monopterum,2941562,0
Polygala americana,Inga chocoensis,5358081,0
Pithecolobium lucyi,Archidendron lucyi,2941496,1
Cytisus milleri,Genista aristata,5347772,1
Abarema occultata,Brya ebenus,5348895,0
Dialium reticulatum,Dialium orientale,2970964,1
Monnina nemorosa,Monnina bonplandiana,4051965,1
Phaseolodes sericeum,Millettia sericea,5355765,1
Feuilleea sapindodes,Inga sapindoides,5357706,1
Moghania rhodocarpa,Mora ekmanii,5355416,0
Banisterodes rufum,Xanthophyllum rufum,4051015,1
Polygala brizoides,Asemeia violacea,8077988,1
Catocoma floribunda,Archidendron gogolense,7483343,0
Cylindrokelupha kerrii,Archidendron kerrii,2941373,1
Feuilleea hirtiflora,Calliandra hirtiflora,2981869,1
Lotus intermedius,Lotus herbaceus,7815140,1
Racosperma decorum,Acacia decora,2978514,1
Monnina rupestris,Monnina celastroides,7429148,1
Anneslia comosa,Calliandra comosa,2982362,1
Albizia sessilis,Archidendron sessile,8411267,1
Spartium gymnopterum,Machaerium brasiliense,5355145,0
Polygala nutkana,Polygala pseudocoelosioides,4051344,0
Inga vulpina,Inga vulpina,5357563,1
Polygala dichroma,Genista pubescens,7709518,0
Zuccagnia mucronata,Hoffmannseggia eremophila,5347532,1
Berlinia mayumbensis,Berlinia bracteosa,2971336,1
Atroxima macrostachya,Millettia glaucescens,5355716,0
Ononis aggregata,Securidaca macrocarpa,5658129,0
Lotus lamprocarpus,Securidaca calophylla,5658175,0
Tetragonolobus glaucus,Lotus maritimus,5356973,1
Quillaja lanceolata,Archidendron ellipticum,8638856,0
Polygala insularis,Calliandra laxa,2982019,0
Bredemeyera ciliata,Comesperma ciliatum,4052266,1
Xanthophyllum loheri,Xanthophyllum flavescens,7580773,1
Diphysa robinioides,Gilbertiodendron klainei,2941663,0
Kennedynella elongata,Glycine tabacina,5359681,1
Machaerium robiniaefolium,Inga inundata,5347460,0
Mimosa peruviana,Amphicarpaea edgeworthii,2960189,0
Flemingia sericans,Archidendron molle,2941264,0
Feuilleea benthamiana,Calliandra fasciculata,2981954,1
Dendrospartum aetnense,Millettia grandis,5355756,0
Chaetocalyx glaziouvii,Machaerium incorruptibile,5355071,0
Cytisus sericeus,Genista sericea,5347781,1
Hoffmannseggia philippiana,Hoffmannseggia eremophila,5347532,1
Racosperma papulosum,Acacia papulosa,2979617,1
Acacia fuliginea,Genista tenera,5347751,0
Muraltia brevicornu,Lotus jacobaeus,5356916,0
Smithia speciosa,Kotschya speciosa,2949011,1
Feuilleea chartacea,Inga chartacea,5357658,1
Smithia prittwitzii,Echinospartum barnadesii,7302120,0
Acacia prolifera,Acacia prainii,2978760,1
Pithecellobium conspicuum,Monrosia pterolopha,5658247,0
Elsota ovalifolia,Cyclopia genistoides,7508648,0
Chrystolia violacea,Glycine tabacina,5359681,1
Polygala serpentaria,Inga pilosula,5358111,0
Indigofera longicalyx,Microcharis longicalyx,2963352,1
Diclidanthera breviflora,Millettia macrophylla,5355729,0
Salomonia setosociliata,Brachypterum robustum,2947483,0
Ononis alopecuroides,Aphanocalyx trapnellii,2954256,0
Spongiocarpella nubigena,Chesneya nubigena,5357277,1
Maughania macrophylla,Genista triquetra,8121734,0
Lupinus hirsutus,Lupinus hirsutus,8336977,1
Phaseolus oblongifolius,Asemeia grandiflora,5658192,0
Millettia atite,Millettia thonningii,5355788,1
Poiretia latisiliquosa,Nissolia latisiliqua,10750042,1
Telinaria stenopetala,Genista stenopetala,5347701,1
Sphinctolobium floribundum,Chesneya villosa,5353648,0
Podalyria aurea,Genista januensis,5347603,0
Genista inermis,Archidendron lucyi,2941496,0
Securidaca oblongifolia,Securidaca longepedunculata,5658133,1
Heisteria pungens,Muraltia heisteria,4050551,1
Machaerium lineatum,Lotus mlanjeanus,5356912,0
Brachystegia klainei,Inga heterophylla,5357852,0
Polygala bangiana,Caamembeca andina,11181608,1
Chorizema spectabile,Muraltia mitior,4050255,0
Astragalus fernandezianus,Flemingia nana,7981517,0
Paralbizzia turgida,Erythrostemon pannosus,9336761,0
Gastrolobium spathulatum,Gastrolobium spathulatum,7410335,1
Monnina bifurcata,Millettia grandis,5355756,0
Myroxylon punctatum,Myroxylon balsamum,5357190,1
Inga attenuata,Archidendron jiringa,2941605,1
Aotus gracilis,Monnina marginata,9392468,0
Elsota diversifolia,Flemingia gracilis,5359860,0
Calliandra compacta,Calliandra rubescens,2982006,1
Monnina huallagensis,Millettia xylocarpa,5355719,0
Monnina angustifolia,Monnina ciliolata,7977161,1
Pithecellobium inundatum,Inga inundata,5347460,1
Berlinia cabrae,Calliandra purpurea,2981994,0
Ononis ellipticifolia,Machaerium ovalifolium,5355018,0
Elsota welwitschii,Genista radiata,5347648,0
Amphicarpaea pitcheri,Amphicarpaea bracteata,2960161,1
Spartium ellipticum,Amphicarpaea bracteata,2960161,0
Xanthophyllum glaucum,Xanthophyllum lanceatum,4051497,1
Millettia congolensis,Inga nuda,5358050,0
Tetragonolobus palaestinus,Inga lomatophylla,5357869,0
Phaseoloides drasticum,Millettia drastica,5355671,1
Podalyria genistoides,Cyclopia galioides,5341873,1
Polygala yunnanensis,Polygala karensium,7293419,1
Pithecellobium lobatum,Hoffmannseggia drepanocarpa,5347497,0
Calliandra xalapensis,Calliandra rubescens,2982006,1
Cylindrokelupha balansae,Acacia prominens,2978612,0
Feuilleea rigida,Calliandra rigida,2982337,1
Westia paniculata,Julbernardia paniculata,2981767,1
Glycine ferruginea,Amphicarpaea ferruginea,2960203,1
Lespedeza involucrata,Flemingia trifoliata,5628704,1
Solori eriocarpa,Brachypterum eriocarpum,11371334,1
Smithia strigosa,Dialium zenkeri,2970960,0
Albizia sessilis,Hoffmannseggia humilis,5347512,0
Pteromonnina filifolia,Calliandra selloi,2981788,0
Cassia fluminensis,Polygala sphenoptera,4051511,0
Polygala albowiana,Acacia paradoxa,2981159,0
Lotus borzii,Erythrostemon nicaraguensis,9497906,0
Monnina eriocarpa,Acacia piligera,2978295,0
Deguelia cumingii,Brachypterum cumingii,11370604,1
Acacia haematomma,Acanthocladus brasiliensis,5658224,0
Racosperma courtii,Acacia courtii,2978224,1
Damapana africana,Acacia hubbardiana,2978338,0
Racosperma echinulum,Bredemeyera brevifolia,4050274,0
Albizia alternifoliolata,Lupinus luteus,2963817,0
Nissolia aculeata,Machaerium humboldtianum,5354907,1
Polygala psammophila,Acacia microcalyx,2978890,0
Lupinus franciscanus,Lupinus littoralis,2964727,1
Listera anglica,Ononis arvensis,2977171,0
Acacia bella,Calliandra bella,2981924,1
Oxylobium spathulatum,Hoffmannseggia microphylla,5347509,0
Inga herthae,Inga maynensis,5357754,1
Cytisanthus barnadesii,Nissolia vincentina,10745779,0
Lotus americanus,Archidendron bigeminum,2941295,0
Sinolegumenea chendezhaoana,Apios chendezhaoana,10833925,1
Acacia laxa,Calliandra laxa,2982019,1
Dialium trifoliolatum,Dialium kunstleri,7302552,1
Comesperma megapteryga,Comesperma nudiusculum,4051796,1
Calliandra foliosa,Calliandra tweedii,2982053,1
Telinaria pilosa,Genista pilosa,5347571,1
Acacia bella,Brachypterum microphyllum,2947577,0
Mimosa subnervosa,Heterostemon impar,2943922,0
Hoffmannseggia gracilis,Hoffmannseggia prostrata,5347537,1
Pithecellobium balansae,Archidendron balansae,2941396,1
Polygala scutellata,Inga inicuil,7592050,0
Monnina calophylla,Securidaca calophylla,5658175,1
Millettia seretii,Millettia drastica,5355671,1
Brachypterum polyphyllum,Brachypterum robustum,2947483,1
Cytisus hillebrandii,Muraltia aspalatha,4051201,0
Monopetalanthus ledermannii,Genista monspessulana,5347796,0
Lebeckia angustifolia,Calobota angustifolia,4929861,1
Mimosa velutina,Lotus villicarpus,11377032,0
Listera anglica,Genista anglica,5347644,1
Chesneya euphratensis,Chesneya rytidosperma,5353632,1
Xanthophyllum glabrescens,Brachypterum scandens,10779326,0
Eystathes sylvestris,Xanthophyllum sylvestre,4050961,1
Teline ramosissima,Genista canariensis,5347769,1
Bossiaea paucifolia,Bossiaea rufa,2968295,1
Calliandra cinerea,Inga cookii,5357801,0
Polygala mendocina,Polygala subandina,4051083,1
Bossiaea tenuicaulis,Bossiaea cinerea,2968298,1
Cylindrokelupha annamense,Inga fastuosa,5357762,0
Oxylobium dilatatum,Brachypterum microphyllum,2947577,0
Dimorphandra megistosperma,Bredemeyera brevifolia,4050274,0
Feuilleea lallensis,Inga lallensis,5357507,1
Inga dumosa,Muraltia ericoides,8345157,0
Genista linifolia,Genista tricuspidata,5347804,0
Hebecarpa glandulosa,Hebecarpa punctata,10786028,1
Anneslia rhodocephala,Gastrolobium linearifolium,5627888,0
Genista britannica,Ebenus argentea,5630808,0
Inga grandiflora,Inga crassiflora,5357581,1
Flemingia wightiana,Bossiaea cinerea,2968298,0
Polygala pubescens,Asemeia grandiflora,5658192,1
Heisteria ononidifolia,Ononis minutissima,2977125,0
Monnina floribunda,Aotus ericoides,5352260,0
Dorycnium tomentosum,Lotus dorycnium,5632022,1
Acanthocladus microphylla,Calliandra hirsuta,2982255,0
Tetragonolobus monanthos,Lotus biflorus,5356877,1
Anneslia fasciculata,Genista albida,5347692,0
Millettia dasyphylla,Inga obtusata,5357651,0
Geissaspis katangensis,Gastrolobium acutum,5612331,0
Caesalpinia texana,Xanthophyllum flavescens,7580773,0
Muraltia macroceratia,Muraltia macroceras,4050318,1
Acacia bilaura,Polygala sphenoptera,4051511,0
Inga quassiaefolia,Flemingia nilgheriensis,5359828,0
Polygala microloncha,Ebenus stellata,5354890,0
Brasilettia glabra,Coulteria glabra,10760814,1
Comesperma spathulatum,Comesperma calymega,7293259,1
Anneslia houstoniana,Acanthocladus dichromus,8890058,0
Phaseoloides urophyllum,Dialium polyanthum,2971002,0
Hansemannia pachycarpa,Archidendron merrillii,2941600,0
Dialium connaroides,Dialium bipindense,2970949,1
Parryella rotundata,Betencourtia crassifolia,10962628,0
Securidaca floribunda,Polygala baumii,4050429,0
Anonis pusilla,Millettia piscidia,5355786,0
Polygala nicaeensis,Polygala nicaeensis,7293457,1
Aruna divaricata,Monnina linearifolia,4050529,0
Cytisus pilosus,Genista pilosa,5347571,1
Angylocalyx trifoliolatus,Angylocalyx oligophyllus,2952349,1
Galactia simplicifolia,Nogra dalzellii,2952628,1
Inga rodrigueziana,Inga sapindoides,5357706,1
Gilbertiodendron taiense,Calliandra caeciliae,2981811,0
Polygala cornuta,Monnina parviflora,4049871,0
Securidaca rufescens,Securidaca tomentosa,7511766,1
Hebecarpa grandiflora,Millettia glaucescens,5355716,0
Calliandra nipensis,Calliandra pauciflora,2982147,1
Machaerium caicarense,Lotus jordanii,9567879,0
Polygala pseudocelosioides,Polygala celosioides,4049178,1
Polygala stipulacea,Muraltia stipulacea,7652309,1
Heistera metalasiifolia,Muraltia rubeacea,4049898,1
Flemingia capitata,Flemingia grahamiana,5359839,0
Genista daurica,Genista daurica,5627556,1
Lupinus finitus,Hippocrepis scabra,5353706,0
Mimosa comosa,Machaerium goudotii,5355105,0
Lupinus semiverticillatus,Monnina pterocarpa,7293304,0
Cytisus pubescens,Archidendron contortum,2941231,0
Genista webbii,Echinospartum boissieri,2959219,1
Feuilleea speciosa,Inga lomatophylla,5357869,1
Polygala caracasana,Genista sibirica,5347619,0
Polygala dimorphophylla,Nissolia tomentosa,10879914,0
Mimosa tetraphylla,Acacia hamiltoniana,2978560,0
Viborquia orthocarpa,Eysenhardtia orthocarpa,2964750,1
Senega bonariensis,Monnina martiana,4050257,0
Brasilettia velutina,Polygala malesiana,4051910,0
Polygala chloroptera,Julbernardia paniculata,2981767,0
Drepanocarpus costaricensis,Hippocrepis comosa,5353750,0
Albizia pentzkeana,Lotus cytisoides,5356937,0
Polygala maravillasensis,Rhinotropis maravillasensis,7680526,1
Maughania rhodocarpa,Xanthophyllum flavescens,7580773,0
Caesalpinia intricata,Acacia microbotrya,2979057,0
Dialium praetermissum,Asemeia extraaxillaris,7839407,0
Mundtia capensis,Calliandra aeschynomenoides,2981855,0
Pithecellobium contortum,Archidendron contortum,2941231,1
Mundia heterophylla,Muraltia ononidifolia,4050144,1
Machaerium spinosum,Machaerium eriocarpum,5355061,1
Polygala ukambica,Polygala sphenoptera,4051511,1
Cytisus kunzeanus,Ononis fruticosa,2977293,0
Tetragonolobus conjugatus,Asemeia hebeclada,7548566,0
Pteromonnina linearifolia,Archidendron utile,2941583,0
Feuilleea sessilis,Inga sessilis,5357552,1
Polygala discolor,Polygala longifolia,4049199,1
Poinciana decaryi,Delonix decaryi,2956183,1
Lupinus sabinianus,Lupinus sabinianus,2964594,1
Ibbetsonia genistoides,Archidendron kinubaluense,2941478,0
Phaseoloides maingayi,Padbruggea maingayi,2952311,1
Polygala retifera,Hebecarpa caracasana,9585242,1
Polygala warmingiana,Caamembeca warmingiana,7989805,1
Anneslia peninsularis,Gastrolobium heterophyllum,5350215,0
Muraltia squarrosa,Muraltia alopecuroides,4051253,1
Carmichaelia solandri,Carmichaelia australis,5348429,1
Cytisus syriacus,Genista monspessulana,5347796,1
Genista inermis,Genista anglica,5347644,1
Polygala hondurana,Chorizema glycinifolium,2968193,0
Inga yunckeri,Chorizema diversifolium,2968192,0
Westia auriculata,Polygala appressa,7293532,0
Securidaca atropurpurea,Phlebotaenia cowellii,3191460,0
Polygala thymifolia,Amburana cearensis,2945821,0
Oxylobium emarginatum,Daniellia soyauxii,2948720,0
Muraltia beiliana,Muraltia muraltioides,4050214,1
Chorizema parvifolium,Chorizema nervosum,2968191,1
Dialium aubrevillei,Dialium polyanthum,2971002,1
Polygala longa,Hebecarpa barbeyana,7552320,1
Genista microphylla,Genista morisii,5347789,1
Torresea cearensis,Genista monspessulana,5347796,0
Dalbergia momsita,Brachypterum robustum,2947483,1
Banisterodes longifolium,Xanthophyllum vitellinum,7293493,1
Affonsea densiflora,Inga pleiogyna,5357300,1
Poinciana mexicana,Monnina herzogii,4050872,0
Polygala camporum,Polygala hohenackeriana,4051131,0
Polygala parryi,Rhinotropis parryi,7959785,1
Grona dalzellii,Nogra dalzellii,2952628,1
Genista tenella,Inga laurina,5358039,0
Feuilleea falcata,Calliandra falcata,2981836,1
Polygala subspinosa,Glycine clandestina,5359647,0
Polygala eriocephala,Polygala eriocephala,4050196,1
Cylindrokelupha balansae,Archidendron balansae,2941396,1
Tephrosia sericea,Mundulea sericea,2933885,1
Bredemeyera sphaerocarpa,Calpurnia intrusa,2956419,0
Polygala jablotzkiana,Lupinus pubescens,2964465,0
Rhadinocarpus acutifolius,Nissolia acutifolia,10683036,1
Chorizema angustifolium,Chorizema glycinifolium,2968193,1
Polygala pauciramosa,Calliandra houstoniana,2982067,0
Lebeckia sericea,Calobota sericea,4929855,1
Dalbergia robusta,Acacia chrysocephala,2978251,0
Polygala opaca,Caamembeca salicifolia,9335158,1
Caesalpinia pumilio,Hoffmannseggia pumilio,5616924,1
Xanthophyllum heteropleurum,Xanthophyllum rufum,4051015,1
Machaerium acuminatum,Machaerium arboreum,5355155,1
Comesperma gracile,Archidendron cordifolium,2941272,0
Hebeandra ligustrina,Monnina ligustrina,4050545,1
Polygala oleaefolia,Asemeia monninoides,7646613,0
Polygala robinsonii,Moutabea aculeata,4051535,0
Lotus fallax,Lotus angustissimus,5356931,1
Acacia pterocarpa,Camoensia scandens,5358230,0
Myrospermum sonsonatense,Ononis spinosa,2977149,0
Senega leucantha,Gastrolobium dorrienii,5627947,0
Gilbertiodendron taiense,Gilbertiodendron preussii,2941691,1
Hippocrepis toletana,Hippocrepis squamata,5353714,1
Larrea peninsularis,Hoffmannseggia peninsularis,5347490,1
Flemingia wightiana,Flemingia macrophylla,5359866,1
Lugaion radiatum,Myroxylon peruiferum,5357189,0
Telinaria virgata,Genista tenera,5347751,1
Muraltia fasciculata,Muraltia ciliaris,8037203,1
Lonchocarpus comosus,Archidendron fagifolium,2941550,0
Mimosa dealbata,Inga heterophylla,5357852,0
Scorpius clusii,Genista germanica,5347824,1
Mimosa bigemina,Lotus maritimus,5356973,0
Lotus unibracteatus,Chesneya macrantha,5357273,0
Larrea watsonii,Hoffmannseggia watsonii,5347511,1
Calliandra affinis,Calliandra cruegeri,2981862,1
Polygala corymbosa,Polygala cymosa,3191370,1
Polygala grisea,Polygala subandina,4051083,1
Millettia zollingeriana,Millettia sericea,7807253,1
Flemingia macrophylla,Flemingia macrophylla,7601084,1
Dalhousiea paucisperma,Acacia georginae,2980066,0
Securidaca flexuosa,Securidaca lanceolata,7584051,1
Genista scythica,Ononis arvensis,2977171,0
Pellegriniodendron diphyllum,Gilbertiodendron diphyllum,10729309,1
Feuilleea guilleminiana,Polygala cymosa,3191370,0
Berlinia grandiflora,Inga multicaulis,5357732,0
Phaseolus modestus,Ancistrotropis clitorioides,8296291,1
Dialium acuminatum,Gastrolobium whicherense,5627810,0
Lupinus cruckshanksii,Lupinus asa-grayanus,3912482,1
Caesalpinia palmeri,Kotschya aeschynomenoides,2949004,0
Polygala pubescens,Asemeia violacea,8077988,1
Maughania parviflora,Cyclopia maculata,5341867,0
Mundtia albiflora,Muraltia spinosa,7225532,1
Maughania nilgheriensis,Flemingia nilgheriensis,5359828,1
Heisteria reticulata,Muraltia origanoides,4050129,1
Oxylobium retusum,Kotschya strobilantha,2948979,0
Genista dalmatica,Genista michelii,5347734,1
Machaerium brachycarpum,Machaerium arboreum,5355155,1
Pithecellobium pellitum,Archidendron pellitum,2941403,1
Coronilla austriaca,Hippocrepis emerus,5353705,1
Comesperma varians,Comesperma calymega,7293259,1
Lotus coronillifolius,Comesperma ericinum,7293357,0
Dialium kingii,Dialium platysepalum,2970972,1
Securidaca sellowiana,Acanthocladus dichromus,8890058,0
Lotus patens,Ononis deutata,7651459,0
Phyllodoce armata,Genista lydia,5347712,0
Feuilleea fastuosa,Inga fastuosa,5357762,1
Polygala californica,Rhinotropis californica,8081866,1
Cylindrokelupha platyphylla,Archidendron robinsonii,2941576,1
Albizia dalatensis,Archidendron dalatense,2941588,1
Spartium parviflorum,Lotus jacobaeus,5356916,0
Inga obtusa,Inga obtusata,5357651,1
Feuilleea uruguensis,Inga uraguensis,5357546,1
Monnina caerulea,Monnina ciliolata,7977161,1
Polygala sherardioides,Polygala asperuloides,4050743,1
Nissolia multiflora,Drepanocarpus cyathiformis,3972653,0
Polygala spectabilis,Caamembeca spectabilis,8266028,1
Angylocalyx gossweileri,Polygala timoutou,7293430,0
Moutabea dibotrya,Acacia neorigida,8366717,0
Lotus digitatus,Genista horrida,8203658,0
Cytisus canariensis,Genista canariensis,5347769,1
Caesalpinia argentina,Asemeia grandiflora,5658192,0
Mullaghera edulis,Genista monspessulana,5347796,0
Genista spinosa,Genista germanica,5347824,1
Chaetocalyx wislizeni,Hoffmannseggia drepanocarpa,5347497,0
Angylocalyx vermeulenii,Lotus herbaceus,7815140,0
Racosperma abbreviatum,Acacia abbreviata,2980248,1
Cyclopia cordifolia,Inga pilosula,5358111,0
Polygala venulosa,Polygala asperuloides,4050743,1
Giganthemum scandens,Monnina leptostachya,4050561,0
Cryptolobus americanus,Muraltia pappeana,4050093,0
Heistera obovata,Acacia pelophila,2980353,0
Monnina angustifolia,Ononis pendula,2977262,0
Caesalpinia velutina,Coulteria velutina,10687779,1
Acacia plagiophylla,Polygala subandina,4051083,0
Hippocrepis ambigua,Hippocrepis ciliata,5353690,1
Polygala planellasi,Asemeia violacea,8077988,1
Carpolobia parvifolia,Genista sibirica,5347619,0
Chesniella depressa,Chesneya depressa,5353653,1
Ononis lusitanica,Ononis broteroana,10687747,1
Lotus nubicus,Lotus garcinii,8298127,1
Abarema scutifera,Monnina pterocarpa,7293304,0
Cytisus pubescens,Genista monspessulana,5347796,1
Racosperma gillii,Glycine monantha,5634065,0
Acacia cardiophylla,Acacia obtusifolia,2980237,0
Securidaca scandens,Monnina xalapensis,4051592,0
Carmichaelia nana,Aphanocalyx richardsiae,2954250,0
Derris muehlbergiana,Dahlstedtia muehlbergiana,8359138,1
Inga endlichii,Kotschya uniflora,2948980,0
Vigna lucens,Dysolobium lucens,2963384,1
Pithecellobium glomeriflorum,Archidendron glomeriflorum,2941385,1
Poincianella exostemma,Erythrostemon exostemma,9313752,1
Feuilleea lateriflora,Inga lateriflora,5358057,1
Genista mogadorensis,Genista tricuspidata,5347804,1
Pithecellobium kubaryanum,Archidendron glabrum,2941437,1
Inga elliptica,Genista germanica,5347824,0
Machaerium merrillii,Machaerium cirrhiferum,5355119,1
Polygala fuertesii,Badiera fuertesii,4050619,1
Lebeckia psiloloba,Calobota psiloloba,4929862,1
Lotus mearnsii,Dysolobium dolichoides,2963388,0
Mundia candolleana,Muraltia alopecuroides,4051253,1
Bredemeyera laurifolia,Bredemeyera laurifolia,7293385,1
Ononis procurrens,Ononis arvensis,2977171,1
Erythrostemon gilliesii,Erythrostemon gilliesii,8130309,1
Teline atleyana,Archidendron lucidum,2941456,0
Acacia hakeoides,Acacia hakeoides,2980906,1
Anneslia pauciflora,Polygala japonica,7293443,0
Heisteria poiretii,Ancistrotropis robusta,8099189,0
Feuilleea laxiflora,Amphicarpaea bracteata,2960161,0
Monnina densa,Genista canariensis,5347769,0
Millettia litoralis,Acanthocladus brasiliensis,5658224,0
Monnina andreana,Monnina lehmanniana,4050586,1
Pithecellobium beguinii,Calliandra conferta,2981821,0
Elsota rivinifolia,Securidaca rivinifolia,7293316,1
Feuilleea tenuiflora,Lotus dorycnium,5632022,0
Bossiaea virgata,Bossiaea rufa,2968295,1
Genista tripolitana,Genista microcephala,5347710,1
Millettia atenensis,Centrolobium ochroxylum,2945574,0
Chesneya grubovii,Inga acrocephala,5357674,0
Eriosema erythrocarpon,Flemingia grahamiana,5359839,1
Monnina caerulea,Gonocytisus angulatus,2952409,0
Derris peckoltii,Dahlstedtia peckoltii,7528435,1
Lupinus submontanus,Collaea pascuorum,5631977,0
Caesalpinia prostrata,Inga hispida,5357647,0
Calobota cytisoides,Glycine tabacina,5359681,0
Caiandra eriophylla,Polygala wettsteinii,4052066,0
Gonancylis thyrsoidea,Apios americana,2966796,1
Genista cirtensis,Genista tricuspidata,5347804,1
Lobomon sarmentosum,Amphicarpaea bracteata,2960161,1
Ulex hispanicus,Lotus tenellus,5613289,0
Racosperma coriaceum,Acacia coriacea,2978913,1
Affonsea schwebeliana,Inga edwallii,5357301,1
Teline bracteolata,Genista spachiana,5347766,1
Lotus fallax,Lotus parviflorus,5356892,1
Nemcia pauciflora,Muraltia filiformis,4050611,0
Heisteria anthospermifolia,Polygala trichosperma,4050125,0
Polygala fimbriata,Asemeia acuminata,8154099,1
Bugranopsis megalostachys,Ononis megalostachys,2977211,1
Cytisus mutabilis,Genista aristata,5347772,0
Larrea potosina,Hoffmannseggia humilis,5347512,1
Racosperma leucocladum,Glycine latrobeana,5359674,0
Ononis pendula,Ononis sieberi,2977115,1
Triclisperma paucifolia,Dalhousiea bracteata,2970581,0
Damapana strigosa,Kotschya strigosa,2949015,1
Polygala lindheimeri,Rhinotropis lindheimeri,7660144,1
Chesneya gaubaeana,Chesneya parviflora,5353645,1
Polygala spinescens,Dialium procerum,2970983,0
Pithecellobium lovellii,Cyclopia subternata,5341866,0
Polygala viminea,Muraltia spinosa,7225532,1
Heisteria lancifolia,Muraltia lancifolia,4050447,1
Monnina fastigiata,Calpurnia aurea,2956417,0
Dialium simsii,Dialium englerianum,2970943,1
Dorycnium pentaphyllum,Lotus dorycnium,5632022,1
Maughania tomentosa,Flemingia macrophylla,5359866,1
Racosperma hubbardianum,Acacia hubbardiana,2978338,1
Heinekenia peliorhyncha,Rhinotropis lindheimeri,7660144,0
Polygala tamariscea,Polygala tamariscea,7781109,1
Millettia ivorensis,Cyclopia genistoides,7508648,0
Anneslia houstoniana,Calliandra houstoniana,2982067,1
Teline microphylla,Genista microphylla,5347681,1
Moghania lacei,Flemingia lacei,5359898,1
Flemingia bhottea,Flemingia macrophylla,5359866,1
Racosperma gillii,Acacia gillii,2980005,1
Badiera diversifolia,Amphiodon effusus,5350427,0
Maughania lacei,Flemingia lacei,5359898,1
Galactia neesii,Betencourtia neesii,10906904,1
Abarema globosa,Archidendron globosum,2941218,1
Mimosa sessilis,Lotus broussonetii,5356880,0
Mundtia desertorum,Calliandra angustifolia,2982331,0
Muraltia abietina,Inga lallensis,5357507,0
Racosperma chinchillense,Acacia chinchillensis,2980430,1
Racosperma paradoxum,Polygala timoutou,7293430,0
Lotus thermalis,Lotus strictus,5354800,1
Racosperma lacertense,Daniellia pynaertii,11271122,0
Carmichaelia acuminata,Carmichaelia australis,5348429,1
Caesalpinia laxa,Quillaja brasiliensis,3029372,0
Nissolia hirsuta,Calliandra tergemina,2981879,0
Lupinus microphyllus,Salomonia cantoniensis,5421447,0
Polygala mosquitiensis,Amphicarpaea ferruginea,2960203,0
Dorycnium jordanii,Calliandra tergemina,2981879,0
Chaetocalyx klugii,Nissolia klugii,10848739,1
Bossiaea riparia,Bossiaea riparia,2968311,1
Polygala montana,Asemeia monticola,8344266,1
Spartium humile,Kotschya goetzei,2949028,0
Calliandra metrosiderifolia,Ancistrotropis peduncularis,7484829,0
Nylandtia scoparia,Delonix boiviniana,2956180,0
Gastrolobium cordatum,Machaerium incorruptibile,5355071,0
Pteromonnina rusbyi,Monnina rusbyi,4049176,1
Machaerium secundiflorum,Machaerium lanceolatum,5355092,1
Machaerium myrianthum,Machaerium myrianthum,5354915,1
Lotus candidissimus,Archidendron pachycarpum,8270523,0
Racosperma gilbertii,Millettia dubia,11291196,0
Securidaca rosea,Securidaca longifolia,5658132,1
Senega distans,Polygala asperuloides,4050743,1
Feuilleea trinervia,Archidendron clypearia,2941309,0
Polygala pseudostricta,Polygala cneorum,4051947,1
Lotus nummularius,Lotus pedunculatus,5356854,1
Lupinus biddlei,Lupinus prunophilus,2964282,1
Dorycnium libanoticum,Hoffmannseggia erecta,5347529,0
Mimosa expansa,Berlinia tomentella,2971347,0
Macrolobium grandistipulatum,Polygaloides chamaebuxus,4051746,0
Acacia metrosiderifolia,Calliandra houstoniana,2982067,1
Pithecellobium fagifolium,Chorizema ilicifolium,2968201,0
Heisteria incompta,Muraltia divaricata,4050776,1
Ononis vulgaris,Ononis arvensis,2977171,1
Dorycnium axilliflorum,Chorizema obtusifolium,3907493,0
Pithecellobium pachycarpum,Comesperma nudiusculum,4051796,0
Acacia cultrata,Acacia cultriformis,2979559,1
Pultenaea villosa,Heterostemon ellipticus,2943913,0
Chesneya microphylla,Archidendron molle,7718503,0
Salomonia canarana,Salomonia ciliata,7130426,1
Elsota marginata,Securidaca marginata,5658124,1
Nylandtia scoparia,Muraltia scoparia,4049799,1
Millettia macrostachya,Archidendron balansae,2941396,0
Ferrum-equinum multiflorum,Ononis rotundifolia,2977131,0
Moghania sericans,Genista hispanica,5347761,0
Feuilleea fasciculata,Calliandra surinamensis,2982188,1
Hebecarpa racemosa,Lotus angustissimus,5356931,0
Glycine jamaicensis,Glycine jamaicensis,5634158,1
Polygala angustifolia,Asemeia violacea,8077988,1
Cytisus tragacanthiformis,Echinospartum horridum,2959222,1
Calliandra foliosa,Archidendron ellipticum,8638856,0
Acacia rubescens,Calliandra rubescens,2982006,1
Heistera zeyheri,Muraltia zeyheri,4049504,1
Glycine atomaria,Aotus ericoides,5352260,0
Entada rotundifolia,Archidendron microcarpum,2941523,0
Heistera conferta,Polygaloides paucifolia,7346080,0
Banisterodes obscurum,Xanthophyllum obscurum,4051314,1
Toluifera erythroxyla,Myroxylon peruiferum,5357189,1
Lotus cervinus,Xanthophyllum obscurum,4051314,0
Bionia tomentosa,Camptosema tomentosum,2963270,1
Polygala heteroptera,Polygala birmanica,4050218,1
Lotus gracilis,Lotus angustissimus,5356931,1
Racosperma confluens,Acacia confluens,2979618,1
Monopetalanthus ledermannii,Aphanocalyx ledermannii,2954253,1
Poincianella nelsonii,Erythrostemon nelsonii,9621420,1
Genista sachokiana,Genista humifusa,5347837,1
Solori robusta,Brachypterum robustum,2947483,1
Moghania procumbens,Flemingia procumbens,5359830,1
Racosperma echinuliflorum,Acacia echinuliflora,2980506,1
Heistera laxa,Polygala ludwigiana,4052273,1
Polygala martii,Asemeia violacea,8077988,1
Inga donaeana,Inga sapindoides,5357706,1
Archidendron schlechteri,Archidendron lucyi,2941496,1
Anneslia laevis,Chorizema genistoides,2968202,0
Mundia spinosa,Muraltia spinosa,7225532,1
Anneslia palmeri,Calliandra palmeri,2982321,1
Monnina revoluta,Ebenus bourgaei,7302168,0
Lonchocarpus macrostachyus,Polygala rugelii,3191435,0
Bredemeyera ciliata,Gastrolobium racemosum,5350207,0
Lotus intermedius,Amphicarpaea bracteata,2960161,0
Telinaria hispanica,Genista hispanica,5347761,1
Bonjeanea kotschyi,Lotus graecus,5354802,1
Heisteria serpylloides,Muraltia serpylloides,4049767,1
Delonix leucantha,Bossiaea spinosa,2968333,0
Acacia pumila,Acacia bynoeana,2978924,1
Flemingia procumbens,Gastrolobium retusum,5611865,0
Inga pulcherrima,Muraltia ericoides,8345157,0
Zygia jiringa,Hoita strobilina,2944086,0
Carmichaelia gracilis,Carmichaelia kirkii,5348423,1
Myroxylon robiniifolium,Gilbertiodendron unijugum,2941654,0
Feuilleea alata,Inga brevipes,5358123,1
Stiza psiloloba,Calobota psiloloba,4929862,1
Heisteria stipulacea,Muraltia stipulacea,7652309,1
Archidendron solomonense,Archidendron occultatum,2941517,0
Telinaria holopetala,Ononis minutissima,2977125,0
Vigna subhastata,Flemingia rollae,5359891,0
Muraltia conferta,Muraltia heisteria,4050551,1
Poinciana californica,Erythrostemon pannosus,9336761,1
Piptanthus chinensis,Ammopiptanthus mongolicus,2943136,1
Amburana claudii,Delonix elata,2956174,0
Cytisus atleyanus,Acacia genistifolia,2978740,0
Macrolobium imenoense,Gilbertiodendron imenoense,2941681,1
Monnina angustata,Monnina fastigiata,4051158,1
Glycine bracteata,Calliandra asplenioides,7524304,0
Inga coriacea,Lotus conimbricensis,5356971,0
Erythrostemon gilliesii,Archidendron crateradenum,2941594,0
Podalyria genistoides,Millettia piscidia,5355786,0
Pithecellobium arborescens,Calliandra houstoniana,2982067,0
Feuilleea purdiei,Calliandra gardneri,2982348,0
Platylobium scolopendrium,Betencourtia neesii,10906904,0
Monnina brachystachya,Monnina wrightii,3191469,1
Hippocrepis biflora,Calliandra asplenioides,7524304,0
Huchimingia podocarpa,Berlinia grandiflora,2971333,0
Bonaga minutissima,Ononis minutissima,2977125,1
Diphysa robinioides,Diphysa carthagenensis,5357252,1
Phaseoloides thonningii,Millettia thonningii,5355788,1
Polygala nelsonii,Polygala trichosperma,4050125,1
Albizia championii,Archidendron lucidum,2941456,1
Racosperma prominens,Acacia prominens,2978612,1
Ortholobium bubalinum,Archidendron bubalinum,2941202,1
Muraltia burchellii,Muraltia alopecuroides,4051253,1
Galactia martii,Betencourtia martii,10947449,1
Polygala vulgaris,Polygala calcarea,8169088,1
Lotus judaicus,Lotus longisiliquosus,7820973,1
Cyclopia galioides,Cyclopia genistoides,7508648,1
Grona simplicifolia,Nogra dalzellii,2952628,1
Ononis spinosiformis,Ononis arvensis,2977171,1
Polygala anatina,Caamembeca spectabilis,8266028,1
Polygala tenuis,Calliandra parvifolia,2981824,0
Lotus requienii,Microcharis disjuncta,2963282,0
Nemcia brownii,Comesperma retusum,4051630,0
Elsota tenuifolia,Ononis pallida,3969982,0
Salomonia stricta,Securidaca calophylla,5658175,0
Gastrolobium emarginatum,Millettia lenneoides,5355724,0
Bugranopsis rosea,Ononis rosea,2977207,1
Delonix edulis,Erythrostemon fimbriatus,9626167,0
Dorycnium dorycnium,Lotus dorycnium,5632022,1
Lotus tetraptera,Chorizema nanum,3907501,0
Anneslia mucronulata,Calliandra californica,2982062,1
Lebeckia dinteri,Calliandra falcata,2981836,0
Racosperma glutinosissimum,Securidaca micheliana,5658122,0
Racosperma elatum,Acacia elata,2973176,1
Pteromonnina amarella,Monnina amarella,4052205,1
Deguelia polystachya,Millettia lenneoides,5355724,1
Brachysema papilio,Gastrolobium papilio,5627854,1
Telinaria sericea,Genista sericea,5347781,1
Maughania trifoliastrum,Flemingia trifoliastrum,5359862,1
Xanthophyllum sarawakensis,Acacia evenulosa,2980358,0
Canavalia lucens,Dysolobium lucens,2963384,1
Ononis chevalieri,Mundtia spinosa,4051351,0
Dorycnium microcarpum,Coulteria mollis,3931987,0
Elsota rivinifolia,Atroxima afzeliana,4050746,0
Lupinus biddlei,Archidendron aruense,7853116,0
Feuilleea stipularis,Lotus jordanii,9567879,0
Salomonia oblongifolia,Salomonia ciliata,7130426,1
Lotus deserti,Lotus hebranicus,5356910,1
Camptosema paraguariense,Acacia concurrens,2978680,0
Lebeckia cuspidosa,Calobota cuspidosa,4929858,1
Codarium acutifolium,Dialium guineense,2971007,1
Pithecellobium pahangense,Flemingia trifoliata,5628704,0
Cadia pubescens,Polygala scutellata,4052265,0
Lotea ornithopodioides,Lotus ornithopodioides,5357035,1
Indigofera lobata,Microcharis latifolia,2963320,1
Polygala monninoides,Asemeia monninoides,7646613,1
Chesneya vaginalis,Chesneya vaginalis,5353635,1
Inga longituba,Dicraeopetalum mahafaliense,2974574,0
Bonjeanea venusta,Lotus hirsutus,5354799,1
Racosperma auronitens,Acacia auronitens,2981182,1
Racosperma botrydion,Securidaca tomentosa,7511766,0
Poincianella acapulcensis,Gastrolobium capitatum,5628003,0
Phaseolodes aboense,Archidendron minahassae,2941424,0
Teline tribracteolata,Polygala timoutoides,7293433,0
Ononis crassifolia,Ononis tridentata,2977272,1
Polygala heliostigma,Ononis stenophylla,3969640,0
Feuilleea multifoliolata,Calliandra parvifolia,2981824,1
Inga globosa,Archidendron globosum,2941218,1
Heisteria angulosa,Muraltia angulosa,4051236,1
Polygala cestrifolia,Caamembeca salicifolia,9335158,1
Polygala striata,Dialium guineense,2971007,0
Polygala squamifolia,Polygala squamifolia,4051424,1
Geissaspis kassneri,Cyclopia meyeriana,5341861,0
Polygala anatina,Millettia richardiana,5355937,0
Cytisus ferox,Machaerium nigrum,5355066,0
Toluifera pedicellata,Myroxylon peruiferum,5357189,1
Caamembeca formosa,Calliandra falcata,2981836,0
Discolobium elongatum,Hebecarpa caracasana,9585242,0
Heisteria metalasiifolia,Muraltia rubeacea,4049898,1
Polygala riparia,Polygala usafuensis,4049750,1
Indigofera longicalyx,Muraltia alopecuroides,4051253,0
Oxylobium melinocaule,Lotus berthelotii,5356822,0
Macrolobium dinklagei,Gilbertiodendron demonstrans,2941698,1
Chesneya kopetdagensis,Chesneya kopetdaghensis,5353627,1
Monopetalanthus pteridophyllus,Aphanocalyx pteridophyllus,2954234,1
Smithia lutea,Kotschya lutea,2948976,1
Bugranopsis mitissima,Ononis mitissima,2977292,1
Poinciana pannosa,Lupinus littoralis,2964727,0
Moghania ferruginea,Flemingia wightiana,5359890,1
Listera germanica,Machaerium inundatum,5355050,0
Machaerium pilosum,Machaerium hirtum,5354979,1
Genista pontica,Genista millii,5347833,1
Spartium capitatum,Librevillea klainei,2941198,0
Feuilleea cruegeri,Cyclopia laxiflora,5628712,0
Lophostylis angustifolia,Genista canariensis,5347769,0
Archidendron mollis,Ononis cossoniana,2977095,0
Polygala martinellii,Caamembeca martinellii,7704056,1
Comesperma mansonii,Bredemeyera lucida,4049939,1
Genista commixta,Genista humifusa,5347837,1
Feuilleea densiflora,Brya ebenus,5348895,0
Anneslia quetzal,Ononis ramosissima,2977250,0
Acacia cultriformis,Muraltia alopecuroides,4051253,0
Ononis marmorata,Hippocrepis comosa,5353750,0
Toluifera pereirae,Myroxylon balsamum,5357190,1
Muraltia affinis,Muraltia longicuspis,4050349,1
Cytisanthus numidicus,Monnina arbuscula,4052103,0
Muraltia confusa,Muraltia heisteria,4050551,1
Ononis hispanica,Chorizema racemosum,3976832,0
Abarema multifoliolata,Archidendron multifoliolatum,7962038,1
Mucuna ckienkweiensis,Dysolobium grande,2963397,1
Millettia stapfiana,Archidendron molle,7718503,0
Polygala striata,Muraltia striata,4049625,1
Eleiotis trifoliolata,Eleiotis rottleri,2968278,1
Machaerium glabratum,Machaerium hirtum,5354979,1
Toluifera balsamum,Humularia bifoliolata,5349895,0
Monopetalanthus richardsiae,Aphanocalyx richardsiae,2954250,1
Oxylobium batillum,Erythrostemon palmeri,9415369,0
Nemcia heterophylla,Acacia provincialis,2979750,0
Chaetocalyx polyphyllus,Nissolia tomentosa,10879914,1
Genista parvifolia,Genista morisii,5347789,1
Polygala versicolor,Monnina arbuscula,4052103,0
Polygala durandii,Hebecarpa caracasana,9585242,1
Caesalpinia arida,Erythrostemon palmeri,9415369,1
Inga venosa,Securidaca lanceolata,7584051,0
Lonchocarpus bahianus,Kotschya lutea,2948976,0
Brasilettia velutina,Coulteria velutina,10687779,1
Securidaca venosa,Securidaca diversifolia,5421445,1
Polygala aculeata,Kotschya africana,2948996,0
Moghania pauciflora,Flemingia pauciflora,5359861,1
Dillwynia incerta,Machaerium punctatum,5355098,0
Affonsea lucyi,Calliandra glyphoxylon,2981964,0
Feuilleea prostrata,Calliandra taxifolia,2982202,1
Hebeandra euonymoides,Ancylotropis insignis,5658205,0
Archidendron warenense,Archidendron parviflorum,2941286,1
Polygala filifera,Polygala sphenoptera,4051511,1
Inga setifera,Inga pilosula,5358111,1
Dimorphandra macrostachya,Dimorphandra macrostachya,2974292,1
Geissaspis minima,Monnina pterocarpa,7293304,0
Securidaca lamarckii,Securidaca diversifolia,5421445,1
Polygala minutiflora,Acacia convallium,2981185,0
Acacia triangularis,Ononis arvensis,2977171,0
Flemingia congesta,Genista polyanthus,5627018,0
Nemcia coriacea,Gastrolobium coriaceum,5627987,1
Maughania grahamiana,Flemingia grahamiana,5359839,1
Ononis cicerifolia,Lotus angustissimus,5356931,0
Mimosa quassiifolia,Dimorphandra conjugata,2974265,0
Dorycnium hispanicum,Daniellia pynaertii,2948730,0
Genistoides tuberculata,Calliandra selloi,2981788,0
Chaetocalyx latisiliquus,Nissolia latisiliqua,10750042,1
Pithecellobium lovellii,Archidendron lovelliae,2941581,1
Brachysema undulatum,Ononis arvensis,2977171,0
Myroxylon pereirae,Diphysa thurberi,5357259,0
Bonjeanea italica,Angylocalyx schumannianus,2952345,0
Feuilleea bonplandiana,Genista lydia,5347712,0
Inga antioquensis,Inga sapindoides,5357706,1
Chesneya isfaransis,Chesneya isfarensis,8090316,1
Spartium terminale,Genista canariensis,5347769,1
Polygala crotalarioides,Polygala crotalarioides,3191438,1
Oxylobium sericeum,Julbernardia globiflora,2981760,0
Caesalpinia peninsularis,Hoffmannseggia peninsularis,5347490,1
Chorizema ericifolium,Dialium platysepalum,2970972,0
Caesalpinia macvaughii,Erythrostemon macvaughii,9343234,1
Chrysoxylon vinhatico,Dimorphandra exaltata,2974264,1
Hoita douglasii,Hoita macrostachya,2943710,1
Solori involuta,Brachypterum involutum,11375815,1
Polygala andina,Machaerium arboreum,5355155,0
Lotus pilosissimus,Lotus angustissimus,5356931,0
Spartium angulatum,Brachypterum robustum,2947483,0
Desmodium dependens,Lotus graecus,5354802,0
Xanthophyllum longifolium,Asemeia ilheotica,7593388,0
Astragalus nubigenus,Archidendron bigeminum,2941295,0
Chesneya olivieri,Chesneya rytidosperma,5353632,1
Caesalpinia yucatanensis,Hoffmannseggia watsonii,5347511,0
Lotus corbierei,Lotus angustissimus,5356931,1
Genistella riphaea,Genista tridentata,5347807,1
Lotodes strobilinum,Hoita strobilina,2944086,1
Pithecellobium merrillii,Monnina stenophylla,8198893,0
Lupinus ccorilazensis,Lupinus ccorilazensis,3911869,1
Westia grandiflora,Delonix baccal,2956173,0
Hoita rhombifolia,Gastrolobium nervosum,5627863,0
Amphilophium effusus,Monnina wrightii,3191469,0
Dicraeopetalum mahafaliensis,Calpurnia sericea,2956423,0
Hoffmannseggia glabra,Archidendron xichouense,3980717,0
Huttonella curta,Lupinus onustus,2964118,0
Caesalpinia ternata,Hoffmannseggia viscosa,5347504,1
Centrolobium patinense,Calliandra purpurea,2981994,0
Phaseoloides hookerianum,Millettia macrophylla,5355729,1
Ononis schouwii,Ononis pendula,2977262,1
Smithia princeana,Calobota sericea,4929855,0
Podalyria laevigata,Monnina herbacea,4050907,0
Machaerium langlassei,Machaerium biovulatum,5355033,1
Acacia scapuliformis,Acacia cultriformis,2979559,1
Racosperma hopperianum,Lotus hirsutus,5354799,0
Coronilla comosa,Humularia drepanocephala,5349894,0
Dorycnium torulosum,Nissolia microptera,5358641,0
Genistella polymorpha,Polygala mexicana,4051609,0
Bredemeyera hilaireana,Bredemeyera laurifolia,7293385,1
Lotus crantzii,Xanthophyllum vitellinum,7293493,0
Heisteria ericoides,Muraltia ericoides,8345157,1
Genista angulata,Gonocytisus angulatus,2952409,1
Hedysarum strobiliferum,Flemingia strobilifera,5359843,1
Acacia daviesiafolia,Acacia genistifolia,2978740,1
Teline gomerae,Polygala exilis,4049994,0
Derris glaziovii,Dahlstedtia glaziovii,7355391,1
Calliandra myriophylla,Calliandra parvifolia,2981824,1
Racosperma pinguiculosum,Acacia pinguiculosa,2979072,1
Polygala globosa,Muraltia scoparia,4049799,0
Bossiaea lanceolata,Ammopiptanthus nanus,2943139,0
Phaseoloides glaucescens,Millettia glaucescens,5355716,1
Cyclopia tenuifolia,Cyclopia maculata,5341867,1
Pithecellobium trifoliolatum,Berlinia craibiana,2971343,0
Polygala weddelliana,Rhinotropis desertorum,7456890,0
Mundtia albiflora,Julbernardia brieyi,2981744,0
Moutabea longifolia,Moutabea aculeata,4051535,1
Gueldenstaedtia cuneata,Chesneya cuneata,5353662,1
Polygala corallicola,Ougeinia oojeinensis,2967471,0
Maughania ferruginea,Flemingia wightiana,5359890,1
Dolichos pilosus,Dysolobium pilosum,2963403,1
Machaerium whitfordii,Daniellia ogea,2948722,0
Myrospermum erythroxylum,Polygala longifolia,4049199,0
Calliandra robusta,Calliandra calycina,2981970,1
Muraltia candolleana,Muraltia alopecuroides,4051253,1
Banisteroides ellipticum,Xanthophyllum ellipticum,4051861,1
Erinacea hispanica,Aotus procumbens,5352271,0
Lupinus luthereaui,Lupinus tassilicus,2963869,1
Genista echinata,Genista tricuspidata,5347804,1
Sophora aurea,Hebecarpa obscura,7545780,0
Passaea ornithopoides,Genista germanica,5347824,0
Polygala montana,Badiera cubensis,4050653,1
Cryptostomum coriaceum,Cadia commersoniana,2968350,0
Dolichos monticola,Dolichopsis monticola,5611262,1
Acacia prosopoides,Inga panurensis,5357844,0
Heterosamara malesiana,Polygala malesiana,4051910,1
Ebenidium plumosum,Ebenus plumosa,8301419,1
Lupinus leucospermus,Ononis rotundifolia,2977131,0
Genista echinus,Genista echinus,8328115,1
Racosperma obtectum,Acacia obtecta,2981265,1
Lygoplis horridum,Machaerium reticulatum,3968589,0
Inga java,Eleiotis rottleri,2968278,0
Mimosa parae,Inga heterophylla,5357852,1
Lobomon sarmentosum,Genista clavata,5347795,0
Lupinus luthereaui,Aphanocalyx pteridophyllus,2954234,0
Racosperma lentigineum,Acacia lentiginea,2980968,1
Polygala acuminata,Inga tenuistipula,5357513,0
Polygala decaisnei,Polygala sinaica,7293610,1
Inga chocoensis,Inga chocoensis,5358081,1
Polygala hebecarpa,Hebecarpa costaricensis,9482034,1
Myrospermum balsamiferum,Myroxylon balsamum,5357190,1
Elsota goudotiana,Genista canariensis,5347769,0
Hippocrepis helvetica,Hippocrepis comosa,5353750,1
Inga stenocarpa,Monnina crassifolia,4051573,0
Polygala cuneata,Phlebotaenia cuneata,7293299,1
Polygala sinuata,Polygala papuana,4049472,0
Lupinus sylvestris,Lupinus angustifolius,2964025,1
Polygala polyphylla,Muraltia crassifolia,4050884,1
Pithecellobium dewitianum,Carmichaelia australis,5348429,0
Dalea multifoliolata,Salomonia ciliata,7130426,0
Skaphium lanceatum,Calliandra staminea,2981866,0
Racosperma campylophyllum,Genista albida,5347692,0
Cytisus tragacanthiformis,Genista fasselata,5347597,0
Polygala jablotskiana,Polygala hohenackeriana,4051131,1
Bredemeyera kunthiana,Gastrolobium plicatum,5360162,0
Polygala pseudocelosioides,Asemeia tobatiensis,7867727,0
Polygala pachyrrhiza,Monnina polystachya,4049556,0
Heterosamara malesiana,Acacia paradoxa,2981159,0
Machaerium paraguariense,Securidaca longepedunculata,5658133,0
Archidendron laxiflorum,Archidendron aruense,7853116,1
Geissaspis robynsii,Humularia rosea,5349892,1
Machaerium caicarense,Machaerium dubium,5355049,1
Heisteria macrocarpa,Myroxylon balsamum,5357190,0
Geissaspis ledermannii,Humularia ledermannii,5349911,1
Cytisus chrysobotrys,Genista humifusa,5347837,0
Myrospermum punctatum,Myroxylon balsamum,5357190,1
Carpolobia parvifolia,Carpolobia alba,4049539,1
Polygala piliophora,Muraltia empetroides,4050715,0
Chorizema flavum,Chorizema cordatum,2968203,1
Phaseolus uleanus,Genista majorica,5347563,0
Polygala securidaca,Asemeia securidaca,7973699,1
Genista leptophylla,Genista lydia,5347712,1
Securidaca decora,Securidaca calophylla,5658175,1
Moghania teijsmanniana,Genista lydia,5347712,0
Inga brevialata,Inga umbratica,5358034,1
Feuilleea expansa,Calliandra taxifolia,2982202,1
Senega patens,Archidendron clypearia,2941309,0
Acacia umbrosa,Acacia binervata,2979161,1
Lotus diffusus,Lotus cytisoides,5356937,1
Lotus azoricus,Genista numidica,5347589,0
Millettia lasiantha,Millettia lasiantha,7874764,1
Nissolia acuminata,Machaerium reticulatum,3968589,1
Genista incerta,Genista carinalis,5347609,1
Abarema yunnanense,Archidendron chevalieri,2941358,1
Berlinia delevoyi,Hebecarpa rectipilis,8052903,0
Polygala paucifolia,Comesperma sylvestre,4051416,0
Genista eriocarpa,Calliandra surinamensis,2982188,0
Pithecellobium multifoliolatum,Archidendron multifoliolatum,7962038,1
Hoffmannseggia platycarpa,Muraltia stipulacea,7652309,0
Hippocrepis bourgaei,Hippocrepis scabra,5353706,1
Notospartium carmichaeliae,Carmichaelia carmichaeliae,5629001,1
Dorycnium decumbens,Lotus dorycnium,5632022,1
Genista javalambrensis,Genista ausetana,5627705,1
Calliandra exsudans,Calliandra sincorana,2981848,1
Genista discolor,Lotus maritimus,5356973,0
Heisteria leptorhiza,Hoffmannseggia glauca,5347492,0
Racosperma leptophlebum,Acacia leptophleba,2978937,1
Lebeckia halenbergensis,Calobota halenbergensis,4929854,1
Machaerium latifolium,Machaerium pittieri,5355161,1
Calliandra robusta,Amphicarpaea ferruginea,2960203,0
Genista pubescens,Genista pubescens,7709518,1
Ebenus erinacea,Calliandra tergemina,2981879,0
Cytisus heterocanthus,Muraltia stipulacea,7652309,0
Chorizema costatum,Chorizema dicksonii,2968200,1
Machaerium langlassei,Caamembeca andina,11181608,0
Callistachys retusa,Gastrolobium retusum,5611865,1
Securidaca orinocensis,Glycine tomentella,5359655,0
Xanthophyllum pallidum,Xanthophyllum flavescens,7580773,1
Indigofera remotiflora,Microcharis remotiflora,2963328,1
Poincianella exostemma,Adenopodia rotundifolia,2952376,0
Pithecellobium bigeminum,Archidendron bigeminum,2941295,1
Ulex hispanicus,Genista hispanica,5347761,1
Pithecellobium lobatum,Hippocrepis ciliata,5353690,0
Chrystolia violacea,Ononis rotundifolia,2977131,0
Meibomia ormocarpodes,Hanslia ormocarpoides,3978075,1
Caesalpinia arenosa,Lotus maritimus,5356973,0
Feuilleea aspleniodes,Brachypterum koolgibberah,10926317,0
Monnina killipii,Aotus procumbens,5352271,0
Flemingia ferruginea,Epirixanthes elongata,4050415,0
Feuilleea velutina,Calliandra coriacea,2981844,0
Ononis rigida,Acacia cyclops,2980425,0
Polygala hondoensis,Polygala japonica,7293443,1
Dolichovigna rhombifolia,Dysolobium pilosum,2963403,1
Andradia arborea,Muraltia origanoides,4050129,0
Ebenidium bourgeaui,Ebenus bourgeaui,8106253,1
Polygala ciliata,Salomonia ciliata,7130426,1
Diclidanthera orinocensis,Machaerium hirtum,5354979,0
Acacia falcifolia,Acacia paradoxa,2981159,1
Phaseolus grandis,Echinospartum barnadesii,7302120,0
Anneslia rubescens,Calliandra rubescens,2982006,1
Carmichaelia solandri,Xanthophyllum flavescens,7580773,0
Chaetocalyx vincentinus,Nissolia vincentina,10745779,1
Pterocarpus ebenus,Delonix decaryi,2956183,0
Lupinus hellerae,Calliandra haematomma,2982219,0
Archidendron kubaryanum,Archidendron glabrum,2941437,1
Robinia fruticosa,Monnina wrightii,3191469,0
Bredemeyera mansonii,Machaerium brasiliense,5355145,0
Comesperma paucifolium,Comesperma volubile,7293539,1
Archidendron aruense,Gilbertiodendron unijugum,2941654,0
Feuilleea meissneriana,Inga meissneriana,5357596,1
Dimorphandra paraensis,Mora paraensis,5355418,1
Caesalpinia chicamana,Millettia sericea,7807253,0
Cytisus paniculatus,Muraltia pubescens,4049976,0
Bonjeanea graeca,Ononis natrix,2977234,0
Machaerium stenophyllum,Machaerium arboreum,5355155,1
Phaseolus ligulatus,Chorizema obtusifolium,3907493,0
Pterocarpus lunatus,Polygala garcini,4049364,0
Inga paludicola,Gonocytisus pterocladus,2952407,0
Anneslia haematomma,Glycine clandestina,5359647,0
Inga bolivariana,Inga chartacea,5357658,1
Scandalida tetragonoloba,Lotus tetragonolobus,5356862,1
Lotus granadensis,Securidaca trianae,5658075,0
Inga rensonii,Inga sapindoides,5357706,1
Genista tricuspidata,Chesneya rytidosperma,5353632,0
Phaseolus grandidieri,Decorsea grandidieri,2977707,1
Glycine tomentaella,Glycine tomentella,5359655,1
Acacia auriculaeformis,Acacia auriculiformis,2981001,1
Maughania lineata,Carmichaelia australis,5348429,0
Racosperma aureocrinitum,Bossiaea heterophylla,2968300,0
Caesalpinia epifanioi,Erythrostemon epifanioi,9239178,1
Moghania chappar,Machaerium arboreum,5355155,0
Racosperma havilandiorum,Herpyza grandiflora,2941709,0
Kennedia splendens,Acacia dealbata,2979474,0
Cytisanthus radiatus,Flemingia trifoliata,5628704,0
Polygala collina,Lotus edulis,5356908,0
Caesalpinia palmeri,Erythrostemon palmeri,9415369,1
Calobota pulchella,Flemingia grahamiana,5359839,0
Lotus microcarpus,Comesperma ericinum,7293357,0
Pithecellobium nicobaricum,Muraltia spinosa,7225532,0
Goldmania paraguariensis,Dolichopsis paraguariensis,5349444,1
Chaetocalyx longilobus,Archidendron microcarpum,2941523,0
Feuilleea tweediei,Inga laurina,5358039,0
Monnina salicifolia,Monnina richardiana,4049262,1
Cylindrokelupha tonkinensis,Ononis mitissima,2977292,0
Chamaespartium sagittale,Gastrolobium ebracteolatum,5627941,0
Ononis mitis,Myroxylon balsamum,5357190,0
Calliandra brevipes,Acacia lacertensis,2980357,0
Ononis calycina,Ononis pubescens,2977281,1
Acacia prostrata,Acacia genistifolia,2978740,1
Dolichos schomburgkii,Polygala exilis,4049994,0
Machaerium densicomum,Machaerium brasiliense,5355145,1
Feuilleea elliptica,Archidendron ellipticum,8638856,1
Badiera heterophylla,Acacia ingramii,2980916,0
Millettia zollingeri,Millettia sericea,5355765,1
Telinaria candicans,Genista monspessulana,5347796,1
Heisteria micrantha,Angylocalyx pynaertii,11267336,0
Racosperma pedinum,Acacia pedina,3794922,1
Acanthobotrya linearifolia,Muraltia ericoides,8345157,0
Hoffmanseggia tenella,Dialium guineense,2971007,0
Genista micrantha,Salomonia ciliata,7130426,0
Oryxis monticola,Dolichopsis monticola,5611262,1
Swartzia pinnata,Gastrolobium dilatatum,5627951,0
Muraltia ericifolia,Calliandra selloi,2981788,0
Gompholobium maculatum,Cyclopia maculata,5341867,1
Glycine priceana,Apios priceana,2966791,1
Dolichos rhombifolius,Millettia caudata,5355895,0
Polygala ovatifolia,Hebecarpa ovatifolia,8059777,1
Ononis rosifolia,Ononis pinnata,2977228,1
Phaseolodes xylocarpum,Gonocytisus angulatus,2952409,0
Polygala unguiculata,Inga ciliata,5357813,0
Angylocalyx zenkeri,Angylocalyx pynaertii,2952340,1
Muraltia inconstans,Machaerium arboreum,5355155,0
Polygala lancilimba,Polygala karensium,7293419,1
Muraltia incompta,Dahlstedtia peckoltii,7528435,0
Ononis curtipendula,Ononis curtipendula,3970354,1
Dorycnium herbaceum,Rhinotropis cornuta,8407620,0
Pithecellobium globosum,Archidendron globosum,2941218,1
Caesalpinia caudata,Acacia echinula,2978370,0
Spartium aspalatoides,Genista aspalathoides,5347829,1
Cyclopia dregeana,Hoffmannseggia glandulosa,7395771,0
Machaerium arboreum,Machaerium arboreum,5355155,1
Heisteria mixta,Brachypterum robustum,2947483,0
Ononis filicaulis,Ononis filicaulis,2977140,1
Pithecellobium siltepecense,Calliandra hirsuta,2982255,1
Mundulea revoluta,Chesneya rytidosperma,5353632,0
Galactia angustifolia,Betencourtia martii,10947449,1
Galactia tenera,Genista tenera,5347751,1
Monnina piauhensis,Ancylotropis insignis,5658205,1
Cytisus capensis,Apios americana,2966796,0
Millettia eberhardtii,Flemingia macrophylla,5359866,0
Monnina scandens,Archidendron glabrum,2941437,0
Senega cneorum,Nissolia brasiliensis,10844581,0
Machaerium erianthum,Polygala longifolia,4049199,0
Xanthophyllum kingii,Chesneya mongolica,5353644,0
Anthyllis fulgurans,Lotus fulgurans,5631994,1
Dorycnium elongatum,Lotus dorycnium,5632022,1
Pteromonnina retusa,Cadia purpurea,2968353,0
Dolichos formosanus,Calliandra hirsuta,2982255,0
Feuilleea ignota,Inga longiflora,5357949,1
Acacia prolifera,Archidendron lucidum,2941456,0
Eminia major,Eminia antennulifera,5349213,1
Racosperma leichhardtii,Acacia leichhardtii,2980894,1
Albizia acradena,Archidendron jiringa,2941605,0
Glycine bracteata,Amphicarpaea bracteata,2960161,1
Inga finlaysoniana,Archidendron contortum,2941231,1
Telinaria hispanica,Dialium tessmannii,2970965,0
Phaseolus dolichoides,Dysolobium dolichoides,2963388,1
Genista everestiana,Ononis rotundifolia,2977131,0
Bredemeyera papuana,Polygala papuana,4049472,1
Oxylobium emarginatum,Gastrolobium dorrienii,5627947,1
Chamaebuxus coriacea,Polygala timoutou,7293430,0
Mimosa plana,Amphicarpaea bracteata,2960161,0
Morolobium monopterum,Chesneya villosa,5353648,0
Hebeandra myrtilloides,Machaerium aristulatum,5355151,0
Senega sedoides,Polygala sedoides,4052242,1
Maughania sootepensis,Flemingia sootepensis,5359896,1
Ononis litoralis,Ononis diffusa,2977289,1
Polygala rottleriana,Asemeia violacea,8077988,1
Anneslea purpurea,Lotus conimbricensis,5356971,0
Acacia cyclops,Acacia cyclops,2980425,1
Caesalpinia viscosa,Genista splendens,5347600,0
Elsota acuminata,Comesperma ericinum,7293357,0
Monnina piurensis,Eysenhardtia texana,2964734,0
Pteromonnina richardiana,Lotus jordanii,9567879,0
Oxylobium tricuspidatum,Gastrolobium pusillum,5627843,1
Polygala moyanoi,Glycine max,5359660,0
Humularia purpureo-caerulea,Humularia bequaertii,5349913,1
Racosperma abbreviatum,Genista canariensis,5347769,0
Oxylobium spectabile,Xanthophyllum flavescens,7580773,0
Calliandra tweediei,Monnina celastroides,7429148,0
Bredemeyera altissima,Bredemeyera divaricata,7477026,1
Lotus aurantiacus,Flemingia macrophylla,5359866,0
Polygala hondoensis,Muraltia macroceras,4050318,0
Calliandra amblyphylla,Calliandra falcata,2981836,1
Discolobium paucijugum,Discolobium paucijugum,2962225,1
Betencourtia rhynchosioides,Acacia auronitens,2981182,0
Calliandra fulgens,Calliandra purpurea,2981994,0
Lotus aristatus,Nogra dalzellii,2952628,0
Abarema cordifolia,Gastrolobium racemosum,5350207,0
Racosperma pedinum,Millettia lenneoides,5355724,0
Anthyllis multicaulis,Genista majorica,5347563,1
Cytisus platycarpus,Hesperolaburnum platycarpum,2941705,1
Ononis insignis,Lotus dorycnium,5632022,0
Polygala greggii,Hebecarpa punctata,10786028,1
Chamaebuxus karensium,Acacia lasiopus,3976451,0
Lotodes acaule,Kartalinia acaulis,10744511,1
Pithecellobium novoguineense,Archidendron novoguineense,3960951,1
Inga jimeneziana,Machaerium polyphyllum,5355047,0
Feuilleea jiringa,Archidendron bigeminum,2941295,0
Callistachys linearis,Gastrolobium ebracteolatum,5627941,1
Nemcia atropurpurea,Microcharis tenuirostris,2963337,0
Racosperma genistifolium,Lotus garcinii,8298127,0
Macrolobium preussii,Gilbertiodendron preussii,2941691,1
Elsota bialata,Securidaca bialata,5658180,1
Genista adzharica,Acacia aculeatissima,2978649,0
Mimosa gualanensis,Millettia dubia,5355805,0
Chaetocalyx retusus,Nissolia vincentina,10745779,1
Lotus leptophyllus,Lotus tenellus,5613289,1
Glycine formosa,Muraltia tenuifolia,4049598,0
Ononis serrata,Calliandra hirsuta,2982255,0
Genista capitata,Ononis arvensis,2977171,0
Indigofera spathulata,Genista anglica,5347644,0
Inga obtusata,Inga obtusata,5357651,1
Glycine monantha,Millettia weizhii,10733473,0
Senega timoutou,Inga stenoptera,5357558,0
Paradaniellia oliveri,Calliandra mollissima,2981928,0
Collaea neesii,Genista microcephala,5347710,0
Pteromonnina macrostachya,Monnina macrostachya,7293415,1
Lotus atropurpureus,Lotus jacobaeus,5356916,1
Gastrolobium epacridoides,Nemcia epacridoides,2977434,1
Poinciana tomentosa,Chesneya macrantha,5357273,0
Polygala sennii,Polygala amboniensis,4051695,1
Bredemeyera huberiana,Bredemeyera myrtifolia,7293369,1
Galactia crassifolia,Betencourtia crassifolia,10962628,1
Astragalus fernandezianus,Chesneya acaulis,5353617,1
Daniellia punchii,Genista micrantha,5347650,0
Feuilleea ruiziana,Calliandra quetzal,2981976,0
Hoffmannseggia texensis,Genista balearica,5347746,0
Inga sanctae-annae,Millettia splendens,5355930,0
Calliandra yucunensis,Cyclopia meyeriana,5341861,0
Comesperma tortuosum,Comesperma volubile,7293539,1
Heistera alopecuroides,Asemeia martiana,7453222,0
Chaetocalyx scandens,Nissolia vincentina,10745779,1
Maughania pauciflora,Flemingia pauciflora,5359861,1
Spartium cinereum,Genista cinerea,5347718,1
Gilbertiodendron straussianum,Gilbertiodendron grandiflorum,2941646,1
Racosperma blakelyi,Acacia blakelyi,2979464,1
Muraltia macrocarpa,Machaerium isadelphum,7932857,0
Polygala trinervia,Muraltia trinervia,4049576,1
Muraltia satureioides,Muraltia satureioides,7851822,1
Derris cumingii,Genista monspessulana,5347796,0
Inga sodiroi,Inga lallensis,5357507,1
Elsota macrocarpa,Securidaca macrocarpa,5658129,1
Geissaspis corbisieri,Rhinotropis lindheimeri,7660144,0
Cynometra leptantha,Machaerium uncinatum,5355085,0
Polygala opima,Caamembeca ulei,8295489,1
Geissaspis gossweileri,Hoffmannseggia oxycarpa,7628338,0
Podolobium sericeum,Gastrolobium sericeum,5627827,1
Carmichaelia pilosa,Calobota linearifolia,4929863,0
Hippocrepis comosa,Gastrolobium rubrum,8693200,0
Varennea polystachya,Heterostemon impar,2943922,0
Callistachys oxylobioides,Gastrolobium linearifolium,5627888,1
Machaerium bolivianum,Machaerium hirtum,5354979,1
Securidaca rivinaefolia,Securidaca rivinifolia,7293316,1
Nemcia axillaris,Hoita orbicularis,2943707,0
Caesalpinia texensis,Hoffmannseggia drummondii,5347522,1
Muraltia candollei,Muraltia alopecuroides,4051253,1
Nogra simplicifolia,Nogra dalzellii,2952628,1
Kennedya microphylla,Inga sapindoides,5357706,0
Polygala parryi,Erythrostemon gilliesii,8130309,0
Inga chaetophora,Lotus garcinii,8298127,0
Lebeckia subternata,Machaerium isadelphum,7932857,0
Pultenaea nana,Chorizema nanum,3907501,1
Inga macrophylla,Inga pilosula,5358111,1
Racosperma calanthum,Comesperma drummondii,4052145,0
Hippocrepis montgronyana,Acacia helicophylla,2978402,0
Pithecellobium kinubaluense,Lotus hirsutus,5354799,0
Polygala platycarpa,Machaerium arboreum,5355155,0
Xanthophyllum microcarpum,Xanthophyllum lanceatum,4051497,1
Adenocalyx racemosus,Coulteria mollis,3931987,1
Spongiocarpella potaninii,Chesneya macrantha,5357273,1
Nissolia fruticosa,Machaerium nigrum,5355066,1
Poecilanthe ovalifolia,Amphiodon effusus,5350427,1
Lonchocarpus peckoltii,Dahlstedtia peckoltii,7528435,1
Brachysema bracteolosum,Muraltia trinervia,4049576,0
Orthotropis pungens,Genista stenopetala,5347701,0
Muraltia linophylla,Muraltia ericoides,8345157,1
Pterocarpus buxifolius,Brya buxifolia,5348891,1
Heistera tenuifolia,Muraltia tenuifolia,4049598,1
Phaseolus robustus,Ancistrotropis robusta,8099189,1
Acacia echinata,Muraltia tenuifolia,4049598,0
Racosperma pacyphyllum,Comesperma lhotzkyanum,4051895,0
Machaerium vellosianum,Machaerium reticulatum,3968589,1
Callistachys parviflora,Calliandra houstoniana,2982067,0
Lotus neglecta,Angylocalyx oligophyllus,2952349,0
Callistachys capitata,Archidendron glabrum,2941437,0
Gonancylis thyrsoidea,Lotus glinoides,5356852,0
Affonsea gereauana,Erythrostemon exostemma,9313752,0
Heisteria laxa,Polygala ludwigiana,4052273,1
Cyclopia subternata,Cyclopia buxifolia,5341856,1
Leptocyamus latifolius,Microcharis tritoides,2963345,0
Racosperma genistifolium,Acacia genistifolia,2978740,1
Ononis hircina,Inga chartacea,5357658,0
Poincianella palmeri,Erythrostemon palmeri,9415369,1
Polygala zacatecana,Flemingia parviflora,5359905,0
Polygala rectipilis,Hebecarpa rectipilis,8052903,1
Pithecellobium multifoliolatum,Polygala mexicana,4051609,0
Racosperma auricomum,Acacia auricoma,2978645,1
Carpolobia glabrescens,Gastrolobium crenulatum,5612547,0
Lotus edulus,Mundtia spinosa,4051351,0
Myrospermum peruiferum,Badiera fuertesii,4050619,0
Polygala pygmaea,Polygala crotalarioides,3191438,1
Genista iberica,Polygala usafuensis,4049750,0
Genista tricuspidata,Genista tricuspidata,8425080,1
Lotus malatayicus,Xanthophyllum flavescens,7580773,0
Polygala pterolopha,Comesperma sylvestre,4051416,0
Daniellia mortehanii,Daniellia pynaertii,2948730,1
Calliandra cylindrocarpa,Padbruggea filipes,2982855,0
Chaetocalyx glaziovii,Nissolia longiflora,10749545,1
Spartium heterophyllum,Genista ferox,7689832,1
Ononis cirtensis,Ononis hirta,2977096,1
Salmonea cantoniensis,Salomonia cantoniensis,5421447,1
Ononis bourgaei,Hebecarpa macradenia,7525630,0
Heisteria ciliaris,Archidendron lucyi,2941496,0
Archidendron warenense,Ononis spinosa,2977149,0
Kennedynella microphylla,Eysenhardtia punctata,2964732,0
Ebenus cilicica,Gilbertiodendron ogowense,11198222,0
Phaseoloides grande,Archidendron lucyi,2941496,0
Hippocrepis comosa,Hippocrepis comosa,7913607,1
Feuilleea purpurea,Calliandra purpurea,2981994,1
Solori thorelii,Brachypterum thorelii,11374775,1
Gueldenstaedtia oliveriana,Machaerium hirtum,5354979,0
Phaseolodes nudiflorum,Lotus dorycnium,5632022,0
Cylindrokelupha xichouensis,Hippocrepis biflora,5353737,0
Lotus praetermissus,Kotschya parvifolia,2949022,0
Polygala ambigens,Asemeia grandiflora,5658192,1
Pongamia coriacea,Brachypterum scandens,10779326,1
Poincianella californica,Erythrostemon pannosus,9336761,1
Genista odoratissima,Gastrolobium pusillum,5627843,0
Hippocrepis helvetica,Hoffmannseggia miranda,5347554,0
Maughania brevipes,Julbernardia magnistipulata,2981765,0
Aeschynomene latisiliquosa,Nissolia latisiliqua,10750042,1
Kennedia splendens,Camptosema rubicundum,2963247,1
Julbernardia normandii,Julbernardia brieyi,2981744,1
Monnina martiana,Monnina martiana,4050257,1
Onobrychis lineata,Monnina pterocarpa,7293304,0
Inga preussii,Inga sapindoides,5357706,1
Inga guilleminiana,Nissolia klugii,10848739,0
Lotus oligoceratos,Rhinotropis californica,8081866,0
Senega sericea,Polygala sericea,4052075,1
Vouapa limba,Ononis variegata,2977099,0
Hoffmannseggia ternata,Hoffmannseggia viscosa,5347504,1
Fontenellea brasiliensis,Lotus arabicus,5356903,0
Xanthophyllum citrifolium,Xanthophyllum ellipticum,4051861,1
Banisteroides excelsum,Lotus maritimus,5356973,0
Phyllodoce undulata,Lotus subbiflorus,5356841,0
Archidendron vandersijde,Archidendron sessile,8411267,1
Geissaspis meyeri-johannis,Genista monspessulana,5347796,0
Pterocarpus apterus,Machaerium lunatum,5355075,1
Grona filicaulis,Genista aristata,5347772,0
Hebeandra phillyreoides,Carmichaelia compacta,5348448,0
Acacia obtusata,Acacia obtusata,2978250,1
Lotus glacialis,Machaerium lanceolatum,5355092,0
Ononis aucheri,Monnina sodiroana,4052154,0
Heinekenia pyrantha,Bossiaea preissii,2968335,0
Lotus bivoneus,Lotus conjugatus,5356945,1
Toluifera punctata,Hippocrepis emerus,5353705,0
Galactia scarlatina,Genista ausetana,5627705,0
Ononis bicolor,Glycine tabacina,5359681,0
Aspalathus nubigenus,Lupinus fulcratus,2964683,0
Anneslia pubiflora,Calliandra hirsuta,2982255,1
Muraltia stipulacea,Muraltia macropetala,4050299,1
Ononis viscosa,Lotus hirsutus,5354799,0
Ononis bourgaei,Ononis baetica,2977098,1
Machaerium acanthothyrsus,Machaerium biovulatum,5355033,1
Rhynchosia faginea,Flemingia faginea,5359906,1
Anonis variegata,Ononis variegata,2977099,1
Calpurnia villosa,Calpurnia intrusa,2956419,1
Genista cosoniaca,Calophaca tianschanica,9121541,0
Racosperma auronitens,Acacia anomala,2978978,0
Desmodium willdenowii,Bouffordia dichotoma,10854344,1
Machaerium minutiflorum,Machaerium stipitatum,5355152,1
Carmichaelia uniflora,Carmichaelia uniflora,5348457,1
Archidendron effeminatum,Archidendron lucyi,2941496,1
Brasilettia mollis,Lotus parviflorus,5356892,0
Comesperma pubescens,Bredemeyera brevifolia,4050274,1
Lotus coccineus,Lotus cruentus,5356874,1
Stiza pungens,Calobota pungens,4929860,1
Bredemeyera lanceolata,Millettia psilopetala,5355701,0
Salomonia crabiformis,Muraltia striata,4049625,0
Muraltia virgata,Muraltia ericoides,8345157,1
Bonaga hircina,Ononis arvensis,2977171,1
Millettia fooningensis,Millettia pachycarpa,5355731,1
Feuilleea harrisii,Lotus cruentus,5356874,0
Leptocyamus elongatus,Inga sapindoides,5357706,0
Callistachys heterophylla,Gastrolobium heterophyllum,5350215,1
Feuilleea chartacea,Muraltia squarrosa,4049689,0
Monopetalanthus jensenii,Aphanocalyx jenseniae,2954258,1
Centrosema fulgens,Genista tribracteolata,5354550,0
Calliandra seemannii,Calliandra tergemina,2981879,1
Lotus armeniacus,Lotus angustissimus,5356931,1
Chaetocalyx glaziouvii,Nissolia longiflora,10749545,1
Genista cazorlana,Gastrolobium dorrienii,5627947,0
Mundtia kraussiana,Muraltia mitior,4050255,1
Scorpius serpyllifolius,Genista falcata,5347654,1
Genista virgata,Genista tenera,5347751,1
Flemingia schultzii,Monnina cuneata,8216450,0
Machaerium vellosianum,Calliandra umbellifera,2982199,0
Lotus arabicus,Lotus arabicus,5356903,1
Lupinus luteolus,Lupinus luteus,2963817,1
Caesalpinia macrantha,Securidaca diversifolia,5421445,0
Acacia cuspidata,Acacia genistifolia,2978740,1
Kennedynella tabacina,Ononis sieberi,2977115,0
Genista heterocantha,Inga sapindoides,5357706,0
Lupinus setifolius,Genista tricuspidata,5347804,0
Geissaspis affinis,Collaea speciosa,5352530,0
Inga salvadorensis,Inga sapindoides,5357706,1
Ononis cheiranthoides,Ononis cheiranthoides,3970459,1
Collaea martii,Betencourtia martii,10947449,1
Lebeckia parvifolia,Calliandra comosa,2982362,0
Glycine priceana,Inga salicifolia,5580608,0
Monnina stenophylla,Genista tricuspidata,5347804,0
Eutaxia densifolia,Eutaxia parvifolia,5358150,1
Ortholobium annamense,Archidendron poilanei,2941242,1
Genistella polymorpha,Genista ramosissima,5347699,1
Tetragonolobus tauricus,Genista lydia,5347712,0
Smithia ringoetii,Kotschya africana,2948996,1
Polygala fishiae,Muraltia macrocarpa,4050325,0
Polygala amarella,Genista micrantha,5347650,0
Albizia macrothyrsa,Nissolia vincentina,10745779,0
Ononis dentata,Ononis dentata,2977135,1
Inga capsellata,Inga sapindoides,5357706,1
Macintyria octandra,Genista osmariensis,5347801,0
Calliandra cinerea,Calliandra staminea,2981866,1
Genista juzepczukii,Genista albida,5347692,1
Peltophorum suringari,Coulteria mollis,3931987,1
Polygala tovariensis,Hebecarpa caracasana,9585242,1
Caesalpinia miranda,Hoffmannseggia miranda,5347554,1
Pithecolobium siltepecense,Calliandra hirsuta,2982255,1
Galedupa frutescens,Comesperma ericinum,7293357,0
Prosopis gillesii,Archidendron cordifolium,2941272,0
Oxylobium revolutum,Gastrolobium melanocarpum,5627882,1
Nissolia declinata,Machaerium declinatum,5354944,1
Monopetalanthus microphyllus,Hebecarpa buxifolia,9346779,0
Polygala ellenbeckii,Polygala sphenoptera,4051511,1
Caesalpinia repens,Hebecarpa myrtilloides,9499510,0
Machaerium ciliatum,Ononis minutissima,2977125,0
Dolichos vestitus,Salomonia ciliata,7130426,0
Glycine monophylla,Eleiotis sororia,2968282,1
Ebenus candidus,Lotus tetragonolobus,5356862,0
Hippocrepis rossetii,Hippocrepis scorpioides,5353753,1
Maughania nana,Machaerium brasiliense,5355145,0
Chaetocalyx platycarpus,Nissolia peruviana,10852527,1
Polygala remansoensis,Polygala trichosperma,4050125,1
Monnina revoluta,Monnina crassifolia,4051573,1
Comesperma isocalyx,Monnina arbuscula,4052103,0
Banisteroides griffithii,Archidendron merrillii,2941600,0
Millettia leucantha,Monnina latifolia,4050656,0
Acacia cephalobotrya,Betencourtia crassifolia,10962628,0
Acacia oxyclada,Acacia oxyclada,2979952,1
Notospartium carmichaelii,Carmichaelia carmichaeliae,5629001,1
Lotus lamprocarpus,Lotus palustris,5356941,1
Hippocrepis grosii,Dialium bipindense,2970949,0
Genistella sagittalis,Genista albida,5347692,0
Heterosamara pellucida,Polygala pellucida,4052219,1
Phaseolodes piscidia,Millettia piscidia,5355786,1
Bredemeyera volubilis,Calliandra tergemina,2981879,0
Polygala pterolopha,Monrosia pterolopha,5658247,1
Dillwynia glycinifolia,Chorizema glycinifolium,2968193,1
Lebeckia cytisoides,Archidendron turgidum,2941467,0
Heisteria filiformis,Comesperma viscidulum,4051273,0
Ononis lusitanica,Gastrolobium axillare,5612565,0
Mimosa houstoniana,Calliandra houstoniana,2982067,1
Bredemeyera defoliata,Comesperma defoliatum,4052158,1
Hoita rhomboidea,Hoita macrostachya,2943710,1
Aspalathus crassicaulis,Hippocrepis emerus,5353705,0
Ebenus tragacanthoides,Archidendron eberhardtii,2941481,0
Racosperma empeliocladum,Acacia empelioclada,2978910,1
Berlinia gilletii,Genista linifolia,5347599,0
Myrospermum pubescens,Myroxylon peruiferum,5357189,1
Polygala dichotoma,Caamembeca salicifolia,9335158,1
Nissolia nyctitans,Machaerium nyctitans,5355127,1
Elsota lophosoma,Millettia macrophylla,5355729,0
Lotus dioscoridis,Lotus peregrinus,5356819,1
Pterocarpus robustus,Brachypterum robustum,2947483,1
Indigofera annua,Microcharis annua,2963303,1
Meliniella micrantha,Chesneya ternata,5353621,0
Carmichaelia enysii,Gastrolobium acutum,5612331,0
Lupinus niger,Lupinus luteus,2963817,1
Spartium sphaerocarpum,Carmichaelia australis,5348429,0
Pithecellobium megaphyllum,Lotus weilleri,5357008,0
Inga mendoncae,Xanthophyllum flavescens,7580773,0
Racosperma piligerum,Machaerium robiniifolium,5355034,0
Securidaca schlechtendaliana,Genista sagittalis,5347702,0
Caesalpinia elata,Delonix elata,2956174,1
Caesalpinia pumila,Polygala trichosperma,4050125,0
Flemingia pycnantha,Flemingia grahamiana,5359839,1
Genista scoparia,Polygala cneorum,4051947,0
Polygala domingensis,Badiera penaea,4050594,1
Lotus pilosus,Lotus parviflorus,5356892,1
Inga affinis,Inga pilosula,5358111,1
Lotus oligoceratos,Lotus peregrinus,5356819,1
Banisterodes longifolium,Salomonia cantoniensis,5421447,0
Oxylobium lineare,Muraltia alopecuroides,4051253,0
Calliandra exudans,Monnina macrostachya,7293415,0
Macrolobium ogoouense,Gilbertiodendron ogoouense,2941685,1
Lotus villosus,Inga sapindoides,5357706,0
Monnina erioclada,Monnina ciliolata,7977161,1
Heterostemon ellipticus,Bredemeyera disperma,8400970,0
Polygala scoparia,Polygala tamariscea,7781109,0
Indigofera wajirensis,Microcharis wajirensis,2963286,1
Cytisus platycarpus,Archidendron glabrum,2941437,0
Abarema bigemina,Archidendron bigeminum,2941295,1
Ononis mauritanica,Calliandra gardneri,2982348,0
Maughania praecox,Flemingia praecox,5359900,1
Polygala cineraria,Gilbertiodendron ogowense,11198222,0
Apios apios,Millettia comosa,5355876,0
Geissaspis ciliato-denticulata,Gastrolobium ovalifolium,5350200,0
Calophaca cuneata,Chesneya cuneata,5353662,1
Nemcia acuta,Gastrolobium acutum,5612331,1
Dolichos grandis,Dysolobium grande,2963397,1
Polygala schimperi,Polygala rosea,7989450,1
Mimosa tenuifolia,Adenopodia rotundifolia,2952376,0
Millettia claessensii,Muraltia squarrosa,4049689,0
Polygala sancta-luciae,Hebecarpa velutina,9556567,0
Pithecellobium borneense,Acacia aculeatissima,2978649,0
Heisteria obovata,Muraltia divaricata,4050776,0
Heisteria humilis,Muraltia depressa,7792747,1
Bossiaea lenticularis,Bossiaea lenticularis,2968322,1
Racosperma adinophyllum,Acacia adinophylla,2978336,1
Archidendron brevipes,Archidendron brevipes,8301768,1
Banisterodes excelsum,Xanthophyllum flavescens,7580773,1
Xanthophyllum ellipticum,Xanthophyllum ellipticum,4051861,1
Inga hispida,Inga hispida,5357647,1
Elsota mollis,Kotschya aeschynomenoides,2949004,0
Polygala balansae,Acacia microbotrya,2979057,0
Phaseolodes grande,Millettia grandis,5355756,1
Polygala sanctae-luciae,Guilfoylia monostylis,7478939,0
Polygala congestiflora,Lupinus angustifolius,2964025,0
Monnina lanceolata,Monnina macrostachya,7293415,1
Indigofera kucharii,Microcharis kucharii,2963332,1
Vigna firmula,Ancistrotropis firmula,7481673,1
Stiza pungens,Cyclopia maculata,5341867,0
Carmichaelia nigrans,Carmichaelia juncea,5628964,1
Xanthophyllum siamense,Machaerium goudotii,5355105,0
Indigofera brevistaminea,Dolichopsis ligulata,5611264,0
Amphicarpaea heterophylla,Polygala gracilenta,4052053,0
Archidendron sogerense,Archidendron lucyi,2941496,1
Polygala lourerii,Brachypterum cumingii,11370604,0
Glycine tomentosa,Inga fendleriana,5357504,0
Moghania gracilis,Flemingia sootepensis,5359896,0
Teline gomerae,Genista linifolia,5347599,1
Tetragonolobus tauricus,Lotus maritimus,5356973,1
Polygala palmeri,Bredemeyera lucida,4049939,0
Mimosa fastuosa,Asemeia martiana,7453222,0
Salomonia trinervata,Salomonia cantoniensis,5421447,1
Larrea oxycarpa,Muraltia scoparia,4049799,0
Banisteroides macintyrii,Ebenus cappadocica,5630794,0
Galedupa frutescens,Brachypterum scandens,10779326,1
Mullaghera edulis,Lotus edulis,5356908,1
Millettia sericea,Adenopodia spicata,2952379,0
Machaerium mutisii,Machaerium mutisii,5354946,1
Polygala liniflora,Glycine clandestina,5359647,0
Cytisanthus sericopetalus,Polygala nemoralis,4050657,0
Tetrapleura obtusangula,Amblygonocarpus andongensis,2975852,1
Monnina duidae,Xanthophyllum palawanense,4051266,0
Berlinia mayombensis,Machaerium hirtum,5354979,0
Eleiotis monophylla,Ononis cheiranthoides,3970459,0
Mundtia glauca,Limadendron hostmannii,8146564,0
Apaloxylon tuberosum,Julbernardia globiflora,2981760,0
Acacia sinuata,Gilbertiodendron grandistipulatum,9199427,0
Ononis rigida,Ononis fruticosa,2977293,1
Dorycnium latifolium,Lotus aegaeus,5356864,0
Elsota pubescens,Angylocalyx pynaertii,11267336,0
Catocoma lucida,Bredemeyera lucida,4049939,1
Polygala laevigata,Polygala serpentaria,8257153,1
Mucuna ckienkweiensis,Comesperma integerrimum,4051972,0
Lotus coccineus,Collaea speciosa,5352530,1
Polygala oxyphylla,Caamembeca oxyphylla,7868452,1
Feuilleea insignis,Inga insignis,5358024,1
Polygala balansae,Polygaloides balansae,4051755,1
Securidaca angustifolia,Securidaca longepedunculata,5658133,1
Lupinus philistaeus,Lupinus angustifolius,2964025,1
Ononis microphylla,Ononis ramosissima,2977250,1
Heistera dregei,Lupinus covillei,2963965,0
Machaerium martii,Machaerium eriocarpum,5355061,1
Oxylobium capitatum,Gastrolobium capitatum,5628003,1
Cyclopia vogelii,Cyclopia subternata,5341866,1
Glycine sericea,Gastrolobium dilatatum,5627951,0
Lotus granadensis,Lotus pedunculatus,5356854,1
Nemcia luteifolia,Gastrolobium luteifolium,5627884,1
Hebeandra myrtilloides,Monnina conferta,4051657,1
Glycine cylindriflora,Gastrolobium tricuspidatum,5360165,0
Securidaca ecristata,Calliandra selloi,2981788,0
Monnina meridensis,Monnina meridensis,4050165,1
Cytisanthus horridus,Brachypterum philippinense,11371659,0
Calliandra peckoltii,Kotschya prittwitzii,2948971,0
Myroxylon pedicellatum,Muraltia heisteria,4050551,0
Dorycnium graecum,Lotus graecus,5354802,1
Millettia obtusa,Millettia sericea,7807253,1
Berlinia auriculata,Archidendron ramiflorum,2941451,0
Feuilleea sessilis,Brachypterum robustum,2947483,0
Daniellia ealaensis,Daniellia pynaertii,2948730,1
Derris araripensis,Genista tridentata,5347807,0
Falya leandriana,Nissolia vincentina,10745779,0
Inga microdonta,Lotus jolyi,5356824,0
Racosperma conjunctifolium,Epirixanthes elongata,4050415,0
Dolichos sofa,Hesperolaburnum platycarpum,2941705,0
Eutaxia obovata,Xanthophyllum vitellinum,7293493,0
Pithecellobium corymbosum,Archidendron robinsonii,2941576,1
Machaerium vestitum,Muraltia stipulacea,7652309,0
Phyllodoce genistifolia,Acacia genistifolia,2978740,1
Corniola dracunculoides,Archidendron bauchei,3961221,0
Moghania philippinensis,Machaerium uncinatum,5355085,0
Mimosa armata,Genista monspessulana,5347796,0
Polygala madrensis,Rhinotropis madrensis,7691186,1
Cynometra glabra,Xanthophyllum sylvestre,4050961,0
Cytisus heterochrous,Genista patens,5354553,1
Isoberlinia magnistipulata,Inga maynensis,5357754,0
Fornasinia ebenifera,Millettia ebenifera,10747004,1
Genista scariosa,Inga sessilis,5357552,0
Genista triquetra,Hippocrepis emerus,5353705,0
Pithecellobium kunstleri,Archidendron kunstleri,2941277,1
Poinciana elata,Delonix elata,2956174,1
Acacia oxyclada,Lotus garcinii,8298127,0
Pithecellobium molle,Muraltia dumosa,4050736,0
Phaseolodes splendens,Microcharis longicalyx,2963352,0
Dalbergia angustifolia,Genista tenera,5347751,0
Moghania rollae,Flemingia rollae,5359891,1
Muraltia striata,Muraltia angulosa,4051236,1
Otosema caudata,Humularia drepanocephala,5349894,0
Heistera phylicodes,Lupinus andersonii,2964568,0
Lotus glaberrimus,Lotus conimbricensis,5356971,1
Senega abreui,Polygala abreui,4050569,1
Caiandra humilis,Calliandra humilis,2982270,1
Genista pilosa,Genista albida,5347692,1
Genista sibirica,Genista sibirica,7361044,1
Elsota bialata,Hanslia ormocarpoides,3978075,0
Mundtia montana,Muraltia spinosa,7225532,1
Tetragonolobus conjugatus,Muraltia stipulacea,7652309,0
Poinciana lutea,Delonix boiviniana,2956180,1
Polygala nitens,Archidendron lucyi,2941496,0
Pithecellobium tenuiracemosum,Archidendron tenuiracemosum,2941390,1
Cytisanthus radiatus,Genista radiata,5347648,1
Polygala riukiuensis,Archidendron clypearia,2941309,0
Millettia mavangensis,Millettia kennedyi,5626650,1
Inga pitteri,Calliandra squarrosa,2981876,0
Heisteria conferta,Muraltia satureioides,7851822,1
Polygala stuhlmannii,Polygala sphenoptera,4051511,1
Bossiaea ovalifolia,Lotus ornithopodioides,5357035,0
Feuilleea multicaulis,Chesneya nubigena,5357277,0
Racosperma obtusifolium,Archidendron alatum,2941428,0
Lotus clausonis,Lotus palustris,5356941,1
Inga caracasana,Millettia vankerckhovenii,11317324,0
Comesperma lucidum,Bredemeyera lucida,4049939,1
Chesneya dzhungarica,Caamembeca spectabilis,8266028,0
Heistera laricifolia,Muraltia macroceras,4050318,1
Brenaniodendron carvalhoi,Micklethwaitia carvalhoi,3962029,1
Smithia sphaerocephala,Kotschya aeschynomenoides,2949004,1
Bossiaea linnaeoides,Bossiaea prostrata,2968329,1
Telinaria albida,Genista albida,5347692,1
Lebeckia angustifolia,Calliandra tergemina,2981879,0
Lotus ciliatus,Lotus angustissimus,5356931,1
Campsiandra angustifolia,Campsiandra angustifolia,2933026,1
Telinaria albida,Genista michelii,5347734,0
Bredemeyera lhotzkyana,Bredemeyera floribunda,7293394,1
Pithecellobium palauense,Archidendron palauense,2941510,1
Genista triquetra,Genista triquetra,8208969,1
Hansemannia brevipes,Archidendron brevipes,8301768,1
Drepanocarpus aristulatus,Machaerium aristulatum,5355151,1
Chordospartium muritai,Bossiaea ornata,2968307,0
Polygala asperuloides,Polygala crucianelloides,3191444,1
Salomonia stricta,Salomonia ciliata,7130426,1
Polygala mosquitiensis,Polygala pseudocoelosioides,4051344,1
Albizia elliptica,Lotus angustissimus,5356931,0
Racosperma ampliatum,Calliandra parvifolia,2981824,0
Lotus arabicus,Gilbertiodendron splendidum,2941650,0
Machaerium minutiflorum,Cyclopia subternata,5341866,0
Polygala guerkei,Gastrolobium celsianum,5628000,0
Monnina bangii,Genista canariensis,5347769,0
Gastrolobium verticillatum,Gastrolobium ilicifolium,5360164,1
Isoberlinia magnistipulata,Julbernardia magnistipulata,2981765,1
Amerimnon ebenus,Nissolia vincentina,10745779,0
Heistera ononidifolia,Inga edwallii,5357301,0
Zygia cordifolia,Calliandra hymenaeoides,2982171,0
Heisteria trinervia,Muraltia trinervia,4049576,1
Pithecellobium clypearia,Archidendron clypearia,2941309,1
Inga organensis,Inga mendoncaei,5357545,1
Acacia plagiophylla,Acacia hubbardiana,2978338,1
Amphicarpaea monoica,Xanthophyllum ellipticum,4051861,0
Vigna dolichoides,Machaerium milleflorum,5355082,0
Avornela candicans,Genista monspessulana,5347796,1
Polygala weddelliana,Polygala stephaniana,4051265,1
Mundia albiflora,Muraltia spinosa,7225532,1
Albizia bigemina,Archidendron bigeminum,2941295,1
Polygala tenuifolia,Muraltia tenuifolia,4049598,1
Inga protracta,Inga heterophylla,5357852,1
Chesneya gaubaeana,Hanslia ormocarpoides,3978075,0
Falcata pitcheri,Ononis striata,2977206,0
Lonchocarpus muehlbergianus,Dahlstedtia muehlbergiana,8359138,1
Machaerium fruticosum,Brachypterum scandens,10779326,0
Comesperma megapteryga,Nissolia vincentina,10745779,0
Genista brutia,Genista brutia,10763869,1
Phaseoloides aboense,Millettia aboensis,5355704,1
Racosperma grandifolium,Inga densiflora,5357837,0
Chorizema superbum,Brachypterum microphyllum,2947577,0
Polygala congestiflora,Polygala baumii,4050429,1
Lotodes acaule,Polygala franchetii,7468984,0
Polygala angustifolia,Asemeia mollis,7640107,1
Geissaspis meyeri-johannis,Humularia meyeri-johannis,5349900,1
Polygala madrensis,Hoffmannseggia watsonii,5347511,0
Muraltia laxa,Muraltia divaricata,4050776,1
Indigofera stipulosa,Microcharis stipulosa,2963318,1
Hoffmannseggia pilosa,Hoffmannseggia prostrata,5347537,1
Dolichos schlechteri,Polygala karensium,7293419,0
Tetragonolobus scandalida,Lotus maritimus,5356973,1
Lotus diffusus,Erythrostemon mexicanus,9619402,0
Geissaspis bequaertii,Humularia bequaertii,5349913,1
Meibomia sennaarensis,Bouffordia dichotoma,10854344,1
Dialium klainei,Dialium dinklagei,2970962,1
Calliandra obesifolia,Inga vulpina,5357563,0
Cytisus pulchellus,Genista pulchella,5347708,1
Mimosa yaguaronensis,Comesperma ericinum,7293357,0
Polygala pyramidalis,Polygala longifolia,4049199,1
Parosela multifoliolata,Errazurizia multifoliolata,2967046,1
Lupinus reticularis,Lupinus angustifolius,2964025,1
Macrolobium straussianum,Hebecarpa barbeyana,7552320,0
Genista hispanica,Genista aristata,5347772,1
Calliandra obtusifolia,Calliandra purpurea,2981994,1
Polygala acuminata,Asemeia acuminata,8154099,1
Asemeia ieoides,Securidaca inappendiculata,7293407,0
Corallospartium crassicaule,Polygala ludwigiana,4052273,0
Bionia coriacea,Muraltia alopecuroides,4051253,0
Polygala tehuacana,Archidendron lucidum,2941456,0
Catocoma lucida,Acacia concurrens,2978680,0
Lotus levieri,Lotus angustissimus,5356931,1
Acacia bossiaeoides,Bossiaea bossiaeoides,2968328,1
Cytisus linifolius,Genista linifolia,5347599,1
Feuilleea glomerulata,Genista canariensis,5347769,0
Podalyria bracteata,Dalhousiea bracteata,2970581,1
Telinaria humifusa,Genista humifusa,5347837,1
Entadopsis scelerata,Millettia sericea,7807253,0
Genista racemosa,Ononis intermedia,2977176,0
Feuilleea cearana,Archidendron arborescens,2941520,0
Ferrum-equinum unisiliquosum,Hippocrepis unisiliquosa,5353717,1
Poinciana adansonioides,Delonix floribunda,2956188,1
Feuillea peckoltii,Calliandra parvifolia,2981824,1
Abarema grandiflora,Gastrolobium reticulatum,5360155,0
Muraltia striata,Muraltia ericifolia,8414336,0
Macrolobium straussianum,Gilbertiodendron grandiflorum,2941646,1
Caesalpinia platyloba,Coulteria platyloba,7545558,1
Acacia bartleana,Archidendron lucyi,2941496,0
Flemingia macrophylla,Flemingia trifoliata,5628704,0
Bredemeyera altissima,Chorizema huegellii,3907538,0
Daniellia caillei,Daniellia thurifera,2948727,1
Polygala pedicellaris,Gymnospora violoides,8310280,1
Feuilleea vestita,Amburana cearensis,2945821,0
Asemeia rosea,Hebecarpa americana,7364474,0
Dialium aubrevillei,Polygaloides paucifolia,7346080,0
Millettia solheidii,Millettia dubia,11291196,1
Hippocrepis commutata,Hippocrepis scabra,5353706,1
Carpolobia delvauxii,Campsiandra laurifolia,2933025,0
Bonaga minutissima,Aphanocalyx jenseniae,2954258,0
Lebeckia candicans,Chorizema cordatum,2968203,0
Sclerothamnus microphyllus,Eutaxia microphylla,7566710,1
Polygala smithii,Candolleodendron brachystachyum,2933835,0
Lonchocarpus barteri,Millettia barteri,5355814,1
Lotus conjugatus,Lotus biflorus,5356877,1
Feuilleea crassipes,Calliandra crassipes,2982283,1
Feuilleea laurina,Asemeia grandiflora,5658192,0
Heistera lancifolia,Muraltia lancifolia,4050447,1
Lophostylis pallida,Securidaca longepedunculata,5658133,1
Caesalpinia drummondii,Hoffmannseggia drummondii,5347522,1
Salomonia setosociliata,Salomonia ciliata,7130426,1
Oxylobium ovalifolium,Monnina macrostachya,7293415,0
Genista transsilvanica,Genista lydia,5347712,1
Lotus pratensis,Lotus maritimus,5356973,1
Heterostemon simplicifolius,Heterostemon ellipticus,2943913,1
Racosperma undulata,Acacia paradoxa,2981159,1
Chaetocalyx latisiliqua,Flemingia prostrata,5359865,0
Hoffmannseggia caudata,Hippocrepis comosa,7913607,0
Feuilleea gardneri,Calliandra gardneri,2982348,1
Dalbergia angustifolia,Millettia sericea,7807253,1
Hoffmannseggia chinensis,Hoffmannseggia glauca,5347492,1
Pithecellobium comosum,Machaerium arboreum,5355155,0
Albizia ramiflora,Carmichaelia australis,5348429,0
Ononis deutata,Ononis deutata,7651459,1
Spongiocarpella yunnanensis,Muraltia mixta,7387288,0
Muraltia mitior,Ebenus pinnata,5354888,0
Inga setigera,Polygala gracilenta,4052053,0
Inga jiringa,Monnina richardiana,4049262,0
Delonix adansonioides,Archidendron robinsonii,2941576,0
Genista cytisoides,Archidendron kuenstleri,2941280,0
Psoralea fruticosa,Genista sagittalis,5347702,0
Scottia trapeziformis,Gonocytisus angulatus,2952409,0
Securidaca virgata,Comesperma volubile,7293539,0
Abarema laxiflora,Polygala smallii,3191403,0
Corniola tenella,Genista micrantha,5347650,1
Dicraeopetalum mahafaliensis,Dicraeopetalum mahafaliense,2974574,1
Lupinus cruckshanksii,Gastrolobium dilatatum,5627951,0
Muraltia abietina,Muraltia heisteria,4050551,1
Polygala cumulicola,Asemeia grandiflora,5658192,1
Racosperma jamesianum,Acacia jamesiana,2980573,1
Polygala grandiflora,Machaerium lanceolatum,5355092,0
Cryptolobus americanus,Amphicarpaea bracteata,2960161,1
Erinacea pungens,Erinacea anthyllis,2977757,1
Indigofera ammophila,Microcharis ammophila,2963288,1
Lotus arboreus,Carmichaelia arborea,5348415,1
Lotus requienii,Lotus requienii,8131303,1
Senega timoutoides,Polygala timoutoides,7293433,1
Feuilleea jinicuil,Inga inicuil,7592050,1
Daniellia fosterae,Daniellia ogea,2948722,1
Chaetocalyx chacoensis,Muraltia longicuspis,4050349,0
Centrolobium orenocense,Flemingia tiliacea,5359899,0
Lemuropisum edula,Delonix edule,10851938,1
Feuilleea plana,Inga cordistipula,5357916,1
Calliandra sancti-pauli,Calliandra foliolosa,2981801,1
Chesneya kopetdagensis,Comesperma calymega,7293259,0
Genistoides tuberculata,Genista pilosa,5347571,1
Calliandra microcalyx,Lupinus pubescens,2964465,0
Prosopis gillesii,Erythrostemon gilliesii,8130309,1
Polygala paludosa,Asemeia grandiflora,5658192,0
Hebeandra fastigiata,Monnina fastigiata,4051158,1
Galactia stenophylla,Apios americana,2966796,0
Glycine heterocarpa,Amphicarpaea bracteata,2960161,1
Abarema bauchei,Asemeia violacea,8077988,0
Comesperma cordifolium,Calliandra asplenioides,7524304,0
Polygala santanderensis,Polygala nemoralis,4050657,1
Racosperma pelophilum,Rhinotropis nitida,7429502,0
Lotus vidalii,Genista paivae,5347556,0
Cadia catati,Caamembeca grandifolia,8265068,0
Bredemeyera papuana,Flemingia faginea,5359906,0
Deguelia timoriensis,Ononis biflora,2977198,0
Genista tripolitana,Muraltia ericoides,8345157,0
Anonis spinosa,Quillaja saponaria,3029379,0
Machaerium isadelphum,Flemingia vestita,5359867,0
Virgilia genistoides,Machaerium humboldtianum,5354907,0
Feuilleea fendleriana,Inga fendleriana,5357504,1
Nissolia incorruptibilis,Machaerium incorruptibile,5355071,1
Caesalpinia coccinea,Erythrostemon coccineus,9574659,1
Hebeandra parviflora,Monnina parviflora,4049871,1
Voglera germanica,Brachypterum pseudorobustum,11377408,0
Solori submontana,Inga rubiginosa,5357814,0
Acacia laxiflora,Archidendron palauense,2941510,1
Racosperma excelsum,Erythrostemon caudatus,9544011,0
Lupinus convillei,Erythrostemon melanadenius,9426133,0
Cyclopia laricina,Cyclopia maculata,5341867,1
Racosperma estrophiolatum,Muraltia serpylloides,4049767,0
Mundulea hysterantha,Acacia idiomorpha,2978805,0
Leptocyamus microphyllus,Glycine clandestina,5359647,1
Dorycnium subbiflorum,Lotus dorycnium,5632022,1
Poinciana gilliesii,Archidendron sessile,8411267,0
Muraltia laxa,Polygala ludwigiana,4052273,1
Muraltia sulcata,Muraltia leptorhiza,4050401,1
Securidaca longifolia,Lotus graecus,5354802,0
Cytiscus stenopetalus,Muraltia heisteria,4050551,0
Isoberlinia globiflora,Bossiaea eriocarpa,2968317,0
Flemingia cavaleriei,Flemingia fluminalis,5359846,1
Comesperma laxiusculum,Comesperma virgatum,7293549,1
Racosperma leptoclada,Acacia leptoclada,2980143,1
Genistella ramosissima,Genista ramosissima,5347699,1
Inga comosa,Asemeia mollis,7640107,0
Phaseolus monoicus,Genista maderensis,5347773,0
Monnina nemorosa,Genista radiata,5347648,0
Pithecellobium chrysocarpum,Caamembeca andina,11181608,0
Archidendron monadelphum,Ononis doerfleri,3970321,0
Hebeandra evonymoides,Eleiotis sororia,2968282,0
Virgilia genistoides,Cyclopia genistoides,7508648,1
Anneslia grandiflora,Calliandra houstoniana,2982067,1
Genista transcaucasica,Genista dracunculoides,5347733,1
Machaerium glabripes,Monnina rusbyi,4049176,0
Clelia cylindrocarpa,Calliandra harrisii,2982277,1
Machaerium mutisii,Ononis adenotricha,2977273,0
Daniellia fosteri,Daniellia ogea,2948722,1
Chorizema triangulare,Alistilus jumellei,2961189,0
Nissolia confertiflora,Nissolia microptera,5358641,1
Racosperma hypermeces,Acacia hypermeces,2979864,1
Daniellia thurifera,Daniellia oblonga,2948726,1
Tetragonolobus maritimus,Archidendron beguinii,2941446,0
Polygala chamaebuxus,Polygaloides chamaebuxus,4051746,1
Aeschynomene ormocarpoides,Genista germanica,5347824,0
Lugaion linifolium,Genista monspessulana,5347796,0
Inga fluvii-novi,Lotus argyrodes,5357009,0
Daviesia ericoides,Betencourtia australis,11046446,0
Mimosa comosa,Calliandra comosa,2982362,1
Nemcia stipularis,Genista sagittalis,5347702,0
Centrolobium patinense,Centrolobium paraense,2945579,1
Spartium terminale,Epirixanthes elongata,4050415,0
Calobota flexuosa,Calobota sericea,4929855,1
Carmichaelia grandiflora,Carmichaelia arborea,5348415,1
Cyclopia dregeana,Cyclopia buxifolia,5341856,1
Salzwedelia sagittalis,Genista sagittalis,5347702,1
Cynometra carvalhoi,Calliandra haematomma,2982219,0
Caesalpinia watsonii,Hoffmannseggia watsonii,5347511,1
Ononis stipularis,Ononis sicula,2977111,1
Genista sericea,Muraltia macrocarpa,4050325,0
Polygala glabra,Ancistrotropis robusta,8099189,0
Caesalpinia virgata,Hoffmannseggia watsonii,5347511,0
Dialium excelsum,Polygala malesiana,4051910,0
Vouapa demonstrans,Gilbertiodendron demonstrans,2941698,1
Polygala purpurea,Archidendron aruense,7853116,0
Cadia pubescens,Cadia pubescens,2968354,1
Indigofera variabilis,Lotus jacobaeus,5356916,0
Pithecellobium subacutum,Flemingia helferiana,5628812,0
Heterostemon ellipticus,Heterostemon ellipticus,2943913,1
Baudouinia suarezensis,Baudouinia fluggeiformis,2963754,1
Machaerium lanatum,Ononis vaginalis,2977196,0
Racosperma confluens,Inga sellowiana,5358124,0
Anneslia surinamensis,Calliandra surinamensis,2982188,1
Lotus thessalus,Calliandra rubescens,2982006,0
Spartium hispanicum,Genista hispanica,5347761,1
Securidaca complicata,Securidaca pendula,5658111,1
Polygala phylicoides,Ononis viscosa,2977105,0
Muraltia fasciculata,Archidendron balansae,2941396,0
Spartium virgatum,Genista tenera,5347751,1
Inga montealegrei,Inga densiflora,5357837,1
Polygala alopecuroides,Muraltia alopecuroides,4051253,1
Benedictella benoistii,Lotus benoistii,5356928,1
Lotus hirtulus,Lotus purpureus,5356837,1
Polygala mutabilis,Polygala japonica,7293443,0
Inga hispida,Archidendron utile,2941583,0
Ononis rentonarensis,Ononis tridentata,2977272,1
Senega campestris,Polygala campestris,4049422,1
Polygala microlopha,Polygala ericifolia,4050225,1
Chorizema magnifolium,Calliandra purdiaei,2982323,0
Caiandra eriophylla,Calliandra eriophylla,2982181,1
Nissolia acuminata,Dahlstedtia peckoltii,7528435,0
Monnina uaipanensis,Securidaca cacumina,5658176,0
Dalbergia sericea,Millettia sericea,7807253,1
Bugranopsis alopecuroides,Ononis alopecuroides,2977222,1
Dialium mossambicense,Bredemeyera myrtifolia,7293369,0
Psoralea douglasii,Hoita macrostachya,2943710,1
Berlinia cabrae,Berlinia giorgii,11254379,1
Chorizema ericifolium,Chorizema racemosum,3976832,1
Inga splendidissima,Gastrolobium spinosum,5350189,0
Pithecellobium monopterum,Inga edwallii,5357301,0
Lupinus soukupianus,Monnina marginata,9392468,0
Monnina vitis-idaea,Monnina arbuscula,4052103,1
Bossiaea microphylla,Bossiaea obcordata,2968327,1
Acacia pumila,Gastrolobium wonganense,5627808,0
Acacia leptophleba,Acacia leptophleba,2978937,1
Carpolobia delvauxii,Carpolobia alba,4049539,1
Polygala aristeguietae,Archidendron bigeminum,2941295,0
Poincianella phyllanthoides,Erythrostemon phyllanthoides,9385710,1
Carmichaelia arenaria,Asemeia violacea,8077988,0
Heistera humilis,Archidendron jiringa,2941605,0
Maughania involucrata,Lotus garcinii,8298127,0
Polygala bicornis,Polygala andringitrensis,4051483,1
Mullaghera conjugata,Lotus conjugatus,5356945,1
Hippocrepis scorpioides,Hippocrepis scorpioides,5353753,1
Scottia angustifolia,Dolichopsis ligulata,5611264,0
Polygala orthotricha,Gastrolobium latifolium,5627898,0
Monnina cladostachya,Monnina padifolia,7891141,1
Millettia mavoundiensis,Glycine clandestina,5359647,0
Lupinus cryptanthus,Lupinus angustifolius,2964025,1
Myrospermum erythroxylum,Myroxylon peruiferum,5357189,1
Carmichaelia floribunda,Polygala japonica,7293443,0
Genista tetragona,Hoffmannseggia drepanocarpa,5347497,0
Archidendron kanehira,Carpolobia goetzei,4049490,0
Muraltia phylicoides,Gastrolobium ilicifolium,5360164,0
Smithia ringoetii,Camptosema tomentosum,2963270,0
Westia eminii,Polygala garcini,4049364,0
Indigofera lobata,Monnina wrightii,3191469,0
Monnina angustifolia,Monnina pterocarpa,7293304,1
Inga eggersii,Xanthophyllum vitellinum,7293493,0
Quillaja smegmadermis,Quillaja saponaria,3029379,1
Badiera diversifolia,Securidaca diversifolia,5421445,1
Inga hedgerae,Inga jaunechensis,5357618,1
Elsota volubilis,Securidaca divaricata,5658161,1
Hebeandra phillyreoides,Caamembeca salicifolia,9335158,1
Angylocalyx wellensii,Asemeia hebeclada,7548566,0
Affonsea densiflora,Bredemeyera divaricata,7477026,0
Polygala subsecunda,Acacia mearnsii,2979775,0
Polygala greggii,Acacia biflora,2978318,0
Pteromonnina herzogii,Archidendron minahassae,2941424,0
Caesalpinia coulterioides,Erythrostemon coulterioides,9954168,1
Polygala prostrata,Ononis diffusa,2977289,0
Inga mollissima,Calliandra mollissima,2981928,1
Ototropis kingiana,Daprainia kingiana,11370785,1
Zygia inundata,Inga inundata,5347460,1
Polygala filifera,Millettia barteri,5355814,0
Genista trifoliolata,Genista sessilifolia,5347744,1
Hualania colletioides,Bredemeyera colletioides,4050224,1
Inga alatopetiola,Acacia papulosa,2979617,0
Polygala mollis,Lotus maritimus,5356973,0
Polygala salicifolia,Caamembeca salicifolia,9335158,1
Inga platycarpa,Calobota pungens,4929860,0
Dalbergia barclayi,Mundulea barclayi,2933873,1
Calliandra bombycina,Lotus dorycnium,5632022,0
Archidendron dies-christi,Dysolobium lucens,2963384,0
Lalage acuminata,Bossiaea ornata,2968307,1
Pithecellobium incurvatum,Lotus herbaceus,7815140,0
Meibomia ormocarpoides,Hanslia ormocarpoides,3978075,1
Heisteria pungens,Muraltia macrocarpa,4050325,0
Polygala celosioides,Machaerium arboreum,5355155,0
Polygala stipitata,Acacia leichhardtii,2980894,0
Podalyria aurea,Calpurnia aurea,2956417,1
Polygala stipulacea,Carmichaelia juncea,5628964,0
Albizia brevipes,Archidendron brevipes,8301768,1
Lotus biflorus,Comesperma ericinum,7293357,0
Flemingia nudiflora,Flemingia tiliacea,5359899,1
Polygala psammophila,Polygala nambalensis,4050760,1
Polygala violacea,Asemeia ovata,7765333,1
Viola punctata,Hebecarpa punctata,10786028,1
Derris thorelii,Muraltia ericoides,8345157,0
Scandalida conjugata,Muraltia spinosa,7225532,0
Comesperma floribunda,Carmichaelia odorata,5348460,0
Falcata comosa,Amphicarpaea bracteata,2960161,1
Monnina humahuaquensis,Monnina pumila,4049396,1
Polygala viminea,Flemingia macrophylla,5359866,0
Hippocrepis bornmuelleri,Hippocrepis constricta,5353697,1
Heistera beiliana,Muraltia muraltioides,4050214,1
Badiera montana,Machaerium punctatum,5355098,0
Geissaspis katangensis,Humularia katangensis,5349910,1
Hebeandra celastroides,Monnina celastroides,7429148,1
Carmichaelia stricta,Carmichaelia australis,5348429,1
Millettia sericea,Millettia sericea,7807253,1
Spartium albicans,Cyclopia galioides,5341873,0
Glycine discolor,Archidendron arborescens,2941520,0
Xanthophyllum flavescens,Xanthophyllum flavescens,7580773,1
Lupinus inflatus,Lupinus nubigenus,3908570,1
Polygala opaca,Polygala leucantha,4049624,0
Polygala vayredae,Comesperma volubile,7293539,0
Macrolobium ngouniense,Gilbertiodendron ngouniense,3980769,1
Pultenaea rosmarinacea,Aotus ericoides,5352260,1
Lupinus beaneanus,Lupinus fulcratus,2964683,1
Polygala disperma,Bredemeyera disperma,8400970,1
Genista microphylla,Humularia rosea,5349892,0
Polygala domingensis,Carmichaelia australis,5348429,0
Moghania yunnanensis,Apios fortunei,2966794,0
Polygala pauciflora,Polygaloides paucifolia,7346080,1
Cytisus milleri,Monrosia pterolopha,5658247,0
Apios perennis,Apios americana,2966796,1
Moghania vestita,Flemingia procumbens,5359830,1
Gastrolobium ovalifolium,Genista monspessulana,5347796,0
Genista ottomanica,Genista carinalis,5347609,1
Nissolia robusta,Amburana acreana,2945824,0
Bugranopsis alopecuroides,Erythrostemon robinsonianus,9341323,0
Macrolobium ecoucense,Gilbertiodendron ogowense,11198222,1
Bonjeanea incana,Myroxylon peruiferum,5357189,0
Polygala floribunda,Monnina ciliolata,7977161,0
Platylobium ovatum,Bossiaea heterophylla,2968300,1
Dorycnium affine,Lotus dorycnium,5632022,1
Machaerium guanaiense,Machaerium guanaiense,5355045,1
Polygala costaricensis,Genista aristata,5347772,0
Monnina euonymoides,Monnina xalapensis,4051592,1
Inga annularis,Gastrolobium leakeanum,5612520,0
Archidendron sogorense,Archidendron lucyi,2941496,1
Monnina trianae,Monnina polystachya,4049556,1
Adenocalyx racemosus,Decorsea grandidieri,2977707,0
Fusanus diversifolius,Inga sapindoides,5357706,0
Chesneya makranica,Chesneya parviflora,5353645,1
Lotus bouteloui,Lotus peregrinus,5356819,0
Berlinia auriculata,Berlinia tomentella,2971347,1
Pithecellobium kerrii,Muraltia ericifolia,8414336,0
Bredemeyera aphylla,Polygala rosea,7989450,0
Voglera hispanica,Genista germanica,5347824,0
Euteline sagittalis,Monrosia pterolopha,5658247,0
Dialium nitidum,Acacia chrysocephala,2978251,0
Genista pestalozzae,Genista albida,5347692,1
Polygala strigulosa,Hoffmannseggia eremophila,5347532,0
Cytisus holopetalus,Genista holopetala,5347723,1
Smithia oubanguiensis,Securidaca retusa,8126792,0
Eysenhardtia reticulata,Nissolia brasiliensis,10844581,0
Abarema cordifolia,Archidendron cordifolium,2941272,1
Callistachys reticulata,Gastrolobium nervosum,5627863,1
Pithecellobium platycarpum,Ougeinia oojeinensis,2967471,0
Phaseoloides nudiflorum,Millettia nudiflora,5355768,1
Chaetocalyx weberbaueri,Muraltia spinosa,7225532,0
Hippocrepis monticola,Xanthophyllum eurhynchum,7293612,0
Hippocrepis montgronyana,Hippocrepis comosa,5353750,1
Geissaspis drepanocephala,Humularia drepanocephala,5349894,1
Cadia varia,Cadia purpurea,2968353,1
Ononis salzamanniana,Polygala tamariscea,7781109,0
Amphicarpaea comosa,Amphicarpaea bracteata,2960161,1
Comesperma aemulum,Hoffmannseggia glauca,5347492,0
Chaetocalyx tomentosus,Machaerium duckeanum,5355058,0
Banisteroides macintyrii,Xanthophyllum octandrum,4051298,1
Inga java,Inga densiflora,5357837,1
Lotus aegeus,Betencourtia martioides,10999723,0
Polygala veronicea,Polygala japonica,7293443,1
Genista linifolia,Genista cinerea,5347718,1
Poinciana melanadenia,Erythrostemon melanadenius,9426133,1
Carmichaelia robusta,Hoffmannseggia glauca,5347492,0
Monnina latifolia,Coulteria pumila,10894741,0
Lotus melilotoides,Glycine jamaicensis,5634158,0
Chesniella macrantha,Polygala mexicana,4051609,0
Flemingia macrophylla,Xanthophyllum obscurum,4051314,0
Lotus latifolius,Lotus graecus,5354802,1
Elsota micheliana,Bredemeyera lucida,4049939,0
Salomonia rigida,Salomonia ciliata,7130426,1
Heisteria striata,Muraltia striata,4049625,1
Albizia papuana,Fissicalyx fendleri,2943740,0
Flemingia nilgiriensis,Flemingia nilgiriensis,8038744,1
Hebecarpa longa,Hebecarpa barbeyana,7552320,1
Ononis kotschyana,Ononis vaginalis,2977196,1
Stylobasium lineare,Acacia deltoidea,2980224,0
Galactia martioides,Betencourtia martioides,10999723,1
Polygala vulgaris,Polygala caudata,4049190,0
Isoberlinia paniculata,Genista linifolia,5347599,0
Feuilleea pezizifera,Chorizema elegans,3907583,0
Chorizema costatum,Dialium kunstleri,7302552,0
Lotus divaricatus,Lotus subbiflorus,5356841,1
Smithia parvifolia,Kotschya parvifolia,2949022,1
Anthyllis sericea,Genista hispanica,5347761,0
Lonchocarpus macrostachyus,Millettia chrysophylla,5355908,1
Gastrolobium pauciflorum,Gastrolobium plicatum,5360162,1
Millettia vermoesenii,Millettia comosa,5355876,1
Dimorphandra guianensis,Calliandra harrisii,2982277,0
Polygala macrophylla,Calliandra parvifolia,2981824,0
Polygala scleroxylon,Acanthocladus scleroxylon,5658216,1
Abarema abeywickramae,Inga ornata,5357589,0
Lupinus fraxinetorum,Caamembeca oxyphylla,7868452,0
Abarema syringifolia,Xanthophyllum papuanum,8176843,0
Heistera acipetala,Flemingia macrophylla,5359866,0
Lotus coimbrensis,Securidaca diversifolia,5421445,0
Deguelia polystachya,Gilbertiodendron diphyllum,10729309,0
Isoberlinia baumii,Brachypterum koolgibberah,10926317,0
Macrolobium grandiflorum,Aphanocalyx pectinatus,2954255,0
Derris hylobia,Kotschya scaberrima,2948969,0
Dorycnium plantagineum,Lotus herbaceus,7815140,1
Flemingia prostrata,Flemingia prostrata,5359865,1
Racosperma elatum,Berlinia giorgii,11254379,0
Feuilleea vulpina,Inga vulpina,5357563,1
Tephrosia oraria,Millettia oraria,5355869,1
Derris polyphylla,Decorsea schlechteri,2977702,0
Caesalpinia intricata,Hoffmannseggia intricata,5347552,1
Securidaca macrostachya,Calpurnia intrusa,2956419,0
Calliandra tapirorum,Calliandra rubescens,2982006,1
Caesalpinia fimbriata,Inga sapindoides,5357706,0
Feuilleea falcata,Archidendron robinsonii,2941576,0
Orucaria lunata,Machaerium lunatum,5355075,1
Catocoma mollis,Securidaca coriacea,7499347,1
Comesperma compactum,Comesperma retusum,4051630,1
Savia volubilis,Calophaca grandiflora,2956883,0
Polygala portoricensis,Millettia fruticosa,5355849,0
Monnina schlechtendaliana,Monnina ciliolata,7977161,1
Smithia schweinfurthii,Kotschya schweinfurthii,2948958,1
Kostyczewa trifoliata,Monnina bonplandiana,4051965,0
Apios esquirolii,Nogra grahamii,2952632,1
Muraltia incompta,Muraltia divaricata,4050776,1
Huchimingia weizhii,Millettia weizhii,10733473,1
Poincianella standleyi,Erythrostemon standleyi,9272208,1
Millettia argentea,Lupinus covillei,2963965,0
Nissolia aculeata,Genista hispanica,5347761,0
Feuilleea leiocalycina,Calliandra bombycina,2981874,0
Maughania bracteata,Inga heterophylla,5357852,0
Feuilleea pachyloma,Lotus herbaceus,7815140,0
Polygala zahlbruckneri,Chesneya nubigena,5357277,0
Tounatea panamensis,Fairchildia panamensis,2951308,1
Poinciana brachycarpa,Delonix brachycarpa,2956171,1
Amblygonocarpus schweinfurthii,Archidendron grandiflorum,2941212,0
Bossiaea ovata,Bossiaea heterophylla,2968300,1
Inga corpocarpa,Inga chocoensis,5358081,1
Muraltia metalasiifolia,Muraltia rubeacea,4049898,1
Muraltia burmanni,Mantiqueira bella,11086176,0
Hebecarpa racemosa,Hebecarpa barbeyana,7552320,1
Moutabea floribunda,Moutabea floribunda,7741614,1
Hebeandra parviflora,Salomonia ciliata,7130426,0
Lotus thessalus,Lotus angustissimus,5356931,1
Tounatea brachystachya,Calliandra pauciflora,2982147,0
Ononis aphylla,Hebecarpa rectipilis,8052903,0
Pedrosia leptophylla,Humularia renieri,5349906,0
Ononis vestita,Ononis vaginalis,2977196,1
Phaseolodes drasticum,Genista aetnensis,5347587,0
Genista heteroacantha,Polygala exilis,4049994,0
Amphicarpaea sarmentosa,Amphicarpaea bracteata,2960161,1
Cytiscus stenopetalus,Genista stenopetala,5347701,1
Lupinus microphyllus,Lupinus kunthii,3909893,1
Racosperma lasiocalyx,Acacia lasiocalyx,2979179,1
Muraltia brevifolia,Lupinus hirsutus,8336977,0
Polygala guantanemana,Badiera virgata,7293446,1
Badiera punctata,Badiera oblongata,4050599,1
Jansonia pimeleoides,Gastrolobium formosum,5627923,1
Inga borealis,Inga crassiflora,5357581,0
Catocoma myrtifolia,Ononis biflora,2977198,0
Heistera carnosa,Julbernardia pellegriniana,2981747,0
Monnina crotalarioides,Gastrolobium reticulatum,5360155,0
Shuteria siamensis,Millettia xylocarpa,5355719,0
Machaerium campylothyrsum,Machaerium inundatum,5355050,1
Xanthophyllum excelsum,Gonocytisus angulatus,2952409,0
Polygala uniflora,Polygaloides paucifolia,7346080,1
Lupinus ccorilazensis,Muraltia lancifolia,4050447,0
Pultenaea rosmarinifolia,Aotus ericoides,5352260,1
Machaerium ciliatum,Machaerium brasiliense,5355145,1
Millettia drastica,Calobota psiloloba,4929862,0
Genista triangularis,Acacia lacertensis,2980357,0
Dalbergia oojeinensis,Ougeinia oojeinensis,2967471,1
Eutaxia baxteri,Eutaxia myrtifolia,7275616,1
Mimosa nutans,Inga nutans,5358008,1
Polygala parvula,Polygala gayii,4049331,1
Acacia setigera,Acacia piligera,2978295,1
Polygala elongata,Inga capitata,5358094,0
Feuilleea hendersonii,Archidendron hendersonii,2941401,1
Polygala natalensis,Polygala serpentaria,8257153,1
Feuilleea quassiifolia,Inga lallensis,5357507,0
Annesleya parvifolia,Calliandra parvifolia,2981824,1
Muraltia pilosa,Muraltia lancifolia,4050447,1
Machaerium splendens,Machaerium uncinatum,5355085,1
Geissaspis renieri,Securidaca tenuifolia,5658078,0
Berlinia heudelotiana,Berlinia grandiflora,2971333,1
Phaseolodes glaucescens,Caamembeca grandifolia,8265068,0
Mimosa reversa,Monnina cuneata,8216450,0
Anneslia haematomma,Calliandra haematomma,2982219,1
Polygala costaricensis,Hebecarpa costaricensis,9482034,1
Deguelia koolgibberah,Brachypterum koolgibberah,10926317,1
Inga rhoifolia,Inga vulpina,5357563,1
Monnina latifolia,Monnina latifolia,4050656,1
Lugaion ferox,Julbernardia globiflora,2981760,0
Pithecellobium triplinervium,Archidendron triplinervium,2941463,1
Pteromonnina weddelliana,Monnina weddelliana,4051663,1
Miediega gracilis,Lotus jordanii,9567879,1
Machaerium habroneurum,Genista tricuspidata,5347804,0
Dimorphandra oleifera,Mora oleifera,5355420,1
Mucuna recta,Dysolobium dolichoides,2963388,1
Dalea megacarpa,Monnina densa,4051423,0
Brachystegia globiflora,Archidendron muellerianum,7779701,0
Brachypterum timorense,Brachypterum scandens,10779326,1
Nylandtia spinosa,Muraltia spinosa,7225532,1
Ononis picta,Ononis ramosissima,2977250,1
Feuilleea tenuiflora,Calliandra surinamensis,2982188,1
Acacia pachyloma,Calliandra parviflora,2982301,1
Inga eggersii,Inga sapindoides,5357706,1
Feuilleea bubalina,Chorizema aciculare,7757885,0
Polygala persicariaefolia,Hippocrepis areolata,5353722,0
Poinciana placida,Erythrostemon placidus,9265867,1
Mimosa mollissima,Calliandra mollissima,2981928,1
Voglera spinosa,Asemeia violacea,8077988,0
Ononis juncea,Ononis minutissima,2977125,1
Krokeria oligoceratos,Comesperma volubile,7293539,0
Monnina weberbaueri,Muraltia rhamnoides,4049938,0
Moutabea silvatica,Moutabea excoriata,4051489,1
Tephrosia oraria,Lotus berthelotii,5356822,0
Polygala pubescens,Kotschya parvifolia,2949022,0
Lalage stipularis,Asemeia mollis,7640107,0
Parosela benthamii,Errazurizia benthamii,2967037,1
Inga rhabdotocalyx,Inga multicaulis,5357732,1
Ononis canescens,Acacia auronitens,2981182,0
Abarema contorta,Amphicarpaea bracteata,2960161,0
Inga bonplandiana,Brachypterum pseudinvolutum,11374322,0
Pithecellobium clypearia,Gastrolobium celsianum,5628000,0
Inga brunnescens,Inga cocleensis,5358068,1
Chorizema ericoides,Calliandra asplenioides,7524304,0
Comesperma tenue,Comesperma calymega,7293259,1
Dialium lacourtianum,Dialium englerianum,2970943,1
Millettia litoralis,Brachypterum scandens,10779326,1
Feuilleea tweedyi,Calliandra tweedii,2982053,1
Nissolia glabrata,Dysolobium pilosum,2963403,0
Spartium amoenum,Ononis baetica,2977098,0
Derris entadoides,Millettia entadoides,5355858,1
Telinaria linifolia,Genista linifolia,5347599,1
Centrolobium tomentosum,Centrolobium tomentosum,2945575,1
Spartium tridens,Muraltia capensis,4051035,0
Anneslia speciosa,Securidaca divaricata,5658161,0
Machaerium acaciifolium,Muraltia macroceras,4050318,0
Polygala grandis,Flemingia macrophylla,5359866,0
Eleiotis trifoliata,Hoffmannseggia drepanocarpa,5347497,0
Polygala hayesii,Hebecarpa costaricensis,9482034,1
Cytisus tribracteolatus,Dimorphandra pennigera,2974286,0
Abarema pauciflora,Acacia conspersa,2980167,0
Polygala penaea,Asemeia violacea,8077988,0
Teline monspessulana,Genista monspessulana,5347796,1
Carpolobia afzeliana,Xanthophyllum lanceatum,4051497,0
Polygala nicaeensis,Polygala equisetoides,4050240,0
Lotus candidus,Lotus hirsutus,5354799,1
Ononis schousboei,Inga obtusata,5357651,0
Anneslia papillosa,Calliandra rubescens,2982006,1
Dorycnium dumulosum,Lotus dorycnium,5632022,1
Kennedia microphylla,Nissolia chacoensis,10736045,0
Ononis cheiranthoides,Genista tenera,5347751,0
Calliandra pallatangensis,Eutaxia myrtifolia,7275616,0
Heistera pappeana,Muraltia pappeana,4050093,1
Feuilleea lentiscifolia,Archidendron utile,2941583,0
Pithecellobium megaphyllum,Archidendron calliandrum,2941433,1
Polygala scopulorum,Hebecarpa barbeyana,7552320,1
Flemingia schultzii,Flemingia parviflora,5359905,1
Senega wettsteinii,Polygala cymosa,3191370,0
Sciaplea sciap-sciaple,Quillaja saponaria,3029379,0
Anneslia pallida,Muraltia ericoides,8345157,0
Phaseolus sordidus,Glycine max,5359660,1
Caesalpinia glauca,Hoffmannseggia glauca,5347492,1
Genista valdes-bermejoi,Lotus edulis,5356908,0
Acacia auriculiformis,Acacia auriculiformis,2981001,1
Lebeckia canescens,Inga alternifolia,5629541,0
Polygala corallicola,Asemeia grandiflora,5658192,1
Inga multiflora,Inga laevigata,5629065,1
Macrolobium ogowense,Chesneya intermedia,5632699,0
Bredemeyera fruticulosa,Rhamphopetalum microphyllum,10717476,1
Pithecellobium monadelphum,Archidendron bigeminum,2941295,1
Ononis syriaca,Ononis adenotricha,2977273,1
Acacia elata,Acacia cracentis,2981118,0
Coelidium spinosum,Acacia cochlocarpa,2980461,0
Polygala rectipilus,Dahlstedtia araripensis,8234184,0
Acacia puberula,Moutabea guianensis,4051471,0
Albizia neumanniana,Acacia neumanniana,2979573,1
Dialium soyauxii,Ononis hirta,2977096,0
Muraltia depressa,Muraltia depressa,7792747,1
Millettia vankerckoveni,Acacia phlebocarpa,2978232,0
Cytisus stenopetalus,Acacia glaucoptera,2978543,0
Caamembeca laureola,Acacia auronitens,2981182,0
Muraltia conferta,Muraltia lancifolia,4050447,1
Pithecellobium bellum,Flemingia grahamiana,5359839,0
Galactia simplicifolia,Brachypterum microphyllum,2947577,0
Millettia psilopetela,Millettia psilopetala,5355701,1
Lonchocarpus calcaratus,Amburana cearensis,2945821,0
Lonchocarpus confertiflorus,Genista monspessulana,5347796,0
Inga foliosa,Acacia hakeoides,2980906,0
Polygala floribunda,Inga ruiziana,5357975,0
Genista genuensis,Archidendron sessile,8411267,0
Galedupa piscidia,Millettia piscidia,5355786,1
Berlinia cabrae,Moutabea guianensis,4051471,0
Muraltia macroceras,Muraltia macroceras,4050318,1
Brachysema praemorsum,Ononis crispa,2977282,0
Polygala penaea,Badiera penaea,4050594,1
Hoffmannseggia caudata,Erythrostemon caudatus,9544011,1
Catocoma parviflora,Calliandra angustifolia,2982331,0
Nissolia aculeata,Lupinus angustifolius,2964025,0
Hebeandra fastigiata,Dialium polyanthum,2971002,0
Ononis pyramidale,Ononis pubescens,2977281,1
Dorycnium dumulosum,Cyclopia genistoides,7508648,0
Inga longituba,Inga fastuosa,5357762,1
Affonsea edwallii,Millettia richardiana,5355937,0
Feuilleea rubiginosa,Eysenhardtia polystachya,2964737,0
Millettia bicolor,Muraltia heisteria,4050551,0
Solori thorelii,Millettia drastica,5355671,0
Monnina peruviana,Inga rubiginosa,5357814,0
Monnina huallagensis,Monnina marginata,9392468,1
Lotus crantzii,Lotus herbaceus,7815140,1
Krokeria oligoceratos,Lotus edulis,5356908,1
Nemcia parviflora,Hoffmannseggia intricata,5347552,0
Notospartium exsul,Calliandra belizensis,2981850,0
Cupulanthus bracteolosus,Gastrolobium bracteolosum,5628017,1
Anil medicaginea,Machaerium villosum,5354918,0
Pithecellobium quocense,Archidendron quocense,2941256,1
Millettia polyphylla,Errazurizia multifoliolata,2967046,0
Lotus secundiflorus,Millettia pulchra,5355677,0
Chesniella gansuensis,Chesneya gansuensis,5353660,1
Lupinus varius,Lupinus angustifolius,2964025,1
Mullaghera conjugata,Kotschya strobilantha,2948979,0
Genista buxifolia,Cyclopia buxifolia,5341856,1
Sophora galioides,Cyclopia galioides,5341873,1
Machaerium bondaen,Amblygonocarpus andongensis,2975852,0
Whitfordiodendron taiwanianum,Erythrostemon calycinus,8322761,0
Polygala nimborum,Inga pedunculata,5357302,0
Monnina weberbaueri,Monnina macrostachya,7293415,1
Dialium selvestre,Muraltia acicularis,4051299,0
Chamaesparton pilosum,Asemeia acuminata,8154099,0
Coronilla comosa,Hippocrepis comosa,5353750,1
Phaseolodes fruticosum,Lotus dorycnium,5632022,0
Monnina longifolia,Mora oleifera,5355420,0
Elsota chrysotricha,Xanthophyllum obscurum,4051314,0
Muraltia laxa,Calliandra asplenioides,7524304,0
Chaetocalyx paucifolius,Humularia drepanocephala,5349894,0
Elsota coriacea,Echinospartum horridum,2959222,0
Racosperma cremiflorum,Calobota pungens,4929860,0
Dialium kasaiense,Archidendron kinubaluense,2941478,0
Racosperma conspersum,Acacia conspersa,2980167,1
Mimosa coruscans,Hippocrepis emerus,5353705,0
Heisteria crassifolia,Muraltia crassifolia,4050884,1
Machaerium scleroxylum,Machaerium pedicellatum,5354939,1
Lupinus odoratus,Lupinus nanus,2964223,1
Shuteria anomala,Amphicarpaea ferruginea,2960203,1
Asemeia miamiensis,Asemeia grandiflora,5658192,1
Calliandra densifolia,Kotschya africana,2948996,0
Polygala asperuloides,Lotus maritimus,5356973,0
Senega cneorum,Polygala cneorum,4051947,1
Nemcia axillaris,Gastrolobium axillare,5612565,1
Feuilleea championii,Archidendron bigeminum,2941295,0
Pongamia angustifolia,Salomonia ciliata,7130426,0
Inga guentheri,Polygala rosea,7989450,0
Brachypterum polyphyllum,Humularia rosea,5349892,0
Genista tenella,Genista micrantha,5347650,1
Macrolobium dewevrei,Gilbertiodendron dewevrei,2941659,1
Archidendron pachycarpum,Archidendron pachycarpum,8270523,1
Polygala glandulosopilosa,Hebecarpa macradenia,7525630,1
Cylindrokelupha robinsonii,Ononis orygalis,3969987,0
Mundulea barclayi,Mundulea barclayi,2933873,1
Inga contorta,Archidendron contortum,2941231,1
Poincianella caladenia,Brya ebenus,5348895,0
Muraltia rupestris,Polygala equisetoides,4050240,0
Feuilleea bicolor,Muraltia spinosa,7225532,0
Racosperma blakelyi,Carmichaelia torulosa,5628927,0
Dorycnium germanicum,Lotus herbaceus,7815140,0
Anonis natrix,Ononis natrix,2977234,1
Phaseoloides fruticosum,Flemingia trifoliata,5628704,0
Anonis arvensis,Ononis arvensis,2977171,1
Monnina media,Millettia pachycarpa,5355731,0
Xanthophyllum urophyllum,Xanthophyllum urophyllum,12245943,1
Pongamia fruticosa,Archidendron havilandii,2941411,0
Polygala timbalii,Polygala calcarea,8169088,1
Polygala cineraria,Asemeia violacea,8077988,1
Callistachys cuneata,Hoffmannseggia eremophila,5347532,0
Wiborgia spinosa,Genista germanica,5347824,0
Whitfordiodendron taiwanianum,Millettia pachycarpa,5355731,1
Clitoria angustifolia,Betencourtia martii,10947449,1
Monnina arenicola,Monnina macrostachya,7293415,1
Polygala racemosa,Hebecarpa barbeyana,7552320,1
Galactia australis,Monnina celastroides,7429148,0
Atroxima congolana,Lotus maritimus,5356973,0
Hoffmanseggia glauca,Lupinus andersonii,2964568,0
Glycine vincentina,Nissolia vincentina,10745779,1
Polygala caripensis,Archidendron kunstleri,2941277,0
Tipuana mucronata,Machaerium incorruptibile,5355071,1
Securidaca major,Calliandra virgata,2981852,0
Inga myriocephala,Inga acreana,5357584,1
Inga brachystachya,Kotschya stolonifera,2949013,0
Calliandra hymenaeodes,Apios carnea,7457890,0
Machaerium vellozianum,Genista patens,5354553,0
Emerus thurberi,Millettia caerulea,5355797,0
Polygala mixta,Machaerium glabrum,5355063,0
Polygala ericoides,Muraltia ericoides,8345157,1
Lotus carmeli,Hippocrepis biflora,5353737,0
Lobomon obtusifolium,Amphicarpaea bracteata,2960161,1
Glycine monantha,Glycine monantha,5634065,1
Derris submontana,Brachypterum submontanum,11372384,1
Polygala buxifolia,Berlinia grandiflora,2971333,0
Ononis mitis,Ononis arvensis,2977171,1
Pedrosia bertholetii,Pedrosia bertholetii,3979957,1
Anneslia haematocephala,Ononis pallida,3969982,0
Polygala cubensis,Asemeia grandiflora,5658192,1
Securidaca mollis,Securidaca coriacea,7499347,1
Dalea mutifoliata,Comesperma nudiusculum,4051796,0
Galactia stenophylla,Collaea stenophylla,5352529,1
Monopetalanthus microphyllus,Aphanocalyx microphyllus,2954240,1
Racosperma auricomum,Genista micrantha,5347650,0
Dalbergia venusta,Brachypterum scandens,10779326,1
Albizia cordifolia,Genista brutia,10763869,0
Feuilleea stipulacea,Inga stipulacea,5358071,1
Galedupa piscidia,Berlinia sapinii,11306658,0
Racosperma lentigineum,Millettia grandis,5355756,0
Lotus montanus,Machaerium uncinatum,5355085,0
Dalbergia barclayi,Millettia sericea,7807253,0
Anil welwitschii,Lotus ornithopodioides,5357035,0
Bredemeyera sellowii,Bredemeyera disperma,8400970,1
Phaseoloides glaucescens,Dialium bipindense,2970949,0
Caesalpinia coulterioides,Erythrostemon exilifolius,9579433,0
Hoffmannseggia demissa,Muraltia lancifolia,4050447,0
Pultenaea neurocalyx,Eutaxia neurocalyx,8382550,1
Feuilleea pachyloma,Calliandra parviflora,2982301,1
Cyclopia genistoides,Ononis tridentata,2977272,0
Millettia thorelii,Brachypterum thorelii,11374775,1
Uraria esquirolii,Ononis pedicellaris,2977117,0
Monnina blakeana,Monnina pittieri,4049629,1
Polygala marajoara,Asemeia ovata,7765333,1
Dorycnium fruticosum,Polygala equisetoides,4050240,0
Moghania philippinensis,Flemingia macrophylla,5359866,1
Calliandra angustifolia,Epirixanthes elongata,4050415,0
Polygala grandiflora,Asemeia grandiflora,5658192,1
Rigiostachys bracteata,Amburana cearensis,2945821,0
Abarema baucheri,Flemingia semialata,5359883,0
Racosperma nigripilosum,Acacia nigripilosa,2979394,1
Lotus argenteus,Lotus argyrodes,5357009,1
Bossiaea nervosa,Bossiaea eriocarpa,2968317,1
Elsota complicata,Securidaca pendula,5658111,1
Crotalaria caerulea,Hoita strobilina,2944086,0
Millettia gentilii,Gastrolobium oxylobioides,5350208,0
Inga tubaeformis,Salomonia ciliata,7130426,0
Carpolobia zenkeri,Aotus ericoides,5352260,0
Inga setifera,Gastrolobium heterophyllum,5350215,0
Collaea scarlatina,Erythrostemon placidus,9265867,0
Chamaesparton pilosum,Genista pilosa,5347571,1
Moghania tomentosa,Chesneya ternata,5353621,0
Hansemannia aruensis,Caamembeca andina,11181608,0
Racosperma loxophyllum,Acacia loxophylla,2980156,1
Pithecellobium muellerianum,Hanslia ormocarpoides,3978075,0
Macrolobium grandiflorum,Gilbertiodendron grandiflorum,2941646,1
Dalea multifoliata,Errazurizia multifoliolata,2967046,1
Lebeckia capensis,Calobota cytisoides,3968567,1
Ononis spinosiformis,Ononis spinosa,2977149,1
Polygala mundiana,Carmichaelia australis,5348429,0
Securidaca decora,Muraltia satureioides,7851822,0
Securidaca capparidifolia,Glycine dalbergioides,5634248,0
Oryxis monticola,Muraltia divaricata,4050776,0
Entada scelerata,Inga uraguensis,5357546,0
Polygala cowellii,Archidendron bubalinum,2941202,0
Isodesmia tomentosa,Genista linifolia,5347599,0
Ebenidium pogonotropis,Ancistrotropis peduncularis,7484829,0
Inga capsellata,Decorsea schlechteri,2977702,0
Polygala floribunda,Asemeia floribunda,7793662,1
Machaerium eriostemon,Machaerium debile,5355042,1
Glycine formosa,Glycine max,5359660,1
Bossiaea ovalifolia,Bossiaea eriocarpa,2968317,1
Poinciana melanadenia,Gastrolobium ilicifolium,5360164,0
Spartium sagittale,Lotus subbiflorus,5356841,0
Nissolia arborea,Dysolobium dolichoides,2963388,0
Racosperma loxophyllum,Calliandra hirsuta,2982255,0
Genista acutiflora,Julbernardia seretii,2981753,0
Nissolia robiniifolia,Machaerium robiniifolium,5355034,1
Cytisus tridentatus,Securidaca lanceolata,7584051,0
Cyclolobium hostmannii,Neoapaloxylon tuberosum,2944232,0
Drepanocarpus ferox,Machaerium ferox,5354958,1
Collaea pedicellatum,Brachypterum robustum,2947483,0
Planarium latisiliquum,Inga rubiginosa,5357814,0
Polygala violoides,Gymnospora violoides,8310280,1
Millettia dasyphylla,Padbruggea dasyphylla,2952312,1
Monnina chanduyensis,Caamembeca spectabilis,8266028,0
Ononis glandulifera,Hippocrepis scorpioides,5353753,0
Maughania tuberosa,Lotus pedunculatus,5356854,0
Chamaebuxus balansae,Polygaloides balansae,4051755,1
Neodunnia edentata,Millettia richardiana,5355937,1
Ononis inermis,Ononis arvensis,2977171,1
Archidendron chrysocarpum,Monnina crassifolia,4051573,0
Smithia perrieri,Errazurizia multifoliolata,2967046,0
Millettia psilopetela,Rhinotropis californica,8081866,0
Comesperma coridifolium,Comesperma ericinum,7293357,1
Genista holopetala,Polygaloides paucifolia,7346080,0
Chorizema capillipes,Lotus aegaeus,5356864,0
Dialium staudtii,Gilbertiodendron demonstrans,2941698,0
Mundulea densicoma,Mundulea barclayi,2933873,1
Cytisanthus aetnensis,Muraltia rubeacea,4049898,0
Macrolobium bambolense,Gilbertiodendron ogowense,11198222,1
Glycine andersoni,Asemeia floribunda,7793662,0
Scottia aquifolium,Lotus loweanus,5356983,0
Securidaca macrophylla,Dialium guineense,2971007,0
Dorycnium plantagineum,Quillaja saponaria,3029379,0
Inga odoratissima,Archidendron oppositum,2941543,0
Hebecarpa longa,Genista dracunculoides,5347733,0
Inga amazonica,Calliandra humilis,2982270,0
Chesniella macrantha,Chesneya macrantha,5357273,1
Aspalathus ebenus,Genista stenopetala,5347701,0
Ortholobium bubalinum,Gilbertiodendron grandiflorum,2941646,0
Tetragonolobus bouteloui,Dysolobium dolichoides,2963388,0
Monopetalanthus hedinii,Heterostemon conjugatus,2943911,0
Achyronia arborea,Carmichaelia arborea,5348415,1
Hippocrepis balearica,Microcharis microcharoides,2963314,0
Lupinus setifolius,Lupinus magnistipulatus,2964221,1
Oxylobium cuneatum,Gastrolobium dilatatum,5627951,1
Muraltia conferta,Muraltia satureioides,7851822,1
Brachystegia klainei,Librevillea klainei,2941198,1
Leptolobium microphyllum,Amphicarpaea bracteata,2960161,0
Mundia ecklonii,Inga ruiziana,5357975,0
Acacia undulata,Genista ferox,7689832,0
Racosperma aridum,Acacia arida,2981180,1
Ononis quinata,Monnina polystachya,4049556,0
Geissaspis princei,Polygala myriantha,4050863,0
Hedysarum celtifolium,Flemingia strobilifera,5359843,1
Machaerium lanatum,Machaerium villosum,5354918,1
Muraltia angulosa,Muraltia rubeacea,4049898,0
Mundia brasiliensis,Acanthocladus brasiliensis,5658224,1
Macrolobium unijugum,Lotus conjugatus,5356945,0
Brya leonensis,Brya leonensis,5630881,1
Monnina crotalariaefolia,Genista longipes,5347560,0
Acacia papuliformis,Ononis pubescens,2977281,0
Cytisus wolgaricus,Calophaca wolgarica,7956731,1
Monnina andreana,Epirixanthes elongata,4050415,0
Diphysa robinioides,Diphysa americana,5357263,1
Dorycnium axilliflorum,Lotus axilliflorus,5632136,1
Chesneya vesiculifera,Barnhartia floribunda,4050439,0
Brachysema praemorsum,Gastrolobium praemorsum,5627849,1
Feuilleea vulpina,Delonix tomentosa,2956186,0
Polygala ovata,Archidendron alternifoliolatum,2941540,0
Feuilleea laxiflora,Archidendron palauense,2941510,1
Calliandra conferta,Calliandra eriophylla,2982181,1
Albizia chevalieri,Gonocytisus angulatus,2952409,0
Feuilleea aeschynomenoides,Hoffmannseggia humilis,5347512,0
Comesperma herbaceum,Comesperma calymega,7293259,1
Genista lusitanica,Lotus palustris,5356941,0
Caesalpinia cubensis,Hoita macrostachya,2943710,0
Lotus judaicus,Ononis tridentata,2977272,0
Racosperma caleyi,Acacia decora,2978514,1
Nylandtia spinosa,Millettia zechiana,5355815,0
Gastrolobium whicherensis,Gastrolobium whicherense,5627810,1
Genista gracilis,Genista tenera,5347751,1
Bugranopsis mitissima,Ebenus cretica,5354894,0
Inga guaremalensis,Inga fastuosa,5357762,1
Teline paivae,Genista paivae,5347556,1
Dialium pentandrum,Dialium pentandrum,2970938,1
Cylindrokelupha laoticum,Archidendron clypearia,2941309,0
Spartium cytisoides,Nissolia vincentina,10745779,0
Securidaca volubilis,Securidaca divaricata,5658161,1
Cyclopia brachypoda,Cyclopia sessiliflora,5341862,1
Macrolobium talbotii,Securidaca lateralis,5658136,0
Bredemeyera praecelsa,Machaerium lunatum,5355075,0
Lotus argolicus,Archidendron xichouense,3980717,0
Polygala macroloncha,Betencourtia scarlatina,10926174,0
Calliandra obesiflora,Calliandra juzepczukii,2982175,1
Polygala warmingiana,Ancistrotropis clitorioides,8296291,0
Dialium floribundum,Dialium guianense,2971008,1
Comesperma contractum,Comesperma virgatum,7293549,1
Hebeandra phillyreoides,Acacia cyclops,2980425,0
Callistachys parviflora,Gastrolobium ebracteolatum,5627941,1
Polygala persicariaefolia,Polygala sphenoptera,4051511,1
Pluchia curiosa,Ononis arvensis,2977171,0
Monnina graminea,Monnina herbacea,4050907,1
Bossiaea gilbertii,Bossiaea eriocarpa,2968317,1
Monnina parviflora,Monnina parviflora,4049871,1
Heisteria rigida,Muraltia rigida,4049920,1
Racosperma biflorum,Acacia biflora,2978318,1
Kotschya volkensii,Gastrolobium coriaceum,5627987,0
Pteromonnina macbridei,Monnina macbridei,4050411,1
Calliandra decrescens,Millettia sericea,7807253,0
Racosperma papulosum,Bredemeyera laurifolia,7293385,0
Abarema mottleyana,Carpolobia alba,4049539,0
Flemingia macrophylla,Apios fortunei,2966794,0
Lotus coronillifolius,Lotus cytisoides,5356937,1
Feuilleea hymenaeoides,Lotus lancerottensis,5357010,0
Acacia microcantha,Acacia paradoxa,2981159,1
Galactia aschersoniana,Lotus quinatus,5356887,0
Oxylobium virgatum,Adenopodia spicata,2952379,0
Senega pseudovariabilis,Polygala pseudovariabilis,4051194,1
Nemcia parviflora,Gastrolobium parviflorum,5350206,1
Polygala spinescens,Polygala sinaica,7293610,1
Guaymasia pumila,Lotus longisiliquosus,7820973,0
Derris dalbergioides,Brachypterum microphyllum,2947577,1
Securidaca venosa,Diphysa americana,5357263,0
Senega distans,Inga inundata,5347460,0
Sophora angulata,Erythrostemon angulatus,9381205,1
Maughania involucrata,Flemingia trifoliata,5628704,1
Echinospartum horridum,Echinospartum horridum,2959222,1
Racosperma elachanthum,Muraltia ericoides,8345157,0
Lupinus violaceus,Lupinus onustus,2964118,1
Nemcia lehmannii,Securidaca diversifolia,5421445,0
Lotus lanatus,Fissicalyx fendleri,2943740,0
Dillwynia myrtifolia,Eutaxia myrtifolia,7275616,1
Polygala kisantuensis,Polygala myriantha,4050863,1
Acacia cardiophylla,Acacia cardiophylla,2978934,1
Grona simplicifolia,Millettia fruticosa,5355849,0
Chamaebuxus coriacea,Polygaloides chamaebuxus,4051746,1
Maughania faginea,Flemingia faginea,5359906,1
Bionia pedicellata,Lotus broussonetii,5356880,0
Galactia martioides,Genista dorycnifolia,5347679,0
Wiborgia obcordata,Wiborgia obcordata,8137251,1
Atroxima gossweileri,Flemingia chappar,5359863,0
Abarema bauchei,Archidendron bauchei,3961221,1
Anthyllis fulgurans,Calliandra parvifolia,2981824,0
Acacia anomala,Acacia anomala,2978978,1
Cadia varia,Lotus angustissimus,5356931,0
Ononis inclusa,Ononis pusilla,2977214,1
Inga speciosa,Inga lomatophylla,5357869,1
Racosperma concurrens,Millettia aboensis,5355704,0
Calliandra cylindrocarpa,Calliandra harrisii,2982277,1
Dialium discolor,Dialium guineense,2971007,1
Polygala itatiaiae,Polygala cneorum,4051947,1
Lupinus dasyphyllus,Lupinus covillei,2963965,1
Maughania faginea,Chorizema aciculare,7757885,0
Polygala caterviflora,Polygala karensium,7293419,1
Amorpha pedalis,Gymnospora blanchetii,7791729,0
Monnina uaipanensis,Monnina cacumina,7293620,1
Feuilleea laxa,Calliandra laxa,2982019,1
Peltophorum acutifolium,Calliandra enervis,2982305,0
Carmichaelia corymbosa,Archidendron fagifolium,2941550,0
Genista barbara,Genista tricuspidata,5347804,1
Racosperma flexifolium,Muraltia squarrosa,4049689,0
Pithecellobium hendersonii,Archidendron hendersonii,2941401,1
Dialium maingayi,Acacia barringtonensis,2980459,0
Pithecellobium utile,Archidendron kunstleri,2941277,0
Millettia sericea,Millettia puerarioides,5355763,1
Racosperma froggattii,Inga pilosula,5358111,0
Anneslia hirsuta,Archidendron ellipticum,8638856,0
Banisteroides obscurum,Xanthophyllum obscurum,4051314,1
Lotus hemorroidalis,Cyclopia latifolia,5341857,0
Aotus villosa,Securidaca divaricata,5658161,0
Inga semiglabra,Machaerium oblongifolium,5355122,0
Inga clyperia,Gastrolobium wonganense,5627808,0
Inga purpurea,Calliandra purpurea,2981994,1
Bionia marginata,Camptosema coriaceum,2963275,1
Ibbetsonia genistoides,Cyclopia genistoides,7508648,1
Inga radians,Chesneya macrantha,5357273,0
Xanthophyllum roxburghianum,Xanthophyllum flavescens,7580773,1
Poinciana adansonioides,Calliandra asplenioides,7524304,0
Muraltia ericoides,Dialium guianense,2971008,0
Lotus pumilus,Lotus garcinii,8298127,1
Comesperma simplex,Phlebotaenia cuneata,7293299,0
Pseudoentada patens,Recchia mexicana,7898222,0
Centrolobium minus,Centrolobium robustum,2945570,1
Machaerium micropterum,Nissolia microptera,5358641,1
Ebenus ferruginea,Lupinus covillei,2963965,0
Bonjeanea syriaca,Lotus jordanii,9567879,1
Racosperma leptoclada,Millettia vatkei,11884640,0
Machaerium glabripes,Machaerium hirtum,5354979,1
Lugaion aetnense,Genista aetnensis,5347587,1
Lotus tetraptera,Lotus tetragonolobus,5356862,1
Indigofera hutchinsoniana,Guilfoylia monostylis,7478939,0
Calpurnia floribunda,Calpurnia glabrata,2956421,1
Berlinia eminii,Inga uraguensis,5357546,0
Entada natalensis,Adenopodia spicata,2952379,1
Quillaja poeppigii,Carmichaelia juncea,5628964,0
Glycine mas,Glycine max,5359660,1
Julbernardia ogoouensis,Ononis minutissima,2977125,0
Genista pulchella,Bossiaea obcordata,2968327,0
Dorycnium iberecum,Hoita macrostachya,2943710,0
Monnina pseudoaestuans,Monnina crassifolia,4051573,1
Lonchocarpus heudelotianus,Archidendron vaillantii,2941381,0
Racosperma ingramii,Nissolia brasiliensis,10844581,0
Angylocalyx ramiflorus,Calliandra peninsularis,2982288,0
Chaetocalyx matudai,Nissolia brasiliensis,10844581,1
Heistera macroceras,Muraltia alopecuroides,4051253,0
Zygia apoensis,Machaerium seemannii,5355162,0
Securidaca rufescens,Securidaca planchoniana,5658109,1
Albizia macrothyrsa,Archidendron oppositum,2941543,1
Oxylobium sericeum,Gastrolobium sericeum,5627827,1
Hebeandra pubescens,Monnina ramosa,4049348,0
Cynometra leptantha,Lebruniodendron leptanthum,2983909,1
Ononis amoena,Millettia peguensis,5355687,0
Maughania pauciflora,Millettia sericea,7807253,0
Caesalpinia angulicaulis,Erythrostemon angulatus,9381205,1
Pteromonnina macrostachya,Chesneya kopetdaghensis,5353627,0
Polygala propinqua,Badiera propinqua,4050559,1
Otosema fruticosa,Microcharis remotiflora,2963328,0
Lupinus hellerae,Lupinus ornatus,2964090,1
Pilostaxis arenicola,Polygala smallii,3191403,1
Acacia leptoclada,Archidendron quocense,2941256,0
Elsota lamarckii,Dimorphandra exaltata,2974264,0
Monnina myrtilloides,Monnina conferta,4051657,1
Feuilleea texana,Calliandra conferta,2981821,1
Callistachys retusa,Xanthophyllum vitellinum,7293493,0
Ononis spinosiformis,Monnina conferta,4051657,0
Inga splendidissima,Inga splendidissima,5628602,1
Maughania semialata,Flemingia semialata,7491833,1
Caesalpinia texensis,Betencourtia scarlatina,10926174,0
Ononis spinulosa,Ononis atlantica,2977192,1
Dioclea cassinoides,Calobota elongata,7660394,0
Polygala chloroneura,Archidendron bigeminum,2941295,0
Polygala pubescens,Asemeia mollis,7640107,1
Bredemeyera sellowii,Securidaca coriacea,7499347,0
Myrospermum sonsonatense,Myroxylon balsamum,5357190,1
Genista fasselata,Genista cinerea,5347718,0
Leptocyamus latifolius,Glycine latifolia,5359678,1
Dialium ovatum,Dialium pobeguinii,2971004,1
Lupinus dunnettii,Apios fortunei,2966794,0
Moghania stricta,Inga longiflora,5357949,0
Abarema quocense,Monnina macbridei,4050411,0
Inga planisiliqua,Cyclopia galioides,5341873,0
Muraltia squarrosa,Muraltia stipulacea,7652309,1
Calliandra papillosa,Muraltia acipetala,4051291,0
Ebenidium longipes,Amphicarpaea bracteata,2960161,0
Heistera filiformis,Securidaca divaricata,5658161,0
Millettia soyauxii,Millettia soyauxii,8178316,1
Cyclopia brachypoda,Cyclopia falcata,5341865,1
Amphicarpaea chamaecaulis,Amphicarpaea bracteata,2960161,1
Polygala lindenii,Polygala alpina,7481031,0
Coulteria linnaei,Calobota psiloloba,4929862,0
Lotus leptophyllus,Lotus fulgurans,5631994,0
Lepidocoma vestita,Flemingia vestita,5359867,1
Lupinus nutkatensis,Chesneya vaginalis,5353635,0
Mezoneurum oxyphyllum,Erythrostemon exostemma,9313752,1
Racosperma multisiliquum,Lotus garcinii,8298127,0
Pithecellobium aruense,Echinospartum horridum,2959222,0
Drepanocarpus costaricensis,Machaerium donnell-smithii,5355091,1
Pithecellobium novoguineense,Muraltia angulosa,4051236,0
Hedysarum quinquangulatum,Bouffordia dichotoma,10854344,1
Dalbergia venusta,Eutaxia parvifolia,5358150,0
Machaerium affine,Machaerium hirtum,5354979,1
Pultenaea rosmarinifolia,Ononis vaginalis,2977196,0
Polygala pauciramosa,Asemeia lindmaniana,7905432,1
Genista millii,Genista millii,5347833,1
Muraltia conferta,Archidendron glabrum,2941437,0
Inga sordida,Genista numidica,5347589,0
Genista lucida,Calliandra selloi,2981788,0
Feuilleea blanchetii,Calliandra parvifolia,2981824,0
Mimosa carinata,Flemingia lineata,5359831,0
Hoffmannseggia falcaria,Hoffmannseggia glauca,5347492,1
Hoffmannseggia glabra,Hoffmannseggia intricata,5347552,1
Abarema globosa,Inga pilosula,5358111,0
Lupinus pinetorum,Lupinus onustus,2964118,1
Sophora aurea,Calpurnia aurea,2956417,1
Daniellia fosteri,Nissolia blanchetiana,10826885,0
Ononis crassifolia,Archidendron oppositum,2941543,0
Dorycnium strictum,Hebecarpa barbeyana,7552320,0
Caesalpinia coluteifolia,Erythrostemon coluteifolius,9528209,1
Polygala puberula,Archidendron fagifolium,2941550,0
Pithecellobium borneense,Archidendron borneense,2941533,1
Macrolobium ecoucense,Archidendron kuenstleri,2941280,0
Indigofera buchneri,Microcharis buchneri,2963356,1
Millettia melanocalyx,Millettia chrysophylla,5355908,1
Caesalpinia stipulata,Hoffmannseggia miranda,5347554,1
Polygala jaliscana,Hebecarpa rivinifolia,9516978,1
Heistera dregei,Muraltia harveyana,4050568,1
Lotus pilosus,Inga gereauana,5357549,0
Hoffmanseggia oxycarpa,Hoffmannseggia oxycarpa,7628338,1
Feuilleea hirtiflora,Calliandra parvifolia,2981824,0
Comesperma acutifolium,Comesperma ericinum,7293357,1
Pteromonnina dictyocarpa,Monnina dictyocarpa,4051378,1
Anneslia enervis,Calliandra enervis,2982305,1
Monnina coriacea,Monnina meridensis,4050165,1
Securidaca latifolia,Securidaca pubiflora,5658103,1
Elsota acuminata,Securidaca acuminata,5658190,1
Polygala monspeliaca,Gymnospora violoides,8310280,0
Genista hillebrandii,Genista canariensis,5347769,1
Hedysarum diffusum,Bouffordia dichotoma,10854344,1
Racosperma barringtonense,Comesperma polygaloides,4051684,0
Macrolobium benthamii,Gilbertiodendron stipulaceum,2941674,1
Genista mauritiana,Microcharis sessilis,2963316,0
Hippocrepis almeriensis,Daprainia kingiana,11370785,0
Salomonia cordata,Archidendron multifoliolatum,7962038,0
Mundulea richardiana,Millettia richardiana,5355937,1
Deguelia cumingii,Aotus ericoides,5352260,0
Hedysarum sororium,Inga laurina,5358039,0
Polygala pseudohebeclada,Ononis arvensis,2977171,0
Ononis glaucescens,Ononis serrata,2977279,1
Cytisus paivae,Genista paivae,5347556,1
Lebeckia dinteri,Calobota linearifolia,4929863,1
Acacia leptoclada,Acacia leptoclada,2980143,1
Caesalpinia riojana,Hoffmannseggia pumilio,5616924,1
Mimosa lucida,Inga pilosula,5358111,1
Heisteria dregei,Muraltia squarrosa,4049689,1
Polygala canarana,Millettia ahernii,5355713,0
Racosperma excentricum,Acacia excentrica,2979886,1
Mimosa fagifolia,Inga laurina,5358039,1
Bredemeyera flava,Comesperma flavum,4052061,1
Polygala santanderensis,Monnina bonplandiana,4051965,0
Mimosa nitida,Hoffmannseggia viscosa,5347504,0
Telinaria cinerea,Genista cinerea,5347718,1
Polygala vulgaris,Chorizema lowii,8295349,0
Lotus aucheri,Caamembeca oxyphylla,7868452,0
Flemingia vestita,Flemingia vestita,5359867,1
Galactia virgata,Genista albida,5347692,0
Calophaca howenii,Calophaca soongorica,2956886,1
Ononis micrantha,Dialium hydnocarpoides,11270588,0
Anneslia tweediei,Calliandra tweediei,2982058,1
Hebeandra celastroides,Microcharis galpinii,2963300,0
Muraltia metalasiifolia,Archidendron kalkmanii,2941378,0
Carmichaelia ramosa,Inga saltensis,5357770,0
Abarema quocensis,Archidendron quocense,2941256,1
Monnina lorentensis,Monnina lorenziana,4050449,1
Racosperma oxycladum,Acacia oxyclada,2979952,1
Polygala guantanemana,Calpurnia aurea,2956417,0
Inga myriocephala,Polygala amboniensis,4051695,0
Anonis fruticosa,Dialium schlechteri,2970968,0
Polygala brevifolia,Polygala brachyphylla,7550750,1
Asemeia ieoides,Asemeia grandiflora,5658192,1
Sesbania thurberi,Brachypterum robustum,2947483,0
Caesalpinia acutifolia,Securidaca divaricata,5658161,0
Phaseolus velutinus,Dysolobium grande,2963397,1
Acacia nigra,Calliandra chilensis,2982285,1
Cracca fruticosa,Gilbertiodendron limba,2941683,0
Calliandra brandegeei,Machaerium biovulatum,5355033,0
Heisteria acicularis,Polygala karensium,7293419,0
Calliandra pyrophila,Calliandra longipes,2981983,1
Dimorphandra mora,Mora excelsa,5355414,1
Phaseolus dolichicarpus,Machaerium nigrum,5355066,0
Albizia championii,Kotschya aeschynomenoides,2949004,0
Badiera berteroana,Asemeia grandiflora,5658192,1
Flemingia capitata,Archidendron arborescens,2941520,0
Polygala nemorosa,Hebecarpa americana,7364474,1
Feuilleea lindeniana,Muraltia striata,4049625,0
Securidaca oblongifolia,Monnina parviflora,4049871,0
Amphicarpaea elliotii,Amphicarpaea bracteata,2960161,1
Pteromonnina rugosa,Monnina rugosa,4049235,1
Inga hirsuta,Calliandra hirsuta,2982255,1
Monnina arenicola,Lotus dorycnium,7669646,0
Chesneya gaubeana,Chesneya parviflora,5353645,1
Inga fagaraefolia,Inga ciliata,5357813,1
Calliandra tocatina,Monnina weddelliana,4051663,0
Lebeckia decipiens,Calobota sericea,4929855,1
Lugaion radiatum,Genista radiata,5347648,1
Piptanthus mongolicus,Ammopiptanthus mongolicus,2943136,1
Machaerium bangii,Machaerium isadelphum,7932857,1
Anila medicaginea,Microcharis medicaginea,2963336,1
Feuilleea californica,Millettia xylocarpa,5355719,0
Mimosa obtusifolia,Kotschya thymodora,2948966,0
Dorycnium sabaudum,Lotus herbaceus,7815140,1
Platylobium spinosum,Erythrostemon laxus,9307391,0
Polygala nitida,Inga plumifera,5357849,0
Racosperma armillatum,Acacia armillata,2979545,1
Monnina crotalariifolia,Monnina salicifolia,7875295,1
Genista philippii,Camptosema rubicundum,2963247,0
Meibomia dependens,Hanslia ormocarpoides,3978075,1
Monopetalanthus richardsiae,Dimorphandra davisiae,11195414,0
Hoffmannseggia stricta,Hoffmannseggia glauca,5347492,1
Calliandra bullata,Calliandra enervis,2982305,1
Hippocrepis dicarpa,Genista germanica,5347824,0
Machaerium mucronulatum,Machaerium mucronulatum,5354956,1
Acacia bilaura,Acacia elata,2973176,1
Nemcia pulchella,Archidendron crateradenum,2941594,0
Genista capitata,Genista clavata,5347795,1
Racosperma lobulatum,Brachypterum involutum,11375815,0
Polygala tobatiensis,Asemeia tobatiensis,7867727,1
Galactia neesii,Fairchildia panamensis,2951308,0
Cyclopia latifolia,Glycine max,5359660,0
Calliandra asplenioides,Calliandra asplenioides,7524304,1
Geissaspis ciliatodenticulata,Muraltia rubeacea,4049898,0
Acacia prominens,Monnina padifolia,7891141,0
Lonchocarpus griffonianus,Myroxylon peruiferum,5357189,0
Inga rhoifolia,Wiborgia obcordata,8137251,0
Eysenhardtia angustifolia,Eysenhardtia texana,2964734,1
Corallospartium crassicaule,Carmichaelia crassicaulis,5348485,1
Ononis pulchella,Ononis adenotricha,2977273,1
Inga stenocarpa,Inga heterophylla,5357852,1
Lotus macedonicus,Securidaca macrocarpa,5658129,0
Racosperma mallocladum,Brachypterum microphyllum,2947577,0
Bossiaea rhombifolia,Genista canariensis,5347769,0
Chamaespartium nevadense,Genista nevadensis,5627122,1
Nemcia tricuspidata,Genista carinalis,5347609,0
Toluifera pedicellata,Carmichaelia nana,8639774,0
Muraltia confusa,Machaerium brasiliense,5355145,0
Racosperma pravissimum,Ononis tridentata,2977272,0
Desmodium kingianum,Daprainia kingiana,11370785,1
Coronilla depressa,Microcharis tritoides,2963345,0
Duranta pearcei,Calliandra houstoniana,2982067,0
Teramnus clandestinus,Amphicarpaea bracteata,2960161,0
Acacia prosopoides,Adenopodia patens,2952366,1
Chaetocalyx subulatus,Nissolia subulata,11002159,1
Heistera carnosa,Muraltia carnosa,4051027,1
Ononis aucheri,Lotus garcinii,8298127,1
Phaseolodes argenteum,Ononis adenotricha,2977273,0
Inga dolichantha,Muraltia thymifolia,4049581,0
Polygala glandulosa,Monnina richardiana,4049262,1
Machaerium lilacinum,Gastrolobium modestum,5627870,0
Acacia diantreeana,Calliandra tweediei,2982058,0
Abarema kalkmanii,Berlinia occidentalis,2971349,0
Polygala diversifolia,Moutabea guianensis,4051471,0
Anneslia lagunae,Genista albida,5347692,0
Machaerium microphyllum,Machaerium isadelphum,7932857,1
Calliandra tenuiflora,Muraltia alopecuroides,4051253,0
Pongamia taiwaniana,Monnina marginata,9392468,0
Cyanothyrsus ogea,Daniellia ogea,2948722,1
Telinaria aprutia,Genista michelii,5347734,1
Securidaca surinamensis,Ebenus lagopus,5354889,0
Vigna serrana,Hebecarpa velutina,9556567,0
Moghania macrophylla,Heterostemon ellipticus,2943913,0
Archidendron glabrifolium,Archidendron alternifoliolatum,2941540,1
Odonia speciosa,Genista tridentata,5347807,0
Spartium virgatum,Polygaloides paucifolia,7346080,0
Asterocytisus radidtus,Machaerium punctatum,5355098,0
Desmodium quinquangulatum,Lotus maritimus,5356973,0
Hedysarum sericeum,Ebenus pinnata,5354888,1
Racosperma cremiflorum,Acacia cremiflora,2980990,1
Banisteroides stipitatum,Muraltia stipulacea,7652309,0
Albizia eberhardtii,Archidendron eberhardtii,2941481,1
Spartium cytisoides,Calobota cytisoides,3968567,1
Monnina cuneata,Ancylotropis insignis,5658205,1
Machaerium heterophyllum,Machaerium oblongifolium,5355122,1
Deguelia robusta,Xanthophyllum obscurum,4051314,0
Phaseolodes pachycarpum,Acanthocladus moyanoi,5658246,0
Xanthophyllum glandulosum,Dahlstedtia glaziovii,7355391,0
Muraltia sprengelioides,Muraltia juniperifolia,4050483,1
Polygala umbrosa,Flemingia lineata,5359831,0
Chaetocalyx schottii,Nissolia schottii,5358624,1
Inga tubaeformis,Inga longiflora,5357949,1
Calliandra catingae,Calliandra squarrosa,2981876,1
Machaerium macrocarpum,Ononis natrix,2977234,0
Chrysoxylon vinhatico,Ononis alopecuroides,2977222,0
Carmichaelia nana,Carmichaelia nana,8639774,1
Acacia sieberi,Acacia hamiltoniana,2978560,1
Lotus gracilis,Lotus maritimus,5356973,0
Cytisanthus sessilifolius,Genista sessilifolia,5347744,1
Monopteryx jahnii,Fissicalyx fendleri,2943740,1
Lotus oligoceratos,Lotus halophilus,5357005,1
Xanthophyllum lanceolatum,Xanthophyllum lanceolatum,4051488,1
Racosperma concurrens,Acacia concurrens,2978680,1
Lotus argenteus,Ononis arvensis,2977171,0
Heisteria depressa,Polygala sericea,4052075,0
Machaerium acaciaefolium,Machaerium hirtum,5354979,1
Phaseolodes grande,Archidendron lucyi,2941496,0
Feuilleea bicolor,Calliandra parvifolia,2981824,1
Bossiaea tenuicaulis,Inga pilosula,5358111,0
Hoffmannseggia pilosa,Asemeia pohliana,7368941,0
Asemeia leiodes,Asemeia grandiflora,5658192,1
Comesperma floribundum,Xanthophyllum vitellinum,7293493,0
Muraltia conferta,Dialium schlechteri,2970968,0
Calliandra dendroidea,Microcharis butayei,2963307,0
Polygala ovalifolia,Hebecarpa buxifolia,9346779,1
Huttonella compacta,Carmichaelia compacta,5348448,1
Securidaca volubilis,Securidaca brownii,5658177,1
Monnina cuspidata,Monnina polystachya,4049556,1
Phaseolus uleanus,Mysanthus uleanus,2963770,1
Lebeckia sericea,Comesperma secundum,4051554,0
Securidaca sellowiana,Securidaca lanceolata,7584051,1
Polygala maritima,Glycine max,5359660,0
Machaerium rogaguense,Acacia covenyi,2980351,0
Hippocrepis rossetii,Angylocalyx pynaertii,11267336,0
Cadia baronii,Lotus angustissimus,5356931,0
Genista macrotropis,Genista germanica,5347824,1
Racosperma empeliocladum,Collaea speciosa,5352530,0
Hippocrepis velutina,Inga cocleensis,5358068,0
Monnina pilgeri,Monnina sodiroana,4052154,1
Genistella tridentata,Genista tridentata,5347807,1
Feuilleea myriophylla,Dialium orientale,2970964,0
Pithecellobium muricatum,Archidendron muricarpum,2941530,1
Affonsea edwallii,Inga edwallii,5357301,1
Entadopsis scelerata,Adenopodia scelerata,2952363,1
Berlinia delevoyi,Berlinia sapinii,11306658,1
Senega fendleri,Muraltia striata,4049625,0
Calliandra nitida,Polygala amatymbica,4051749,0
Ebenidium plumosum,Genista tricuspidata,5347804,0
Polygala urbani,Quillaja saponaria,3029379,0
Glycine fortunei,Archidendron bauchei,3961221,0
Cytiscus racemosus,Genista canariensis,5347769,1
Monnina macrophylla,Acacia muelleriana,2979954,0
Spartium albicans,Genista canariensis,5347769,1
Berlinia platycarpa,Brachypterum scandens,10779326,0
Affonsea dusenii,Inga edwallii,5357301,1
Galactia pedunculata,Muraltia empetroides,4050715,0
Pteromonnina pterocarpa,Archidendron aruense,7853116,0
Comesperma variabile,Comesperma variabile,4051356,1
Indigofera cana,Salomonia cantoniensis,5421447,0
Polygala acuminata,Polygala amatymbica,4051749,1
Dioclea glycinioides,Camptosema rubicundum,2963247,1
Bossiaea bracteosa,Bossiaea bracteosa,2968337,1
Pylostachya rugelii,Calliandra viscidula,2981809,0
Racosperma amycticum,Acacia amyctica,2980344,1
Anthyllis cretica,Ebenus cretica,5354894,1
Dialium marginatum,Erythrostemon exostemma,9313752,0
Crotalaria pulchella,Calobota cytisoides,3968567,1
Genista ottomanica,Genista germanica,5347824,0
Calpurnia obovata,Ononis vaginalis,2977196,0
Angylocalyx zeucheri,Securidaca diversifolia,5421445,0
Macrolobium pachyanthum,Gilbertiodendron pachyanthum,2941648,1
Callerya songgangensis,Apios fortunei,2966794,1
Echinospartum lugdunense,Ononis arvensis,2977171,0
Teline stenopetala,Genista stenopetala,5347701,1
Dorycnium kotschyi,Dahlstedtia hylobia,10691071,0
Inga ellipsoidea,Ononis spinosa,2977149,0
Dialium yambataense,Genista stenopetala,5347701,0
Millettia gentilii,Millettia barteri,5355814,1
Anneslia pedicellata,Calliandra pedicellata,2982252,1
Pithecellobium calycinum,Genista stenopetala,5347701,0
Albizia mollis,Archidendron molle,7718503,1
Drepanocarpus inundatus,Flemingia parvifolia,5628753,0
Gastrolobium preissii,Gastrolobium spinosum,5350189,1
Wiborgia polystachya,Humularia ledermannii,5349911,0
Indigofera sessilis,Gilbertiodendron ogowense,11198222,0
Glycine membranacea,Alistilus jumellei,2961189,0
Quillaja smegmadermos,Ancistrotropis clitorioides,8296291,0
Muraltia azorella,Muraltia empetroides,4050715,1
Millettia solheidii,Delonix elata,2956174,0
Comesperma esulifolium,Comesperma esulifolium,8302461,1
Lotus broussonetii,Polygala sphenoptera,4051511,0
Polygala ovatifolia,Gastrolobium nervosum,5627863,0
Chorizema chandleri,Ononis fruticosa,2977293,0
Avornela linifolia,Caamembeca andina,11181608,0
Genista longirostrata,Genista tricuspidata,5347804,1
Elsota lanceolata,Securidaca lanceolata,7584051,1
Elsota sylvestris,Securidaca sylvestris,5658080,1
Muraltia levynsiana,Flemingia macrophylla,7848561,0
Lupinus gracilis,Lupinus sarmentosus,2964517,1
Calliandra mertensioides,Epirixanthes elongata,4050415,0
Polygala laotica,Flemingia angusta,5628849,0
Cryptolobus sarmentosus,Amphicarpaea bracteata,2960161,1
Galactia gracillima,Betencourtia gracillima,11087931,1
Chorizema magnifolium,Gastrolobium racemosum,5350207,1
Spiroloba fastuosa,Inga fastuosa,5357762,1
Badiera portoricensis,Badiera penaea,4050594,1
Inga taxifolia,Hebecarpa velutina,9556567,0
Moghania cummingiana,Flemingia macrophylla,5359866,1
Quillaja sellowiana,Comesperma ericinum,7293357,0
Calliandra chotanoana,Asemeia violacea,8077988,0
Viborquia nigrostipellata,Coulteria mollis,3931987,0
Teline candicans,Adenopodia schlechteri,2952373,0
Daniellia mortehanii,Daniellia pynaertii,11271122,1
Decorsea grandidieri,Decorsea grandidieri,2977707,1
Polygala corsica,Brachypterum robustum,2947483,0
Carpolobia conradsiana,Chorizema parviflorum,2968190,0
Lotus sericeus,Archidendron eberhardtii,2941481,0
Polygala ponsii,Glycine tomentella,5359655,0
Machaerium intermedium,Machaerium seemannii,5355162,1
Hippocrepis confusa,Hippocrepis multisiliquosa,5353693,1
Racosperma mearnsii,Acacia mearnsii,2979775,1
Macrolobium bilineatum,Gilbertiodendron bilineatum,2941679,1
Macrolobium zenkeri,Gilbertiodendron zenkeri,2941656,1
Millettia drasticoides,Ebenus laguroides,7302164,0
Indigofera karinensis,Microcharis karinensis,2963354,1
Polygala fimutu,Securidaca diversifolia,5421445,0
Lotus hirtulus,Lotus strictus,5354800,0
Feuilleea rigida,Candolleodendron brachystachyum,2933835,0
Bredemeyera autranii,Lotus angustissimus,5356931,0
Ononis antiquorum,Ononis antiquorum,7589318,1
Ononis sieberi,Ononis sieberi,2977115,1
Pteromonnina cyanea,Monnina cyanea,4050481,1
Polygala zindae,Polygala trichosperma,4050125,1
Hebeandra crassifolia,Inga pilosula,5358111,0
Pithecellobium tjendana,Millettia macrophylla,5355729,0
Sphinctolobium floribundum,Dahlstedtia floribunda,7660507,1
Cylindrokelupha annamense,Archidendron poilanei,2941242,1
Acacia davesoides,Acacia genistifolia,2978740,1
Schrammia caudata,Erythrostemon caudatus,9544011,1
Dorycnium intermedium,Delonix elata,2956174,0
Genista pomelii,Genista tricuspidata,5347804,1
Inga limonensis,Inga densiflora,5357837,1
Mundtia desertorum,Muraltia juniperifolia,4050483,1
Polygala diversifolia,Machaerium hirtum,5354979,0
Racosperma botrydion,Acacia botrydion,2978647,1
Dioclea glycinioides,Epirixanthes elongata,4050415,0
Hippocrepis commutata,Brachypterum philippinense,11371659,0
Wisteria involuta,Calliandra surinamensis,2982188,0
Polygala desertorum,Comesperma nudiusculum,4051796,0
Brachysema latifolium,Calliandra guildingii,2981857,0
Heistera poiretii,Muraltia ericoides,8345157,1
Lupinus rivularis,Brya ebenus,5348895,0
Racosperma chrysellum,Acacia chrysella,2979112,1
Xanthophyllum sarawakensis,Xanthophyllum flavescens,7580773,1
Feuilleea stipulacea,Dialium pobeguinii,2971004,0
Grona filicaulis,Nogra filicaulis,2952635,1
Aotus lanigera,Genista aristata,5347772,0
Lotus americanus,Collaea speciosa,5352530,1
Ononis reclinata,Disynstemon paullinioides,2982879,0
Albizia dalatensis,Ononis viscosa,2977105,0
Lotus lugubris,Lotus jacobaeus,5356916,1
Securidaca fallax,Kotschya schweinfurthii,2948958,0
Smithia stolonifera,Chesneya paucifoliolata,5632684,0
Drepanocarpus floridus,Calliandra eriophylla,2982181,0
Moutabea acostae,Moutabea aculeata,4051535,1
Tetrodea monoica,Amphicarpaea bracteata,2960161,1
Gastrolobium polycephalum,Gastrolobium pyramidale,5360152,1
Flemingia horsfieldii,Xanthophyllum ellipticum,4051861,0
Polygala nutkana,Hebecarpa buxifolia,9346779,1
Mimosa peruviana,Acacia peruviana,3974930,1
Dialium reticulatum,Genista tricuspidata,5347804,0
Feuilleea umbratica,Inga umbratica,5358034,1
Carmichaelia lacustris,Carmichaelia juncea,5628964,1
Lotus pumilus,Polygaloides paucifolia,7346080,0
Indigofera acutifolia,Lotus dorycnium,5632022,0
Polygala undulata,Salomonia cantoniensis,5421447,1
Dorycnium sericeum,Hebecarpa caracasana,9585242,0
Polygala lindmaniana,Asemeia lindmaniana,7905432,1
Machaerium bondaen,Machaerium bondaense,5354941,1
Genista bracteolata,Genista spachiana,5347766,1
Acacia striata,Acacia bakeri,2980723,1
Albizia clypearia,Archidendron clypearia,2941309,1
Xanthophyllum excelsum,Xanthophyllum flavescens,7580773,1
Macrolobium imenoense,Archidendron bubalinum,2941202,0
Racosperma aculeatissimum,Ononis natrix,2977234,0
Acacia daintreeana,Chesneya nubigena,5357277,0
Pithecellobium laxiflorum,Archidendron palauense,2941510,1
Feuilleea bigemina,Archidendron bigeminum,2941295,1
Ebenidium creticum,Lotus longisiliquosus,7820973,0
Lotus genistoides,Lotus holosericeus,5631955,1
Oxylobium graniticum,Millettia penicillata,5355767,0
Caesalpinia californica,Ononis mitissima,2977292,0
Dialium maingayi,Dialium platysepalum,2970972,1
Humularia luentensis,Humularia apiculata,5349880,1
Inga afzelioides,Xanthophyllum flavescens,7580773,0
Falcata bracteata,Securidaca longifolia,5658132,0
Anneslia speciosa,Calliandra hirsuta,2982255,1
Dalea benthamii,Errazurizia benthamii,2967037,1
Feuilleea asplenioides,Calliandra asplenioides,7524304,1
Anonis fruticosa,Ononis fruticosa,2977293,1
Feuilleea virescens,Millettia dubia,11291196,0
Muraltia ruscifolia,Bredemeyera hebeclada,7459931,0
Heinekenia petiorhyncha,Heinekenia petiorhyncha,3975104,1
Muraltia hamata,Muraltia macrocarpa,4050325,1
Heisteria trinervia,Archidendron jiringa,2941605,0
Albizia rostrata,Gilbertiodendron obliquum,2941672,0
Cytisus pinnatus,Polygala serpentaria,8257153,0
Comesperma cordifolium,Comesperma ericinum,7293357,1
Monnina laurifolia,Monnina marginata,9392468,1
Feuilleea speciosa,Echinospartum boissieri,2959219,0
Mundtia candolleana,Lotus lalambensis,5356878,0
Racosperma rigidum,Acacia neorigida,8366717,1
Machaerium papilisetosum,Machaerium glabrum,5355063,1
Chaetocalyx longiflorus,Nissolia longiflora,10749545,1
Polygala regnellii,Ononis serrata,2977279,0
Hoffmannseggia densiflora,Ononis sicula,2977111,0
Cupulanthus bracteolosus,Ancistrotropis peduncularis,7484829,0
Racosperma flavipilum,Acacia flavipila,2979881,1
Polygala claessensii,Quillaja brasiliensis,3029372,0
Pongamia velutina,Nissolia platycarpa,5358622,0
Heterostemon conjugatus,Archidendron jiringa,2941605,0
Millettia sericea,Comesperma calymega,7293259,0
Securidaca corytholobium,Muraltia mixta,7387288,0
Rigiostachys connaroides,Recchia connaroides,8218958,1
Chamaebuxus polygaleoides,Lupinus paraguariensis,2964277,0
Inga guentheri,Inga tenuistipula,5357513,1
Abarema quocense,Archidendron quocense,2941256,1
Nemcia heterophylla,Gastrolobium heterophyllum,5350215,1
Hippocrepis bicontorta,Archidendron fagifolium,2941550,0
Millettia pulchra,Kotschya speciosa,2949011,0
Polygala congoensis,Coulteria cubensis,10786450,0
Phlebotaenia portoricensis,Phlebotaenia cowellii,3191460,1
Feuilleea eriophylla,Xanthophyllum obscurum,4051314,0
Phaseolus tuberosus,Archidendron oppositum,2941543,0
Heisteria brevicornu,Muraltia squarrosa,4049689,0
Polygala hirsuta,Millettia sericea,7807253,0
Genista godetii,Genista germanica,5347824,0
Hippocrepis comosa,Asemeia monninoides,7646613,0
Maughania teysmanniana,Flemingia teysmanniana,5359876,1
Genista borysthenica,Acacia genistifolia,2978740,0
Heistera asparagifolia,Genista humifusa,7808795,0
Muraltia burmanni,Muraltia satureioides,7851822,1
Aruna divaricata,Dialium guianense,2971008,1
Inga jinicuil,Inga inicuil,7592050,1
Senega campestris,Flemingia kerrii,5359893,0
Muraltia ecornuta,Hoita macrostachya,2943710,0
Amerimnon escatophyllum,Xanthophyllum griffithii,7293591,0
Racosperma enterocarpum,Millettia comosa,5355876,0
Muellera glaziovii,Dahlstedtia glaziovii,7355391,1
Racosperma obtusatum,Acacia obtusata,2978250,1
Cylindrokelupha dalatensis,Comesperma nudiusculum,4051796,0
Racosperma courtii,Millettia piscidia,5355786,0
Pithecellobium alatum,Erythrostemon pannosus,9336761,0
Lotus dioscoridis,Machaerium punctatum,5355098,0
Dalbergia sericea,Lotus graecus,5354802,0
Genistella florida,Ononis euphrasiifolia,2977232,0
Adenopodia patens,Flemingia parviflora,5359905,0
Asemeia cumulicola,Asemeia grandiflora,5658192,1
Millettia urophylla,Millettia barteri,5355814,1
Ononis littoralis,Leptocyamus tabacina,3909297,0
Pithecellobium muricatum,Genista stenopetala,5347701,0
Inga purpurea,Dysolobium grande,2963397,0
Chesneya euphratensis,Erythrostemon epifanioi,9239178,0
Lebeckia marginata,Calobota cytisoides,3968567,1
Spartium linifolium,Flemingia sootepensis,5359896,0
Dialium praetermissum,Millettia glaucescens,5355716,0
Kennedynella clandestina,Glycine clandestina,5359647,1
Geissaspis subscabra,Genista segonnei,5347842,0
Genista spathulata,Genista januensis,5347603,1
Carmichaelia corymbosa,Carmichaelia australis,5348429,1
Myrospermum pedicellatum,Erinacea anthyllis,2977757,0
Anneslia parvifolia,Calliandra parvifolia,2981824,1
Cylindrokelupha poilanei,Archidendron robinsonii,2941576,1
Bredemeyera defoliata,Glycine tabacina,5359681,0
Jansonia formosa,Archidendron bubalinum,2941202,0
Cytisus ramosissimus,Archidendron turgidum,2941467,0
Phaseolus ligulatus,Dolichopsis ligulata,5611264,1
Lotus clausonis,Hebecarpa caracasana,9585242,0
Muraltia viminea,Polygala grazielae,4051843,0
Lotus filiformis,Lotus subbiflorus,5356841,1
Cajanus wolgaricus,Calliandra haematocephala,2982155,0
Lupinus dedeckerae,Lupinus padre-crowleyi,2964572,1
Inga codonantha,Lotus conimbricensis,5356971,0
Cytisus philippii,Inga laurina,5358039,0
Comesperma scandens,Comesperma integerrimum,4051972,1
Comesperma contractum,Camptosema rubicundum,2963247,0
Caesalpinia coluteifolia,Padbruggea filipes,2982855,0
Calliandra tocantina,Collaea speciosa,5352530,0
Damapana aeschynomenodes,Ancistrotropis firmula,7481673,0
Caesalpinia pannosa,Erythrostemon pannosus,9336761,1
Ononis pseudocintrana,Millettia grandis,5355756,0
Inga semiglabra,Inga laevigata,5629065,1
Spartium triquetrum,Lotus hirsutus,5354799,0
Abarema kalkmanii,Archidendron kalkmanii,2941378,1
Polygala nutkana,Muraltia calycina,4051061,0
Brachysema modestum,Gastrolobium modestum,5627870,1
Polygala desertorum,Rhinotropis desertorum,7456890,1
Muraltia faciculata,Genista stenopetala,5347701,0
Machaerium discolor,Rhinotropis desertorum,7456890,0
Derris glaziovii,Genista carinalis,5347609,0
Mimosa flagelliformis,Calpurnia sericea,2956423,0
Elsota retusa,Securidaca retusa,8126792,1
Hebeandra mucronata,Monnina bonplandiana,4051965,1
Mimosa houstoniana,Flemingia wightiana,5359890,0
Nemcia cuneata,Bouffordia dichotoma,10854344,0
Maughania paniculata,Inga laevigata,5629065,0
Nemcia dilatata,Muraltia heisteria,4050551,0
Genista palmiformis,Genista spartioides,5347582,1
Uraria retrofructa,Angylocalyx oligophyllus,2952349,0
Calliandra tocatina,Calliandra sessilis,2981978,1
Apios carnea,Apios carnea,7457890,1
Larrea pueblana,Hebecarpa caracasana,9585242,0
Savia volubilis,Amphicarpaea bracteata,2960161,1
Racosperma johannis,Acacia johannis,2979597,1
Enantiospartum radiatum,Genista radiata,5347648,1
Archidendron brevipes,Archidendron lucidum,2941456,0
Millettia obtusa,Ononis ornithopodioides,2977204,0
Amphicarpaea japonica,Amphicarpaea bracteata,2960161,1
Racosperma hemignostum,Berlinia giorgii,2971338,0
Dimorphandra vernicosa,Dimorphandra vernicosa,2974301,1
Racosperma microcalyx,Acacia microcalyx,2978890,1
Machaerium marginatum,Hoffmannseggia drummondii,5347522,0
Salomonia obovata,Salomonia ciliata,7130426,1
Hippocrepis rolandi,Hippocrepis comosa,5353750,1
Ononis adglutinans,Decorsea dinteri,2977710,0
Maughania angusta,Flemingia angusta,5628849,1
Podolobium coriaceum,Monnina cuneata,8216450,0
Dorycnium hirsuitum,Genista hispanica,5347761,0
Racosperma cochlocarpum,Ononis orygalis,3969987,0
Hoita douglasii,Hoita orbicularis,2943707,0
Poinciania gilliesii,Erythrostemon gilliesii,8130309,1
Monnina crotalarioides,Monnina salicifolia,7875295,1
Lonchocarpus hylobius,Calliandra californica,2982062,0
Bossiaea cordifolia,Acacia leptophleba,2978937,0
Adenopodia patens,Adenopodia patens,2952366,1
Lonchocarpus grandiflorus,Myroxylon balsamum,5357190,0
Senega appressa,Gilbertiodendron pachyanthum,2941648,0
Polygala stipulacea,Monnina marginata,9392468,0
Calliandra anthoniae,Lotus maritimus,5356973,0
Genista polyanthus,Millettia pachycarpa,5355731,0
Pithecellobium aruense,Archidendron aruense,7853116,1
Smithia thymodora,Flemingia macrophylla,5359866,0
Bossiaea cordigera,Bossiaea hendersonii,11717774,1
Anneslia parvifolia,Inga splendidissima,5628602,0
Smithia volkensii,Kotschya aeschynomenoides,2949004,1
Mimosa coruscans,Inga laurina,5358039,1
Xanthophyllum laoticum,Lotus hirsutus,5354799,0
Cytisus congestus,Genista tenera,5347751,1
Lupinus inflatus,Polygala ludwigiana,4052273,0
Daniellia punchii,Daniellia ogea,2948722,1
Genista virgata,Kotschya platyphylla,2948974,0
Elsota schlechtendaliana,Securidaca diversifolia,5421445,1
Bredemeyera lucida,Ononis sieberi,2977115,0
Cytisus segonnei,Delonix elata,2956174,0
Inga pitteri,Inga sapindoides,5357706,1
Feuilleea blanchetiana,Inga blanchetiana,5357583,1
Lotus affinis,Archidendron balansae,2941396,0
Adenanthera ossea,Archidendron clypearia,2941309,1
Codonandra coroensis,Calliandra purpurea,2981994,1
Chorizema coriaceum,Gastrolobium coriaceum,5627987,1
Hedysarum dichotomum,Xanthophyllum lanceatum,4051497,0
Grona dalzellii,Genista spachiana,5347766,0
Securidaca cacuminis,Securidaca cacumina,5658176,1
Spartium aetnense,Lotus herbaceus,7815140,0
Polygala sherardioides,Acacia dealbata,2979474,0
Camptosema splendens,Calobota angustifolia,4929861,0
Entadopsis rotundifolia,Moutabea guianensis,4051471,0
Abarema novoguineense,Inga fendleriana,5357504,0
Polygala persicariifolia,Polygala sphenoptera,4051511,1
Phaseoloides piscidia,Ononis striata,2977206,0
Monnina angustata,Inga bullata,5357298,0
Mundtia kraussiana,Carmichaelia australis,5348429,0
Chesneya oliveri,Chesneya rytidosperma,5353632,1
Heistera rigida,Muraltia rigida,4049920,1
Cytisus haensleri,Genista haensleri,5627410,1
Cytisus radiatus,Asemeia violacea,8077988,0
Jansonia pimeleoides,Muraltia scoparia,4049799,0
Feuilleea pavoniana,Gymnospora violoides,8310280,0
Moghania praecox,Flemingia praecox,5359900,1
Lepidocoma nilgheriensis,Muraltia flanaganii,4050605,0
Psoralea schultzii,Julbernardia seretii,2981753,0
Polygala lioranii,Polygala serpyllifolia,3191414,1
Cytisus stenopetalus,Genista stenopetala,5347701,1
Muraltia ciliaris,Muraltia divaricata,4050776,1
Genista bracteolata,Lotus namulensis,5356894,0
Hoita rhomboidea,Genista pilosa,5347571,0
Amblygonocarpus obtusangulus,Bredemeyera hebeclada,7459931,0
Calliandra dendroides,Calliandra asplenioides,7524304,1
Chesneya gaubeana,Diphysa thurberi,5357259,0
Tetragonolobus bouteloui,Lotus maritimus,5356973,1
Feuilleea sapindodes,Calliandra coriacea,2981844,0
Dialium triste,Flemingia macrophylla,5359866,0
Comesperma longibracteatum,Inga densiflora,5357837,0
Racosperma brachycladum,Acacia brachyclada,2979026,1
Anneslia michelii,Flemingia kerrii,5359893,0
Collaea pascuorum,Collaea pascuorum,5631977,1
Telinaria umbellata,Berlinia giorgii,2971338,0
Calliandra tenuiflora,Calliandra surinamensis,2982188,1
Maughania racemosa,Lotus graecus,5354802,0
Ebenus capensis,Polygala brevialata,4049765,0
Clitoria rubiginosa,Betencourtia neesii,10906904,1
Polygala krugii,Machaerium kegelii,5355165,0
Pteromonnina exaltata,Bossiaea rhombifolia,2968314,0
Phaseolodes urophyllum,Julbernardia seretii,2981753,0
Polygala bracteoglandulosa,Acacia multistipulosa,2980127,0
Inga fagifolia,Centrolobium robustum,2945570,0
Banisteroides stipitatum,Xanthophyllum stipitatum,7293350,1
Inga pachycarpa,Inga insignis,5358024,1
Racosperma burdekense,Acacia burdekensis,3979076,1
Abarema glomeriflora,Muraltia pappeana,4050093,0
Abarema mindanaense,Cyclopia meyeriana,5341861,0
Dolichos apioides,Polygala cymosa,3191370,0
Racosperma lacertense,Acacia lacertensis,2980357,1
Inga sinemariensis,Lotus cruentus,5356874,0
Abarema arborescens,Dicraeopetalum stipulare,2974572,0
Polygala glandulosa,Hebecarpa punctata,10786028,1
Securidaca longifolia,Securidaca divaricata,5658161,1
Polygala pubescens,Angylocalyx pynaertii,11267336,0
Atroxima congolana,Atroxima afzeliana,4050746,1
Polygala orobus,Acacia elata,2973176,0
Muraltia burchellii,Ononis tournefortii,2977209,0
Inga donaeana,Polygala trichosperma,4050125,0
Desmodium bakeri,Eleiotis rottleri,2968278,1
Genista sphacelata,Genista fasselata,5347597,1
Comesperma kunthianum,Bredemeyera hebeclada,7459931,1
Polygala loureroi,Archidendron lucidum,2941456,0
Astragalus crassicaulis,Chesneya nubigena,5357277,1
Piptanthus nanus,Lupinus ccorilazensis,3911869,0
Poincianella nelsonii,Bredemeyera floribunda,7293394,0
Heisteria asparagifolia,Muraltia asparagifolia,4051186,1
Maughania semialata,Calliandra foliolosa,2981801,0
Salomonia ramosissima,Dialium platysepalum,2970972,0
Feuilleea tweediei,Calliandra tweediei,2982058,1
Elsota longifolia,Genista pulchella,5347708,0
Muraltia brevifolia,Hoffmannseggia glauca,5347492,0
Lupinus lindenianus,Lupinus pubescens,2964465,1
Polygala stuhlmannii,Acacia provincialis,2979750,0
Tetrapleura andongensis,Xanthophyllum ellipticum,4051861,0
Machaerium paniculatum,Brachypterum cumingii,11370604,0
Larrea watsonii,Acacia pelophila,2980353,0
Racosperma burdekense,Acacia decora,2978514,0
Dialium simsii,Archidendron eberhardtii,2941481,0
Albizia chevalieri,Archidendron chevalieri,2941358,1
Telinaria canariensis,Calliandra asplenioides,7524304,0
Albizia lucyi,Machaerium incorruptibile,5355071,0
Inga plumifera,Inga plumifera,5357849,1
Carmichaelia prona,Carmichaelia juncea,5628964,1
Mundulea revoluta,Mundulea barclayi,2933873,1
Securidaca bahiensis,Securidaca revoluta,5658096,1
Moghania rollae,Chesneya acaulis,5353617,0
Brya leonensis,Millettia caudata,5355895,0
Leptocyamus clandestinus,Glycine clandestina,5359647,1
Acosta aculeata,Moutabea aculeata,4051535,1
Xanthophyllum sumatranum,Erythrostemon gilliesii,8130309,0
Larrea drepanocarpa,Genista carinalis,5347609,0
Racosperma obtusifolium,Acacia obtusifolia,2980237,1
Psorobatus megacarpus,Brachypterum scandens,10779326,0
Monnina meridensis,Inga ruiziana,5357975,0
Salomonia sessilifolia,Salomonia ciliata,7130426,1
Cracca fruticosa,Millettia fruticosa,5355849,1
Bossiaea linnaeoides,Genista tenera,5347751,0
Oxylobium tetragonophyllum,Bredemeyera myrtifolia,7293369,0
Phaseolus lucens,Polygaloides paucifolia,7346080,0
Polygala stipulacea,Muraltia heisteria,4050551,1
Lebeckia capensis,Genista canariensis,5347769,0
Entada rotundifolia,Adenopodia rotundifolia,2952376,1
Caesalpinia exilifolia,Erythrostemon exilifolius,9579433,1
Lotus hispidus,Ononis crispa,2977282,0
Tetragonolobus tetragonolobus,Lotus tetragonolobus,5356862,1
Securidaca cristata,Securidaca calophylla,5658175,1
Elsota marginata,Bredemeyera brevifolia,4050274,0
Flemingia chapper,Flemingia chappar,5359863,1
Zichya latrobeana,Glycine latrobeana,5359674,1
Moghania sarmentosa,Flemingia paniculata,5359909,1
Myroxylon toluiferum,Genista anglica,5347644,0
Dorycnium amani,Erythrostemon palmeri,9415369,0
Quinata violacea,Machaerium quinata,5355133,1
Lotus tingitanus,Polygala sphenoptera,4051511,0
Millettia polystachya,Millettia lenneoides,5355724,1
Feuilleea bigemina,Asemeia grandiflora,5658192,0
Lebeckia candicans,Calobota acanthoclada,7528572,1
Feuilleea brevipes,Dysolobium pilosum,2963403,0
Securidaca floribunda,Securidaca divaricata,5658161,1
Cytisus mutabilis,Genista patens,5354553,1
Polygala montana,Padbruggea dasyphylla,2952312,0
Calliandra peckoltii,Calliandra parvifolia,2981824,1
Mimosa hymenaeoides,Calliandra rubescens,2982006,0
Inga fagaraefolia,Comesperma acerosum,4049253,0
Derris confertiflora,Dahlstedtia confertiflora,8843780,1
Banisterodes glaucum,Xanthophyllum lanceatum,4051497,1
Smithia carsonii,Dialium guianense,2971008,0
Polygala darwiniana,Acanthocladus tehuelchum,5658214,1
Acacia subrotata,Erythrostemon gilliesii,8130309,0
Racosperma covenyi,Securidaca divaricata,5658161,0
Geissaspis chevalieri,Securidaca divaricata,5658161,0
Inga albicans,Inga capitata,5358094,1
Heistera macropetala,Muraltia macropetala,4050299,1
Neodunnia atrocyanea,Millettia richardiana,5355937,1
Muraltia serpyllifolia,Muraltia serpylloides,4049767,1
Feuilleea mollissima,Calliandra mollissima,2981928,1
Muraltia carnosa,Asemeia monninoides,7646613,0
Racosperma filifolium,Acacia paradoxa,2981159,0
Pithecellobium ellipticum,Archidendron ellipticum,8638856,1
Polygala mundiana,Polygala ericifolia,4050225,1
Ortholobium chevalieri,Calliandra lanata,2982271,0
Amphicarpa bracteata,Securidaca coriacea,7499347,0
Machaerium fruticosum,Machaerium nigrum,5355066,1
Genista broteri,Genista micrantha,5347650,1
Genista virgata,Genista virgata,7953000,1
Spongiocarpella yunnanensis,Chesneya yunnanensis,5632656,1
Racosperma campylophyllum,Acacia campylophylla,2979063,1
Gastrolobium corymbosum,Gastrolobium bilobum,5350186,1
Chaetocalyx nigrescens,Nissolia vincentina,10745779,1
Berlinia gilletii,Berlinia giorgii,11254379,1
Coronilla eriocarpa,Hippocrepis eriocarpa,5353710,1
Caesalpinia nelsonii,Erythrostemon nelsonii,9621420,1
Caesalpinia riojana,Kotschya capitulifera,2949024,0
Genista crebrispina,Genista tricuspidata,5347804,1
Lonchocarpus bahianus,Dahlstedtia bahiana,8297269,1
Ononis broussonetii,Lotus dorycnium,5632022,0
Polygala salicifolia,Polygala leptostachys,8522358,0
Polygala declinata,Polygala declinata,4051002,1
Polygala aethiopica,Polygala sphenoptera,4051511,1
Polygala mixta,Muraltia mixta,7387288,1
Indigofera praetermissa,Inga pleiogyna,5357300,0
Pithecellobium robinsonii,Archidendron robinsonii,2941576,1
Muraltia brevifolia,Muraltia dumosa,4050736,1
Geissaspis mendoncae,Humularia mendoncae,5349886,1
Polygala laeta,Hebecarpa obscura,7545780,1
Feuilleea panamensis,Acacia auriculiformis,2981001,0
Genista compressa,Asemeia violacea,8077988,0
Retama webbii,Echinospartum boissieri,2959219,1
Feuilleea hymeneioides,Polygala celosioides,4049178,0
Archidendron mollis,Archidendron molle,2941264,1
Pteromonnina stenophylla,Kotschya strigosa,2949015,0
Hippocrepis atlantica,Hoffmannseggia watsonii,5347511,0
Inga subalata,Inga fendleriana,5357504,1
Feuilleea hymenaeoides,Calliandra hymenaeoides,2982171,1
Genista rumelica,Genista lydia,5347712,1
Racosperma evenulosum,Acacia evenulosa,2980358,1
Bonjeanea sericea,Lotus jordanii,9567879,1
Lotus albus,Lotus strictus,5354800,1
Phaseoloides argenteum,Acacia hylonoma,2979401,0
Lotus patens,Lotus cytisoides,5356937,1
Polygala cinerea,Asemeia violacea,8077988,1
Solori pseudinvoluta,Ebenus barbigera,5630806,0
Ebenus cappadocica,Acacia leptophleba,2978937,0
Dorycnium vexillare,Lotus graecus,5354802,1
Inga guadeloupensis,Bredemeyera brevifolia,4050274,0
Anneslia pittieri,Nissolia microptera,5358641,0
Polygala violacea,Asemeia violacea,8077988,1
Indigofera variabilis,Microcharis welwitschii,2963322,1
Flemingia macrophylla,Flemingia javanica,5628802,1
Calophaca kultiassovii,Calophaca tianschanica,9121541,1
Genista leptophylla,Centrolobium tomentosum,2945575,0
Mimosa sessilis,Inga sessilis,5357552,1
Bossiaea ensata,Lotus maritimus,5356973,0
Racosperma oxycladum,Millettia pachycarpa,5355731,0
Calophaca hovenii,Calophaca soongorica,2956886,1
Inga langlassei,Inga densiflora,5357837,1
Ononis stipularis,Genista aristata,5347772,0
Caesalpinia mexicana,Erythrostemon mexicanus,9619402,1
Salzwedelia sagittalis,Quillaja saponaria,3029379,0
Mimosa tenuifolia,Acacia aculeatissima,2978649,1
Macrostigma australis,Lotus conimbricensis,5356971,0
Caesalpinia brasiliensis,Coulteria cubensis,10786450,1
Feuilleea aspleniodes,Calliandra asplenioides,7524304,1
Cyclopia latifolia,Cyclopia buxifolia,5341856,1
Berlinia globiflora,Julbernardia globiflora,2981760,1
Carpolobia conradsiana,Carpolobia goetzei,4049490,1
Securidaca fendleri,Securidaca diversifolia,5421445,1
Mimosa biflora,Acacia biflora,2978318,1
Angylocalyx zenkeri,Monnina dictyocarpa,4051378,0
Phaseoloides argenteum,Millettia sericea,7807253,1
Abarema teijsemannii,Archidendron minahassae,2941424,1
Pseudoberlinia baumii,Julbernardia paniculata,2981767,1
Feuilleea acrocephala,Inga acrocephala,5357674,1
Hippocrepis arenaria,Hippocrepis constricta,5353697,1
Ononis persica,Dimorphandra conjugata,2974265,0
Millettia bojeri,Atroxima afzeliana,4050746,0
Inga fredoniana,Inga ornata,5357589,1
Caesalpinia pilosa,Hoffmannseggia prostrata,5347537,1
Affonsea vaillantii,Archidendron vaillantii,2941381,1
Monnina argentina,Monnina dictyocarpa,4051378,1
Anneslia pallida,Calliandra rubescens,2982006,1
Aotus virgata,Aotus ericoides,5352260,1
Pithecellobium glomeriflorum,Genista canariensis,5347769,0
Ononis syriaca,Xanthophyllum ellipticum,4051861,0
Poinciana leucantha,Dysolobium pilosum,2963403,0
Kostyczewa trifoliata,Chesneya ternata,5353621,1
Zuccagnia mucronata,Dysolobium pilosum,2963403,0
Telinaria canariensis,Genista canariensis,5347769,1
Myrospermum arboreum,Myroxylon peruiferum,5357189,1
Lupinus amabilis,Acacia cultriformis,2979559,0
Andaca arabica,Lotus arabicus,5356903,1
Oxylobium atropurpureum,Gastrolobium leakeanum,5612520,1
Ononis curtipendula,Hippocrepis areolata,5353722,0
Ononis campestris,Ononis campestris,8005631,1
Millettia calabarica,Millettia barteri,5355814,1
Eutaxia reticulata,Gastrolobium reticulatum,5360155,1
Polygala variabilis,Polygala trichosperma,4050125,1
Falcata pitcheri,Amphicarpaea bracteata,2960161,1
Racosperma dealbatum,Acacia dealbata,2979474,1
Inga afzelioides,Calliandra hymenaeoides,2982171,1
Securidaca capparidifolia,Securidaca longifolia,5658132,1
Heistera pauciflora,Genista stenopetala,5347701,0
Dorycnium broussonetii,Flemingia wightiana,5359890,0
Machaerium secundiflorum,Lotus hirsutus,5354799,0
Millettia brunneosericea,Millettia comosa,5355876,1
Feuilleea guildingii,Hoffmannseggia eremophila,5347532,0
Daniellia caillei,Carmichaelia nana,8639774,0
Carmichaelia multicaulis,Carmichaelia australis,5348429,1
Geissaspis gossweileri,Humularia welwitschii,5349876,1
Banisteroides rufum,Xanthophyllum rufum,4051015,1
Phaseoloides pachycarpum,Gastrolobium dorrienii,5627947,0
Dorycnium sabaudum,Calliandra hymenaeoides,2982171,0
Monnina myrtoides,Monnina arbuscula,4052103,1
Hoffmannseggia glauca,Acacia prominens,2978612,0
Comesperma uncinatum,Comesperma ericinum,7293357,1
Genista cossoniana,Genista spartioides,5347582,1
Chaetocalyx wislizeni,Nissolia wislizeni,5358640,1
Cyclopia teretifolia,Cyclopia genistoides,7508648,1
Polygala commutata,Polygaloides paucifolia,7346080,1
Polygala veronicea,Machaerium lanceolatum,5355092,0
Larrea platycarpa,Hoffmannseggia humilis,5347512,1
Dialium klainei,Monnina marginata,9392468,0
Heistera ericifolia,Muraltia ericifolia,8414336,1
Chaetocalyx perglandulosus,Nissolia vincentina,10745779,1
Nemcia pyramidalis,Gastrolobium pyramidale,5360152,1
Polygala domingensis,Asemeia grandiflora,5658192,1
Monnina piauhensis,Gastrolobium bilobum,5350186,0
Pithecellobium robinsonii,Gilbertiodendron stipulaceum,2941674,0
Calliandra novaesae,Archidendron borneense,2941533,0
Lepidocoma gracilis,Flemingia gracilis,5359860,1
Moghania kerrii,Genista triquetra,8121734,0
Lotus belgradicus,Genista radiata,5347648,0
Racosperma cardiophyllum,Hippocrepis eriocarpa,5353710,0
Polygala polyphylla,Genista sagittalis,5347702,0
Pilostaxis cymosa,Gastrolobium parviflorum,5350206,0
Albizia muelleriana,Acacia genistifolia,2978740,0
Acacia daviesioides,Acacia genistifolia,2978740,1
Acacia rigida,Acacia pravissima,2978643,0
Cytisus tener,Genista tenera,5347751,1
Inga campanulata,Inga bullata,5357298,1
Albizia brevipes,Ebenus sibthorpii,5354896,0
Inga balaensis,Dimorphandra polyandra,2974271,0
Derris involuta,Brachypterum involutum,11375815,1
Cyclopia genistoides,Cyclopia galioides,5341873,1
Passaea ornithopoides,Ononis ornithopodioides,2977204,1
Genista gymnoptera,Genista aspalathoides,5347829,1
Feuilleea clypearia,Inga sapindoides,5357706,0
Pueraria stracheyi,Apios carnea,7457890,1
Albizia turgida,Archidendron turgidum,2941467,1
Myrospermum pereirae,Millettia barteri,5355814,0
Indigofera disjuncta,Betencourtia scarlatina,10926174,0
Anneslia houghiana,Calliandra hirsuta,2982255,1
Lotus borkouanus,Echinospartum boissieri,2959219,0
Anneslia bullata,Hebecarpa palmeri,7743157,0
Nemcia luteifolia,Muraltia carnosa,4051027,0
Myrospermum robiniifolium,Myroxylon peruiferum,5357189,1
Feuilleea guilleminiana,Inga vulpina,5357563,1
Albizia balansae,Archidendron balansae,2941396,1
Caragana acaulis,Chesneya acaulis,5353617,1
Spartium tridens,Genista tridens,5347749,1
Lotus confusus,Genista holopetala,5347723,0
Swartzia panamensis,Fairchildia panamensis,2951308,1
Colutea wolgarica,Calophaca wolgarica,7956731,1
Racosperma kenneallyi,Acacia kenneallyi,2981014,1
Polygala heterophylla,Ononis diffusa,2977289,0
Heistera macropetala,Archidendron minahassae,2941424,0
Lotus allionii,Lotus cytisoides,5356937,1
Ononis laevis,Ononis arvensis,2977171,1
Macrolobium ivorense,Gilbertiodendron limba,2941683,1
Platylobium linifolium,Bossiaea linophylla,2968310,1
Polygala psammophila,Bredemeyera acuminata,4050381,0
Mundulea chapelieri,Ebenus pinnata,5354888,0
Racosperma hylonomum,Polygaloides paucifolia,7346080,0
Heistera poiretii,Bossiaea dentata,2968330,0
Acacia echinata,Acacia echinula,2978370,1
Xanthophyllum acuminatissimum,Securidaca diversifolia,5421445,0
Damapana capitulifera,Kotschya capitulifera,2949024,1
Chesneya vaginalis,Acacia aureocrinita,2978642,0
Polygala ciliata,Muraltia thymifolia,4049581,0
Bugranopsis variegata,Caamembeca insignis,7557565,0
Berlinia splendida,Machaerium declinatum,5354944,0
Mimosa fastuosa,Inga fastuosa,5357762,1
Lotus glaberrimus,Genista anatolica,5347594,0
Archidendron effeminatum,Moutabea pacifica,9990119,0
Nissolia punctata,Machaerium punctatum,5355098,1
Galactia linearifolia,Calliandra laxa,2982019,0
Racosperma durabile,Inga laurina,5358039,0
Polygala zindae,Millettia sericea,7807253,0
Avornela linifolia,Genista linifolia,5347599,1
Cyclopia grandiflora,Cyclopia subternata,5341866,1
Pithecellobium arborescens,Archidendron arborescens,2941520,1
Dorycnium corsicum,Gastrolobium celsianum,5628000,0
Racosperma ixiophyllum,Lotus subbiflorus,5356841,0
Flemingia cavaleriei,Asemeia monninoides,7646613,0
Genista oliveri,Myroxylon balsamum,5357190,0
Myrospermum peruiferum,Myroxylon peruiferum,5357189,1
Poincianella acapulcensis,Erythrostemon acapulcensis,9504589,1
Polygala tenuis,Polygala leptostachys,8522358,1
Genista palmiformis,Hippocrepis emerus,5353705,0
Polygala cantalica,Chesneya macrantha,5357273,0
Smithia bequaertii,Acacia hakeoides,2980906,0
Teline monspessulana,Dialium excelsum,2970947,0
Carmichaelia prona,Lotus biflorus,7636304,0
Derris muehlbergiana,Gastrolobium coriaceum,5627987,0
Dorycnium hispanicum,Lotus dorycnium,5632022,1
Genista broteroi,Genista micrantha,5347650,1
Genista paniculata,Genista canariensis,5347769,1
Racosperma pacyphyllum,Acacia pachyphylla,2978982,1
Polygala wrightii,Archidendron turgidum,2941467,0
Heistera tenuifolia,Muraltia ericoides,8345157,0
Securidaca timboensis,Dialium guineense,2971007,0
Genistella tridentata,Inga chocoensis,5358081,0
Monnina emarginata,Bossiaea scolopendria,2968341,0
Ononis paniculata,Ononis pubescens,2977281,1
Lugaion etnense,Polygala karensium,7293419,0
Securidaca coriacea,Securidaca coriacea,7499347,1
Wiborgia spinosa,Eysenhardtia spinosa,8253620,1
Heisteria longicuspis,Inga sessilis,5357552,0
Pithecellobium macrophyllum,Machaerium salvadorense,5354919,0
Berlinia ivorensis,Gilbertiodendron ivorense,2941643,1
Inga tarapotensis,Inga tarapotensis,5357772,1
Albizia muelleriana,Archidendron muellerianum,7779701,1
Abarema lucida,Archidendron dalatense,2941588,0
Pultenaea neurocalyx,Recchia mexicana,7898222,0
Heistera serpylloides,Asemeia violacea,8077988,0
Vigna peduncularis,Calobota spinescens,4929859,0
Feuilleea maynensis,Millettia lenneoides,5355724,0
Anneslia tweedyi,Flemingia macrophylla,5359866,0
Lotus oligoceratos,Lotus angustissimus,5356931,1
Heistera juniperifolia,Monnina marginata,9392468,0
Ononis schousboei,Ononis leucotricha,2977229,1
Smegmaria emarginata,Quillaja saponaria,3029379,1
Abarema baucheri,Archidendron baucheri,2941382,1
Lupinus jugoslavicus,Lupinus angustifolius,2964025,1
Xanthophyllum multiramosum,Xanthophyllum flavescens,7580773,1
Feuilleea ceacana,Calliandra umbellifera,2982199,1
Cyclopia galioides,Eysenhardtia polystachya,2964737,0
Racosperma chartaceum,Dialium platysepalum,2970972,0
Pteromonnina macrocarpa,Monnina macrocarpa,4050390,1
Heistera calycina,Lotus biflorus,5356877,0
Lotus longicaulis,Acanthocladus dichromus,8890058,0
Polygala communis,Dahlstedtia glaziovii,7355391,0
Polygala congesta,Carmichaelia nana,8639774,0
Acacia semperflorens,Acacia provincialis,2979750,1
Senega timoutou,Polygala timoutou,7293430,1
Machaerium triste,Machaerium brasiliense,5355145,1
Clitoria fulgens,Betencourtia scarlatina,10926174,1
Dorycnium suffruticosum,Lotus dorycnium,5632022,1
Securidaca parvifolia,Securidaca divaricata,5658161,1
Callistachys parviflora,Muraltia squarrosa,4049689,0
Cytisus angulatus,Gonocytisus angulatus,2952409,1
Feuilleea maynensis,Inga maynensis,5357754,1
Machaerium acaciefolium,Machaerium hirtum,5354979,1
Moldenhawera mollis,Coulteria mollis,3931987,1
Securidaca virgata,Securidaca brownii,5658177,1
Derris involuta,Lotus garcinii,8298127,0
Genista scorpius,Genista scorpius,7611653,1
Pterospartum tridentatum,Genista tridentata,5347807,1
Feuilleea myriophylla,Calliandra parvifolia,2981824,1
Sommerfeldtia obovata,Machaerium lunatum,5355075,1
Calophaca acaulis,Chesneya acaulis,5353617,1
Machaerium martii,Flemingia nilgheriensis,5359828,0
Pithecellobium lobatum,Archidendron jiringa,2941605,1
Genista everestiana,Genista stenopetala,5347701,1
Lupinus niger,Monnina pumila,4049396,0
Nissolia quinata,Machaerium quinata,5355133,1
Inga falcistipula,Muraltia leptorhiza,4050401,0
Falcata caroliniana,Amphicarpaea bracteata,2960161,1
Callerya dasyphylla,Padbruggea dasyphylla,2952312,1
Spartium aetnensis,Genista aetnensis,5347587,1
Aotus ferruginea,Flemingia fruticulosa,5359849,0
Larrea texensis,Genista januensis,5347603,0
Acacia asplenioides,Polygala timoutou,7293430,0
Machaerium eriostemon,Erythrostemon exilifolius,9579433,0
Machaerium costaricanum,Machaerium isadelphum,7932857,1
Pithecellobium kubaryanum,Genista canariensis,5347769,0
Polygala volubilis,Polygala macroptera,4052027,1
Lotus schimperi,Hoffmannseggia eremophila,5347532,0
Archidendron peekelii,Archidendron lucyi,2941496,1
Lotus peliorhynchus,Monnina cuneata,8216450,0
Cytisus tener,Inga sapindoides,5357706,0
Calobota cytisoides,Calobota cytisoides,3968567,1
Abarema glomeriflora,Archidendron glomeriflorum,2941385,1
Racosperma ampliatum,Acacia ampliata,2980618,1
Muraltia tenuifolia,Muraltia lancifolia,4050447,1
Julbernardia globifera,Julbernardia globiflora,2981760,1
Hedysarum adhaerens,Hanslia ormocarpoides,3978075,1
Callistachys acuta,Julbernardia globiflora,2981760,0
Genista salditana,Genista ferox,7689832,1
Polygala antillensis,Hebecarpa costaricensis,9482034,1
Polygala graebiana,Polygala leucantha,4049624,1
Dialium acuminatum,Dialium guianense,2971008,1
Muraltia conferta,Genista canariensis,5347769,0
Mullaghera variabilis,Lotus angustissimus,5356931,1
Mimosa plana,Inga cordistipula,5357916,1
Feuilleea ciliata,Inga ciliata,5357813,1
Astragalus larkyaensis,Lotus dorycnium,5632022,0
Badiera caracasana,Hebecarpa caracasana,9585242,1
Monnina cuneata,Echinospartum horridum,2959222,0
Crotalaria elongata,Calobota elongata,7660394,1
Lupinus ornatus,Lupinus chamissonis,2963889,1
Aotus phylicoides,Aotus phylicoides,5352259,1
Bossiaea calycina,Bossiaea spinosa,2968333,1
Bredemeyera acuminata,Inga ursi,5358078,0
Pithecellobium laxiflorum,Acacia incrassata,2978314,0
Bugranopsis tournefortii,Machaerium lunatum,5355075,0
Galactia crassifolia,Carpolobia goetzei,4049490,0
Ononis semihircina,Ononis arvensis,2977171,1
Polygala mollis,Asemeia mollis,7640107,1
Oxylobium virgatum,Gastrolobium retusum,5611865,1
Chaetocalyx brasiliensis,Nissolia brasiliensis,10844581,1
Glycine fortunei,Apios fortunei,2966794,1
Oxylobium obtusifolium,Chorizema obtusifolium,3907493,1
Oxytropis grubovii,Gastrolobium nervosum,5627863,0
Geissaspis kassneri,Humularia kassneri,5349887,1
Xanthophyllum affine,Xanthophyllum flavescens,7580773,1
Caesalpinia violacea,Dysolobium pilosum,2963403,0
Polygala sulcata,Polygala trichosperma,4050125,1
Polygala schimperi,Erythrostemon placidus,9265867,0
Cytisus parviflorus,Inga ursi,5358078,0
Polygala mucronata,Caamembeca insignis,7557565,1
Polygala pohliana,Muraltia macrocarpa,4050325,0
Lotus ehrenbergii,Lotus glinoides,5356852,1
Machaerium arborescens,Machaerium cirrhiferum,5355119,1
Echinospartum horridum,Coulteria cubensis,10786450,0
Racosperma leptolobum,Machaerium lunatum,5355075,0
Dorycnium elongatum,Comesperma spinosum,8402010,0
Machaerium heterophyllum,Inga pilosula,5358111,0
Apios tuberosa,Apios americana,2966796,1
Vigna pilosa,Dysolobium pilosum,2963403,1
Psoralea macrostachya,Hoita macrostachya,2943710,1
Entada schlechteri,Archidendron contortum,2941231,0
Elsota longifolia,Securidaca longifolia,5658132,1
Geissaspis homblei,Humularia drepanocephala,5349894,1
Comesperma lhotzkyanum,Comesperma lhotzkyanum,4051895,1
Albizia bubalina,Muraltia spinosa,7225532,0
Dialium divaricatum,Dialium guianense,2971008,1
Lotus lalambensis,Lotus lalambensis,5356878,1
Inga panamensis,Inga sapindoides,5357706,1
Ononis rentonarensis,Betencourtia martii,10947449,0
Lotus eylesii,Lotus namulensis,5356894,1
Cytisanthus ephedroides,Genista ephedroides,5347647,1
Cytisus spachianus,Genista spachiana,5347766,1
Calliandra speciosa,Calliandra hirsuta,2982255,1
Berlinia preussii,Muraltia muraltioides,4050214,0
Moghania tuberosa,Ononis mitissima,2977292,0
Heisteria macropetala,Muraltia macropetala,4050299,1
Amphicarpaea deltifolia,Camptosema tomentosum,2963270,0
Phaseolus robustus,Gastrolobium nervosum,5627863,0
Albizia glomeriflora,Archidendron glomeriflorum,2941385,1
Spartium pilosum,Calliandra hymenaeoides,2982171,0
Piptadenia kerstingii,Aubrevillea kerstingii,2950900,1
Polygala claessensii,Polygala paludicola,4049747,1
Elsota lateralis,Securidaca lateralis,5658136,1
Caesalpinia arenosa,Erythrostemon pannosus,9336761,1
Pithecellobium minahassae,Genista hispanica,5347761,0
Polygala sanctae-luciae,Hebecarpa costaricensis,9482034,1
Cylindrokelupha platyphylla,Polygala calcarea,8169088,0
Camptosema bellatulum,Carmichaelia odorata,5348460,0
Geissaspis renieri,Humularia renieri,5349906,1
Carmichaelia rivulata,Carmichaelia australis,5348429,1
Lotus trigonelloides,Millettia barteri,5355814,0
Calliandra patrisii,Monnina xalapensis,4051592,0
Calliandra prostrata,Monnina padifolia,7891141,0
Bionia rigida,Lotus jordanii,9567879,0
Genista longirostrata,Gastrolobium melanocarpum,5627882,0
Ebenus capensis,Calobota cytisoides,3968567,1
Chorizema gomphocarpum,Chorizema parviflorum,2968190,1
Bredemeyera praecelsa,Comesperma praecelsum,4051669,1
Indigofera garissaensis,Microcharis garissaensis,2963293,1
Machaerium velutinum,Mecopus nidulans,5352176,0
Nemcia emarginata,Gastrolobium dorrienii,5627947,1
Calliandra obesifolia,Calliandra obesifolia,7852755,1
Polygala minutifolia,Muraltia dumosa,4050736,0
Galactia martii,Aphanocalyx microphyllus,2954240,0
Acacia mirbelii,Julbernardia globiflora,2981760,0
Chaetocalyx pubescens,Nissolia vincentina,10745779,1
Archidendron bequinii,Apios americana,2966796,0
Guatteria incerta,Archidendron lucyi,2941496,0
Securidaca macrostachya,Securidaca diversifolia,5421445,1
Feuilleea foliolosa,Calliandra foliolosa,2981801,1
Lalage ornata,Camptosema spectabile,2963250,0
Ebenidium macrophyllum,Ebenus macrophylla,5630762,1
Lupinus convillei,Lupinus covillei,2963965,1
Chesniella mongolica,Polygala caudata,4049190,0
Cadia baronii,Neoharmsia baronii,8382648,1
Mimosa cassioides,Acacia peruviana,3974930,1
Psoralea macrostachya,Flemingia macrophylla,5359866,0
Hansemannia aruensis,Archidendron aruense,7853116,1
Albizia championiae,Archidendron lucidum,2941456,1
Polygala sancta-luciae,Hebecarpa americana,7364474,1
Senega bonariensis,Polygala bonariensis,4050074,1
Archidendron laxiflorum,Lotus jordanii,9567879,0
Pomaria humilis,Bredemeyera hebeclada,7459931,0
Telinaria humifusa,Inga sapindoides,5357706,0
Scorpius falcatus,Genista falcata,5347654,1
Polygala badensis,Acacia anthochaera,2980712,0
Hippocrepis divaricata,Securidaca virgata,5421446,0
Lotus minor,Flemingia stricta,5359894,0
Oxylobium drummondii,Gastrolobium retusum,5611865,1
Caesalpinia texana,Hoffmannseggia drummondii,5347522,1
Chesneya spinosa,Dysolobium pilosum,2963403,0
Phaseolus velutinus,Polygala scutellata,4052265,0
Trigonia velutina,Archidendron kinubaluense,2941478,0
Genista lusitanica,Echinospartum boissieri,2959219,1
Scorpius anglicus,Ononis cheiranthoides,3970459,0
Polygala regnellii,Polygala cneorum,4051947,1
Macrolobium letestui,Gilbertiodendron grandistipulatum,9199427,1
Caesalpinia pringlei,Coulteria pringlei,11146086,1
Maughania ferruginea,Comesperma ericinum,7293357,0
Pithecellobium lobatum,Archidendron bubalinum,2941202,1
Feuilleea contorta,Archidendron contortum,2941231,1
Pithecellobium ramiflorum,Archidendron ramiflorum,2941451,1
Senega regnellii,Salomonia cantoniensis,5421447,0
Deguelia polyphylla,Amphicarpaea bracteata,2960161,0
Dialium densiflorum,Dialium zenkeri,2970960,1
Chamaespartium tridentatum,Genista tridentata,5347807,1
Hedysarum adhaerens,Discolobium paucijugum,2962225,0
Dalbergia ougeinensis,Inga xalapensis,5357693,0
Elsota tenuifolia,Securidaca tenuifolia,5658078,1
Poincianella placida,Glycine max,5359660,0
Carpolobia leandriana,Carpolobia goetzei,4049490,1
Polygala tenuiloba,Millettia macrophylla,5355729,0
Lebeckia linearifolia,Betencourtia crassifolia,10962628,0
Acacia undulata,Acacia paradoxa,2981159,1
Feuilleea clypearia,Archidendron clypearia,2941309,1
Polygala zahlbruckneri,Polygala garcini,4049364,1
Gastrolobium wonganensis,Gastrolobium wonganense,5627808,1
Codarium solanderi,Dialium guineense,2971007,1
Cytiscus monspessulanus,Inga capitata,5358094,0
Spartium radiatum,Echinospartum barnadesii,7302120,1
Machaerium pungens,Machaerium leucopterum,5354959,1
Racosperma glutinosissimum,Acacia glutinosissima,2980585,1
Spartium congestum,Genista tenera,5347751,1
Smithia africana,Kotschya africana,2948996,1
Lalage hoveaefolia,Lotus mlanjeanus,5356912,0
Maughania stricta,Flemingia stricta,5359894,1
Glycine comosa,Amphicarpaea bracteata,2960161,1
Aprevalia floribunda,Delonix floribunda,2956188,1
Genista barnadesii,Echinospartum barnadesii,7302120,1
Salomonia rigida,Brachypterum microphyllum,2947577,0
Genista hirsuta,Polygala exilis,4049994,0
Corytholobium macrophyllum,Camptosema coccineum,7274954,0
Polygala subsecunda,Polygala brevialata,4049765,1
Smithia capitulifera,Kotschya capitulifera,2949024,1
Macrolobium grandistipulatum,Gilbertiodendron grandistipulatum,9199427,1
Scottia aquifolium,Scottia aquifolium,5928622,1
Nissolia glabrata,Machaerium arboreum,5355155,1
Polygala gracillima,Genista tricuspidata,5347804,0
Ebenidium tragacanthoides,Lupinus angustifolius,2964025,0
Monnina schlechtendaliana,Acanthocladus dichromus,8890058,0
Racosperma gordonii,Acacia gordonii,2978694,1
Larrea platycarpa,Muraltia carnosa,4051027,0
Inga albicans,Machaerium goudotii,5355105,0
Deguelia philippinensis,Glycine dalbergioides,5634248,0
Hansemannia molle,Inga panurensis,5357844,0
Calliandra nipensis,Muraltia rubeacea,4049898,0
Phaseoloides caeruleum,Millettia pachycarpa,5355731,0
Abarema syringifolia,Archidendron syringifolium,2941559,1
Anthyllis erinacea,Bossiaea ornata,2968307,0
Caesalpinia hintonii,Muraltia heisteria,4050551,0
Ononis broteriana,Ononis baetica,2977098,1
Phaseolus lucens,Dysolobium lucens,2963384,1
Polygala emoryi,Rhinotropis lindheimeri,7660144,1
Acacia microcantha,Calliandra hirsuta,2982255,0
Feuilleea glyphoxylon,Gastrolobium latifolium,5627898,0
Glycine pubescens,Nissolia vincentina,10745779,1
Polygala buxifolia,Polygaloides chamaebuxus,4051746,1
Comesperma hirtulum,Comesperma virgatum,7293549,0
Gastrolobium lineare,Machaerium myrianthum,5354915,0
Machaerium compressicaule,Machaerium madeirense,5355043,1
Feuilleea venosa,Lupinus prunophilus,2964282,0
Inga vouapifolia,Inga heterophylla,5357852,1
Trichlisperma paucifolium,Polygaloides paucifolia,7346080,1
Rhynchosia holubii,Ebenus cretica,5354894,0
Flemingia racemosa,Flemingia parviflora,5359905,1
Afgekia filipes,Padbruggea filipes,2982855,1
Acacia cunninghamii,Acacia concurrens,2978680,1
Lonchocarpus glaziovii,Asemeia acuminata,8154099,0
Polygala graminifolia,Comesperma virgatum,7293549,0
Leptocyamus elongatus,Glycine tabacina,5359681,1
Tetragonolobus tetragonolobus,Ononis euphrasiifolia,2977232,0
Heisteria heisteria,Millettia pachycarpa,5355731,0
Lupinus punensis,Gastrolobium nervosum,5627863,0
Moghania bracteata,Acacia elata,2973176,0
Calliandra tapirorum,Muraltia ericifolia,8414336,0
Oxylobium dorrienii,Cyclopia falcata,5341865,0
Indigofera pseudoindigofera,Dahlstedtia confertiflora,8843780,0
Polygala ligustroides,Securidaca inappendiculata,7293407,0
Genista gracilis,Monnina marginata,9392468,0
Inga longiflora,Caamembeca grandifolia,8265068,0
Poinciana regia,Delonix regia,2956176,1
Hualania microphylla,Rhamphopetalum microphyllum,10717476,1
Polygala mexicana,Rhinotropis parryi,7959785,0
Dialium laurentii,Cadia purpurea,2968353,0
Genista repens,Genista pilosa,5347571,1
Mimosa monadelpha,Archidendron bigeminum,2941295,1
Pithecellobium bellum,Archidendron bellum,2941284,1
Aotus lanigera,Aotus lanigera,5352268,1
Inga titiribiana,Dialium procerum,2970983,0
Monopteryx jahnii,Badiera oblongata,4050599,0
Solori microphylla,Brachypterum microphyllum,2947577,1
Drepanocarpus isadelphus,Machaerium isadelphum,7932857,1
Lotus montanus,Lotus quinatus,5356887,1
Polygala guatemalensis,Dysolobium lucens,2963384,0
Daniellia klainei,Daniellia klainei,2948729,1
Vouapa limba,Gilbertiodendron limba,2941683,1
Machaerium discolor,Machaerium declinatum,5354944,1
Racosperma alpinum,Acacia alpina,2978904,1
Bredemeyera hilaireana,Hippocrepis comosa,5353750,0
Dorycnium stenocladum,Lotus dorycnium,5632022,1
Xanthophyllum flavum,Xanthophyllum rufum,4051015,1
Pteromonnina herzogii,Monnina herzogii,4050872,1
Anneslia diquetii,Calliandra pauciflora,2982147,0
Phaseolus crassifolius,Machaerium stipitatum,5355152,0
Genista hypericifolia,Genista hypericifolia,5627343,1
Teline osmariensis,Genista osmariensis,5347801,1
Millettia mavangensis,Carmichaelia australis,5348429,0
Teline eriocarpa,Genista monspessulana,5347796,1
Inga preussii,Calliandra harrisii,2982277,0
Muraltia squarrosa,Genista monspessulana,5347796,0
Millettia baronii,Millettia richardiana,5355937,1
Cytisus spachianus,Inga uraguensis,5357546,0
Machaerium fluminense,Hesperolaburnum platycarpum,2941705,0
Calliandra coroensis,Inga pilosula,5358111,0
Carpolobia glabrescens,Carpolobia alba,4049539,1
Inga radiata,Inga umbratica,5358034,1
Lupinus maissurianii,Lupinus angustifolius,2964025,1
Feuilleea plumifera,Inga plumifera,5357849,1
Chesniella ferganensis,Genista sibirica,5347619,0
Muraltia candollei,Comesperma virgatum,7293549,0
Maughania angusta,Daniellia ogea,2948722,0
Adenocarpus wolgensis,Calophaca wolgarica,7956731,1
Lebeckia cinerea,Millettia fruticosa,5355849,0
Inga laurifolia,Campsiandra laurifolia,2933025,1
Brachysema platypteron,Hippocrepis glauca,5353703,0
Anthyllis capensis,Calliandra magdalenae,2982131,0
Pithecellobium grandiflorum,Polygala cymosa,3191370,0
Acacia cultrata,Echinospartum horridum,2959222,0
Racosperma pinguiculosum,Calliandra tolimensis,7999567,0
Albizia championiae,Millettia richardiana,5355937,0
Lotus corbierei,Caamembeca salicifolia,9335158,0
Inga setigera,Inga stipulacea,5358071,1
Nemcia dorrienii,Polygala serpyllifolia,3191414,0
Myroxylon hanburyanum,Myroxylon balsamum,5357190,1
Bredemeyera parviflora,Bredemeyera myrtifolia,7293369,1
Dalbergia krowee,Millettia barteri,5355814,0
Polygala decaisnei,Calliandra aeschynomenoides,2981855,0
Chaetocalyx bracteosus,Ononis ramosissima,2977250,0
Comesperma aphyllum,Comesperma aphyllum,4049200,1
Abarema pahangensis,Archidendron pahangense,2941406,1
Chamaespartium sagittale,Genista sagittalis,5347702,1
Pithecolobium selloi,Calliandra selloi,2981788,1
Racosperma biflorum,Genista segonnei,5347842,0
Myroxylon sonsouatense,Myroxylon balsamum,5357190,1
Polygala verdickii,Genista sessilifolia,5347744,0
Cytisus microphyllus,Eleiotis sororia,2968282,0
Dorycnium stenophyllum,Hoffmannseggia glauca,5347492,0
Bredemeyera revoluta,Lotus herbaceus,7815140,0
Millettia cavitensis,Millettia ahernii,5355713,1
Moghania hockii,Flemingia hockii,11123912,1
Swartzia brachystachya,Nissolia longiflora,10749545,0
Bredemeyera retusa,Comesperma retusum,4051630,1
Racosperma isoneurum,Gastrolobium melanocarpum,5627882,0
Heisteria beiliana,Muraltia muraltioides,4050214,1
Spartium horridum,Echinospartum horridum,2959222,1
Falcata edgeworthii,Amphicarpaea edgeworthii,2960189,1
Cytisus sericeus,Comesperma nudiusculum,4051796,0
Lupinus amplus,Salomonia ciliata,7130426,0
Genista pontica,Genista lydia,5347712,1
Genista transcaucasica,Gastrolobium plicatum,5360162,0
Racosperma cardiophyllum,Acacia cardiophylla,2978934,1
Lupinus soukupianus,Lupinus soukupianus,3907243,1
Flemingia bhottea,Lotus jordanii,9567879,0
Mucuna recta,Genista canariensis,5347769,0
Caesalpinia oyamae,Archidendron jiringa,2941605,0
Millettia zollingeriana,Comesperma viscidulum,4051273,0
Abarema borneensis,Lupinus nanus,2964223,0
Lotus purpureus,Lotus tetragonolobus,5356862,1
Polygala fasciculata,Muraltia ericoides,8345157,1
Inga suturalis,Inga umbratica,5358034,1
Inga superbiens,Quillaja brasiliensis,3029372,0
Racosperma kingianum,Gastrolobium modestum,5627870,0
Mimosa scutifera,Archidendron scutiferum,2941420,1
Spongiocarpella grubovii,Dalhousiea bracteata,2970581,0
Racosperma inamabile,Acacia inamabilis,2980526,1
Teline bracteolata,Monnina dictyocarpa,4051378,0
Paralbizzia platycarpa,Archidendron merrillii,2941600,1
Lonchocarpus mossambicensis,Millettia stuhlmannii,5355934,1
Cyclopia montana,Lotus conimbricensis,5356971,0
Polygala columbica,Muraltia aspalatha,4051201,0
Ononis gibraltarica,Genista majorica,5347563,0
Phaseolus oblongifolius,Ancistrotropis clitorioides,8296291,1
Lupinus franciscanus,Coulteria glabra,10760814,0
Nemcia coriacea,Polygala longifolia,4049199,0
Racosperma hemignostum,Acacia hemignosta,2980601,1
Hoffmannseggia densiflora,Hoffmannseggia glauca,5347492,1
Bredemeyera kunthiana,Bredemeyera hebeclada,7459931,1
Dioclea glycinoides,Camptosema rubicundum,2963247,1
Lupinus milo-bakeri,Lupinus luteolus,2963818,1
Cytisus angulatus,Centrolobium robustum,2945570,0
Avornela canariensis,Genista canariensis,5347769,1
Betencourtia rhynchosioides,Betencourtia martii,10947449,1
Lotus palaestinus,Hebecarpa costaricensis,9482034,0
Ononis altissima,Acanthocladus brasiliensis,5658224,0
Berlinia grandiflora,Berlinia coriacea,2971348,1
Xanthophyllum ellipticum,Asemeia monticola,8344266,0
Cytisanthus sessilifolius,Xanthophyllum erythrostachyum,4051852,0
Feuilleea velutina,Inga velutina,5357985,1
Lupinus pinetorum,Inga pilosula,5358111,0
Feuilleea peruviana,Inga longipes,5357771,1
Shuteria ferruginea,Amphicarpaea ferruginea,2960203,1
Securidaca densiflora,Muraltia acipetala,4051291,0
Aspalthium acaulis,Kartalinia acaulis,10744511,1
Securidaca myrtifolia,Apios carnea,7457890,0
Asphalthium acaule,Kartalinia acaulis,10744511,1
Phaseolus peduncularis,Ancistrotropis peduncularis,7484829,1
Acacia cloncurrensis,Genista pubescens,7709518,0
Lotus purpureus,Genista sagittalis,5347702,0
Abarema borneense,Archidendron borneense,2941533,1
Caesalpinia arida,Monnina salicifolia,7875295,0
Pithecellobium subacutum,Archidendron clypearia,2941309,1
Polygala comesperma,Ononis rotundifolia,2977131,0
Inga capuchoi,Inga capitata,5358094,1
Racosperma chrysellum,Asemeia grandiflora,5658192,0
Maughania strobilifera,Flemingia strobilifera,5359843,1
Banisterodes stipitatum,Xanthophyllum stipitatum,7293350,1
Lupinus canaliculatus,Eysenhardtia polystachya,2964737,0
Polygala chamaebuxus,Inga insignis,5358024,0
Racosperma flocktoniae,Acacia flocktoniae,2978786,1
Feuilleea tozeri,Archidendron grandiflorum,2941212,1
Archidendron gogolense,Archidendron gogolense,7483343,1
Caesalpinia epifanioi,Caamembeca grandifolia,8265068,0
Gompholobium maculatum,Polygala crotalarioides,3191438,0
Feuilleea angustifolia,Calliandra angustifolia,2982331,1
Geissaspis kapandensis,Salomonia ciliata,7130426,0
Polygala hyssopifolia,Hebecarpa rivinifolia,9516978,0
Xanthophyllum forbesii,Lotus strictus,5354800,0
Genista cazorlana,Genista pseudopilosa,5347803,1
Millettia drasticoides,Millettia drastica,5355671,1
Dialium marginatum,Dialium indum,2970993,1
Oxylobium genistoides,Chorizema genistoides,2968202,1
Maughania wallichii,Erythrostemon glandulosus,9237314,0
Machaerium affine,Securidaca elliptica,5658157,0
Machaerium mucronatum,Machaerium incorruptibile,5355071,1
Senega suganumae,Polygala suganumae,7869769,1
Anneslia compacta,Calliandra rubescens,2982006,1
Racosperma incanicarpum,Lotus palustris,5356941,0
Monnina petiolaris,Caamembeca salicifolia,9335158,0
Nissolia multiflora,Nissolia microptera,5358641,1
Salomonia uncinata,Salomonia ciliata,7130426,1
Salomonia leptostachya,Kartalinia acaulis,10744511,0
Chesniella mongolica,Chesneya mongolica,5353644,1
Ononis damanti,Polygala declinata,4051002,0
Dialium kasaiense,Dialium kasaiense,2970971,1
Racosperma armillatum,Muraltia macroceras,4050318,0
Abarema mindanaense,Archidendron fagifolium,2941550,1
Heistera trinervia,Muraltia trinervia,4049576,1
Racosperma echinuliflorum,Flemingia vestita,5359867,0
Feuilleea meissneriana,Asemeia grandiflora,5658192,0
Abarema utilis,Machaerium isadelphum,7932857,0
Caesalpinia robinsoniana,Erythrostemon robinsonianus,9341323,1
Muraltia dontolopha,Nemcia epacridoides,2977434,0
Genista lugdunensis,Echinospartum horridum,2959222,1
Pteromonnina lorenziana,Monnina lorenziana,4050449,1
Pteromonnina fosbergii,Monnina fosbergii,4051095,1
Ulex capensis,Polygala preslii,4051480,0
Calliandra pitophila,Machaerium hirtum,5354979,0
Cytisus linifolius,Mundulea chapelieri,2933881,0
Heisteria metalasiifolia,Inga cocleensis,5358068,0
Banisteroides ellipticum,Adenopodia schlechteri,2952373,0
Polygala linearis,Polygala gracilenta,4052053,1
Cyclopia sessiliflora,Inga acrocephala,5357674,0
Poincianella caladenia,Erythrostemon caladenia,9430755,1
Lotus diffusus,Bossiaea rhombifolia,2968314,0
Anneslia purpurea,Genista tricuspidata,5347804,0
Pedrosia berthelotii,Lebruniodendron leptanthum,2983909,0
Virgilia grandis,Inga mendoncaei,5357545,0
Racosperma obtusatum,Flemingia strobilifera,5359843,0
Acacia hybrida,Acacia paradoxa,2981159,1
Polygala macradenia,Xanthophyllum octandrum,4051298,0
Polygala miamiensis,Asemeia grandiflora,5658192,1
Humularia bakerana,Humularia apiculata,5349880,1
Derris philippinensis,Polygala hohenackeriana,4051131,0
Heisteria rigida,Cyclopia latifolia,5341857,0
Abarema teijsmannii,Archidendron minahassae,2941424,1
Ononis purpurea,Machaerium stipitatum,5355152,0
Archidendron bequinii,Archidendron beguinii,2941446,1
Banisteroides longifolium,Lotus berthelotii,5356822,0
Shuteria trisperma,Amphicarpaea edgeworthii,2960189,1
Bonjeania graeca,Lotus graecus,5354802,1
Polygala quartiniana,Kotschya scaberrima,2948969,0
Inga mendoncae,Inga mendoncaei,5357545,1
Heistera brevicornu,Calliandra peninsularis,2982288,0
Abarema scutifera,Archidendron scutiferum,2941420,1
Tephrosia sericea,Carmichaelia juncea,5628964,0
Machaerium pachyphyllum,Machaerium kegelii,5355165,1
Indigofera cufodontii,Archidendron bigeminum,2941295,0
Colutea americana,Diphysa americana,5357263,1
Polygala jablotzkiana,Polygala hohenackeriana,4051131,1
Carmichaelia subulata,Carmichaelia australis,5348429,1
Canavalia lucens,Archidendron syringifolium,2941559,0
Comesperma aemulum,Comesperma virgatum,7293549,1
Smithia goetzei,Kotschya goetzei,2949028,1
Macrolobium chevalieri,Genista tenera,5347751,0
Polygala parvula,Polygala asperuloides,4050743,0
Mora conjugata,Betencourtia scarlatina,10926174,0
Macrolobium ivorense,Carmichaelia australis,5348429,0
Racosperma confusum,Echinospartum horridum,2959222,0
Pithecellobium tozeri,Comesperma confertum,7293668,0
Polygala cestrifolia,Securidaca calophylla,5658175,0
Phaseolodes sericeum,Polygala calcarea,8169088,0
Larrea gladiata,Chorizema ilicifolium,2968201,0
Monnina gaudroniana,Coulteria pumila,10894741,0
Cytisus monspessulanus,Calliandra blanchetii,2982309,0
Zygia fagifolia,Archidendron fagifolium,2941550,1
Berlinia acuminata,Monnina salicifolia,7875295,0
Genista horrida,Polygala nambalensis,4050760,0
Inga coprocarpa,Inga chocoensis,5358081,1
Ebenus stipulacea,Ebenus laguroides,7302164,1
Dialium pentandrum,Chesneya parviflora,5353645,0
Calliandra novaesae,Calliandra haematocephala,2982155,1
Anonis natrix,Hippocrepis comosa,5353750,0
Acacia tenuifolia,Acacia aculeatissima,2978649,1
Polygala brevifolia,Hippocrepis scabra,5353706,0
Pithecellobium ferdinandi-muelleri,Archidendron ramiflorum,2941451,1
Acacia cyclopis,Acacia paradoxa,2981159,0
Glycine apios,Hippocrepis emerus,5353705,0
Moghania fruticulosa,Flemingia fruticulosa,5359849,1
Centrolobium robustum,Centrolobium robustum,2945570,1
Ebenidium sibthorpii,Ebenus sibthorpii,5354896,1
Inga pittieri,Inga sapindoides,5357706,1
Abarema harmsii,Monnina tristaniana,7293618,0
Cryptostomum guianense,Inga velutina,5357985,0
Polygala acanthoclada,Berlinia bracteosa,2971336,0
Millettia fruticosa,Dialium pachyphyllum,2970936,0
Millettia pueroroides,Millettia puerarioides,5355763,1
Feuilleea setosa,Hippocrepis comosa,5353750,0
Callistachys atropurpurea,Gastrolobium leakeanum,5612520,1
Acacia intertexta,Erythrostemon gilliesii,8130309,0
Ormocarpum thurberi,Diphysa thurberi,5357259,1
Ononis marocana,Ononis biflora,2977198,1
Monnina salicifolia,Genista stenopetala,5347701,0
Lupinus vaginans,Securidaca coriacea,7499347,0
Acacia pravissima,Monnina cuneata,8216450,0
Dorycnium iberecum,Dorycnium iberecum,3972885,1
Callistachys capitata,Gastrolobium capitatum,5628003,1
Geissaspis mendoncae,Millettia lenneoides,5355724,0
Lophostylis floribunda,Securidaca welwitschii,5658068,1
Calliandra schultzei,Muraltia squarrosa,4049689,0
Polygala brachyanthema,Ebenus stellata,5354890,0
Millettia canariifolia,Lotus dorycnium,5632022,0
Cylindrokelupha yunnanensis,Millettia sericea,7807253,0
Feuilleea insignis,Monnina bonplandiana,4051965,0
Polygala oleifera,Polygala butyracea,7293327,1
Leptolobium clandestinum,Xanthophyllum flavescens,7580773,0
Carmichaelia arenaria,Carmichaelia australis,5348429,1
Polygala parietaria,Genista umbellata,8000707,0
Pseudoentada patens,Adenopodia patens,2952366,1
Feuilleea californica,Calliandra californica,2982062,1
Sennia sciap-sciaple,Dialium orientale,2970964,1
Monnina mollis,Archidendron tenuiracemosum,2941390,0
Pithecellobium inundatum,Flemingia parviflora,5359905,0
Polygala moldavica,Polygala major,7372627,1
Heistera pubescens,Comesperma virgatum,7293549,0
Gastrolobium polycephalum,Ononis pubescens,2977281,0
Calobota decipiens,Polygala sinaica,7293610,0
Monnina richardiana,Acacia ayersiana,2978497,0
Caesalpinia yucatanensis,Erythrostemon yucatanensis,9270348,1
Mimosa spicata,Inga multicaulis,5357732,0
Banisterodes ellipticum,Xanthophyllum ellipticum,4051861,1
Carmichaelia juncea,Carmichaelia juncea,5628964,1
Inga verrucosa,Inga laurina,5358039,1
Machaerium indutum,Machaerium polyphyllum,5355047,1
Errazurizia glandulifera,Genista tenera,5347751,0
Feuilleea depauperata,Calliandra depauperata,2981989,1
Derris timorensis,Polygala equisetoides,4050240,0
Lotus belgradicus,Lotus graecus,5354802,1
Ononis nainii,Polygala wuzhishanensis,4051908,0
Caesalpinia miranda,Calliandra mollissima,2981928,0
Polygala cucullata,Lupinus prunophilus,2964282,0
Indigofera acutifolia,Microcharis disjuncta,2963282,1
Lotus capillipes,Comesperma calymega,7293259,0
Dialium bipindense,Dialium excelsum,2970947,1
Teline linifolia,Genista linifolia,5347599,1
Hebecarpa reducta,Hebecarpa barbeyana,7552320,1
Racosperma estrophiolatum,Acacia estrophiolata,2979855,1
Oxylobium vestitum,Gastrolobium vestitum,5627812,1
Clelia cylindrocarpa,Calliandra hymenaeoides,2982171,0
Mimosa djiringa,Ononis diffusa,2977289,0
Flemingia trinerva,Gastrolobium formosum,5627923,0
Flemingia involucrata,Genista lydia,5347712,0
Xanthophyllum citrifolium,Aotus ericoides,5352260,0
Polygala uliginosa,Polygala timoutou,7293430,1
Feuilleea tozeri,Calobota psiloloba,4929862,0
Mimosa sinemariensis,Chorizema aciculare,7757885,0
Feuilleea laxa,Inga laurina,5358039,0
Abarema teijsemannii,Microcharis garissaensis,2963293,0
Comesperma ramosissimum,Comesperma nudiusculum,4051796,1
Nissolia stipitata,Machaerium punctatum,5355098,1
Racosperma multistipulosum,Gastrolobium subcordatum,5627821,0
Calliandra clavellina,Calliandra purdiei,2982326,1
Acacia subfalcata,Acacia daphnifolia,2979062,1
Genista syriaca,Polygala brevialata,4049765,0
Abarema poilanei,Chorizema dicksonii,2968200,0
Hippocrepis divaricata,Hippocrepis areolata,5353722,1
Bredemeyera revoluta,Securidaca revoluta,5658096,1
Spongiocarpella grubovii,Chesneya macrantha,5357273,1
Polygala heisteria,Muraltia heisteria,4050551,1
Pithecellobium vaillantii,Rhamphopetalum microphyllum,10717476,0
Nissolia reticulata,Machaerium reticulatum,3968589,1
Moghania bracteata,Flemingia strobilifera,5359843,1
Racosperma microcalyx,Monnina salicifolia,7875295,0
Mimosa bigemina,Archidendron bigeminum,2941295,1
Bredemeyera acuninata,Hebecarpa obscura,7545780,0
Cytisus cinereus,Bredemeyera myrtifolia,7293369,0
Macrolobium obliquum,Gilbertiodendron obliquum,2941672,1
Racosperma ericksoniae,Muraltia aspalatha,4051201,0
Ebenidium sibthorpii,Brya ebenus,5348895,0
Mora megistosperma,Mora oleifera,5355420,1
Genista cinerea,Genista cinerea,8115468,1
Cytisanthus aetnensis,Genista aetnensis,5347587,1
Enantiospartum radiatum,Genista pubescens,7709518,0
Collaea paraguariensis,Calliandra purpurea,2981994,0
Abarema lovelliae,Archidendron lovelliae,2941581,1
Polygala americana,Hebecarpa americana,7364474,1
Genista grossii,Genista dorycnifolia,5347679,1
Monnina nervosa,Adenopodia rotundifolia,2952376,0
Polygala hebecarpa,Lotus parviflorus,5356892,0
Muraltia pachyphylla,Muraltia rhamnoides,4049938,1
Acacia davesoides,Lotus strictus,5354800,0
Polygala neglecta,Lotus glinoides,5356852,0
Leptocyamus sericeus,Acacia microcalyx,2978890,0
Indigofera gillettii,Microcharis tritoides,2963345,1
Acacia triangularis,Acacia biflora,2978318,1
Lonchocarpus grandiflorus,Dahlstedtia grandiflora,8096600,1
Emerus major,Hippocrepis emerus,5353705,1
Polygala linifolia,Calobota psiloloba,4929862,0
Banisteroides maingayi,Xanthophyllum eurhynchum,7293612,1
Abarema muelleriana,Muraltia aspalatha,4051201,0
Genista moleroi,Campsiandra laurifolia,2933025,0
Caesalpinia mexicana,Dialium guianense,2971008,0
Delonix leucantha,Delonix leucantha,2956166,1
Chamaespartium nevadense,Muraltia acicularis,4051299,0
Dorycnium kotschyanum,Calliandra hymenaeoides,2982171,0
Toluifera pubescens,Myroxylon peruiferum,5357189,1
Nissolia robusta,Centrolobium robustum,2945570,1
Racosperma filifolium,Acacia filifolia,2978300,1
Racosperma adinophyllum,Genista germanica,5347824,0
Rhynchodium acaule,Kartalinia acaulis,10744511,1
Catocoma mollis,Hoita strobilina,2944086,0
Annesleya myriophylla,Coulteria glabra,10760814,0
Abarema muelleriana,Archidendron muellerianum,7779701,1
Eutaxia baxteri,Millettia sericea,7807253,0
Indigofera butayei,Microcharis butayei,2963307,1
Feuilleea borneense,Securidaca longifolia,5658132,0
Phalseolus max,Muraltia heisteria,4050551,0
Genista sennenii,Gastrolobium heterophyllum,5350215,0
Acacia microacantha,Humularia apiculata,5349880,0
Orthotropis pungens,Chorizema aciculare,7757885,1
Hansemannia molle,Archidendron molle,2941264,1
Westia auriculata,Berlinia auriculata,2971346,1
Machaerium schunkei,Machaerium isadelphum,7932857,1
Solori pseudinvoluta,Brachypterum pseudinvolutum,11374322,1
Lupinus rivularis,Lupinus chamissonis,2963889,1
Westia bracteosa,Cyclopia bowieana,5341871,0
Pedrosia argentea,Lotus argyrodes,5357009,1
Stauracanthus lusitanicus,Asemeia acuminata,8154099,0
Lebeckia parvifolia,Calobota angustifolia,4929861,1
Machaerium purpurascens,Machaerium milleflorum,5355082,1
Hoffmannseggia prostrata,Genista pulchella,5347708,0
Acacia subrotata,Acacia arida,2981180,1
Phaseoloides caeruleum,Millettia caerulea,5355797,1
Inga ferrugineohirta,Monnina celastroides,7429148,0
Heisteria laricifolia,Muraltia macroceras,4050318,1
Maughania grahamiana,Securidaca longifolia,5658132,0
Polygala securidaca,Comesperma ericinum,7293357,0
Racosperma decorum,Calliandra guildingii,2981857,0
Albizia tonkinensis,Archidendron tonkinense,2941238,1
Mirbelia racemosa,Gastrolobium racemosum,5350207,1
Calliandra catingae,Hebecarpa costaricensis,9482034,0
Caesalpinia placida,Coulteria platyloba,7545558,0
Lonchocarpus heudelotianus,Millettia barteri,5355814,1
Cytisanthus holopetalus,Monnina herzogii,4050872,0
Polygala laeta,Calliandra rubescens,2982006,0
Dioclea cassinoides,Camptosema rubicundum,2963247,1
Derris pseudoinvoluta,Brachypterum pseudinvolutum,11374322,1
Anneslia houghiana,Muraltia filiformis,4050611,0
Dorycnium ibericum,Lotus graecus,5354802,1
Archidendron dieschristi,Flemingia wightiana,5359890,0
Anneslia californica,Calliandra californica,2982062,1
Lotus angustissmus,Lotus angustissimus,5356931,1
Lebeckia lotonoides,Flemingia grahamiana,5359839,0
Machaerium armatum,Machaerium isadelphum,7932857,1
Chesniella villosa,Xanthophyllum obscurum,4051314,0
Mullaghera variabilis,Polygala sphenoptera,4051511,0
Chorizema coriaceum,Archidendron hendersonii,2941401,0
Nemcia dorrienii,Gastrolobium dorrienii,5627947,1
Cyanothyrsus oblongus,Daniellia oblonga,2948726,1
Nemcia hookeri,Gastrolobium hookeri,5360157,1
Pongamia dehiscens,Millettia xylocarpa,5355719,1
Telinaria horrida,Echinospartum horridum,2959222,1
Indigofera hutchinsoniana,Microcharis tenella,2963341,1
Machaerium rogaguense,Machaerium latifolium,5354924,1
Spartium dalmaticum,Genista aristata,5347772,1
Inga longiflora,Inga longiflora,5357949,1
Adinobotrys filipes,Padbruggea filipes,2982855,1
Cyclopia galioides,Cyclopia genistoides,5341859,1
Caesalpinia blasiana,Inga ruiziana,5357975,0
Inga obtusifolia,Calliandra purpurea,2981994,1
Polygala andicola,Gastrolobium racemosum,5350207,0
Feuilleea lallensis,Eutaxia neurocalyx,8382550,0
Albizia balansae,Hoffmannseggia prostrata,5347537,0
Lotus argolicus,Lotus cytisoides,5356937,1
Pithecellobium ellipticum,Calliandra purpurea,2981994,0
Dorycnium torulosum,Lotus broussonetii,5356880,1
Ebenus haussknechtii,Ebenus haussknechtii,5630784,1
Acacia rostellifera,Acacia microbotrya,2979057,1
Annesleya tweediei,Hebecarpa macradenia,7525630,0
Damapana aeschynomenodes,Kotschya aeschynomenoides,2949004,1
Vigna firmula,Machaerium hirtum,5354979,0
Archidendron yunnanense,Muraltia depressa,7792747,0
Securidaca acuminata,Securidaca divaricata,5658161,0
Lotus gracilis,Aotus ericoides,5352260,0
Securidaca martiana,Cadia purpurea,2968353,0
Anonis spinosa,Ononis spinosa,2977149,1
Securidaca corymbosa,Coulteria pumila,10894741,0
Heterosamara caudata,Polygala caudata,4049190,1
Inga mollifoliola,Lotus jacobaeus,5356916,0
Cylindrokelupha chevalieri,Archidendron chevalieri,2941358,1
Salomonia crabiformis,Salomonia ciliata,7130426,1
Abarema pauciflora,Archidendron pauciflorum,2941485,1
Muraltia poiretii,Muraltia lancifolia,4050447,0
Lotus mandonii,Berlinia bracteosa,2971336,0
Angylocalyx wellensii,Angylocalyx oligophyllus,2952349,1
Muraltia mixta,Amphicarpaea edgeworthii,2960189,0
Polygala squamifolia,Inga laurina,5358039,0
Hoita longiloba,Hoita macrostachya,2943710,1
Sophora genistifolia,Cyclopia genistoides,7508648,1
Genistoides linifolia,Genista linifolia,5347599,1
Monnina longifolia,Lotus longisiliquosus,7820973,0
Macrolobium mayombense,Gastrolobium ebracteolatum,5627941,0
Xanthophyllum flavescens,Genista germanica,5347824,0
Acacia cultriformis,Acacia cultriformis,2979559,1
Spongiocarpella polystichoides,Chesneya polystichoides,5353663,1
Millettia prainii,Chorizema aciculare,7757885,0
Heterostemon simplicifolius,Acacia cultriformis,2979559,0
Gueldenstaedtia cuneata,Betencourtia scarlatina,10926174,0
Racosperma gloeotrichum,Genista nissana,5347608,0
Feuilleea tarapotensis,Inga tarapotensis,5357772,1
Polygala hostmannii,Eleiotis rottleri,2968278,0
Muraltia tenuifolia,Dolichopsis paraguariensis,5349444,0
Machaerium luschnathianum,Machaerium brasiliense,5355145,1
Nemcia punctata,Gastrolobium punctatum,5627845,1
Archidendron ledermannii,Ononis minutissima,2977125,0
Lotus fallax,Genista tridentata,5347807,0
Kennedya tabacina,Glycine tabacina,5359681,1
Huttonella compacta,Inga stipulacea,5358071,0
Polygala bahiensis,Ononis variegata,7563987,0
Daniellia pubescens,Archidendron scutiferum,2941420,0
Lobomon acutifolium,Amphicarpaea bracteata,2960161,1
Polygala luteoalba,Calliandra hirsuta,2982255,0
Ononis paniculata,Salomonia ciliata,7130426,0
Badiera punctata,Gastrolobium tetragonophyllum,5350178,0
Heterostemon cauliflorus,Heterostemon conjugatus,2943911,1
Lotus deserti,Calpurnia aurea,2956417,0
Polygala punctifera,Badiera oblongata,4050599,1
Flemingia stricta,Comesperma virgatum,7293549,0
Polygala martinellii,Inga inundata,5347460,0
Goldmania paraguariensis,Lotus herbaceus,7815140,0
Pteromonnina dictyocarpa,Millettia lenneoides,5355724,0
Securidaca scandens,Securidaca inappendiculata,7293407,1
Lotus edulus,Lotus edulis,5356908,1
Caesalpinia robinsoniana,Flemingia stricta,5359894,0
Entada spicata,Lotus angustissimus,5356931,0
Leptolobium tomentosum,Calliandra humilis,2982270,0
Anneslia caeciliae,Millettia macrophylla,5355729,0
Polygala andreana,Acanthocladus brasiliensis,5658224,0
Amphicarpaea japonica,Gastrolobium coriaceum,5627987,0
Chaetocalyx parviflorus,Archidendron falcatum,2941367,0
Brachysema latifolium,Chorizema glycinifolium,2968193,0
Ononis viscosa,Acacia confluens,2979618,0
Lotus arabicus,Lotus arabicus,7829171,1
Racosperma polifolium,Acacia polifolia,2980717,1
Senega fontellana,Polygala fontellana,4049627,1
Jackia longifolia,Nissolia vincentina,10745779,0
Inga finlaysoniana,Ononis thomsonii,2977277,0
Lotus cervinus,Lotus edulis,5356908,1
Galactia speciosa,Gastrolobium axillare,5612565,0
Racosperma mimicum,Acacia mimica,2978591,1
Spartium cupanii,Delonix edule,10851938,0
Hedysarum ebenus,Ebenus sibthorpii,5354896,1
Lupinus submontanus,Lupinus glabratus,2964443,1
Calophaca polystichoides,Chesneya polystichoides,5353663,1
Atroxima zenkeri,Atroxima afzeliana,4050746,1
Galactia scarlatina,Betencourtia scarlatina,10926174,1
Caesalpinia caladenia,Acacia cultriformis,2979559,0
Lepidocoma vestita,Comesperma calymega,7293259,0
Lotus latifolius,Lotus oliveirae,5356922,1
Heisteria diffusa,Archidendron pauciflorum,2941485,0
Piptadenia kerstingii,Gastrolobium dilatatum,5627951,0
Phaseolodes rubiginosum,Lotus herbaceus,7815140,0
Desmodium pendulum,Acacia adinophylla,2978336,0
Bituminaria acaulis,Securidaca planchoniana,5658109,0
Caesalpinia regia,Diclidanthera laurifolia,4051089,0
Anneslia mixta,Calliandra californica,2982062,1
Smithia recurvifolia,Kotschya recurvifolia,2948985,1
Feuilleea haematocephala,Calliandra haematocephala,2982155,1
Phaseoloides rubiginosum,Millettia rubiginosa,5355813,1
Lonchocarpus comosus,Millettia comosa,5355876,1
Calliandra expansa,Calliandra taxifolia,2982202,1
Elsota major,Securidaca pubescens,7293337,1
Inga sodiroi,Amblygonocarpus andongensis,2975852,0
Pithecellobium dies-christi,Archidendron glabrum,2941437,1
Dialium selvestre,Dialium kunstleri,7302552,1
Flemingia sarmentosa,Polygaloides paucifolia,7346080,0
Lotus bollei,Lotus purpureus,5356837,1
Machaerium schunkei,Amphicarpaea bracteata,2960161,0
Callistachys coriacea,Lotus tenuifolius,7533293,0
Calophaca hispida,Calophaca grandiflora,2956883,1
Bugranopsis tournefortii,Ononis tournefortii,2977209,1
Machaerium dimorphandrum,Machaerium debile,5355042,1
Genista montbretii,Lotus glinoides,5356852,0
Bossiaea nervosa,Hoffmannseggia glauca,5347492,0
Psoralea strobilina,Hoita strobilina,2944086,1
Inga bolivariana,Acanthocladus moyanoi,5658246,0
Deguelia timoriensis,Brachypterum scandens,10779326,1
Caesalpinia gladiata,Hebecarpa americana,7364474,0
Moghania wallichii,Muraltia serpylloides,4049767,0
Xanthophyllum kalimantanum,Xanthophyllum ecarinatum,4051877,1
Platylobium lanceolatum,Bossiaea heterophylla,2968300,1
Comesperma linariifolium,Comesperma ericinum,7293357,1
Kostyczewa ternata,Genista dracunculoides,5347733,0
Berlinia gilletii,Berlinia giorgii,2971338,1
Gastrolobium crispifolium,Lotus biflorus,5356877,0
Callistachys atropurpurea,Calliandra hirsuta,2982255,0
Amphicarpaea elliotii,Kotschya uguenensis,2949019,0
Caesalpinia viscosa,Hoffmannseggia viscosa,5347504,1
Polygala beiliana,Muraltia muraltioides,4050214,1
Calliandra serjanioides,Lotus hirsutus,5354799,0
Polygala heisteria,Gastrolobium polystachyum,5350210,0
Polygala oblongata,Badiera oblongata,4050599,1
Genista erinacea,Echinospartum horridum,2959222,1
Chamaebuxus polygaleoides,Polygaloides chamaebuxus,4051746,1
Salomonia horneri,Inga sellowiana,5358124,0
Galactia stereophylla,Betencourtia stereophylla,10983480,1
Abarema elliptica,Archidendron ellipticum,8638856,1
Lupinus nutkatensis,Lupinus littoralis,2964727,1
Ononis subspicata,Ononis baetica,2977098,1
Securidaca lamarckii,Inga insignis,5358024,0
Feuilleea purpurea,Genista ferox,7689832,0
Hoffmannseggia pueblana,Hoffmannseggia humilis,5347512,1
Falya leandriana,Carpolobia goetzei,4049490,1
Acacia havilandi,Acacia havilandiorum,2980961,1
Zygia inundata,Archidendron clypearia,2941309,0
Cyclopia brachypoda,Archidendron glomeriflorum,2941385,0
Psoralea multifoliolata,Calliandra houstoniana,2982067,0
Racosperma flocktoniae,Inga capitata,5358094,0
Feuilleea ruiziana,Inga ruiziana,5357975,1
Anneslia nipensis,Dahlstedtia hylobia,10691071,0
Phaseoloides caudatum,Acacia chartacea,2980347,0
Lupinus amniculi-vulpum,Lupinus evermannii,2964595,1
Feuilleea selloana,Inga sellowiana,5358124,1
Inga versicolor,Eleiotis sororia,2968282,0
Lotus brachycarpus,Millettia urophylloides,11331493,0
Securidaca ecristata,Securidaca cacumina,5658176,1
Genista horrida,Genista horrida,8203658,1
Zornia strobilifera,Flemingia strobilifera,5359843,1
Poecilanthe hostmannii,Limadendron hostmannii,8146564,1
Bugranopsis megalostachys,Humularia drepanocephala,5349894,0
Acacia sinuata,Acacia glaucoptera,2978543,1
Flemingia lineata,Berlinia giorgii,2971338,0
Chaetocalyx glaziovii,Rhinotropis maravillasensis,7680526,0
Cytisus paivae,Archidendron kerrii,2941373,0
Chesneya grubovii,Chesneya ferganensis,5353619,1
Cylindrokelupha annamensis,Archidendron poilanei,2941242,1
Polygala oligophylla,Hesperolaburnum platycarpum,2941705,0
Archidendron alatum,Archidendron alatum,2941428,1
Pithecellobium scutiferum,Archidendron scutiferum,2941420,1
Polygala punctulata,Muraltia muraltioides,4050214,0
Hoffmannseggia gracilis,Glycine tabacina,5359681,0
Angylocalyx ramiflorus,Angylocalyx oligophyllus,2952349,1
Ononis schouwii,Monnina lehmanniana,4050586,0
Flemingia brevipes,Echinospartum lusitanicum,2959225,0
Abarema robinsonii,Ononis remotiflora,3969803,0
Dorycnium gracile,Asemeia grandiflora,5658192,0
Machaerium costaricanum,Securidaca tomentosa,7511766,0
Psoralea strobilina,Asemeia grandiflora,5658192,0
Lotus mollissimus,Hebecarpa barbeyana,7552320,0
Polygala cubensis,Archidendron multifoliolatum,7962038,0
Securidaca spinosa,Aphanocalyx trapnellii,2954256,0
Ononis altissima,Ononis arvensis,2977171,1
Monnina ligustrifolia,Monnina ligustrina,4050545,1
Muraltia linifolia,Muraltia angulosa,4051236,1
Abarema monadelpha,Calliandra laxa,2982019,0
Bredemeyera lucida,Bredemeyera lucida,4049939,1
Genista boissieri,Dimorphandra davisiae,11195414,0
Flemingia vestita,Berlinia tomentella,2971347,0
Monnina myrtilloides,Inga capitata,5358094,0
Machaerium incorruptibile,Machaerium incorruptibile,5355071,1
Pithecellobium crateradenum,Archidendron crateradenum,2941594,1
Odonia speciosa,Collaea speciosa,5352530,1
Caamembeca bangiana,Caamembeca andina,11181608,1
Machaerium lilacinum,Machaerium biovulatum,5355033,1
Polygala quinqueangularis,Kotschya schweinfurthii,2948958,0
Archidendron papuanum,Archidendron lucyi,2941496,1
Racosperma cochlocarpum,Acacia cochlocarpa,2980461,1
Polygala ovata,Asemeia ovata,7765333,1
Derris hylobia,Dahlstedtia hylobia,10691071,1
Berlinia platycarpa,Berlinia bracteosa,2971336,1
Feuilleea depauperata,Limadendron hostmannii,8146564,0
Pongamia velutina,Millettia velvetina,5355697,1
Teline linifolia,Asemeia grandiflora,5658192,0
Archidendron affine,Archidendron tenuiracemosum,2941390,1
Calliandra obtusifolia,Rhamphopetalum microphyllum,10717476,0
Moghania nilgheriensis,Ononis mitissima,2977292,0
Pithecellobium hendersonii,Flemingia faginea,5359906,0
Lebeckia lotononoides,Calobota lotononoides,8125788,1
Pteromonnina ramosa,Gastrolobium hookeri,5360157,0
Dorycnium sanguineum,Lotus sanguineus,5631675,1
Dialium ovatum,Monnina tristaniana,7293618,0
Caesalpinia glandulosa,Genista micrantha,5347650,0
Polygala brachiata,Polygala appressa,7293532,1
Securidaca martiana,Securidaca divaricata,5658161,1
Polygala aristeguietae,Polygala brevialata,4049765,1
Hippocrepis fruticosa,Ancistrotropis peduncularis,7484829,0
Ononis pyramidalis,Ononis pubescens,2977281,1
Ononis rhinanthoides,Archidendron oppositum,2941543,0
Lotus friesiorum,Lotus schoelleri,5356998,1
Monnina obtusifolia,Monnina salicifolia,7875295,1
Caesalpinia californica,Erythrostemon pannosus,9336761,1
Cynometra carvalhoi,Micklethwaitia carvalhoi,3962029,1
Spartium parviflorum,Gonocytisus angulatus,2952409,1
Inga sordida,Inga densiflora,5357837,1
Nissolia lanceolata,Machaerium lanceolatum,5355092,1
Paralbizia platycarpa,Polygala smallii,3191403,0
Albizia pentzkeana,Archidendron ramiflorum,2941451,1
Desmodium dichotomum,Bouffordia dichotoma,10854344,1
Brenaniodendron carvalhoi,Inga glomeriflora,5357873,0
Larrea viscosa,Hoffmannseggia viscosa,5347504,1
Inga ferruginea,Inga vulpina,5357563,1
Rhynchosia crotalarioides,Machaerium isadelphum,7932857,0
Polygala eriocephala,Archidendron jiringa,2941605,0
Muraltia viminea,Muraltia striata,4049625,1
Bredemeyera integerrima,Bossiaea ornata,2968307,0
Inga brevituba,Lotus tenellus,5613289,0
Racosperma flavipilum,Asemeia grandiflora,5658192,0
Kennedynella elongata,Muraltia spinosa,7225532,0
Ebenus cappadocica,Ebenus cappadocica,5630794,1
Virgilia grandis,Millettia grandis,5355756,1
Millettia caffra,Millettia grandis,5355756,1
Pteromonnina resedoides,Muraltia muraltioides,4050214,0
Hippocrepis atlantica,Hippocrepis comosa,5353750,1
Phyllobotrys anglica,Genista anglica,5347644,1
Monnina phytolaccifolia,Monnina padifolia,7891141,1
Heistera anthospermifolia,Salomonia ciliata,7130426,0
Feuilleea pilosula,Inga pilosula,5358111,1
Monnina laurifolia,Neoapaloxylon tuberosum,2944232,0
Genista ramosissima,Genista canariensis,5347769,1
Geissaspis homblei,Xanthophyllum vitellinum,7293493,0
Hoffmanseggia repens,Genista cupanii,5347731,0
Glycine monoica,Polygala stephaniana,4051265,0
Cytisanthus hassertianus,Genista hassertiana,5347840,1
Polygala mariesii,Chorizema diversifolium,2968192,0
Polygala eckloniana,Polygala ericifolia,4050225,1
Dialium anomalum,Dialium guineense,2971007,1
Canavalia grandis,Adenopodia spicata,2952379,0
Maughania nilgheriensis,Berlinia bracteosa,2971336,0
Larrea glauca,Monnina callimorpha,4051865,0
Xanthophyllum obliquum,Muraltia striata,4049625,0
Epirixanthes linearis,Epirixanthes elongata,4050415,1
Zygia jiriuga,Archidendron jiringa,2941605,1
Pteromonnina pterocarpa,Monnina pterocarpa,7293304,1
Muraltia diffusa,Millettia lenneoides,5355724,0
Chorizema sericeum,Gastrolobium sericeum,5627827,1
Moghania ferruginea,Genista aristata,5347772,0
Pithecellobium lobatum,Polygala serpentaria,8257153,0
Millettia hemsleyana,Millettia xylocarpa,5355719,1
Monnina huacachiana,Monnina pavonii,4049818,1
Geissaspis rosea,Hoffmannseggia glauca,5347492,0
Zygia jiriuga,Millettia xylocarpa,5355719,0
Moghania semialata,Genista sessilifolia,5347744,0
Racosperma brassii,Acacia brassii,2981175,1
Amphicarpaea monoica,Amphicarpaea bracteata,2960161,1
Monnina graminea,Coulteria cubensis,10786450,0
Pithecellobium calliandrum,Dialium platysepalum,2970972,0
Cadellia monostylis,Guilfoylia monostylis,7478939,1
Mundulea pulchra,Polygala grazielae,4051843,0
Monnina lanceolata,Muraltia origanoides,4050129,0
Bossiaea lanceolata,Bossiaea heterophylla,2968300,1
Drepanocarpus discolor,Monnina lorenziana,4050449,0
Tetragonolobus pseudopurpureus,Lotus tetragonolobus,5356862,1
Caamembeca formosa,Caamembeca andina,11181608,1
Polygala gracillima,Polygala appressa,7293532,1
Otosema fruticosa,Millettia fruticosa,5355849,1
Dolichos vestitus,Flemingia vestita,5359867,1
Mimosa subnervosa,Calliandra angustifolia,2982331,1
Polygala diversa,Calophaca wolgarica,7956731,0
Drepanocarpus lunatus,Machaerium lunatum,5355075,1
Inga archeri,Inga lallensis,5357507,1
Lotus praetermissus,Lotus angustissimus,5356931,1
Hoffmannseggia patagonica,Gilbertiodendron obliquum,2941672,0
Machaerium velutinum,Machaerium nigrum,5355066,1
Hippocrepis elongatula,Hippocrepis constricta,5353697,1
Cytisanthus nissanus,Lotus edulis,5356908,0
Carmichaelia violacea,Carmichaelia australis,5348429,1
Acacia vernicosa,Acacia incrassata,2978314,1
Lupinus andinus,Muraltia pauciflora,4050068,0
Comesperma anthocarpum,Comesperma xanthocarpum,4051217,1
Nemcia carinata,Gastrolobium reticulatum,5360155,1
Callistachys heterophylla,Coulteria cubensis,10786450,0
Machaerium latifolium,Inga pilosula,5358111,0
Cytisus haensleri,Erythrostemon palmeri,9415369,0
Dysolobium apioides,Salomonia ciliata,7130426,0
Lotus bivoneus,Glycine tabacina,5359681,0
Macrolobium mayombense,Gilbertiodendron mayombense,2941667,1
Spartium stylosum,Genista micrantha,5347650,1
Poincianella glandulosa,Erythrostemon glandulosus,9237314,1
Caesalpinia phyllanthoides,Calliandra californica,2982062,0
Gilbertiodendron quadrifolium,Genista tricuspidata,5347804,0
Hedysarum ormocarpoides,Hanslia ormocarpoides,3978075,1
Inga chardonii,Inga sapindoides,5357706,1
Brachypterum platyphyllum,Lotus dorycnium,5632022,0
Hippocrepis alpestris,Hippocrepis comosa,5353750,1
Muraltia obovata,Bossiaea eriocarpa,2968317,0
Berlinia baumii,Gastrolobium dilatatum,5627951,0
Bugranopsis rosea,Chesneya villosa,5353648,0
Polygala guerkei,Polygala nambalensis,4050760,1
Lotus palaestinus,Lotus tetragonolobus,5356862,1
Lupinus caesius,Muraltia juniperifolia,4050483,0
Amphicarpaea villosa,Acacia confluens,2979618,0
Phaseoloides drasticum,Lotus hirsutus,5354799,0
Psoralea luteosa,Genista germanica,5347824,0
Smithia strobilantha,Delonix edule,10851938,0
Nemcia tricuspidata,Gastrolobium tricuspidatum,5360165,1
Affonsea pedunculata,Inga pedunculata,5357302,1
Securidaca cordata,Securidaca scandens,5658089,1
Ebenus argentea,Eysenhardtia spinosa,8253620,0
Indigofera cana,Microcharis cana,2963310,1
Glycine minima,Glycine clandestina,5359647,1
Securidaca bahiensis,Millettia sericea,7807253,0
Acacia puberula,Acacia dealbata,2979474,1
Lotodes macrostachyum,Genista sagittalis,5347702,0
Polygala linearis,Polygala exilis,4049994,1
Albizia ramiflora,Archidendron ramiflorum,2941451,1
Monnina cordata,Monnina richardiana,4049262,1
Nemcia ilicifolia,Gastrolobium ilicifolium,5360164,1
Machaerium tolimense,Calliandra enervis,2982305,0
Spongiocarpella polystichoides,Acacia idiomorpha,2978805,0
Polygala cucullata,Hebecarpa buxifolia,9346779,1
Caesalpinia acapulcensis,Erythrostemon acapulcensis,9504589,1
Pithecellobium ramiflorum,Acacia perryi,2979665,0
Polygala monninoides,Archidendron lucyi,2941496,0
Poinciana baccal,Inga rubiginosa,5357814,0
Securidaca virgata,Securidaca coriacea,7499347,0
Dolichos dasycarpus,Machaerium macrophyllum,5354902,0
Dalbergia robusta,Genista tenera,5347751,0
Hebeandra ligustrina,Lotus hebranicus,5356910,0
Moghania tomentosa,Flemingia macrophylla,5359866,1
Caesalpinia ternata,Hoffmannseggia watsonii,5347511,0
Racosperma lasiocalyx,Acacia auronitens,2981182,0
Genista multicaulis,Genista majorica,5347563,1
Phaseolus firmulus,Ancistrotropis firmula,7481673,1
Phaseolus difformis,Lotus cytisoides,5356937,0
Muraltia virgata,Hippocrepis balearica,5353700,0
Polygala yunnanensis,Archidendron glabrum,2941437,0
Daubentonia thurberi,Diphysa thurberi,5357259,1
Machaerium guanaiense,Lotus jordanii,9567879,0
Lebeckia pulchella,Erinacea anthyllis,2977757,0
Chorizema pubescens,Genista cupanii,5347731,0
Zygia cordifolia,Archidendron cordifolium,2941272,1
Genista sphacelata,Calliandra umbellifera,2982199,0
Polygala santosii,Acanthocladus santosii,8228215,1
Lebeckia linearifolia,Calobota linearifolia,4929863,1
Machaerium violaceum,Monnina macrocarpa,4050390,0
Elsota volubilis,Erythrostemon melanadenius,9426133,0
Peltophorum suringari,Lotus argyrodes,5357009,0
Ebenidium creticum,Ebenus cretica,5354894,1
Flemingia strobilifera,Flemingia strobilifera,5359843,1
Securidaca fallax,Securidaca ovalifolia,7293365,1
Drymospartum aetnense,Eleiotis sororia,2968282,0
Monnina retusa,Monnina cuneata,8216450,1
Deguelia koolgibberah,Ebenus stellata,5354890,0
Ononis viscosa,Ononis viscosa,7967374,1
Hippocrepis bourgaei,Nogra filicaulis,2952635,0
Oxylobium parviflorum,Gastrolobium parviflorum,5350206,1
Ononis arthropodia,Calliandra fasciculata,2981954,0
Caesalpinia melanadenia,Erythrostemon melanadenius,9426133,1
Genista echinata,Acacia hakeoides,2980906,0
Parryella rotundata,Errazurizia rotundata,2967035,1
Cylindrokelupha annamensis,Chesneya intermedia,5632699,0
Ortholobium platyphyllum,Dialium pentandrum,2970938,0
Chesneya dzhungarica,Chesneya dshungarica,5353640,1
Calobota pulchella,Calobota cytisoides,3968567,1
Teline monospessulana,Genista monspessulana,5347796,1
Polygala salicina,Caamembeca oxyphylla,7868452,1
Machaerium fruticetorum,Flemingia fluminalis,5359846,0
Polygala caripensis,Asemeia violacea,8077988,1
Drepanocarpus floridus,Comesperma calymega,7293259,0
Ononis alpina,Ononis cristata,2977200,1
Comesperma ramosissimum,Flemingia sootepensis,5359896,0
Securidaca cacuminis,Rhinotropis nudata,7931163,0
Toluifera peruifera,Chorizema aciculare,7757885,0
Lotus malatayicus,Lotus aegaeus,5356864,1
Calliandra prostrata,Calliandra taxifolia,2982202,1
Acacia cuspidata,Inga ruiziana,5357975,0
Racosperma froggattii,Acacia froggattii,2980269,1
Smithia welwitschii,Asterocytisus radidtus,8181002,0
Genista sachokiana,Hippocrepis eriocarpa,5353710,0
Phaseoloides hookerianum,Millettia barteri,5355814,0
Spartium triquetrum,Genista triquetra,7498567,1
Scottia browniana,Lotus hirsutus,5354799,0
Polygala vagans,Securidaca calophylla,5658175,0
Pithecellobium chrysocarpum,Archidendron lucyi,2941496,1
Feuilleea obtusata,Inga obtusata,5357651,1
Callistachys tetragona,Erythrostemon epifanioi,9239178,0
Hippocrepis multisiliquosa,Hippocrepis ciliata,5353690,1
Inga ferrugineohirta,Inga hispida,5357647,1
Bredemeyera autranii,Bredemeyera disperma,8400970,1
Echinospartum barnadesii,Echinospartum lusitanicum,2959225,1
Securidaca retusa,Securidaca retusa,8126792,1
Toluifera balsamum,Myroxylon balsamum,5357190,1
Heisteria diffusa,Muraltia stipulacea,7652309,1
Bonjeanea hirta,Lotus hirsutus,5354799,1
Nemcia vestita,Gastrolobium vestitum,5627812,1
Pithecellobium brassii,Archidendron megaphyllum,2941394,1
Inga panamensis,Polygala alpina,7481031,0
Polygala philippiana,Polygala subandina,4051083,1
Poincianella yucatanensis,Hebecarpa obscura,7545780,0
Poinciana lutea,Machaerium cirrhiferum,5355119,0
Muraltia neglecta,Microcharis gyrata,2963312,0
Pteromonnina macrocarpa,Flemingia rollae,5359891,0
Lotus stocksii,Lotus garcinii,8298127,1
Polygala capitata,Polygala crotalarioides,3191438,1
Nemcia ilicifolia,Millettia urophylloides,11331493,0
Heistera conferta,Muraltia satureioides,7851822,1
Genista glaberrima,Genista suanica,7583793,1
Huttonella juncea,Carmichaelia juncea,5628964,1
Adenocarpus segonnei,Lotus cruentus,5356874,0
Calliandra affinis,Lotus jolyi,5356824,0
Lotus armeniacus,Bossiaea dentata,2968330,0
Phaseolodes coeruleum,Calliandra selloi,2981788,0
Acanthocladus caracansis,Acanthocladus dichromus,8890058,1
Heistera leptorhiza,Muraltia leptorhiza,4050401,1
Lotus linearis,Lotus jacobaeus,5356916,1
Coronilla florida,Muraltia calycina,4051061,0
Calliandra angustifolia,Calliandra angustifolia,2982331,1
Calliandra amblyphylla,Coulteria mollis,3931987,0
Chorizema ericoides,Chorizema ericoides,8200397,1
Maughania semialata,Erythrostemon placidus,9265867,0
Lupinus sylvestris,Polygala gayii,4049331,0
Calliandra papillosa,Calliandra rubescens,2982006,1
Machaerium acaciifolium,Machaerium hirtum,5354979,1
Xanthophyllum subglobosum,Genista monspessulana,5347796,0
Flemingia macrophylla,Inga densiflora,5357837,0
Cytisus bracteolatus,Inga sapindoides,5357706,0
Inga kaeringa,Archidendron bigeminum,2941295,0
Muellera glaziovii,Inga lallensis,5357507,0
Carmichaelia aligera,Rhamphopetalum microphyllum,10717476,0
Monnina excelsa,Xanthophyllum flavescens,7580773,1
Genista aprutia,Amphicarpaea bracteata,2960161,0
Comesperma roseum,Muraltia longicuspis,4050349,0
Flemingia parvifolia,Polygaloides paucifolia,7346080,0
Inga contorta,Lotus palustris,5356941,0
Racosperma auriculiforme,Acacia auriculiformis,2981001,1
Ononis spinescens,Xanthophyllum eurhynchum,7293612,0
Lovanafia mahafaliensis,Genista januensis,5347603,0
Feuilleea squarrosa,Acacia cochlocarpa,2980461,0
Lotus angustissmus,Archidendron chevalieri,2941358,0
Moghania parviflora,Securidaca longepedunculata,5658133,0
Ononis filicaulis,Polygala timoutou,7293430,0
Mullaghera compressa,Securidaca divaricata,5658161,0
Phalseolus max,Glycine max,5359660,1
Mundulea densicoma,Genista patens,5354553,0
Acacia squarrosa,Calliandra squarrosa,2981876,1
Poinciana decaryi,Inga pilosula,5358111,0
Millettia vermoesenii,Polygala ludwigiana,4052273,0
Phaseolus pitcheri,Securidaca retusa,8126792,0
Hoffmannseggia texensis,Hoffmannseggia drummondii,5347522,1
Psoralea multifoliolata,Errazurizia multifoliolata,2967046,1
Telinaria stenopetala,Polygala fendleri,7293363,0
Phyllobotrys anglica,Hebecarpa americana,7364474,0
Feuilleea foliolosa,Dimorphandra macrostachya,2974292,0
Polygala marajoara,Calliandra surinamensis,2982188,0
Polygala serpentaria,Polygala serpentaria,8257153,1
Ononis picta,Ancylotropis malmeana,5658203,0
Caesalpinia aphylla,Diphysa carthagenensis,5357252,0
Pylostachya arenicola,Hippocrepis emerus,5353705,0
Ebenus argentea,Ebenus argentea,5630808,1
Cytisus germanicus,Genista germanica,5347824,1
Racosperma incrassatum,Acacia incrassata,2978314,1
Securidaca virgata,Securidaca divaricata,5658161,1
Racosperma ericksoniae,Acacia ericksoniae,2978874,1
Polygala hebantha,Nissolia bicallosa,5631100,0
Dorycnium broussonetii,Lotus broussonetii,5356880,1
Abarema harmsii,Archidendron harmsii,2941453,1
Sophora genistoides,Genista anglica,5347644,0
Heistera macrocarpa,Ononis pubescens,2977281,0
Lebeckia multiflora,Mundulea chapelieri,2933881,0
Calophaca vaginalis,Chesneya vaginalis,5353635,1
Atroxima gossweileri,Carpolobia gossweileri,4049483,1
Bionia tomentosa,Muraltia acipetala,4051291,0
Brachysema minor,Gastrolobium minus,5627874,1
Wiborgia amorphoides,Rhinotropis cornuta,8407620,0
Teline candicans,Genista monspessulana,5347796,1
Desmodium kingianum,Diphysa thurberi,5357259,0
Polygala magna,Polygala major,7372627,1
Polygala laevigata,Acacia manipularis,2980495,0
Pithecellobium inundabile,Muraltia ericifolia,8414336,0
Polygala punctulata,Monnina salicifolia,7875295,1
Muraltia laricifolia,Polygala patens,8316305,0
Genistella capitata,Genista clavata,5347795,1
Bionia nitens,Flemingia fluminalis,5359846,0
Salomonia canarana,Humularia apiculata,5349880,0
Senega tacianae,Lotus lancerottensis,5357010,0
Polygala acerosa,Polygala ericifolia,4050225,1
Pteromonnina wrightii,Erinacea anthyllis,2977757,0
Archidendron vandersijdei,Archidendron sessile,8411267,1
Stiza erioloba,Apios carnea,7457890,0
Polygala longifolia,Chesneya gracilis,5353642,0
Spartium multicaule,Muraltia divaricata,4050776,0
Muraltia sprengelioides,Millettia caerulea,5355797,0
Dalea megacarpa,Errazurizia megacarpa,2967042,1
Securidaca schlechtendaliana,Securidaca diversifolia,5421445,1
Genista fasselata,Genista dorycnifolia,5347679,1
Comesperma planifolium,Comesperma ericinum,7293357,1
Polygala bracteglandulosa,Nissolia brasiliensis,10844581,0
Feuilleea ignota,Lotus subbiflorus,5356841,0
Dioclea glyciniodes,Camptosema rubicundum,2963247,1
Comesperma parviflorum,Ononis arvensis,2977171,0
Albizia vaillantii,Lotus parviflorus,5356892,0
Heistera metalasiifolia,Muraltia ericoides,8345157,0
Mimosa quassiaefolia,Inga pilosula,5358111,1
Lotus degenii,Bredemeyera myrtifolia,7293369,0
Myrospermum robiniifolium,Inga longiflora,5357949,0
Machaerium campylocarpum,Brachypterum scandens,10779326,0
Mundtia tabularis,Calliandra hymenaeoides,2982171,0
Oxylobium acutum,Gastrolobium acutum,5612331,1
Racosperma johannis,Genista sagittalis,5347702,0
Pithecellobium sessile,Archidendron sessile,8411267,1
Muraltia stipulacea,Gastrolobium callistachys,5350176,0
Bossiaea coccinea,Bossiaea cinerea,2968298,1
Podalyria nana,Muraltia macroceras,4050318,0
Heisteria depressa,Muraltia depressa,7792747,1
Calliandra sodiroi,Caamembeca salicifolia,9335158,0
Geissaspis cavaleriei,Flemingia fluminalis,5359846,1
Ononis ludovicii,Genista hispanica,5347761,0
Sigmoidotropis spixiana,Echinospartum lusitanicum,2959225,0
Telinaria sagittalis,Gymnospora violoides,8310280,0
Polygala rusbyi,Rhinotropis rusbyi,8194037,1
Phaseolus clitorioides,Lupinus soukupianus,3907243,0
Bredemeyera flava,Acacia mabellae,2980475,0
Hippocrepis alpestris,Aphanocalyx hedinii,2954237,0
Indigofera brevistaminea,Microcharis brevistaminea,2963339,1
Muraltia setosa,Pedrosia bertholetii,3979957,0
Caesalpinia gilliesii,Comesperma defoliatum,4052158,0
Abarema kinubaluensis,Archidendron kinubaluense,2941478,1
Acacia micracantha,Hoffmannseggia pumilio,5616924,0
Dorycnium germanicum,Lotus germanicus,7450947,1
Albizia tozeri,Cyclopia latifolia,5341857,0
Monnina patula,Monnina polystachya,4049556,1
Quinata violacea,Genista stenopetala,5347701,0
Tetragonolobus pseudopurpureus,Machaerium oblongifolium,5355122,0
Corniola pontica,Genista lydia,5347712,1
Heisteria macrocarpa,Muraltia macrocarpa,4050325,1
Pithecellobium calycinum,Archidendron calycinum,2941449,1
Pseudoentada scelerata,Adenopodia scelerata,2952363,1
Genista jordanii,Brya ebenus,5348895,0
Clelia ornata,Calliandra harrisii,2982277,1
Lotus anthylloides,Acacia inamabilis,2980526,0
Racosperma ixiophyllum,Acacia ixiophylla,2979965,1
Securidaca obcordata,Millettia dubia,5355805,0
Pteromonnina amarella,Erythrostemon caudatus,9544011,0
Lotus friesiorum,Dialium dinklagei,2970962,0
Inga ornifolia,Inga insignis,5358024,1
Inga lobata,Archidendron jiringa,2941605,1
Heistera mixta,Muraltia mixta,7387288,1
Muraltia sprengelioides,Muraltia ericifolia,8414336,1
Lotus oligoceratos,Polygala amboniensis,4051695,0
Phaseolus pascuorum,Brachypterum robustum,2947483,0
Machaerium angustifolium,Machaerium hirtum,5354979,1
Monnina cordata,Archidendron occultatum,2941517,0
Larrea oxycarpa,Hoffmannseggia oxycarpa,7628338,1
Geissaspis ciliatodenticulata,Humularia ciliatodenticulata,5631155,1
Polygala munbyana,Polygaloides munbyana,4051740,1
Polygala minutifolia,Rhinotropis minutifolia,7498135,1
Colutea wolgarica,Lotus broussonetii,5356880,0
Glycine monoica,Amphicarpaea bracteata,2960161,1
Acacia cephalobotrya,Acacia prominens,2978612,1
Carmichaelia divaricata,Carmichaelia odorata,5348460,1
Inga mollissima,Gilbertiodendron grandiflorum,2941646,0
Calliandra serjanoides,Calliandra falcata,2981836,1
Inga grandifolia,Inga sapindoides,5357706,1
Polygala variabilis,Inga lallensis,5357507,0
Feuilleea selloana,Polygaloides chamaebuxus,4051746,0
Cytisus aspalathoides,Genista aspalathoides,5347829,1
Acanthobotrya linearifolia,Calobota linearifolia,4929863,1
Polygala obscura,Inga ruiziana,5357975,0
Falcata comosa,Dalhousiea bracteata,2970581,0
Maughania chappar,Polygaloides chamaebuxus,4051746,0
Guinetia tehuantepecensis,Calliandra tehuantepecensis,10790172,1
Senega wettsteinii,Polygala wettsteinii,4052066,1
Lonchocarpus araripensis,Dahlstedtia araripensis,8234184,1
Feuilleea hispida,Millettia glaucescens,5355716,0
Fontenellea brasiliensis,Quillaja brasiliensis,3029372,1
Heisteria pubescens,Archidendron bubalinum,2941202,0
Ononis krausei,Calliandra parvifolia,2981824,0
Teline hillebrandii,Archidendron bellum,2941284,0
Dimorphandra biretusa,Dimorphandra gardneriana,2974275,1
Inga vallensis,Inga ornata,5357589,1
Polygala petalantha,Ononis dentata,2977135,0
Feuilleea lanata,Comesperma virgatum,7293549,0
Feuilleea sapinoides,Inga sapindoides,5357706,1
Dorycnium jordanii,Lotus jordanii,9567879,1
Bonjeanea cinerascens,Nissolia bracteosa,10864077,0
Lupinus finitus,Lupinus fulcratus,2964683,1
Elsota rufescens,Flemingia vestita,5359867,0
Lupinus dedeckerae,Acacia papulosa,2979617,0
Glycine elliptica,Millettia lenneoides,5355724,0
Lotus conjugatus,Polygala abreui,4050569,0
Indigofera medicaginea,Microcharis butayei,2963307,1
Calliandra myriophylla,Acacia ixiophylla,2979965,0
Comesperma tortuosum,Chesneya rytidosperma,5353632,0
Hanslia adhaerens,Acacia concurrens,2978680,0
Heistera striata,Muraltia striata,4049625,1
Oxylobium dilatatum,Gastrolobium dilatatum,5627951,1
Monnina roraimae,Inga pilosula,5358111,0
Xanthophyllum molle,Hoffmannseggia drummondii,5347522,0
Mimosa nitida,Inga pilosula,5358111,1
Kennedia microphylla,Glycine clandestina,5359647,1
Genista pontica,Daniellia ogea,2948722,0
Brachysema celsianum,Gastrolobium celsianum,5628000,1
Heisteria ericifolia,Muraltia ericifolia,8414336,1
Genista parviflora,Genista micrantha,5347650,1
Feuilleea taxifolia,Calliandra taxifolia,2982202,1
Inga verrucosa,Gastrolobium nervosum,5627863,0
Inga vouapifolia,Machaerium isadelphum,7932857,0
Berlinia gilletii,Genista osmariensis,5347801,0
Pithecellobium microcarpum,Archidendron microcarpum,2941523,1
Jakkia longifolia,Xanthophyllum vitellinum,7293493,1
Polygala martiana,Gastrolobium rigidum,5350185,0
Maughania vestita,Flemingia vestita,5359867,1
Lotus macrotrichus,Lotus divaricatus,5356823,1
Pithecellobium forbesii,Archidendron forbesii,2941623,1
Pedrosia tenella,Lotus tenellus,5613289,1
Shuteria anomala,Betencourtia scarlatina,10926174,0
Telinaria triquetra,Genista triquetra,8121734,1
Pteromonnina herbacea,Chorizema cordatum,2968203,0
Robinia dubia,Millettia sericea,7807253,1
Aspalathus dorycnium,Flemingia nilgiriensis,8038744,0
Heistera laxa,Calliandra foliolosa,2981801,0
Brachysema sericeum,Calobota elongata,7660394,0
Muraltia carnosa,Muraltia carnosa,4051027,1
Genista candicans,Lotus dorycnium,5632022,0
Flemingia procumbens,Flemingia nilgheriensis,5359828,1
Muraltia ericifolia,Muraltia divaricata,4050776,1
Polygala glandulosa,Ononis polyphylla,2977119,0
Tetrapleura obtusangula,Flemingia fluminalis,5359846,0
Tetragonolobus prostratus,Archidendron aruense,7853116,0
Heisteria ericifolia,Muraltia longicuspis,4050349,0
Feuilleea leptopoda,Genista albida,5347692,0
Glycine dalbergioides,Asemeia grandiflora,5658192,0
Polygala munbyana,Humularia chevalieri,5349891,0
Nissolia fruticosa,Cyclopia subternata,5341866,0
Desmodium quinquangulatum,Bouffordia dichotoma,10854344,1
Inga fagifolia,Lupinus andinus,3912812,0
Oxylobium dorrienii,Gastrolobium dorrienii,5627947,1
Albizia tozeri,Archidendron grandiflorum,2941212,1
Eysenhardtia angustifolia,Inga sapindoides,5357706,0
Inga subsericantha,Inga pezizifera,5357576,1
Swartzia branchystachya,Candolleodendron brachystachyum,2933835,1
Mimosa yaguaronensis,Calliandra tweediei,2982058,1
Polygala humilis,Lotus subbiflorus,5356841,0
Machaerium trujillense,Genista ephedroides,5347647,0
Glycine tomentaella,Polygala ericifolia,4050225,0
Machaerium myrianthum,Brachypterum submontanum,11372384,0
Derris koolgibberah,Archidendron kunstleri,2941277,0
Heterostemon conjugatus,Heterostemon conjugatus,2943911,1
Polygala sinuata,Caamembeca salicifolia,9335158,1
Psoralea orbicularis,Monnina richardiana,4049262,0
Carmichaelia ovata,Acacia obtecta,2981265,0
Shuteria bracteosa,Adenopodia patens,2952366,0
Archidendron glabrifolium,Berlinia grandiflora,2971333,0
Ononis kotschyana,Padbruggea filipes,2982855,0
Hebeandra latifolia,Monnina latifolia,4050656,1
Inga purpusii,Inga sapindoides,5357706,1
Anonis variegata,Inga pezizifera,5357576,0
Acacia diffusa,Acacia genistifolia,2978740,1
Anneslea purpurea,Calliandra purpurea,2981994,1
Paraberlinia bifoliolata,Lotus jacobaeus,5356916,0
Heistera cliffortiafolia,Muraltia cliffortiafolia,11167890,1
Elsota chrysotricha,Securidaca tenuifolia,5658078,1
Dimorphandra mora,Calliandra glyphoxylon,2981964,0
Phaseolodes xylocarpum,Millettia xylocarpa,5355719,1
Monnina mollis,Monnina mollis,4050146,1
Heisteria filiformis,Muraltia filiformis,4050611,1
Acacia havilandi,Genista ferox,7689832,0
Panciatica purpurea,Hebecarpa barbeyana,7552320,0
Dillwynia obovata,Eutaxia myrtifolia,7275616,1
Polygala scandens,Securidaca lanceolata,7584051,1
Lebeckia melilotoides,Calobota elongata,7660394,1
Spongiocarpella spinosa,Chesneya macrantha,5357273,1
Miediega suffruticosa,Lotus dorycnium,5632022,1
Polygala opima,Badiera oblongata,4050599,0
Astragalus crassicaulis,Genista albida,5347692,0
Pongamia dehiscens,Monnina xalapensis,4051592,0
Neodunnia edentata,Cyclopia galioides,5341873,0
Dolichovigna pilosa,Dysolobium pilosum,2963403,1
Gastrolobium preissii,Polygala fendleri,7293363,0
Dialium fleuryi,Polygala paludicola,4049747,0
Bossiaea rupicola,Bossiaea rupicola,2968313,1
Calliandra glaberrima,Muraltia cliffortiifolia,4050985,0
Hoffmannseggia chinensis,Mora excelsa,5355414,0
Ononis spinosiformis,Calliandra viscidula,2981809,0
Chorizema heterophyllum,Inga insignis,5358024,0
Vigna peduncularis,Ancistrotropis peduncularis,7484829,1
Heisteria pappeana,Calliandra squarrosa,2981876,0
Machaerium bolivianum,Securidaca trianae,5658075,0
Millettia yangambiensis,Millettia elskensii,11336673,1
Indigofera kucharii,Genista monspessulana,5347796,0
Inga campanulata,Archidendron clypearia,2941309,0
Calobota decipiens,Calobota sericea,4929855,1
Maughania tomentosa,Polygala ludwigiana,4052273,0
Lotus carmeli,Lotus peregrinus,5356819,1
Comesperma laurifolium,Lotus angustissimus,5356931,0
Racosperma multisiliquum,Acacia multisiliqua,2978921,1
Geissaspis kapandensis,Humularia corbisieri,5349889,1
Inga cyclocarpa,Genista canariensis,5347769,0
Lupinus littoralis,Lupinus chamissonis,2963889,1
Racosperma gilbertii,Acacia gilbertii,2981107,1
Mundtia heterophylla,Glycine canescens,5359650,0
Monopetalanthus pectinatus,Securidaca divaricata,5658161,0
Millettia ivorensis,Millettia zechiana,5355815,1
Racosperma consobrinum,Chorizema lowii,8295349,0
Phaseolus max,Eleiotis rottleri,2968278,0
Smithia aeschynomenoides,Kotschya aeschynomenoides,2949004,1
Wiborgia polystachya,Eysenhardtia polystachya,2964737,1
Lonchocarpus peckoltii,Ononis arvensis,2977171,0
Phaseoloides grande,Millettia grandis,5355756,1
Brasilettia pringlei,Muraltia squarrosa,4049689,0
Ononis semihircina,Lotus berthelotii,5356822,0
Chaetocalyx nigricans,Calobota cuspidosa,4929858,0
Millettia dehiscens,Millettia xylocarpa,5355719,1
Caesalpinia coccinea,Amphicarpaea bracteata,2960161,0
Polygala hirsuta,Asemeia hirsuta,8353160,1
Feuilleea haematocephala,Archidendron bauchei,3961221,0
Polygala puberula,Hebecarpa obscura,7545780,1
Aotus drummondii,Flemingia teysmanniana,5359876,0
Racosperma anomalum,Acacia anomala,2978978,1
Larrea gracilis,Chorizema dicksonii,2968200,0
Tetragonolobus prostratus,Lotus maritimus,5356973,1
Calliandra matudai,Erythrostemon gilliesii,8130309,0
Polygala oxyphylla,Caamembeca salicifolia,9335158,1
Muraltia ciliaris,Gastrolobium dilatatum,5627951,0
Caesalpinia gilliesii,Erythrostemon gilliesii,8130309,1
Calliandra chamaedrys,Archidendron occultatum,2941517,0
Monnina fastigiata,Monnina fastigiata,4051158,1
Glycine tomentosa,Glycine tomentella,5359655,1
Anneslia tweedyi,Calliandra tweedii,2982053,1
Heistera candollei,Muraltia alopecuroides,4051253,1
Poincianella phyllanthoides,Polygala japonica,7293443,0
Heistera leptorhiza,Acacia ingramii,2980916,0
Lobomon obtusifolium,Inga multicaulis,5357732,0
Dialium angolense,Dialium angolense,2970933,1
Carmichaelia grandiflora,Ebenus pinnata,5354888,0
Westia paniculata,Gilbertiodendron ivorense,2941643,0
Lupinus semiverticillatus,Lupinus angustifolius,2964025,1
Monnina pilgeri,Xanthophyllum flavescens,7580773,0
Polygala grandifolia,Millettia drastica,5355671,0
Teline eriocarpa,Lupinus angustifolius,2964025,0
Feuilleea borneensis,Archidendron borneense,2941533,1
Carmichaelia orbiculata,Inga velutina,5357985,0
Lonchocarpus glaziovii,Dahlstedtia glaziovii,7355391,1
Caragana crassicaulis,Calophaca crassicaulis,2965068,1
Comesperma nudiusculum,Comesperma defoliatum,4052158,1
Securidaca reticulata,Monnina polygonoides,4049573,0
Shuteria bracteosa,Amphicarpaea ferruginea,2960203,1
Phaseolodes drasticum,Millettia drastica,5355671,1
Genista formosa,Eminia antennulifera,5349213,0
Eminia polyadenia,Muraltia ericoides,8345157,0
Millettia thorelii,Polygala serpyllifolia,3191414,0
Dorycnium sanguineum,Machaerium isadelphum,7932857,0
Polygala arvensis,Salomonia ciliata,7130426,1
Polygala brachyanthema,Hebecarpa obscura,7545780,1
Retama angulata,Gonocytisus angulatus,2952409,1
Anneslia diquetii,Calliandra hirsuta,2982255,1
Amblygonocarpus schweinfurthii,Amblygonocarpus andongensis,2975852,1
Heistera obovata,Muraltia obovata,4050162,1
Comesperma simplex,Comesperma virgatum,7293549,1
Aspalatus ebenus,Dahlstedtia glaziovii,7355391,0
Calliandra cumingii,Lotus angustissimus,5356931,0
Entadopsis schlechteri,Adenopodia schlechteri,2952373,1
Dimorphandra paraensis,Inga laurina,5358039,0
Nemcia leakeana,Gastrolobium leakeanum,5612520,1
Arouna guianensis,Genista carinalis,5347609,0
Racosperma echinulum,Acacia echinula,2978370,1
Gastrolobium epacridoides,Hoffmannseggia watsonii,5347511,0
Geissaspis ledermannii,Chorizema nervosum,2968191,0
Carmichaelia micrantha,Carmichaelia australis,5348429,1
Polygala rivinifolia,Hebecarpa rivinifolia,9516978,1
Genista rhodopaea,Dialium platysepalum,2970972,0
Racosperma convallium,Coulteria mollis,3931987,0
Acacia diantreeana,Acacia excelsa,2980114,1
Maughania bracteata,Flemingia bracteata,5359848,1
Dolichopsis monticola,Dolichopsis monticola,5611262,1
Peltophorum acutifolium,Coulteria mollis,3931987,1
Pongamia caerulea,Millettia caerulea,5355797,1
Mundia spinosa,Epirixanthes elongata,4050415,0
Lupinus thompsonianus,Lupinus onustus,2964118,1
Lotus gracilis,Lotus dorycnium,5632022,1
Indigofera tisserantii,Muraltia spinosa,7225532,0
Chorizema superbum,Chorizema cordatum,2968203,1
Inga jinicuil,Xanthophyllum flavescens,7580773,0
Caesalpinia pumilio,Asemeia monninoides,7646613,0
Dimorphandra mari,Genista spartioides,5347582,0
Pylostachya arenicola,Polygala smallii,3191403,1
Cyanothyrsus klainei,Gastrolobium bracteolosum,5628017,0
Polygala tanganyikensis,Genista micrantha,5347650,0
Viborquia polystachya,Genista morisii,5347789,0
Albizia lucyi,Archidendron lucyi,2941496,1
Desmodium oojeinense,Polygala japonica,7293443,0
Eleiotis monophyllos,Polygala brevialata,4049765,0
Polygala polyphylla,Calliandra bella,2981924,0
Spartium umbellatum,Monnina richardiana,4049262,0
Pedrosia bertholetii,Archidendron vaillantii,2941381,0
Muraltia linifolia,Hebecarpa robinsonii,9292314,0
Salomonia cavaleriei,Betencourtia scarlatina,10926174,0
Inga leiocalycina,Inga laevigata,5629065,1
Xanthophyllum glabrescens,Xanthophyllum borneense,4052054,1
Amerimnon escatophyllum,Millettia fruticosa,5355849,1
Tetragonolobus siliqosus,Lotus maritimus,5356973,1
Machaerium angustifolium,Inga cordistipula,5357916,0
Maughania kerrii,Archidendron oppositum,2941543,0
Lotus fraseri,Lotus cruentus,5356874,1
Nemcia capitata,Gastrolobium capitatum,5628003,1
Pithecellobium minahassae,Archidendron minahassae,2941424,1
Cynometra koko,Glycine latrobeana,5359674,0
Monopetalanthus microphyllus,Aphanocalyx pectinatus,2954255,1
Caesalpinia drepanocarpa,Hoffmannseggia drepanocarpa,5347497,1
Racosperma mimicum,Inga sapindoides,5357706,0
Pteromonnina lorenziana,Xanthophyllum rufum,4051015,0
Genista tamarrutii,Genista ifniensis,5347660,1
Pithecellobium alatum,Archidendron alatum,2941428,1
Polygala piauhiensis,Calliandra tweediei,2982058,0
Inga patens,Inga pezizifera,5357576,0
Inga lobata,Genista patens,5354553,0
Flemingia philippinensis,Amphicarpaea ferruginea,2960203,0
Heistera juniperifolia,Muraltia juniperifolia,4050483,1
Heistera mixta,Flemingia wightiana,5359890,0
Nemcia spathulata,Microcharis butayei,2963307,0
Codonandra coroensis,Archidendron calliandrum,2941433,0
Lotus levieri,Muraltia thymifolia,4049581,0
Codarium obtusifolium,Lotus graecus,5354802,0
Spartium horridum,Archidendron rufescens,2941246,0
Lebeckia spinescens,Myroxylon peruiferum,5357189,0
Ononis latifolia,Ononis rotundifolia,2977131,1
Hoffmannseggia glandulosa,Lupinus velutinus,2964509,0
Calliandra brandegeei,Calliandra peninsularis,2982288,1
Polygala violacea,Machaerium stipitatum,5355152,0
Millettia canariifolia,Millettia ahernii,5355713,1
Muraltia kraussiana,Muraltia mitior,4050255,1
Inga longipedunculata,Inga laevigata,5629065,1
Lotus ciliatus,Lotus subbiflorus,5356841,0
Muraltia chamaepitys,Polygala sphenoptera,4051511,0
Glycine filosa,Amphicarpaea bracteata,2960161,1
Polygala intermontana,Archidendron falcatum,2941367,0
Corniola sibirica,Genista sibirica,5347619,1
Xanthophyllum urophyllum,Millettia glaucescens,5355716,0
Desmodium pseudarthrioides,Erythrostemon exostemma,9313752,0
Senega paganuccii,Polygala paganuccii,11427494,1
Maughania latifolia,Rhinotropis nitida,7429502,0
Daniellia similis,Daniellia ogea,2948722,1
Feuilleea linearis,Archidendron glabrum,2941437,0
Heistera brevicornu,Muraltia striata,4049625,1
Pithecellobium havilandii,Erythrostemon hintonii,9309300,0
Berlinia baumii,Julbernardia paniculata,2981767,1
Polygala pauciflora,Acacia cultriformis,2979559,0
Machaerium acuminatum,Carmichaelia juncea,5628964,0
Abarema microcarpa,Archidendron microcarpum,2941523,1
Swartzia pinnata,Fairchildia panamensis,2951308,1
Rhadinocarpus acutifolius,Adenopodia patens,2952366,0
Cyclopia latifolia,Hoffmannseggia glauca,5347492,0
Dysolobium apioides,Dysolobium pilosum,2963403,1
Chaetocalyx latifolius,Lotus jacobaeus,5356916,0
Polygala ignatii,Genista sagittalis,5347702,0
Brachysema sericeum,Gastrolobium sericeum,5627827,1
Feuillea peckoltii,Hebecarpa macradenia,7525630,0
Inga colonchensis,Inga chartacea,5357658,1
Eleiotis trifoliolata,Polygala ericifolia,4050225,0
Abarema tjendana,Archidendron tjendana,2941421,1
Polygala vauthieri,Asemeia acuminata,8154099,1
Callistachys tricuspidata,Mundulea chapelieri,2933881,0
Monnina vitis-idaea,Muraltia origanoides,4050129,0
Feuilleea virgata,Calliandra virgata,2981852,1
Ononis inaequalifolia,Genista lydia,5347712,0
Machaerium indutum,Adenopodia patens,2952366,0
Anneslia seleri,Bredemeyera disperma,8400970,0
Poincianella robinsoniana,Erythrostemon robinsonianus,9341323,1
Feuilleea peckoltii,Calliandra parvifolia,2981824,1
Teline maderensis,Genista maderensis,5347773,1
Polygala remansoense,Polygala trichosperma,4050125,1
Ebenidium lagopus,Inga capitata,5358094,0
Polygala diversifolia,Securidaca diversifolia,5421445,1
Galactia coriacea,Camptosema coriaceum,2963275,1
Enantiosparton radiatum,Polygala celosioides,4049178,0
Parosela benthamii,Berlinia coriacea,2971348,0
Chaetocalyx polyphyllus,Monnina ligustrina,4050545,0
Millettia gagnepainiana,Polygala ludwigiana,4052273,0
Viborquia adenostylis,Eysenhardtia adenostylis,2964747,1
Nissolia polyphylla,Machaerium polyphyllum,5355047,1
Glycine elliptica,Amphicarpaea bracteata,2960161,1
Heistera acicularis,Dialium guineense,2971007,0
Genista hillebrandii,Gymnospora blanchetii,7791729,0
Pithecellobium bauchei,Polygala latouchei,4049919,0
Scottia laevis,Hoffmannseggia intricata,5347552,0
Lupinus dunnettii,Lupinus pubescens,2964465,1
Coronilla squamata,Millettia pachycarpa,5355731,0
Feuilleea ciliata,Polygala amboniensis,4051695,0
Xanthophyllum palawanensis,Xanthophyllum palawanense,4051266,1
Lotus aurantius,Millettia fruticosa,5355849,0
Inga glomeriflora,Inga golfodulcensis,5357897,1
Abarema kunstleri,Erythrostemon calycinus,8322761,0
Smithia africana,Inga hispida,5357647,0
Telinaria radiata,Archidendron robinsonii,2941576,0
Chorizema lineare,Centrolobium tomentosum,2945575,0
Machaerium eggersii,Ebenus bourgeaui,8106253,0
Inga camuriensis,Inga sapindoides,5357706,1
Feuilleea fastuosa,Chorizema diversifolium,2968192,0
Indigofera tritoidea,Microcharis tritoides,2963345,1
Carmichaelia silvatica,Erythrostemon coluteifolius,9528209,0
Dorycnium hirsutum,Brachypterum robustum,2947483,0
Desmodium novohollandicum,Lotus dorycnium,5632022,0
Abarema dalatensis,Archidendron dalatense,2941588,1
Soja max,Genista monspessulana,5347796,0
Muraltia anthospermifolia,Flemingia trifoliata,5628704,0
Coronilla scandens,Lupinus fulcratus,2964683,0
Senega leucantha,Polygala leucantha,4049624,1
Nissolia firma,Machaerium firmum,5354996,1
Quillaja smegmadermos,Quillaja saponaria,3029379,1
Solori koolgibberah,Brachypterum koolgibberah,10926317,1
Racosperma muellerianum,Acacia muelleriana,2979954,1
Polygala timbalii,Xanthophyllum vitellinum,7293493,0
Carmichaelia paludosa,Carmichaelia australis,5348429,1
Collaea pascuorum,Lotus strictus,5354800,0
Passaea ornithopodioides,Ononis ornithopodioides,2977204,1
Heistera incompta,Muraltia divaricata,4050776,1
Amphicarpaea ciliata,Flemingia gracilis,5359860,0
Maughania sericans,Lotus quinatus,5356887,0
Securidaca erecta,Hebecarpa platycarpa,9363839,0
Affonsea grandiflora,Genista patens,5354553,0
Securidaca retusa,Glycine atomaria,5634277,0
Feuilleea setosa,Inga setosa,5357663,1
Polygala capitata,Chesneya mongolica,5353644,0
Ononis milleri,Ononis decumbens,3963802,1
Apios tuberosa,Inga pilosula,5358111,0
Cytisus tridentatus,Genista tridentata,5347807,1
Aotus virgata,Inga golfodulcensis,5357897,0
Securidaca declinata,Securidaca lanceolata,7584051,1
Smithia platyphylla,Muraltia thymifolia,4049581,0
Kennedynella clandestina,Nissolia microptera,5358641,0
Disynstemon madagascariense,Hippocrepis balearica,5353700,0
Nefrakis ebenus,Genista umbellata,8000707,0
Smithia parvifolia,Archidendron aruense,7853116,0
Muraltia sulcata,Comesperma ciliatum,4052266,0
Dialium lacourtianum,Ebenus bourgeaui,8106253,0
Mora conjugata,Dimorphandra conjugata,2974265,1
Senega stephaniana,Dysolobium pilosum,2963403,0
Inga rodrigueziana,Lotus axilliflorus,5632136,0
Meibomia sennaarensis,Polygala smallii,3191403,0
Comesperma lhotzkyanum,Archidendron ramiflorum,2941451,0
Huchimingia trifoliata,Carmichaelia australis,5348429,0
Ononis inaequalifolia,Ononis natrix,2977234,1
Inga pavoniana,Inga sapindoides,5357706,1
Monnina hilairiana,Inga capitata,5358094,0
Dimorphandra gonggrijpii,Lotus angustissimus,5356931,0
Corniola lucida,Genista tricuspidata,5347804,1
Cylindrokelupha laoticum,Archidendron laoticum,2941592,1
Pilostaxis arenicola,Echinospartum boissieri,2959219,0
Dorycnium kotschyi,Lotus graecus,5354802,1
Galactia terminiflora,Millettia splendens,5355930,1
Polygala squarrosa,Muraltia squarrosa,4049689,1
Ebenus tragacanthoides,Ebenus stellata,5354890,1
Lonchocarpus mossambicensis,Gastrolobium retusum,5611865,0
Phaseoloides aboense,Gastrolobium polystachyum,5350210,0
Nissolia uncinata,Machaerium uncinatum,5355085,1
Telinaria congesta,Genista tenera,5347751,1
Telinaria candicans,Xanthophyllum vitellinum,7293493,0
Carmichaelia angusta,Inga sapindoides,5357706,0
Machaerium campylocarpum,Machaerium seemannii,5355162,1
Phaseolus modestus,Hoffmannseggia drummondii,5347522,0
Aspalathus dorycnium,Lotus dorycnium,5632022,1
Lotus candidissimus,Lotus purpureus,5356837,1
Polygala propinqua,Calliandra parvifolia,2981824,0
Ebenidium depressum,Ebenus depressa,5630791,1
Lotus biflorus,Lotus biflorus,7636304,1
Caesalpinia exostemma,Muraltia pubescens,4049976,0
Bredemeyera moritziana,Polygala major,7372627,0
Chaetocalyx platycarpus,Calobota sericea,4929855,0
Heisteria pauciflora,Brachypterum pseudinvolutum,11374322,0
Bossiaea rotundifolia,Acacia biflora,2978318,0
Bredemeyera brevifolia,Bredemeyera brevifolia,4050274,1
Zuccagnia angulata,Erythrostemon angulatus,9381205,1
Soja max,Glycine max,5359660,1
Camoensia laurentii,Coulteria glabra,10760814,0
Anneslia bijuga,Calliandra bijuga,2982296,1
Muraltia depressa,Muraltia mixta,7387288,1
Cytisus congestus,Bossiaea dentata,2968330,0
Monnina rupestris,Monnina lehmanniana,4050586,0
Caesalpinia nelsonii,Gastrolobium sericeum,5627827,0
Muraltia serpylloides,Acacia bynoeana,2978924,0
Lotus angustissimus,Eutaxia microphylla,7566710,0
Indigofera tritoidea,Asemeia violacea,8077988,0
Monnina polygaloides,Millettia pachycarpa,5355731,0
Calophaca ferganensis,Archidendron bubalinum,2941202,0
Telinaria holopetala,Genista holopetala,5347723,1
Calpurnia mucronulata,Calpurnia sericea,2956423,1
Hoffmannseggia ternata,Glycine max,5359660,0
Inga foliosa,Inga ruiziana,5357975,1
Polygala emoryi,Genista lydia,5347712,0
Flemingia sericans,Flemingia macrophylla,5359866,1
Xanthophyllum flavum,Inga heterophylla,5357852,0
Hebeandra crassifolia,Monnina crassifolia,4051573,1
Hedysarum trinervium,Gastrolobium polystachyum,5350210,0
Feuilleea sapindoides,Acacia echinuliflora,2980506,0
Lupinus beaneanus,Lotus maritimus,5356973,0
Scandalida maritima,Inga maritima,5357781,0
Anneslia eriophylla,Xanthophyllum vitellinum,7293493,0
Hoffmannseggia stipulata,Humularia meyeri-johannis,5349900,0
Lotus nubicus,Calliandra rubescens,2982006,0
Pultenaea ericoides,Aotus ericoides,5352260,1
Chorizema huegellii,Chorizema huegellii,3907538,1
Xanthophyllum palawanensis,Genista sibirica,5347619,0
Polygala pachyrrhiza,Gymnospora violoides,8310280,1
Polygala bicolor,Calliandra sincorana,2981848,0
Psorobatus megacarpus,Errazurizia megacarpa,2967042,1
Chorizema denticulatum,Chorizema ilicifolium,2968201,1
Racosperma amycticum,Lotus sanguineus,5631675,0
Amphicarpa bracteata,Amphicarpaea bracteata,2960161,1
Securidaca luschnathiana,Mundulea barclayi,2933873,0
Acacia idiomorpha,Muraltia satureioides,7851822,0
Swartzia brachystachya,Candolleodendron brachystachyum,2933835,1
Millettia maingayi,Muraltia ericoides,8345157,0
Smithia strobilantha,Kotschya strobilantha,2948979,1
Polygala mendocina,Asemeia monticola,8344266,0
Securidaca scandens,Hoffmannseggia humilis,5347512,0
Cratylia spectabilis,Delonix baccal,2956173,0
Hedysarum bracteatum,Flemingia bracteata,5359848,1
Spartium aetnensis,Genista radiata,5347648,0
Ononis kotschyana,Ononis natrix,2977234,0
Hebecarpa glandulosa,Machaerium condensatum,5354965,0
Millettia melanocalyx,Acanthocladus dichromus,8890058,0
Lonchocarpus muehlbergianus,Mora oleifera,5355420,0
Pellegriniodendron diphyllum,Archidendron balansae,2941396,0
Maughania wallichii,Flemingia wallichii,5359885,1
Racosperma cultriforme,Inga pilosula,5358111,0
Julbernardia baumii,Monnina macbridei,4050411,0
Nemcia rubra,Gastrolobium rubrum,8693200,1
Dimorphandra parviflora,Dimorphandra parviflora,2974283,1
Moghania procumbens,Asemeia grandiflora,5658192,0
Heistera phylicoides,Muraltia aspalatha,4051201,1
Amphicarpaea cuspidata,Genista tricuspidata,5347804,0
Acacia falcifolia,Mantiqueira bella,11086176,0
Calliandra tweediei,Calliandra tweedii,2982053,1
Genista triquetra,Genista januensis,5347603,1
Machaerium spinosum,Xanthophyllum vitellinum,7293493,0
Lotus garcini,Lotus garcinii,8298127,1
Racosperma prainii,Millettia soyauxii,8178316,0
Lugaion etnense,Genista aetnensis,5347587,1
Feuilleea asplenioides,Acacia peruviana,3974930,0
Spartium arborescens,Brya ebenus,5348895,1
Dimorphandra latifolia,Ebenus sibthorpii,5354896,0
Mimosa tergemina,Echinospartum barnadesii,7302120,0
Bredemeyera fruticulosa,Humularia welwitschii,5349876,0
Inga obscura,Inga ruiziana,5357975,1
Caesalpinia exilifolia,Xanthophyllum purpureum,4051109,0
Polygala vulgaris,Polygala rosea,7989450,1
Inga sinemariensis,Inga laurina,5358039,1
Monopetalanthus microphyllus,Hippocrepis comosa,7913607,0
Valentinia sylvestris,Archidendron globosum,2941218,0
Genista adzharica,Genista suanica,7583793,1
Pithecellobium lucidum,Archidendron lucidum,2941456,1
Racosperma aculeatissimum,Acacia aculeatissima,2978649,1
Hebecarpa piliophora,Hebecarpa obscura,7545780,1
Calliandra hymeneaeoides,Calliandra hymenaeoides,2982171,1
Ononis rhinanthoides,Ononis striata,2977206,1
Lotus dispermus,Millettia piscidia,5355786,0
Monnina retusa,Monnina lorenziana,4050449,0
Hippocrepis almeriensis,Hippocrepis scabra,5353706,1
Securidaca acuminata,Securidaca diversifolia,5421445,1
Polygala paucifolia,Polygaloides paucifolia,7346080,1
Acacia magdalenae,Gastrolobium dilatatum,5627951,0
Glycine monophyllos,Muraltia spinosa,7225532,0
Cytisus wolgaricus,Myroxylon balsamum,5357190,0
Bredemeyera conferta,Archidendron poilanei,2941242,0
Teline segonnei,Genista segonnei,5347842,1
Nemcia emarginata,Lupinus andersonii,2964568,0
Salomonia leptostachya,Salomonia ciliata,7130426,1
Calliandra sancti-pauli,Machaerium robiniifolium,5355034,0
Lotus rectus,Carmichaelia juncea,5628964,0
Pithecellobium corymbosum,Bredemeyera myrtifolia,7293369,0
Flemingia parvifolia,Flemingia parvifolia,5628753,1
Polygala filiformis,Muraltia filiformis,4050611,1
Comesperma laxiusculum,Cyclopia falcata,5341865,0
Inga fagifolia,Inga ruiziana,5357975,1
Acacia rigida,Acacia neorigida,8366717,1
Daniellia caudata,Millettia griffoniana,5355825,0
Hippocrepis toletana,Polygala suganumae,7869769,0
Indigofera tritoides,Muraltia macrocarpa,4050325,0
Lupinus opsianthus,Monnina cacumina,7293620,0
Solori philippinensis,Brachypterum philippinense,11371659,1
Microcharis pseudoindigofera,Microcharis galpinii,2963300,1
Racosperma pravissimum,Acacia pravissima,2978643,1
Pithecellobium lovelliae,Chesneya macrantha,5357273,0
Caesalpinia melanadenia,Bredemeyera cuneata,4050187,0
Genista rigens,Lotus hirsutus,5354799,0
Pontania celsiana,Brachypterum scandens,10779326,0
Hoffmannseggia stricta,Cyclopia buxifolia,5341856,0
Lupinus reticulatus,Flemingia semialata,5359883,0
Ononis zaiana,Muraltia ericoides,8345157,0
Callistachys tetragona,Gastrolobium coriaceum,5627987,1
Cytisus speciosus,Acacia paradoxa,2981159,0
Cyclolobium amazonicum,Limadendron amazonicum,7864243,1
Pithecellobium brassii,Acacia auriculiformis,2981001,0
Inga mapiriensis,Inga heterophylla,5357852,1
Ebenidium monbrettii,Gastrolobium formosum,5627923,0
Pithecellobium kuenstleri,Archidendron kuenstleri,2941280,1
Spongiocarpella paucifoliolata,Inga plumifera,5357849,0
Gastrolobium bidens,Gastrolobium polystachyum,5350210,1
Muraltia obovata,Muraltia origanoides,4050129,1
Ononis subspicata,Berlinia giorgii,2971338,0
Calliandra jacobiana,Calliandra calycina,2981970,1
Poinciana gilliesii,Erythrostemon gilliesii,8130309,1
Xanthophyllum insigne,Xanthophyllum obscurum,4051314,1
Millettia claessensii,Archidendron glandulosum,2941276,0
Piptadenia patens,Adenopodia patens,2952366,1
Comesperma spathulatum,Dialium guianense,2971008,0
Bredemeyera viscidula,Comesperma viscidulum,4051273,1
Carpolobia zenkeri,Atroxima afzeliana,4050746,1
Albizia yunnanensis,Securidaca diversifolia,5421445,0
Inga mollifoliola,Inga densiflora,5357837,1
Monnina elliptica,Genista canariensis,5347769,0
Comesperma coridifolium,Calliandra pauciflora,2982147,0
Spartium ephedroides,Genista ephedroides,5347647,1
Acanthocladus brasiliensis,Acanthocladus brasiliensis,5658224,1
Ebenidium macrophyllum,Hebecarpa myrtilloides,9499510,0
Deguelia dalbergioides,Apios carnea,7457890,0
Calliandra conferta,Dahlstedtia glaziovii,7355391,0
Collaea martii,Dialium englerianum,2970943,0
Polygala selloi,Acanthocladus tehuelchum,5658214,0
Bredemeyera nudiuscula,Comesperma nudiusculum,4051796,1
Psoralea stipularis,Flemingia kweichowensis,5359838,0
Machaerium acutifolium,Hoffmannseggia glauca,5347492,0
Tetragonolobus edulis,Muraltia spinosa,7225532,0
Lugaion angulatum,Dahlstedtia castaneifolia,7779256,0
Polygala zacatecana,Hebecarpa barbeyana,7552320,1
Dalhousiea paucisperma,Dalhousiea bracteata,2970581,1
Machaerium acanthothyrsus,Calliandra renvoizeana,2982163,0
Heistera filiformis,Muraltia filiformis,4050611,1
Polygala extraaxillaris,Asemeia extraaxillaris,7839407,1
Nissolia debilis,Machaerium debile,5355042,1
Polygala depressa,Polygala serpyllifolia,3191414,1
Hedysarum trinervium,Flemingia macrophylla,5359866,1
Genista pungens,Calobota pungens,4929860,1
Poecilanthe hostmannii,Lotus parviflorus,5356892,0
Polygala nicaraguensis,Ononis dentata,2977135,0
Machaerium verrucosum,Machaerium punctatum,5355098,1
Lotus hebranicus,Adenopodia patens,2952366,0
Pithecellobium hispidum,Archidendron hispidum,2941598,1
Polygala barbeyana,Lotus weilleri,5357008,0
Comesperma silvestre,Lotus halophilus,5357005,0
Mimosa staminea,Gastrolobium sericeum,5627827,0
Polygala sickii,Asemeia rhodoptera,7360831,1
Machaerium marginatum,Machaerium isadelphum,7932857,1
Comesperma subherbaceum,Comesperma calymega,7293259,1
Natrix fruticosa,Ononis fruticosa,2977293,1
Lupinus sparhawkianus,Lotus jordanii,9567879,0
Xanthophyllum griffithii,Rhamphopetalum microphyllum,10717476,0
Chesneya makranica,Eleiotis sororia,2968282,0
Spartium multicaule,Genista majorica,5347563,1
Maughania philippinensis,Flemingia prostrata,5359865,1
Polygala ulei,Carmichaelia australis,5348429,0
Polygala urbani,Asemeia monninoides,7646613,1
Lotus gussonei,Muraltia macrocarpa,4050325,0
Muraltia humilis,Cyclopia genistoides,7508648,0
Poincianella arida,Erythrostemon palmeri,9415369,1
Anneslia laevis,Calliandra laevis,2981933,1
Callistachys parviflora,Gastrolobium parviflorum,5350206,1
Calliandra glaberrima,Calliandra coriacea,2981844,1
Chorizema parvifolium,Polygala papuana,4049472,0
Cytisus pinnatus,Calophaca wolgarica,7956731,1
Mundia capensis,Acacia bakeri,2980723,0
Clitoria rubiginosa,Archidendron pauciflorum,2941485,0
Mimosa fagifolia,Polygaloides paucifolia,7346080,0
Inga microstachya,Inga pezizifera,5357576,1
Lebeckia melilotoides,Flemingia faginea,5359906,0
Hansemannia glabra,Archidendron glabrum,2941437,1
Polygala darwiniana,Hoffmannseggia prostrata,5347537,0
Polygala ilheotica,Asemeia ilheotica,7593388,1
Chesniella gracilis,Lotus germanicus,7450947,0
Cytiscus canariensis,Genista canariensis,5347769,1
Millettia eberhardtii,Millettia acutiflora,5355936,1
Comesperma esulifolium,Genista januensis,5347603,0
Feuilleea prostrata,Archidendron contortum,2941231,0
Hippocrepis monocarpa,Xanthophyllum flavescens,7580773,0
Genistoides linifolia,Genista anglica,5347644,0
Comesperma kunthianum,Genista monspessulana,5347796,0
Millettia oocarpa,Ononis dentata,2977135,0
Isodesmia blanchetiana,Hoffmannseggia humilis,5347512,0
Lotus superbus,Eysenhardtia adenostylis,2964747,0
Monnina eriocarpa,Monnina wrightii,3191469,1
Polygala quadrangula,Kartalinia acaulis,10744511,0
Ononis persica,Ononis sicula,2977111,1
Securidaca surinamensis,Securidaca divaricata,5658161,1
Pterospartum tridentatum,Lotus mlanjeanus,5356912,0
Machaerium mucronatum,Calliandra tergemina,2981879,0
Badiera acuminata,Hippocrepis comosa,5353750,0
Monnina pseudoaestuans,Aotus gracillima,5352269,0
Acacia haematomma,Calliandra haematomma,2982219,1
Cytisus triangularis,Genista januensis,5347603,1
Archidendron vandersijde,Securidaca divaricata,5658161,0
Polygala macroloncha,Polygala salviniana,4049554,1
Chorizema flavum,Millettia sericea,5355765,0
Notospartium carmichaeliae,Inga ruiziana,5357975,0
Albizia tonkinensis,Ancistrotropis firmula,7481673,0
Caesalpinia pilosa,Ononis tridentata,2977272,0
Dialium wallichii,Eleiotis sororia,2968282,0
Callistachys spathulata,Muraltia ericoides,8345157,0
Genista millanii,Genista spartioides,5347582,1
Anneslia hirsuta,Calliandra hirsuta,2982255,1
Quillaja sellowiana,Quillaja brasiliensis,3029372,1
Ononis alopecuroides,Ononis arvensis,2977171,1
Bredemeyera acuminata,Bredemeyera acuminata,4050381,1
Hedysarum sororium,Eleiotis sororia,2968282,1
Muraltia stipulacea,Genista canariensis,5347769,0
Polygala cuneata,Polygala leucantha,4049624,0
Carmichaelia angustata,Dysolobium pilosum,2963403,0
Flemingia fluminalis,Flemingia fluminalis,5359846,1
Viborquia orthocarpa,Millettia macroura,5355762,0
Dorycnium subbiflorum,Genista tenera,5347751,0
Polygala sickii,Campsiandra angustifolia,2933026,0
Caesalpinia elata,Microcharis contorta,2963295,0
Machaerium steinbachianum,Archidendron jiringa,2941605,0
Lotus mearnsii,Lotus schoelleri,5356998,1
Inga fasciculata,Archidendron fagifolium,2941550,0
Chaetocalyx latifolius,Nissolia brasiliensis,10844581,1
Codarium solanderi,Millettia zechiana,5355815,0
Spartium stylosum,Calliandra magdalenae,2982131,0
Macrolobium preussii,Kotschya africana,2948996,0
Lotus lalambensis,Bredemeyera laurifolia,7293385,0
Affonsea lucyi,Archidendron lucyi,2941496,1
Acacia peruviana,Acacia peruviana,3974930,1
Senega minarum,Polygala minarum,8812729,1
Phaseolus pius,Dialium guianense,2971008,0
Inga melinonis,Millettia aurea,5355818,0
Lotus borkouanus,Lotus arabicus,5356903,1
Pithecellobium kinubaluense,Archidendron kinubaluense,2941478,1
Myroxylon sonsouatense,Brachypterum scandens,10779326,0
Dorycnium quinatum,Lotus quinatus,5356887,1
Bossiaea coccinea,Monnina arbuscula,4052103,0
Polygala consobrina,Hebecarpa costaricensis,9482034,1
Amerimnon fasciculatum,Phlebotaenia cuneata,7293299,0
Pithecellobium incurvatum,Archidendron aruense,7853116,1
Caesalpinia platycarpa,Hoffmannseggia humilis,5347512,1
Bionia rigida,Camptosema coriaceum,2963275,1
Machaerium parviflorum,Machaerium complanatum,5355046,1
Genista saharae,Julbernardia seretii,2981753,0
Polygala serpyllacea,Polygala serpyllifolia,3191414,1
Nissolia aculeata,Machaerium isadelphum,7932857,1
Archidendron sessile,Archidendron sessile,8411267,1
Falcata japonica,Erythrostemon placidus,9265867,0
Feuilleea cruegeri,Calliandra cruegeri,2981862,1
Millettia platyphylla,Echinospartum horridum,2959222,0
Quillaja petiolaris,Caamembeca gigantea,7558432,0
Mimosa hymenaeodes,Nogra dalzellii,2952628,0
Feuilleea nuda,Flemingia parviflora,5359905,0
Mundtia heterophylla,Muraltia ononidifolia,4050144,1
Pseudoentada rotundifolia,Adenopodia rotundifolia,2952376,1
Calliandra yunckeri,Millettia barteri,5355814,0
Drepanocarpus floridus,Machaerium ruddianum,5612928,1
Inga guaremalensis,Nissolia wislizeni,5358640,0
Feuilleea humilis,Genista tricuspidata,5347804,0
Corniola sibirica,Machaerium dubium,5355049,0
Bugranopsis variegata,Ononis variegata,2977099,1
Cytisus pseudoumbellatus,Genista segonnei,5347842,1
Polygala tenuiloba,Hebecarpa barbeyana,7552320,1
Anonis scariosa,Julbernardia paniculata,2981767,0
Genistella capitata,Acacia obtusifolia,2980237,0
Millettia hemsleyana,Muraltia lancifolia,4050447,0
Muraltia phylicoides,Carmichaelia nana,8639774,0
Polygala pseudojuncea,Inga rubiginosa,5357814,0
Calliandra decrescens,Calliandra guildingii,2981857,1
Catocoma kunthiana,Bredemeyera hebeclada,7459931,1
Cytisus canescens,Acanthocladus brasiliensis,5658224,0
Oxylobium rigidum,Archidendron glandulosum,2941276,0
Comesperma corniculatum,Muraltia ciliaris,8037203,0
Carmichaelia juncea,Securidaca virgata,5421446,0
Acacia glaucophylla,Millettia griffoniana,5355825,0
Bonjeania hirsuta,Gastrolobium brownii,5360161,0
Genista montbretii,Genista albida,5347692,1
Polygala lanceolata,Monnina macrostachya,7293415,1
Bionia bella,Mantiqueira bella,11086176,1
Banisteroides glaucum,Archidendron turgidum,2941467,0
Monnina lingua,Lotus berthelotii,5356822,0
Heistera dumosa,Gilbertiodendron demonstrans,2941698,0
Geissaspis descampsii,Muraltia filiformis,4050611,0
Dialium discolor,Gastrolobium heterophyllum,5350215,0
Pterocarpus lunatus,Machaerium lunatum,5355075,1
Monnina uribei,Chesneya mongolica,5353644,0
Monnina crotalariifolia,Chesneya cuneata,5353662,0
Dalbergia oojeinensis,Monnina xalapensis,4051592,0
Anonis arvensis,Muraltia stipulacea,7652309,0
Cylindrokelupha kerrii,Millettia nudiflora,5355768,0
Oxylobium atropurpureum,Monnina weddelliana,4051663,0
Ononis alpina,Ononis curtipendula,3970354,0
Solori cumingii,Monnina celastroides,7429148,0
Carpolobia afzeliana,Atroxima afzeliana,4050746,1
Inga medellinensis,Inga sapindoides,5357706,1
Acacia barteriana,Acacia paradoxa,2981159,1
Mimosa cassioides,Myroxylon peruiferum,5357189,0
Cytisus cinereus,Genista cinerea,5347718,1
Carmichaelia suteri,Chesneya kopetdaghensis,5353627,0
Badiera domingensis,Badiera penaea,4050594,1
Carmichaelia diffusa,Discolobium paucijugum,2962225,0
Polygala ilheotica,Neoapaloxylon tuberosum,2944232,0
Feuilleea blanchetii,Calliandra blanchetii,2982309,1
Macrolobium demonstrans,Gilbertiodendron demonstrans,2941698,1
Salomonia parasitica,Epirixanthes elongata,4050415,1
Heisteria calycina,Calliandra tweediei,2982058,0
Chamaebuxus munbyana,Polygaloides munbyana,4051740,1
Cylindrokelupha glabrifolia,Millettia sericea,7807253,0
Albizia robinsonii,Calliandra taxifolia,2982202,0
Monnina bifurcata,Monnina xalapensis,4051592,1
Lupinus linifolius,Lupinus angustifolius,2964025,1
Desmodium sennaarense,Bouffordia dichotoma,10854344,1
Feuilleea expansa,Asemeia grandiflora,5658192,0
Polygala krugii,Asemeia grandiflora,5658192,1
Muraltia burmanni,Muraltia ericoides,8345157,1
Cyclopia brachypoda,Caamembeca andina,11181608,0
Podolobium coriaceum,Gastrolobium coriaceum,5627987,1
Lotus brachycarpus,Lotus quinatus,5356887,1
Mora guianensis,Mora excelsa,5355414,1
Abarema monadelpha,Archidendron bigeminum,2941295,1
Polygala natalensis,Hoffmannseggia glauca,5347492,0
Smithia uguenensis,Acacia auriculiformis,2981001,0
Polygala brachiata,Calliandra humilis,2982270,0
Machaerium violaceum,Machaerium debile,5355042,1
Drepanocarpus floridus,Machaerium floridum,5354917,1
Abarema quocensis,Archidendron minahassae,2941424,0
Polygala philippiana,Ononis campestris,8005631,0
Polygala rottleriana,Flemingia trifoliata,5628704,0
Heistera ciliaris,Muraltia ciliaris,8037203,1
Monnina brachystachya,Archidendron clypearia,2941309,0
Dorycnium sphaerocarpum,Hoffmannseggia glauca,5347492,0
Spartium pusillum,Hippocrepis areolata,5353722,0
Heisteria cliffortiifolia,Lupinus angustifolius,2964025,0
Abarema opposita,Archidendron robinsonii,2941576,0
Cytisus racemosus,Erythrostemon exilifolius,9579433,0
Elsota sylvestris,Genista triquetra,8208969,0
Xanthophyllum pyrifolium,Muraltia spinosa,7225532,0
Bredemeyera microphylla,Rhamphopetalum microphyllum,10717476,1
Polygala stipulaceae,Muraltia ericoides,8345157,1
Psoralea luteosa,Flemingia parviflora,5359905,1
Psoralea stipularis,Eysenhardtia polystachya,2964737,1
Mundtia scoparia,Ononis serrata,2977279,0
Amphicarpaea bracteata,Acacia neorigida,8366717,0
Lotus mossamedensis,Lotus graecus,5354802,0
Smithia scaberrima,Cyclopia genistoides,7508648,0
Dimorphandra mari,Dimorphandra davisiae,11195414,1
Genista valdes-bermejoi,Genista balearica,5347746,1
Calophaca acaulis,Calliandra rhodocephala,2981815,0
Millettia taiwaniana,Millettia pachycarpa,5355731,1
Oxylobium genistoides,Errazurizia multifoliolata,2967046,0
Drepanocarpus inundatus,Machaerium inundatum,5355050,1
Albizia robinsonii,Archidendron robinsonii,2941576,1
Acacia lancifolia,Polygala rosea,7989450,0
Hoffmannseggia nana,Gastrolobium oxylobioides,5350208,0
Inga bonplandiana,Inga sapindoides,5357706,1
Genista heteroacantha,Genista germanica,5347824,1
Quillaja molinae,Quillaja saponaria,3029379,1
Ononis cirtensis,Archidendron lucyi,2941496,0
Lotus glaucus,Lotus cytisoides,5356937,1
Inga rugosa,Inga fendleriana,5357504,1
Teline eriooarpa,Genista monspessulana,5347796,1
Polygala oligophylla,Polygala longifolia,4049199,1
Hippocrepis heterocarpa,Xanthophyllum flavescens,7580773,0
Heisteria striata,Polygala fontellana,4049627,0
Polygala bracteoglandulosa,Polygala celosioides,4049178,1
Dialium havilandii,Carmichaelia nana,8639774,0
Securidaca hebeclada,Comesperma virgatum,7293549,0
Pithecellobium brevipes,Archidendron brevipes,8301768,1
Baudouinia perrieri,Lotus weilleri,5357008,0
Cynometra koko,Lebruniodendron leptanthum,2983909,1
Polygala spruceana,Polygala celosioides,4049178,1
Abarema kunstleri,Archidendron kunstleri,2941277,1
Chesneya microphylla,Chesneya rytidosperma,5353632,1
Abarema multifoliolata,Hoffmannseggia drepanocarpa,5347497,0
Lotus aurantius,Lotus arenarius,5356814,1
Smithia bequaertii,Kotschya africana,2948996,1
Pithecellobium kostermansianum,Echinospartum lusitanicum,2959225,0
Pteromonnina fosbergii,Securidaca divaricata,5658161,0
Spongiocarpella intermedia,Chesneya intermedia,5632699,1
Galactia virgata,Collaea stenophylla,5352529,1
Guinetia tehuantepecensis,Polygala major,7372627,0
Monnina luteola,Monnina tristaniana,7293618,1
Polygala intricata,Ononis pendula,2977262,0
Dialium soyauxii,Dialium zenkeri,2970960,1
Rhynchotropis curtisiae,Erythrostemon pannosus,9336761,0
Nissolia scandens,Acacia havilandiorum,2980961,0
Phaseolodes fruticosum,Millettia fruticosa,5355849,1
Acacia fasciculata,Genista clavata,5347795,0
Elsota goudotiana,Securidaca goudotiana,5658144,1
Polygala violacea,Calliandra taxifolia,2982202,0
Dialium simii,Hoffmannseggia viscosa,5347504,0
Polygala luteoalba,Polygala karensium,7293419,1
Heterosamara wattersii,Dialium guineense,2971007,0
Heisteria alopecurodes,Acacia gilbertii,2981107,0
Machaerium compressicaule,Ononis pubescens,2977281,0
Ebenidium bourgeanii,Monnina ramosa,4049348,0
Chaetocalyx vestitus,Nissolia vincentina,10745779,1
Acacia anomala,Dialium englerianum,2970943,0
Genista syriaca,Genista monspessulana,5347796,1
Heisteria leptorhiza,Muraltia leptorhiza,4050401,1
Lotus eylesii,Polygala cneorum,4051947,0
Feuilleea glomeriflora,Archidendron glomeriflorum,2941385,1
Inga grandifolia,Glycine clandestina,5359647,0
Senega fendleri,Polygala fendleri,7293363,1
Ononis diffusa,Ononis cossoniana,2977095,1
Inga chrysotricha,Inga setosa,5357663,1
Genista parviflora,Gonocytisus angulatus,2952409,1
Lobomon acutifolium,Acanthocladus scleroxylon,5658216,0
Dialium sylvestre,Dialium kunstleri,7302552,1
Pterocarpus anterus,Gilbertiodendron pachyanthum,2941648,0
Albizia elliptica,Archidendron ellipticum,8638856,1
Polygala bahamensis,Asemeia grandiflora,5658192,1
Heinekenia peliorhyncha,Lotus berthelotii,5356822,1
Lotus candidus,Archidendron glabrum,2941437,0
Hoffmanseggia glauca,Hoffmannseggia glauca,5347492,1
Millettia lasiantha,Monnina cuneata,8216450,0
Ononis cherleri,Ononis vaginalis,2977196,1
Lotus tenuifolius,Acacia lentiginea,2980968,0
Polygala timutu,Polygala timoutou,7293430,1
Monnina divaristachya,Monnina marginata,9392468,1
Coronilla hirsuta,Humularia drepanocephala,5349894,0
Xanthophyllum sumatranum,Xanthophyllum ancolanum,4052148,1
Monnina petiolaris,Monnina marginata,9392468,1
Securidaca luschnathiana,Securidaca tomentosa,7511766,1
Polygala grandis,Polygala major,7372627,1
Feuilleea venosa,Inga fastuosa,5357762,1
Acacia tristis,Inga edwallii,5357301,0
Abarema yunnanense,Asemeia ovata,7765333,0
Scottia browniana,Scottia pseudobrowniana,10996580,1
Lupinus pumicola,Lupinus andersonii,2964568,1
Calliandra yucunensis,Calliandra selloi,2981788,1
Nissolia incorruptibilis,Calpurnia sericea,2956423,0
Muraltia virgata,Muraltia alopecuroides,4051253,1
Lupinus sabinianus,Polygala bonariensis,4050074,0
Maughania yunnanensis,Flemingia yunnanensis,5359886,1
Polygala fuertesii,Amphicarpaea bracteata,2960161,0
Ostryocarpus parviflorus,Millettia griffoniana,5355825,1
Cytisus parviflorus,Gonocytisus angulatus,2952409,1
Muraltia ecornuta,Muraltia flanaganii,4050605,1
Polygala parva,Flemingia macrophylla,5359866,0
Acacia deltoidea,Dialium kasaiense,2970971,0
Ononis spicata,Delonix tomentosa,2956186,0
Acacia pauciflora,Cyclopia genistoides,5341859,0
Glycine vincentina,Camptosema spectabile,2963250,0
Zuccagnia eremophila,Polygala longifolia,4049199,0
Xanthophyllum longifolium,Xanthophyllum vitellinum,7293493,1
Maughania brevipes,Flemingia macrophylla,5359866,1
Collaea virgata,Collaea stenophylla,5352529,1
Xanthophyllum laoticum,Xanthophyllum sylvestre,4050961,1
Polygala tonsa,Inga danieli,7772924,0
Machaerium viridipetalum,Machaerium condensatum,5354965,1
Pteromonnina polygonoides,Monnina polygonoides,4049573,1
Dalbergia pulchra,Calliandra blanchetii,2982309,0
Polygala sinaloensis,Inga inundata,5347460,0
Sophora oligophylla,Angylocalyx oligophyllus,2952349,1
Heisteria laricifolia,Inga heterophylla,5357852,0
Stylobasium lineare,Stylobasium australe,8019741,1
Feuilleea jinicuil,Genista triangularis,7901681,0
Polygala tricornis,Muraltia stipulacea,7652309,0
Dialium macranthum,Cyclopia buxifolia,5341856,0
Ononis dehnhardtii,Bossiaea dentata,2968330,0
Racosperma eglandulosum,Acacia cyclops,2980425,1
Moghania praecox,Xanthophyllum obscurum,4051314,0
Caesalpinia hughesii,Nissolia longiloba,10724416,0
Moghania fluminalis,Flemingia strobilifera,5359843,1
Leptocyamus tabacina,Ononis arborescens,8415428,0
Morolobium monopterum,Archidendron monopterum,2941562,1
Securidaca scandens,Securidaca virgata,5421446,1
Polygala micrantha,Muraltia stipulacea,7652309,1
Carmichaelia silvatica,Carmichaelia australis,5348429,1
Spartium ephedroides,Machaerium robiniifolium,5355034,0
Millettia siwalika,Millettia siwalica,11371644,1
Machaerium microphyllum,Betencourtia neesii,10906904,0
Feuilleea tergemina,Calliandra tergemina,2981879,1
Polygala moldavica,Securidaca bialata,5658180,0
Racosperma chinchillense,Carmichaelia odorata,5348460,0
Dalbergia scandens,Polygala cneorum,4051947,0
Acacia cassioides,Asemeia violacea,8077988,0
Cyrtotropis carnea,Apios carnea,7457890,1
Abarema laxiflora,Archidendron palauense,2941510,1
Machaerium micropterum,Ononis mitissima,2977292,0
Heistera crassifolia,Muraltia crassifolia,4050884,1
Cyclopia vogelii,Securidaca diversifolia,5421445,0
Ebenus montbretii,Hanslia ormocarpoides,3978075,0
Corytholobium macrophyllum,Securidaca calophylla,5658175,1
Monnina purpurea,Nissolia latisiliqua,10750042,0
Cytisus germanicus,Acacia incanicarpa,2980131,0
Damapana capitulifera,Brachypterum pseudinvolutum,11374322,0
Calliandra pulcherrima,Ononis rotundifolia,2977131,0
Ononis cherleri,Hoita macrostachya,2943710,0
Maughania lacei,Bossiaea ornata,2968307,0
Jansonia formosa,Gastrolobium formosum,5627923,1
Desmodium pseudarthrioides,Daprainia kingiana,11370785,1
Machaerium longifolium,Machaerium isadelphum,7932857,1
Polygala celosioides,Polygala celosioides,4049178,1
Phaseolodes piscidia,Muraltia stipulacea,7652309,0
Galactia pedunculata,Betencourtia neesii,10906904,1
Genista pulverulenta,Genista albida,5347692,1
Damapana strobilantha,Kotschya strobilantha,2948979,1
Drepanocarpus ferox,Polygala telephium,7293472,0
Polygala remansoense,Inga longiflora,5357949,0
Pteromonnina tristaniana,Monnina tristaniana,7293618,1
Mundia desertorum,Muraltia ericoides,8345157,0
Cylindrokelupha dalatensis,Archidendron dalatense,2941588,1
Polygala petalantha,Gymnospora violoides,8310280,1
Moghania angusta,Mundulea sericea,2933885,0
Flemingia kweichowensis,Genista monspessulana,5347796,0
Bossiaea rotundifolia,Bossiaea rhombifolia,2968314,1
Cylindrokelupha havilandii,Archidendron havilandii,2941411,1
Banisteroides rufum,Glycine tabacina,5359681,0
Scorpius spinosus,Collaea speciosa,5352530,0
Pteromonnina leptostachya,Dimorphandra macrostachya,2974292,0
Calliandra bombycina,Calliandra bombycina,2981874,1
Dorycnium kotschyanum,Lotus herbaceus,7815140,1
Abarema clypearia,Archidendron clypearia,2941309,1
Calliandra seemannii,Brachypterum scandens,10779326,0
Pteromonnina rugosa,Calobota angustifolia,4929861,0
Ebenus ferrugirea,Acacia hubbardiana,2978338,0
Muraltia phylicoides,Muraltia thunbergii,4049589,1
Pterocarpus lunulatus,Genista januensis,5347603,0
Rhynchosia sericea,Flemingia macrophylla,5359866,1
Eutaxia dillwynioides,Eutaxia parvifolia,5358150,1
Pithecellobium bubalinum,Archidendron bubalinum,2941202,1
Polygala adenophylla,Monnina resedoides,4049319,1
Brachysema platypterum,Gilbertiodendron stipulaceum,2941674,0
Smithia ruwenzoriensis,Kotschya aeschynomenoides,2949004,1
Amerimnon ebenus,Brya ebenus,5348895,1
Monopetalanthus jenseniae,Aphanocalyx jenseniae,2954258,1
Mundia tabularis,Chesneya ferganensis,5353619,0
Hoffmannseggia platycarpa,Hoffmannseggia humilis,5347512,1
Polygala buxifolia,Hebecarpa buxifolia,9346779,1
Chaetocalyx nigricans,Nissolia nigricans,10883651,1
Abarema opposita,Archidendron oppositum,2941543,1
Smithia uguenensis,Kotschya uguenensis,2949019,1
Flemingia lamontii,Flemingia prostrata,5359865,1
Nissolia arborea,Machaerium arboreum,5355155,1
Oxylobium melinocaule,Gastrolobium retusum,5611865,1
Anneslia grandiflora,Kotschya aeschynomenoides,2949004,0
Comesperma lanceolatum,Comesperma lanceolatum,4051941,1
Berlinia acuminata,Berlinia grandiflora,2971333,1
Bossiaea rupicola,Monnina salicifolia,7875295,0
Glycine grahamii,Nogra grahamii,2952632,1
Jakkia excelsa,Xanthophyllum flavescens,7580773,1
Hebeandra revoluta,Dysolobium grande,2963397,0
Pueraria strobilifera,Polygala cymosa,3191370,0
Maughania wangkae,Machaerium stipitatum,5355152,0
Bossiaea endlicheri,Bossiaea eriocarpa,2968317,1
Lupinus jugoslavicus,Archidendron lucyi,2941496,0
Millettia hookeriana,Acacia genistifolia,2978740,0
Arouna divaricatum,Xanthophyllum urophyllum,12245943,0
Chorizema angustifolium,Acacia cracentis,2981118,0
Ononis intermedia,Dialium pachyphyllum,2970936,0
Inga rondonii,Inga glomeriflora,5357873,1
Cajanus wolgaricus,Calophaca wolgarica,7956731,1
Feuilleea purdiei,Calliandra purdiei,2982326,1
Nissolia fruticosa,Calliandra asplenioides,7524304,0
Ononis euphrasiaefolia,Ononis euphrasiifolia,2977232,1
Racosperma helmsianum,Nissolia brasiliensis,10844581,0
Muraltia mitior,Muraltia mitior,4050255,1
Ononis damanti,Ononis dentata,2977135,1
Nemcia crenulata,Calliandra viscidula,2981809,0
Inga titiribiana,Inga densiflora,5357837,1
Polygala pilosa,Caamembeca salicifolia,9335158,0
Genista jordanii,Genista pilosa,5347571,1
Chorizema manglesii,Muraltia muraltioides,4050214,0
Phyllodoce armata,Acacia paradoxa,2981159,1
Bossiaea virgata,Muraltia tenuifolia,4049598,0
Inga herthae,Camptosema spectabile,2963250,0
Dialium anomalum,Securidaca pubiflora,5658103,0
Polygala tehuacana,Hebecarpa tehuacana,9579810,1
Brachysema papilio,Nogra grahamii,2952632,0
Polygala americana,Asemeia grandiflora,5658192,1
Ononis microphylla,Eysenhardtia polystachya,2964737,0
Lotus aegyptiacus,Lotus graecus,5354802,0
Chamaebuxus vulgaris,Polygaloides chamaebuxus,4051746,1
Glycine pescadrensis,Glycine tabacina,5359681,1
Paralbizzia platycarpa,Nissolia brasiliensis,10844581,0
Inga paludicola,Inga samanensis,5357648,1
Heisteria carnosa,Muraltia carnosa,4051027,1
Lotus coimbrensis,Lotus conimbricensis,5356971,1
Pithecellobium multiflorum,Badiera oblongata,4050599,0
Calliandra slaneae,Calliandra purpurea,2981994,1
Caesalpinia angulata,Erythrostemon angulatus,9381205,1
Polygala hebantha,Hebecarpa hebantha,9341678,1
Cytisus everestianus,Genista stenopetala,5347701,1
Cytisanthus ephedroides,Millettia podocarpa,5355808,0
Huchimingia trifoliata,Millettia trifoliata,5355709,1
Carpolobia suaveolens,Carpolobia goetzei,4049490,1
Calliandra pitophila,Calliandra pityophila,3795146,1
Chamaebuxus webbiana,Polygaloides webbiana,4051725,1
Ferrum-equinum unisiliquosum,Lotus hirsutus,5354799,0
Flemingia praecox,Inga umbratica,5358034,0
Inga odoratissima,Inga lopadadenia,5357649,1
Hippocrepis fructicosa,Hippocrepis balearica,5353700,1
Falcata caroliniana,Genista horrida,8203658,0
Abarema multiflora,Archidendron merrillii,2941600,1
Natrix fruticosa,Ononis spinosa,2977149,0
Acacia mirbelii,Acacia cyclops,2980425,1
Ononis diffusa,Flemingia macrophylla,5359866,0
Piptanthus nanus,Ammopiptanthus nanus,2943139,1
Racosperma mabellae,Acacia mabellae,2980475,1
Bradburya cologanioides,Coulteria platyloba,7545558,0
Muraltia angulosa,Muraltia angulosa,4051236,1
Argyrolobium sessilifolium,Betencourtia scarlatina,10926174,0
Ononis zschackei,Ononis crispa,2977282,1
Inga falcistipula,Inga capitata,5358094,1
Pithecellobium solomonense,Archidendron lucyi,2941496,1
Phaseolus difformis,Dysolobium pilosum,2963403,1
Racosperma multistipulosum,Acacia multistipulosa,2980127,1
Polygala hostmannii,Polygala trichosperma,4050125,1
Badiera portoricensis,Chesneya cuneata,5353662,0
Galactia speciosa,Collaea speciosa,5352530,1
Dalbergia pulchra,Millettia pulchra,5355677,1
Nissolia leiophylla,Machaerium leiophyllum,5354986,1
Inga squamigera,Inga samanensis,5357648,1
Lotus divaricatus,Brya ebenus,5348895,0
Macrolobium chevalieri,Gilbertiodendron ivorense,2941643,1
Archidendron pachycarpum,Lotus arabicus,5356903,0
Polygala parietaria,Asemeia parietaria,7691820,1
Lupinus chilensis,Lupinus subacaulis,2964096,1
Polygala declinata,Xanthophyllum sylvestre,4050961,0
Lotus gussonei,Lotus gussonei,5631971,1
Lebeckia obovata,Machaerium aculeatum,5354953,0
Phaseolodes aboense,Millettia aboensis,5355704,1
Inga purpurea,Inga hispida,5357647,1
Polygala minutiflora,Polygala mexicana,4051609,1
Pithecellobium rufescens,Acacia ixiophylla,2979965,0
Calliandra glyphoxylon,Calliandra glyphoxylon,2981964,1
Leptocyamus tasmanicus,Glycine latrobeana,5359674,1
Hippocrepis scabra,Hippocrepis salzmannii,5353726,1
Machaerium intermedium,Discolobium paucijugum,2962225,0
Maughania latifolia,Flemingia latifolia,5359868,1
Callistachys obtusifolia,Monnina linearifolia,4050529,0
Codarium discolor,Nissolia vincentina,10745779,0
Calliandra cumingii,Calliandra laxa,2982019,1
Lupinus ione-walkerae,Lupinus fulcratus,2964683,1
Anneslia simulans,Calliandra rubescens,2982006,1
Caesalpinia oxycarpa,Hoffmannseggia oxycarpa,7628338,1
Polygala clavipes,Hebecarpa americana,7364474,1
Lotus pusillus,Ononis vaginalis,2977196,0
Carmichaelia acuminata,Inga tenuistipula,5357513,0
Monnina crispata,Monnina sylvicola,4051969,1
Lupinus luteolus,Erythrostemon gilliesii,8130309,0
Poinciana playfairii,Lotus arenarius,5356814,0
Abarema utile,Archidendron turgidum,2941467,0
Ononis viscosa,Flemingia nana,7981517,0
Spartidium saharae,Calobota saharae,4929856,1
Feuilleea mutica,Cyclopia galioides,5341873,0
Carmichaelia cunninghamii,Genista micrantha,5347650,0
Gastrolobium drummondii,Archidendron robinsonii,2941576,0
Lotus collinus,Lotus longisiliquosus,7820973,1
Polygala marquesiana,Asemeia marquesiana,7404908,1
Lotus arborescens,Lotus purpureus,5356837,1
Cytisus pterocladus,Gonocytisus pterocladus,2952407,1
Cytisus chrysobotrys,Genista spachiana,5347766,1
Polygala macrostachya,Monnina macrostachya,7293415,1
Lotus macrocarpus,Calliandra longipes,2981983,0
Ononis rotundifola,Ononis rotundifolia,2977131,1
Eminia major,Polygala exilis,4049994,0
Inga coprocarpa,Calliandra rubescens,2982006,0
Crotalaria elongata,Mundulea chapelieri,2933881,0
Bossiaea bracteosa,Lotus arabicus,5356903,0
Feuilleea capitata,Inga capitata,5358094,1
Dalea multifolioliata,Xanthophyllum palawanense,4051266,0
Hoffmannseggia eremophila,Inga acreana,5357584,0
Geissaspis minima,Humularia minima,5349897,1
Racosperma calanthum,Acacia calantha,2979842,1
Muraltia rhinostigma,Muraltia salsolacea,4049868,1
Lotus coronillifolius,Xanthophyllum vitellinum,7293493,0
Vigna paraguariensis,Calobota angustifolia,4929861,0
Gastrolobium drummondii,Gastrolobium oxylobioides,5350208,1
Pithecellobium trifoliolatum,Archidendron trifoliolatum,2941249,1
Muraltia reticulata,Muraltia divaricata,4050776,0
Monnina epilobioides,Monnina richardiana,4049262,1
Inga panurensis,Inga panurensis,5357844,1
Monnina duidae,Monnina cacumina,7293620,1
Miediega gracilis,Hebecarpa buxifolia,9346779,0
Dorycnium schimperi,Lotus quinatus,5356887,1
Pithecellobium beguinii,Archidendron beguinii,2941446,1
Bossiaea paucifolia,Ononis filicaulis,2977140,0
Calliandra pulcherrima,Calliandra tweediei,2982058,1
Millettia grandidieri,Echinospartum ibericum,7302116,0
Ebenus ferruginea,Ebenus stellata,5354890,1
Mundulea andringitrensis,Xanthophyllum flavescens,7580773,0
Genista radiata,Genista radiata,7790582,1
Affonsea schwebeliana,Polygala timoutou,7293430,0
Oxylobium reticulatum,Amphicarpaea bracteata,2960161,0
Lupinus varius,Muraltia heisteria,4050551,0
Moutabea excoriata,Moutabea excoriata,4051489,1
Ononis microsperma,Ononis diffusa,2977289,1
Genista lamprophylla,Inga pilosula,5358111,0
Chesneya oliveri,Dialium kasaiense,2970971,0
Amerimnon polystachyon,Gilbertiodendron dewevrei,2941659,0
Oxylobium racemosum,Archidendron aruense,7853116,0
Inga urnifera,Archidendron lucidum,2941456,0
Lugaion umbellatum,Genista umbellata,8000707,1
Racosperma leptolobum,Acacia leptoloba,2978260,1
Cytisus hillebrandtii,Genista ausetana,5627705,0
Machaerium glabratum,Betencourtia gracillima,11087931,0
Apaloxylon madagascariense,Monnina exaltata,4051179,0
Millettia gossweileri,Monnina fastigiata,4051158,0
Cytisus radiatus,Genista radiata,5347648,1
Elsota lamarckii,Securidaca diversifolia,5421445,1
Heisteria stipulacea,Calobota cytisoides,3968567,0
Pongamia piscidia,Millettia piscidia,5355786,1
Spongiocarpella intermedia,Amphicarpaea bracteata,2960161,0
Polygala diversifolia,Caamembeca salicifolia,9335158,1
Millettia vankerckoveni,Millettia vankerckhovenii,11317324,1
Hansemannia mollis,Archidendron molle,7718503,1
Genista tetragona,Genista januensis,5347603,1
Sciaplea sciap-sciaple,Dialium orientale,2970964,1
Inga obscura,Securidaca diversifolia,5421445,0
Macrolobium aylmeri,Lotus cytisoides,5356937,0
Lotus coccineus,Lotus herbaceus,7815140,0
Chronanthos villaraii,Genista pulchella,5347708,1
Hansemannia mollis,Coulteria cubensis,10786450,0
Podolobium heterophyllum,Gastrolobium heterophyllum,5350215,1
Carmichaelia floribunda,Carmichaelia juncea,5628964,1
Polygala chodatiana,Rhamphopetalum microphyllum,10717476,1
Acacia furcifera,Lotus aegaeus,5356864,0
Phaseoloides piscidia,Millettia piscidia,5355786,1
Daubentonia thurberi,Microcharis medicaginea,2963336,0
Anneslia myriophylla,Acacia chartacea,2980347,0
Pithecellobium pentzkeanum,Archidendron ramiflorum,2941451,1
Genista orientalis,Genista anatolica,5347594,1
Mundtia candolleana,Muraltia alopecuroides,4051253,1
Dalbergia lindeniana,Machaerium lindenianum,5355115,1
Nissolia lanceolata,Genista monspessulana,5347796,0
Racosperma mabellae,Monnina macbridei,4050411,0
Abarema crateradena,Acacia leptophleba,2978937,0
Berlinia brieyi,Monnina wrightii,3191469,0
Genista triangularis,Nogra filicaulis,2952635,0
Monnina hirta,Monnina polystachya,4049556,1
Caragana cuneata,Machaerium capote,5354954,0
Monnina obtusifolia,Brachypterum robustum,2947483,0
Genista horrida,Calliandra tweediei,2982058,0
Chorizema gomphocarpum,Polygala caudata,4049190,0
Trifolium lupinaster,Adenopodia spicata,2952379,0
Dolichos apioides,Dysolobium pilosum,2963403,1
Moghania chappar,Flemingia chappar,5359863,1
Rodschiedia surinamensis,Securidaca divaricata,5658161,1
Inga hartii,Muraltia pubescens,4049976,0
Acacia intertexta,Acacia obtusifolia,2980237,1
Lotus persicus,Ononis baetica,2977098,0
Machaerium isadelphum,Machaerium isadelphum,7932857,1
Albizia hendersonii,Erythrostemon placidus,9265867,0
Genista erinacea,Lotus graecus,5354802,0
Calliandra exudans,Calliandra sincorana,2981848,1
Heistera fasciculata,Muraltia ericoides,8345157,1
Cyclopia latifolia,Humularia welwitschii,5349876,0
Lotus diffusus,Lotus angustissimus,5356931,1
Telinaria salzmannii,Genista salzmannii,5347830,1
Maughania macrophylla,Flemingia macrophylla,5359866,1
Dialium gossweileri,Lotus ornithopodioides,5357035,0
Inga superbiens,Inga vulpina,5357563,1
Kennedia tabacina,Glycine tabacina,5359681,1
Machaerium seemannii,Machaerium seemannii,5355162,1
Polygala velutina,Coulteria velutina,10687779,0
Tetragonolobus biflorus,Lotus biflorus,5356877,1
Phaseolus crassifolius,Archidendron muellerianum,7779701,0
Lotus cuatrecasasii,Lotus cytisoides,5356937,1
Calophaca cuneata,Ononis baetica,2977098,0
Dalbergia robusta,Brachypterum scandens,10779326,1
Genista webbii,Humularia kassneri,5349887,0
Lepidocoma trifoliatum,Julbernardia brieyi,2981744,0
Cytisus scariosus,Genista januensis,5347603,1
Polygala rubioides,Polygala leucantha,4049624,1
Myrospermum pubescens,Inga ornata,5357589,0
Melilotus dorycnium,Genista albida,5347692,0
Polygala undulata,Genista triquetra,7498567,0
Raimondianthus platycarpus,Amphicarpaea bracteata,2960161,0
Ononis serrata,Ononis diffusa,2977289,1
Cytisus virgatus,Genista januensis,5347603,0
Chorizema lowii,Muraltia angulosa,4051236,0
Inga montealegrei,Humularia drepanocephala,5349894,0
Caesalpinia angulicaulis,Archidendron palauense,2941510,0
Laburnum platycarpum,Hesperolaburnum platycarpum,2941705,1
Sophora galioides,Lotus parviflorus,5356892,0
Monnina blakeana,Dialium guineense,2971007,0
Calliandra bicolor,Calliandra parvifolia,2981824,1
Poincianella robinsoniana,Rhamphopetalum microphyllum,10717476,0
Dorycnium tomentosum,Polygala nicaeensis,7293457,0
Inga codonantha,Inga ornata,5357589,1
Westia eminii,Julbernardia globiflora,2981760,1
Oxylobium obovatum,Gastrolobium dilatatum,5627951,1
Genista glaberrima,Chorizema racemosum,3976832,0
Calliandra xalapensis,Archidendron rufescens,2941246,0
Polygala saxatilis,Polygala rosea,7989450,1
Racosperma helicophyllum,Monnina resedoides,4049319,0
Acylotropis malmeana,Ancylotropis malmeana,5658203,1
Feuilleea bombycina,Decorsea grandidieri,2977707,0
Inga lindeniana,Machaerium mucronulatum,5354956,0
Inga elliptica,Archidendron ellipticum,8638856,1
Polygala glaziovii,Senega glaziovii,12326227,1
Genista transsilvanica,Archidendron poilanei,2941242,0
Moghania grahamiana,Flemingia grahamiana,5359839,1
Polygala bahamensis,Muraltia crassifolia,4050884,0
Larrea texensis,Hoffmannseggia drummondii,5347522,1
Hoffmanseggia oxycarpa,Bouffordia dichotoma,10854344,0
Inga versicolor,Inga pilosula,5358111,1
Polygala calvipes,Salomonia ciliata,7130426,0
Polygala rhodoptera,Machaerium inundatum,5355050,0
Wisteria involuta,Brachypterum involutum,11375815,1
Archidendron ledermannii,Archidendron aruense,7853116,1
Lupinus philistaeus,Hebecarpa barbeyana,7552320,0
Racosperma hypermeces,Acacia olgana,2980000,0
Deguelia microphylla,Brachypterum microphyllum,2947577,1
Amphicarpa japonica,Erythrostemon gilliesii,8130309,0
Genista mogadorensis,Chorizema varium,7740209,0
Polygala jablotskiana,Inga heterophylla,5357852,0
Heinekenia pyrantha,Lotus pyranthus,5356846,1
Dialium ambiguum,Ononis biflora,2977198,0
Guatteria incerta,Xanthophyllum incertum,4051562,1
Carpolobia macrostachya,Atroxima afzeliana,4050746,1
Xanthophyllum microcarpum,Aotus phylicoides,5352259,0
Brasilettia platyloba,Coulteria platyloba,7545558,1
Feuilleea densiflora,Inga densiflora,5357837,1
Phaseolodes hookerianum,Millettia macrophylla,5355729,1
Lotus glaucescens,Lotus cytisoides,5356937,1
Derris yunnanensis,Humularia apiculata,5349880,0
Securidaca myrtifolia,Securidaca diversifolia,5421445,1
Polygala badensis,Polygala serpyllifolia,3191414,1
Polygala luzoniensis,Glycine canescens,5359650,0
Eutaxia dillwynioides,Inga obtusata,5357651,0
Dorycnium decumbens,Muraltia spinosa,7225532,0
Cryptosema pimeleoides,Gastrolobium formosum,5627923,1
Pterocarpus apterus,Chesneya vaginalis,5353635,0
Millettia rubra,Chorizema obtusifolium,3907493,0
Dolichovigna pilosa,Microcharis tritoides,2963345,0
Shuteria anabaptis,Monnina macrostachya,7293415,0
Brachysema melanopetalum,Inga lomatophylla,5357869,0
Senega atropurpurea,Aphanocalyx jenseniae,2954258,0
Ononis hybrida,Ononis pubescens,2977281,1
Racosperma piligerum,Acacia piligera,2978295,1
Comesperma subherbaceum,Muraltia divaricata,4050776,0
Caesalpinia egena,Hoffmannseggia viscosa,5347504,1
Polygala puberula,Asemeia violacea,8077988,1
Amburana claudiae,Comesperma spinosum,8402010,0
Racosperma bynoeanum,Salomonia ciliata,7130426,0
Albizia eberhardtii,Brachypterum robustum,2947483,0
Lebeckia psiloloba,Calliandra houstoniana,2982067,0
Acacia rubescens,Ebenus sibthorpii,5354896,0
Chesniella depressa,Eleiotis sororia,2968282,0
Cylindrokelupha turgida,Archidendron turgidum,2941467,1
Phyllodoce genistifolia,Amphiodon effusus,5350427,0
Pomaria humilis,Hoffmannseggia humilis,5347512,1
Teline congesta,Archidendron bubalinum,2941202,0
Ononis nainii,Ononis cintrana,2977194,1
Chaetocalyx acutifolius,Nissolia acutifolia,10683036,1
Lotus discolor,Lotus mlanjeanus,5356912,1
Polygala cucullata,Genista cupanii,5347731,0
Flemingia phursia,Flemingia paniculata,5359909,1
Telinaria triquetra,Lotus halophilus,5357005,0
Abarema crateradena,Archidendron crateradenum,2941594,1
Kennedia tabacina,Securidaca calophylla,5658175,0
Genista commixta,Inga umbratica,5358034,0
Crotalaria macrophylla,Flemingia macrophylla,5359866,1
Aotus gracilis,Aotus gracillima,5352269,1
Pterocarpus dalbergioides,Acacia hamiltoniana,2978560,0
Collaea rigida,Calliandra fasciculata,2981954,0
Polygala eckloniana,Badiera penaea,4050594,0
Moghania sootepensis,Calliandra viscidula,2981809,0
Canavalia dolichoides,Dysolobium dolichoides,2963388,1
Muraltia cynara,Muraltia hirsuta,4050535,1
Feuilleea magdalenae,Herpyza grandiflora,2941709,0
Robinia fruticosa,Millettia fruticosa,5355849,1
Polygala ardisioides,Polygala crotalarioides,3191438,1
Inga limonensis,Gastrolobium celsianum,5628000,0
Lotus odoratus,Lotus subbiflorus,5356841,1
Lotus stocksii,Berlinia bracteosa,2971336,0
Xanthophyllum curtisii,Archidendron bigeminum,2941295,0
Lotus atropurpureus,Collaea speciosa,5352530,0
Dichosema racemosum,Calliandra foliolosa,2981801,0
Caesalpinia glandulosa,Erythrostemon glandulosus,9237314,1
Ononis balearica,Brachypterum scandens,10779326,0
Banisterodes macintyrii,Xanthophyllum octandrum,4051298,1
Sophora genistifolia,Xanthophyllum vitellinum,7293493,0
Galactia angustifolia,Hoffmannseggia humilis,5347512,0
Ononis hackelii,Millettia psilopetala,5355701,0
Millettia atenensis,Millettia urophylloides,11331493,1
Oxylobium spathulatum,Chorizema spathulatum,3907445,1
Polygala xyloclada,Asemeia monninoides,7646613,1
Elsota complicata,Polygala serpentaria,8257153,0
Dioclea glyciniodes,Lotus dorycnium,5632022,0
Polygala decumbens,Asemeia ovata,7765333,1
Racosperma ensifolium,Inga panurensis,5357844,0
Genista broteroi,Archidendron robinsonii,2941576,0
Racosperma chartaceum,Acacia chartacea,2980347,1
Camptosema pentaphyllum,Dahlstedtia pentaphylla,2960232,1
Machaerium macrocarpum,Machaerium duckeanum,5355058,1
Racosperma havilandiorum,Acacia havilandiorum,2980961,1
Ononis bracteata,Ononis mitissima,2977292,1
Dalbergia robusta,Brachypterum robustum,2947483,1
Feuilleea longipes,Calliandra purpurea,2981994,0
Phaseoloides urophyllum,Millettia barteri,5355814,1
Racosperma flexifolium,Acacia flexifolia,2981023,1
Lotus minor,Lotus mlanjeanus,5356912,1
Genista caballeroi,Muraltia serpylloides,4049767,0
Anneslia palmeri,Securidaca scandens,5658089,0
Dorycnium schimperi,Monnina solandrifolia,7452549,0
Polygala versicolor,Asemeia grandiflora,5658192,1
Moutabea dibotrya,Moutabea aculeata,4051535,1
Dorycnium corsicum,Dorycnium corsicum,3972967,1
Pusaetha spicata,Rhinotropis californica,8081866,0
Voglera hispanica,Genista hispanica,5347761,1
Smithia ochreata,Lotus conjugatus,5356945,0
Ononis orygalis,Ononis orygalis,3969987,1
Cylindrokelupha bubalina,Archidendron bubalinum,2941202,1
Polygala ardisioides,Lotus strictus,5354800,0
Polygala oxyphylla,Lotus tenellus,5613289,0
Syspone sagittalis,Centrolobium robustum,2945570,0
Flemingia wangkae,Calliandra blanchetii,2982309,0
Monopetalanthus hedinii,Aphanocalyx hedinii,2954237,1
Polygala peduncularis,Asemeia ovata,7765333,1
Codarium nitidum,Calliandra falcata,2981836,0
Dialium pierrei,Dialium zenkeri,2970960,1
Pithecellobium jiringa,Archidendron jiringa,2941605,1
Pterocarpus scandens,Brachypterum scandens,10779326,1
Tunatea panamensis,Fairchildia panamensis,2951308,1
Machaerium puberulum,Calliandra obesifolia,7852755,0
Spartium hirsutum,Genista aristata,5347772,1
Polygala amoenissima,Archidendron jiringa,2941605,0
Hebeandra phillyreoides,Monnina salicifolia,7875295,1
Monnina nervosa,Monnina bonplandiana,4051965,1
Lebeckia obovata,Calobota obovata,8359304,1
Hebeandra hirta,Inga stenoptera,5357558,0
Racosperma aridum,Genista ramosissima,5347699,0
Julbernardia ogoouensis,Julbernardia seretii,2981753,1
Genista formosa,Genista stenopetala,5347701,1
Dichosema racemosum,Chorizema racemosum,3976832,1
Pithecellobium ferdinandi-muelleri,Acacia macdonnelliensis,2979632,0
Calliandra crugerii,Calliandra cruegeri,2981862,1
Piptanthus chinensis,Calliandra virgata,2981852,0
Genista repens,Ebenus pinnata,5354888,0
Moghania yunnanensis,Flemingia macrophylla,5359866,1
Pithecellobium harmsii,Archidendron harmsii,2941453,1
Millettia subcordata,Quillaja saponaria,3029379,0
Lotus glaucescens,Hoffmannseggia viscosa,5347504,0
Hebecarpa greggii,Brachypterum microphyllum,2947577,0
Machaerium trujillense,Machaerium truxillense,5355088,1
Aeschynomene ormocarpoides,Diphysa ormocarpoides,5611460,1
Lotus prostratus,Acacia hemignosta,2980601,0
Racosperma prominens,Calliandra selloi,2981788,0
Polygala nudata,Lotus jacobaeus,5356916,0
Hebeandra cestrifolia,Monnina cestrifolia,4051769,1
Dalbergia amorphoides,Eysenhardtia polystachya,2964737,1
Glycine comosa,Gastrolobium effusum,5627939,0
Sophora oligophylla,Ononis decumbens,3963802,0
Xanthophyllum siamense,Xanthophyllum flavescens,7580773,1
Dialium laurentii,Dialium zenkeri,2970960,1
Muraltia juniperifolia,Xanthophyllum obscurum,4051314,0
Genista millanii,Xanthophyllum vitellinum,7293493,0
Bonjeania hirsuta,Lotus hirsutus,5354799,1
Natrix rotundifolia,Ononis rotundifolia,2977131,1
Inga heinei,Inga chartacea,5357658,0
Mimosa carinata,Mimozyganthus carinatus,2983906,1
Heterosamara pellucida,Genista sagittalis,5347702,0
Amphicarpaea heterophylla,Amphicarpaea bracteata,2960161,1
Dialium corbisieri,Dahlstedtia hylobia,10691071,0
Xanthophyllum hookerianum,Gilbertiodendron diphyllum,10729309,0
Caesalpinia pannosa,Inga sapindoides,5357706,0
Glycine membranacea,Glycine tabacina,5359681,1
Monnina platyphylla,Monnina ciliolata,7977161,0
Caesalpinia nicaraguensis,Erythrostemon nicaraguensis,9497906,1
Heistera diffusa,Muraltia stipulacea,7652309,1
Huchimingia podocarpa,Millettia podocarpa,5355808,1
Moldenhawera mollis,Dialium platysepalum,2970972,0
Lotus boissieri,Muraltia ericoides,8345157,0
Acacia tenuifolia,Hippocrepis scorpioides,5353753,0
Berlinia seretii,Lotus dorycnium,5632022,0
Lugaion linifolium,Genista linifolia,5347599,1
Acacia cyclopsis,Acacia cyclops,2980425,1
Millettia heterophylla,Millettia sericea,7807253,1
Machaerium armatum,Carmichaelia australis,5348429,0
Monnina platyphylla,Monnina solandrifolia,7452549,1
Feuilleea fendleriana,Genista tricuspidata,5347804,0
Mimosa parii,Inga heterophylla,5357852,1
Carmichaelia flagelliformis,Comesperma esulifolium,8302461,0
Oxylobium linearis,Gastrolobium ebracteolatum,5627941,1
Macrolobium bilineatum,Epirixanthes elongata,4050415,0
Genista hirsuta,Genista aristata,5347772,1
Polygala myrtilloides,Polygaloides chamaebuxus,4051746,0
Dalbergia momsita,Salomonia ciliata,7130426,0
Anneslia densifolia,Calliandra caeciliae,2981811,1
Berlinia lundensis,Millettia comosa,5355876,0
Pithecellobium dewitianum,Archidendron kalkmanii,2941378,1
Solori scandens,Brachypterum scandens,10779326,1
Heisteria mixta,Muraltia mixta,7387288,1
Dialium gossweileri,Dialium pachyphyllum,2970936,1
Glycine sarmentosa,Amphicarpaea bracteata,2960161,1
Hebeandra euonymoides,Monnina xalapensis,4051592,1
Entadopsis spicata,Ancylotropis insignis,5658205,0
Racosperma helicophyllum,Acacia helicophylla,2978402,1
Bonaga arvensis,Ononis arvensis,2977171,1
Anneslia densifolia,Carmichaelia nana,8639774,0
Muraltia virgata,Inga flagelliformis,5357633,0
Chamaebuxus munbyana,Angylocalyx talbotii,2952348,0
Inga annularis,Archidendron bigeminum,2941295,1
Feuilleea linearis,Calliandra linearis,2982153,1
Genista boissieri,Echinospartum boissieri,2959219,1
Catocoma laurifolia,Bredemeyera laurifolia,7293385,1
Lebeckia spathulifolia,Calobota acanthoclada,7528572,1
Pithecolobium selloi,Carmichaelia odorata,5348460,0
Comesperma planifolium,Chesneya macrantha,5357273,0
Archidendron kanehira,Archidendron calliandrum,2941433,1
Heistera trinervia,Muraltia ericoides,8345157,0
Chaetocalyx perglandulosus,Lupinus andersonii,2964568,0
Ebenidium bourgeaui,Bossiaea dentata,2968330,0
Inga colonchensis,Archidendron microcarpum,2941523,0
Chaetocalyx latisiliquus,Glycine tabacina,5359681,0
Inga camuriensis,Lotus lancerottensis,5357010,0
Lotus unibracteatus,Lotus subbiflorus,5356841,1
Heistera acicularis,Muraltia acicularis,4051299,1
Moghania paniculata,Muraltia divaricata,4050776,0
Inga antioquensis,Calliandra pauciflora,2982147,0
Derris pseudinvoluta,Brachypterum pseudinvolutum,11374322,1
Heisteria dregei,Erythrostemon robinsonianus,9341323,0
Huttonella curta,Carmichaelia curta,5348422,1
Racosperma obtectum,Archidendron jiringa,2941605,0
Archidendron vandersijdei,Acacia filifolia,2978300,0
Dorycnium insulare,Chesneya parviflora,5353645,0
Racosperma pickardii,Acacia pickardii,2979389,1
Amphilophium effusus,Amphiodon effusus,5350427,1
Hebeandra mucronata,Glycine max,5359660,0
Genista bracteolata,Genista micrantha,5347650,1
Hippocrepis multicaulis,Hippocrepis constricta,5353697,1
Hanslia adhaerens,Hanslia ormocarpoides,3978075,1
Cytisus annigricans,Lupinus andersonii,2964568,0
Chaetocalyx belizensis,Nissolia brasiliensis,10844581,1
Flemingia brevipes,Flemingia macrophylla,5359866,1
Abarema yunnanensis,Asemeia monninoides,7646613,0
Scandalida flava,Lotus maritimus,5356973,1
Dialium guianense,Dialium guineense,2971007,1
Eysenhardtia drummondii,Eysenhardtia texana,2964734,1
Calliandra jacobiana,Archidendron merrillii,2941600,0
Oxylobium reticulatum,Gastrolobium nervosum,5627863,1
Pithecellobium pauciflorum,Archidendron pauciflorum,2941485,1
Platylobium microphyllum,Bossiaea obcordata,2968327,1
Tetragonolobus monanthos,Errazurizia rotundata,2967035,0
Calliandra obesiflora,Dialium orientale,2970964,0
Entada schlechteri,Adenopodia schlechteri,2952373,1
Microlophium exile,Archidendron jiringa,2941605,0
Maughania rollae,Carmichaelia australis,5348429,0
Ononis thomsonii,Acacia cardiophylla,2978934,0
Elsota mollis,Securidaca coriacea,7499347,1
Polygala lasseniana,Hippocrepis scabra,5353706,0
Indigofera gyrata,Microcharis gyrata,2963312,1
Cytisus philippii,Genista canariensis,5347769,1
Lotus grandiflorus,Muraltia stipulacea,7652309,0
Chordospartium stevensonii,Carmichaelia stevensonii,5628936,1
Monnina killipii,Monnina callimorpha,4051865,1
Larrea peninsularis,Ancistrotropis peduncularis,7484829,0
Millettia yangambiensis,Genista clavata,5347795,0
Polygala reducta,Hebecarpa barbeyana,7552320,1
Pongamia sericea,Ononis ramosissima,2977250,0
Inga balaensis,Inga multicaulis,5357732,1
Glycine monophylla,Berlinia giorgii,11254379,0
Polygala umbrosa,Polygala crotalarioides,3191438,1
Polygala aestuans,Monnina aestuans,7293678,1
Polygala ilseana,Kotschya africana,2948996,0
Banisterodes stipitatum,Gilbertiodendron dewevrei,2941659,0
Pongamia taiwaniana,Millettia pachycarpa,5355731,1
Westia stipulacea,Polygala grandidieri,4051973,0
Muraltia inconstans,Muraltia thymifolia,4049581,1
Smithia sphaerocephala,Securidaca diversifolia,5421445,0
Bredemeyera laurifolia,Machaerium uncinatum,5355085,0
Racosperma hopperianum,Acacia hopperiana,3796180,1
Banisteroides vitellinum,Xanthophyllum vitellinum,7293493,1
Deguelia robusta,Brachypterum robustum,2947483,1
Pithecellobium teysmannii,Archidendron minahassae,2941424,1
Chaetocalyx longilobus,Nissolia longiloba,10724416,1
Feuilleea flagelliformis,Inga flagelliformis,5357633,1
Genista cuspidosa,Lotus arenarius,5356814,0
Machaerium setulosum,Machaerium isadelphum,7932857,1
Millettia caffra,Lotus broussonetii,5356880,0
Muraltia affinis,Archidendron bubalinum,2941202,0
Ononis bonanniana,Archidendron eberhardtii,2941481,0
Scandalida tetragonoloba,Archidendron rufescens,2941246,0
Polygala paniculata,Xanthophyllum stipitatum,7293350,0
Genista polyanthus,Genista polyanthus,5627018,1
Voglera spinosa,Genista germanica,5347824,1
Genista brutia,Brya leonensis,5630881,0
Phyllodoce genistaefolia,Acacia genistifolia,2978740,1
Inga lallensis,Inga lallensis,5357507,1
Calliandra pallida,Calliandra rubescens,2982006,1
Inga danieli,Inga danieli,7772924,1
Monnina purpurea,Monnina sodiroana,4052154,1
Comesperma longebracteatum,Comesperma virgatum,7293549,1
Dimorphandra gonggrijpii,Mora gonggrijpii,5355417,1
Senega grazielae,Polygala grazielae,4051843,1
Monnina paniculata,Monnina polystachya,4049556,1
Abarema teijsmannii,Hoffmannseggia prostrata,5347537,0
Uraria retrofracta,Amphicarpaea bracteata,2960161,0
Telinaria florida,Genista microphylla,5347681,0
Mimosa fasciculata,Calliandra surinamensis,2982188,1
Banisteroides vitellinum,Ammopiptanthus nanus,2943139,0
Xanthophyllum loheri,Gastrolobium bilobum,5350186,0
Dillwynia myrtifolia,Genista sessilifolia,5347744,0
Cyclopia heterophylla,Cyclopia genistoides,7508648,1
Mimosa circinnatus,Millettia sericea,7807253,0
Trigonia velutina,Bredemeyera hebeclada,7459931,1
Banisteroides obscurum,Comesperma calymega,7293259,0
Acacia caleyi,Calliandra purpurea,2981994,0
Camptosema bellum,Mantiqueira bella,11086176,1
Hippocrepis biflora,Hippocrepis constricta,5353697,1
Teline medicagioides,Rhinotropis lindheimeri,7660144,0
Inga jiringa,Archidendron jiringa,2941605,1
Echinospartum lugdunense,Echinospartum horridum,2959222,1
Hippocrepis biflora,Hippocrepis multisiliquosa,5353693,1
Polygala echinosperma,Asemeia echinosperma,8360205,1
Cytisus sericeus,Mundulea sericea,2933885,1
Racosperma mallocladum,Acacia malloclada,2980374,1
Carmichaelia muelleriana,Myroxylon peruiferum,5357189,0
Mundulea chapelieri,Mundulea chapelieri,2933881,1
Cytisus tribracteolatus,Genista tribracteolata,5354550,1
Caesalpinia gracilis,Coulteria pumila,10894741,1
Triclisperma grandiflora,Ononis hirta,2977096,0
Monnina spruceana,Calophaca grandiflora,2956883,0
Derris taiwaniana,Lotus arabicus,5356903,0
Polygala extraaxillaris,Machaerium hirtum,5354979,0
Cylindrokelupha poilanei,Archidendron lucyi,2941496,0
Chronanthos villaraii,Myroxylon peruiferum,5357189,0
Imbralyx acutiflorus,Millettia acutiflora,5355936,1
Comesperma apyllum,Comesperma apyllum,4049194,1
Heistera dumosa,Muraltia dumosa,4050736,1
Derris robusta,Brachypterum robustum,2947483,1
Virgilia intrusa,Carmichaelia muritai,5628954,0
Xanthophyllum macintyrii,Xanthophyllum octandrum,4051298,1
Desmodium ormocarpoides,Flemingia lineata,5359831,0
Raimondianthus platycarpus,Nissolia peruviana,10852527,1
Ononis intermedia,Ononis intermedia,2977176,1
Zygia ramiflora,Myroxylon balsamum,5357190,0
Trigonella crassifolia,Lotus hirsutus,5354799,0
Muraltia pachyphylla,Archidendron hendersonii,2941401,0
Pithecellobium microcarpum,Archidendron globosum,2941218,0
Bossiaea lalagoides,Polygala japonica,7293443,0
Inga affinis,Calliandra californica,2982062,0
Caesalpinia gilliesii,Erythrostemon fimbriatus,9626167,1
Polygala maravillasensis,Lotus jolyi,5356824,0
Dialium evrardii,Dialium angolense,2970933,1
Mimosa expansa,Calliandra taxifolia,2982202,1
Lonchocarpus confertiflorus,Dahlstedtia confertiflora,8843780,1
Cyclopia heterophylla,Lotus palustris,5356941,0
Inga capuchoi,Coulteria platyloba,7545558,0
Racosperma consobrinum,Acacia consobrina,2979964,1
Calliandra matudae,Calliandra hirsuta,2982255,1
Carmichaelia virgata,Carmichaelia petriei,5348436,1
Chaetocalyx brasiliensis,Ononis pinnata,2977228,0
Geissaspis vanderysti,Humularia kassneri,5349887,1
Ononis apula,Chorizema genistoides,2968202,0
Salomonia horneri,Salomonia ciliata,7130426,1
Dorycnium diffusum,Lotus herbaceus,7815140,1
Inga microgyna,Dysolobium pilosum,2963403,0
Inga kawahurunae,Bouffordia dichotoma,10854344,0
Carmichaelia muelleriana,Carmichaelia australis,5348429,1
Myroxylon hanburyanum,Genista germanica,5347824,0
Cytisanthus horridus,Echinospartum horridum,2959222,1
Acacia prominens,Acacia prominens,2978612,1
Ononis sieberi,Monnina polystachya,4049556,0
Monnina malmeana,Ancylotropis malmeana,5658203,1
Acacia bossiaeoides,Ancistrotropis clitorioides,8296291,0
Lotus approximatus,Lotus subbiflorus,5356841,1
Inga hymenaeoides,Calliandra hymenaeoides,2982171,1
Millettia mavoundiensis,Millettia letestui,5626606,1
Smithia goetzei,Carmichaelia torulosa,5628927,0
Bituminaria acaulis,Kartalinia acaulis,10744511,1
Apios taiwaniana,Calliandra houstoniana,2982067,0
Polygala pygmaea,Microcharis cana,2963310,0
Polygala nudata,Rhinotropis nudata,7931163,1
Lebeckia cuspidosa,Securidaca lanceolata,7584051,0
Spartium ramosissimum,Mundulea barclayi,2933873,0
Dialium quinquepetalum,Flemingia sootepensis,5359896,0
Pithecellobium merrillii,Archidendron merrillii,2941600,1
Millettia congolensis,Millettia macroura,5355762,1
Polygala pubescens,Calliandra hymenaeoides,2982171,0
Dalbergia timoriensis,Brachypterum scandens,10779326,1
Geissaspis rosea,Humularia rosea,5349892,1
Brachysema undulatum,Gastrolobium sericeum,5627827,1
Phaseolodes maingayi,Securidaca divaricata,5658161,0
Heisteria acipetala,Muraltia dumosa,4050736,0
Lobomon montanum,Ononis curtipendula,3970354,0
Muraltia depressa,Cyclopia meyeriana,5341861,0
Deguelia philippinensis,Brachypterum philippinense,11371659,1
Amorpha pedalis,Salomonia ciliata,7130426,1
Machaerium bangii,Lotus alpinus,5356917,0
Macrolobium letestui,Inga densiflora,5357837,0
Feuilleea elliptica,Securidaca coriacea,7499347,0
Muraltia micrantha,Polygala serpentaria,8257153,0
Poecilanthe ovalifolia,Acacia pachyphylla,2978982,0
Hebeandra revoluta,Monnina crassifolia,4051573,1
Macrolobium barbulatum,Gilbertiodendron barbulatum,2941677,1
Cyclopia capensis,Cyclopia galioides,5341873,1
Vigna paraguariensis,Dolichopsis paraguariensis,5349444,1
Elsota calophylla,Securidaca calophylla,5658175,1
Moghania wightiana,Machaerium isadelphum,7932857,0
Chamaebuxus balansae,Genista numidica,5347589,0
Inga corpocarpa,Flemingia tiliacea,5359899,0
Pultenaea rosmarinacea,Comesperma ericinum,7293357,0
Gastrolobium henfreyi,Archidendron microcarpum,2941523,0
Rigiostachys roureoides,Recchia mexicana,7898222,1
Anneslia pittieri,Calliandra pittieri,2981948,1
Dialium guianense,Flemingia prostrata,5359865,0
Macrolobium ogowense,Gilbertiodendron ogowense,11198222,1
Bredemeyera aphylla,Comesperma aphyllum,4049200,1
Acacia fuliginea,Acacia ixiophylla,2979965,1
Acacia barteriana,Ononis sieberi,2977115,0
Archidendron glandulosum,Acacia dealbata,2979474,0
Archidendron solomonense,Archidendron lucyi,2941496,1
Huttonella prona,Carmichaelia juncea,5628964,1
Polygala angustifolia,Millettia fruticosa,5355849,0
Comesperma tenue,Polygala ericifolia,4050225,0
Damapana aeschynomenoides,Kotschya aeschynomenoides,2949004,1
Dorycnium herbaceum,Lotus herbaceus,7815140,1
Callistachys coriacea,Gastrolobium coriaceum,5627987,1
Amphicarpaea trisperma,Archidendron tetraphyllum,2941475,0
Pithecellobium pentzkeanum,Millettia glaucescens,5355716,0
Zygia ramiflora,Archidendron ramiflorum,2941451,1
Galega genistoides,Ononis orygalis,3969987,0
Genista pulverulenta,Genista florida,5347816,0
Nemcia epacridioides,Gastrolobium epacridioides,5627931,1
Anneslia fasciculata,Calliandra surinamensis,2982188,1
Acacia armatoides,Acacia paradoxa,2981159,1
Mimosa pacay,Inga capitata,5358094,1
Polygala blanchetii,Flemingia chappar,5359863,0
Bredemeyera velutina,Ononis arvensis,2977171,0
Inga calycina,Centrolobium paraense,2945579,0
Cytisus platycarpos,Lotus dorycnium,5632022,0
Pterocarpus dalbergioides,Brachypterum microphyllum,2947577,1
Muraltia macroceras,Acacia auriculiformis,2981001,0
Genista umbellata,Polygala cymosa,3191370,0
Archidendron gogolense,Acacia obtusifolia,2980237,0
Cytisus aspalathoides,Muraltia mitior,4050255,0
Salomonia cavaleriei,Salomonia ciliata,7130426,1
Muellera glaziouvii,Archidendron clypearia,2941309,0
Genista pubescens,Camptosema coriaceum,2963275,0
Caesalpinia glauca,Glycine clandestina,5359647,0
Polygala rubiifolia,Coulteria pringlei,11146086,0
Inga bubalina,Archidendron bubalinum,2941202,1
Heisteria divaricata,Polygala macroptera,4052027,0
Spartium sphaerocarpum,Genista ausetana,5627705,1
Elsota coriacea,Securidaca coriacea,7499347,1
Angylocalyx trifoliolatus,Gastrolobium racemosum,5350207,0
Polygala phlebotaenia,Millettia fruticosa,5355849,0
Polygala diversa,Asemeia monninoides,7646613,1
Eutaxia obovata,Eutaxia myrtifolia,7275616,1
Entadopsis schlechteri,Calliandra purpurea,2981994,0
Leptocyamus clandestinus,Mundulea sericea,2933885,0
Telinaria pilosa,Asemeia hondurana,8312249,0
Xanthophyllum virescens,Millettia piscidia,5355786,0
Inga zacuapanica,Machaerium robiniifolium,5355034,0
Flemingia praecox,Flemingia praecox,5359900,1
Ononis tribracteata,Calliandra purpurea,2981994,0
Badiera divaricata,Genista holopetala,5347723,0
Ononis variegata,Asemeia grandiflora,5658192,0
Eutaxia densifolia,Caamembeca andina,11181608,0
Lalage angustifolia,Bossiaea angustifolia,10811471,1
Inga umbellata,Genista januensis,5347603,0
Calophaca kultiassovii,Genista monspessulana,5347796,0
Securidaca rosea,Lotus maritimus,5356973,0
Balgoya pacifica,Muraltia spinosa,7225532,0
Racosperma cracente,Acacia cracentis,2981118,1
Hebeandra hirta,Monnina polystachya,4049556,1
Scandalida maritima,Lotus maritimus,5356973,1
Coulteria linnaei,Coulteria cubensis,10786450,1
Caesalpinia colimensis,Coulteria glabra,10760814,1
Lugaion ferox,Genista ferox,7689832,1
Bredemeyera virgata,Caamembeca andina,11181608,0
Polygala psammophila,Polygala trichosperma,4050125,1
Phaseolodes glaucescens,Millettia glaucescens,5355716,1
Inga latibracteata,Amphicarpaea bracteata,2960161,0
Lespedeza lineata,Hippocrepis monticola,5353689,0
Xanthophyllum undulatum,Xanthophyllum flavescens,7580773,1
Heisteria heisteria,Muraltia heisteria,4050551,1
Polygala verdickii,Polygala usafuensis,4049750,1
Elsota calophylla,Cyclopia subternata,5341866,0
Polygala muhlenbergii,Asemeia grandiflora,5658192,1
Genista gracilis,Archidendron kinabaluense,3961038,0
Genista genuensis,Genista januensis,5347603,1
Pithecellobium fagifolium,Archidendron fagifolium,2941550,1
Larrea gracilis,Hoffmannseggia prostrata,5347537,1
Rhadinocarpus brasiliensis,Nissolia brasiliensis,10844581,1
Heisteria zeyheri,Genista aspalathoides,5347829,0
Ononis bullonii,Millettia glaucescens,5355716,0
Bonaga mitis,Genista umbellata,8000707,0
Anneslia haematocephala,Calliandra haematocephala,2982155,1
Torresea acreana,Hoffmannseggia humilis,5347512,0
Natrix crispa,Inga pulcherrima,5360572,0
Polygala acuminata,Archidendron palauense,2941510,0
Bonjeania graeca,Calliandra houstoniana,2982067,0
Decorsea grandidieri,Millettia caerulea,5355797,0
Teline ramosissima,Archidendron bigeminum,2941295,0
Racosperma idiomorphum,Acacia idiomorpha,2978805,1
Feuilleea hispida,Inga hispida,5357647,1
Polygala comesperma,Polygala caudata,4049190,1
Heisteria mitior,Hebecarpa velutina,9556567,0
Polygala sciophila,Polygala macroptera,4052027,0
Polygala racemosa,Chesneya rytidosperma,5353632,0
Anil welwitschii,Microcharis welwitschii,2963322,1
Feuilleea hymenaeodes,Bossiaea rhombifolia,2968314,0
Cyclopia sessiliflora,Cyclopia meyeriana,5341861,1
Lebeckia decutiens,Glycine dalbergioides,5634248,0
Inga obtusa,Gastrolobium dorrienii,5627947,0
Ototropis kingiana,Machaerium aristulatum,5355151,0
Comesperma acutifolium,Carmichaelia australis,5348429,0
Genista armeniaca,Comesperma polygaloides,4051684,0
Muraltia macrocarpa,Muraltia macrocarpa,4050325,1
Monopetalanthus trapnellii,Aphanocalyx trapnellii,2954256,1
Muraltia condensata,Muraltia longicuspis,4050349,1
Machaerium parvifolium,Machaerium parvifolium,5355057,1
Geissaspis apiculata,Humularia apiculata,5349880,1
Racosperma jamesianum,Acacia manipularis,2980495,0
Solori pseudorobusta,Inga longiflora,5357949,0
Dialium engleranum,Gastrolobium capitatum,5628003,0
Retama webbii,Rhinotropis nudata,7931163,0
Polygala gypsophiloides,Polygala nambalensis,4050760,0
Senega equisetoides,Gastrolobium calycinum,5350209,0
Mundia candolleana,Gonocytisus angulatus,2952409,0
Teramnus grandiflorus,Polygala major,7372627,0
Imbralyx acutiflorus,Calliandra foliolosa,2981801,0
Ulex capensis,Muraltia spinosa,7225532,1
Heistera phylicoides,Genista osmariensis,5347801,0
Geissaspis elisabethvilleana,Humularia elisabethvilleana,5349890,1
Ortholobium umbellatum,Archidendron robinsonii,2941576,1
Heistera ciliaris,Hebecarpa myrtilloides,9499510,0
Macrolobium diphyllum,Gilbertiodendron diphyllum,10729309,1
Galega genistoides,Cyclopia genistoides,7508648,1
Inga glomeriflora,Polygala bracteglandulosa,4049872,0
Phaseolus tuberosus,Apios americana,2966796,1
Chamaebuxus vulgaris,Acacia confluens,2979618,0
Pithecellobium gracile,Archidendron bigeminum,2941295,1
Berlinia mayombensis,Berlinia bracteosa,2971336,1
Caesalpinia argentina,Erythrostemon argentinus,9458845,1
Eysenhardtia reticulata,Eysenhardtia punctata,2964732,1
Polygala micrantha,Inga sapindoides,5357706,0
Securidaca macrophylla,Securidaca divaricata,5658161,1
Polygala albicans,Calobota cytisoides,3968567,0
Ononis stenophylla,Ononis stenophylla,3969640,1
Tetrapleura andongensis,Amblygonocarpus andongensis,2975852,1
Genista parvifolia,Rhinotropis cornuta,8407620,0
Craibia bequaertii,Ancistrotropis subhastata,8100701,0
Machaerium eriostemum,Machaerium debile,5355042,1
Ononis morissonii,Ononis pubescens,2977281,1
Cytisus kunzeanus,Genista monspessulana,5347796,1
Mimosa spicata,Adenopodia spicata,2952379,1
Ononis vestita,Securidaca longifolia,5658132,0
Angylocalyx talbotii,Calliandra biflora,2982346,0
Tounatea brachystachya,Candolleodendron brachystachyum,2933835,1
Polygala peduncularis,Asemeia violacea,8077988,1
Spartium congestum,Lotus glacialis,5356990,0
Polygala peduncularis,Muraltia spinosa,7225532,0
Affonsea vaillantii,Gastrolobium pyramidale,5360152,0
Polygala apopetala,Humularia chevalieri,5349891,0
Mimosa lucida,Comesperma apyllum,4049194,0
Muraltia candolleana,Archidendron oppositum,2941543,0
Archdendron vandersijdei,Archidendron jiringa,2941605,0
Ebenus stipulacea,Millettia pachycarpa,5355731,0
Polygala disperma,Genista stenopetala,5347701,0
Teline eriooarpa,Phlebotaenia cuneata,7293299,0
Cytisus maderensis,Genista maderensis,5347773,1
Genista salditana,Polygala tacianae,7580174,0
Cytisus atleyanus,Genista spachiana,5347766,1
Polygala montana,Polygala ludwigiana,4052273,0
Polygala galmeri,Asemeia galmeri,7737157,1
Lalage ornata,Bossiaea ornata,2968307,1
Acacia deltoidea,Acacia deltoidea,2980224,1
Astragalus nubigenus,Chesneya nubigena,5357277,1
Polygala mucronata,Millettia lenneoides,5355724,0
Genista orientalis,Polygala subandina,4051083,0
Ononis viscosa,Ononis pubescens,2977281,1
Mora megistosperma,Lotus arabicus,5356903,0
Poiretia latisiliquosa,Acacia aculeatissima,2978649,0
Racosperma filipes,Bouffordia dichotoma,10854344,0
Comesperma hirtulum,Comesperma confertum,7293668,1
Genista barbara,Calobota cuspidosa,4929858,0
Genista pulchella,Genista pulchella,5347708,1
Heistera stipulacea,Muraltia stipulacea,7652309,1
Genista broteri,Mundulea barclayi,2933873,0
Machaerium arborescens,Inga sapindoides,5357706,0
Polygala fishiae,Rhinotropis cornuta,8407620,1
Adinobotrys filipes,Polygala cneorum,4051947,0
Bonjeanea kotschyi,Inga brevipes,5358123,0
Dialium nitidum,Dialium guineense,2971007,1
Genista grossii,Muraltia mixta,7387288,0
Macrolobium ogoouense,Kotschya aeschynomenoides,2949004,0
Lebeckia canescens,Calobota angustifolia,4929861,1
Cytisus racemosus,Genista stenopetala,5347701,1
Sophora genistoides,Cyclopia galioides,5341873,1
Feuilleea uraguensis,Gilbertiodendron ogowense,11198222,0
Heistera pubescens,Muraltia pubescens,4049976,1
Anneslia magdalenae,Echinospartum horridum,2959222,0
Phaseoloides caudatum,Millettia caudata,5355895,1
Polygala dodii,Securidaca longifolia,5658132,0
Hebeandra padifolia,Comesperma virgatum,7293549,0
Dorycnium vexillare,Securidaca divaricata,5658161,0
Monopetalanthus heitzii,Aphanocalyx heitzii,2954232,1
Bugranopsis euphrasiifolia,Ononis euphrasiifolia,2977232,1
Entada natalensis,Securidaca pubescens,7293337,0
Lotus sharifii,Ononis megalostachys,2977211,0
Lotus alpinus,Hoffmannseggia glandulosa,7395771,0
Lotus angustissimus,Lotus angustissimus,5356931,1
Polygala webbiana,Calliandra hymenaeoides,2982171,0
Apios carnea,Gastrolobium formosum,5627923,0
Genista horrida,Echinospartum horridum,2959222,1
Mimosa parae,Ononis bullonii,3970498,0
Polygala oxyantha,Polygala subandina,4051083,1
Heterosamara wattersii,Polygala wattersii,4052167,1
Glycine mas,Muraltia chamaepitys,4051016,0
Baryxylum brasiliense,Gilbertiodendron unijugum,2941654,0
Teline monospessulana,Muraltia macrocarpa,4050325,0
Tetragonolobus edulis,Lotus tetragonolobus,5356862,1
Acacia nigra,Eutaxia myrtifolia,7275616,0
Ononis bullonii,Ononis bullonii,3970498,1
Kennedya tabacina,Muraltia striata,4049625,0
Polygala muhlenbergii,Monnina macrostachya,7293415,0
Lupinus missionum,Lupinus paraguariensis,2964277,1
Apios apios,Apios americana,2966796,1
Callistachys linearis,Mundulea sericea,2933885,0
Acacia auriculaeformis,Polygala leptostachys,8522358,0
Dalbergia sericea,Mundulea sericea,2933885,1
Macrolobium bambolense,Muraltia rhamnoides,4049938,0
Polygala neomexicana,Hebecarpa obscura,7545780,1
Robinia violacea,Coulteria cubensis,10786450,1
Nemcia capitata,Xanthophyllum octandrum,4051298,0
Oxylobium acutum,Collaea stenophylla,5352529,0
Machaerium glaziovii,Inga sapindoides,5357706,0
Chaetocalyx bracteosus,Nissolia bracteosa,10864077,1
Quillaja lancifolia,Quillaja brasiliensis,3029372,1
Genista pseudoumbellata,Flemingia grahamiana,5359839,0
Oxylobium ruscifolium,Gastrolobium spinosum,5350189,1
Ononis micrantha,Ononis diffusa,2977289,1
Polygala tweedyi,Rhinotropis lindheimeri,7660144,1
Polygala planellasi,Lotus broussonetii,5356880,0
Xanthophyllum cordatum,Eutaxia myrtifolia,7275616,0
Phaseolus crassifolius,Ancistrotropis peduncularis,7484829,1
Millettia giorgii,Cadia purpurea,2968353,0
Lotus confusus,Lotus krylovii,5356866,1
Monnina pilosa,Monnina polystachya,4049556,1
Racosperma ingramii,Acacia ingramii,2980916,1
Tounatea panamensis,Calliandra surinamensis,2982188,0
Polygala cardiocarpa,Archidendron grandiflorum,2941212,0
Calliandra falcifera,Calliandra parvifolia,2981824,1
Lotus nubicus,Salomonia ciliata,7130426,0
Dorycnium dispermum,Monnina mollis,4050146,0
Polygala caterviflora,Archidendron alternifoliolatum,2941540,0
Abarema occultata,Archidendron occultatum,2941517,1
Ononis amoena,Ononis natrix,2977234,1
Shuteria anabaptis,Amphicarpaea ferruginea,2960203,1
Heisteria acipetala,Muraltia acipetala,4051291,1
Callistachys reticulata,Fairchildia panamensis,2951308,0
Acacia microacantha,Acacia paradoxa,2981159,1
Pithecellobium lovelliae,Archidendron lovelliae,2941581,1
Bredemeyera viscidula,Lotus villicarpus,11377032,0
Inga cauliflora,Hippocrepis areolata,5353722,0
Genista godetii,Genista albida,5347692,1
Muraltia mixta,Muraltia longicuspis,4050349,1
Calpurnia floribunda,Mundulea chapelieri,2933881,0
Desmodium rottleri,Hippocrepis comosa,5353750,0
Triendilix clandestina,Glycine clandestina,5359647,1
Polygala dukei,Acanthocladus dukei,7667970,1
Dorycnium pentaphyllum,Monnina salicifolia,7875295,0
Feuilleea tweedyi,Inga pezizifera,5357576,0
Pultenaea virgata,Hippocrepis biflora,5353737,0
Mimosa dealbata,Acacia dealbata,2979474,1
Sigmoidotropis spixiana,Ancistrotropis peduncularis,7484829,1
Inga microstachya,Comesperma aphyllum,4049200,0
Indigofera tenuirostris,Julbernardia paniculata,2981767,0
Abarema borneensis,Archidendron borneense,2941533,1
Glycine jamaicensis,Flemingia nilgheriensis,5359828,0
Smithia princeana,Kotschya princeana,2949020,1
Bossiaea rigida,Bossiaea preissii,2968335,1
Asemeia grandiflora,Asemeia grandiflora,5658192,1
Polygala gagnebiniana,Dysolobium pilosum,2963403,0
Feuilleea microcarpa,Calliandra hirsuta,2982255,0
Anneslia purpurea,Calliandra purpurea,2981994,1
Cynometra djumaensis,Aphanocalyx djumaensis,2954246,1
Ononis aphylla,Ononis variegata,2977099,1
Desmodium ormocarpoides,Hanslia ormocarpoides,3978075,1
Muraltia linophylla,Hoita macrostachya,2943710,0
Toluifera pereirae,Humularia bifoliolata,5349895,0
Phaseolodes urophyllum,Millettia barteri,5355814,1
Securidaca erecta,Securidaca divaricata,5658161,1
Amburana claudii,Amburana cearensis,2945821,1
Monnina piurensis,Monnina pterocarpa,7293304,1
Monnina multicomata,Monnina bracteata,4051938,1
Calpurnia villosa,Polygala crucianelloides,3191444,0
Dorycnium stenophyllum,Lotus germanicus,7450947,1
Bredemeyera acuminata,Bredemeyera myrtifolia,7293369,1
Polygala linifolia,Polygala linifolia,8331912,1
Lugaion umbellatum,Millettia grandis,5355756,0
Monnina ciliolata,Inga laurina,5358039,0
Moghania paniculata,Flemingia paniculata,5359909,1
Genista paniculata,Monnina salicifolia,7875295,0
Anila medicaginea,Securidaca acuminata,5658190,0
Dialium connaroides,Archidendron jiringa,2941605,0
Galactia stereophylla,Coulteria mollis,3931987,0
Monnina trianae,Muraltia alopecuroides,4051253,0
Pithecellobium gracile,Flemingia stricta,5359894,0
Abarema kinabaluensis,Archidendron kinabaluense,3961038,1
Feuilleea amplebracteata,Machaerium floridum,5354917,0
Ononis chevalieri,Ononis polyphylla,2977119,1
Ononis krausei,Ononis adenotricha,2977273,1
Vigna dolichoides,Dysolobium dolichoides,2963388,1
Cyclopia ashtonii,Securidaca divaricata,5658161,0
Machaerium incorruptibile,Flemingia wightiana,5359890,0
Monopetalanthus leonardii,Aphanocalyx richardsiae,2954250,1
Spongiocarpella potaninii,Gilbertiodendron ivorense,2941643,0
Feuilleea longipes,Calliandra longipes,2981983,1
Glycine andersoni,Nissolia vincentina,10745779,1
Monnina divaristachya,Lotus broussonetii,5356880,0
Callistachys tricuspidata,Gastrolobium pusillum,5627843,1
Carmichaelia egmontiana,Carmichaelia australis,5348429,1
Oxylobium capitatum,Calliandra riparia,2982275,0
Maughania wightiana,Flemingia wightiana,5359890,1
Macrolobium pachyanthum,Gonocytisus angulatus,2952409,0
Archidendron kubaryanum,Securidaca diversifolia,5421445,0
Polygala camporum,Asemeia violacea,8077988,1
Macrolobium ivorense,Gilbertiodendron ivorense,2941643,1
Oxylobium parviflorum,Securidaca diversifolia,5421445,0
Moghania hockii,Lotus hirsutus,5354799,0
Monopetalanthus heitzii,Lotus maritimus,5356973,0
Eriosema erythrocarpon,Humularia kassneri,5349887,0
Brasilettia blasiana,Berlinia auriculata,2971346,0
Teline patens,Hoffmannseggia drummondii,5347522,0
Indigofera phyllogramme,Hebecarpa americana,7364474,0
Ononis pendula,Comesperma calymega,7293259,0
Dimorphandra latifolia,Dimorphandra conjugata,2974265,1
Heisteria laxa,Eminia holubii,5349217,0
Lotus hispidus,Lotus palustris,5356941,1
Pithecellobium kunstleri,Genista germanica,5347824,0
Racosperma kingianum,Acacia kingiana,2979797,1
Genista buxifolia,Machaerium incorruptibile,5355071,0
Muraltia burmanni,Caamembeca ulei,8295489,0
Catocoma emarginata,Bredemeyera divaricata,7477026,1
Feuilleea lanata,Calliandra lanata,2982271,1
Lotus longicaulis,Lotus palustris,5356941,1
Lotus thermalis,Ancistrotropis peduncularis,7484829,0
Chorizema ovatum,Chorizema rhombeum,2968199,1
Pteromonnina stenophylla,Monnina stenophylla,8198893,1
Dorycnium graecum,Dysolobium grande,2963397,0
Polygala rivinifolia,Padbruggea dasyphylla,2952312,0
Ononis cicerifolia,Ononis pinnata,2977228,1
Bredemeyera rhadinocarpa,Hippocrepis constricta,5353697,0
Inga pilosiuscula,Lotus tetragonolobus,5356862,0
Berlinia stipulacea,Gilbertiodendron stipulaceum,2941674,1
Nissolia aculeata,Scottia pseudobrowniana,10996580,0
Anneslia pauciflora,Calliandra pauciflora,2982147,1
Tetragonolobus purpureus,Inga pezizifera,5357576,0
Hansemannia glabra,Lotus graecus,5354802,0
Spongiocarpella purpurea,Chesneya purpurea,5357275,1
Monnina crassifolia,Archidendron fallax,2941371,0
Feuilleea magdalenae,Calliandra magdalenae,2982131,1
Acacia asplenioides,Calliandra asplenioides,7524304,1
Phaseoloides thonningii,Comesperma ericinum,7293357,0
Phaseolodes caeruleum,Millettia caerulea,5355797,1
Bredemeyera acerosa,Comesperma acerosum,4049253,1
Polygala laureola,Caamembeca salicifolia,9335158,1
Cylindrokelupha macrophylla,Archidendron eberhardtii,2941481,1
Psorobatus benthamii,Millettia griffoniana,5355825,0
Cyclopia grandifolia,Cyclopia subternata,5341866,1
Lotus bivonaeus,Microcharis galpinii,2963300,0
Genista sennenii,Genista tricuspidata,5347804,1
Bonjeanea prostrata,Securidaca trianae,5658075,0
Spartium sericeum,Calobota angustifolia,4929861,1
Acacia daviesiafolia,Ononis tridentata,2977272,0
Smithia capitulifera,Machaerium millei,5355060,0
Lobomon montanum,Amphicarpaea bracteata,2960161,1
Racosperma helmsianum,Acacia helmsiana,2979891,1
Heisteria pubescens,Muraltia pubescens,4049976,1
Macrolobium limosum,Lotus dorycnium,5632022,0
Inga brachystachya,Inga brachystachys,5357909,1
Chronanthos pulchellus,Genista pulchella,5347708,1
Apios taiwaniana,Apios fortunei,2966794,1
Feuilleea brevispicata,Cyclopia galioides,5341873,0
Mimosa emarginata,Archidendron hendersonii,2941401,0
Polygala pseudojuncea,Polygala equisetoides,4050240,1
Lotus linearis,Daprainia kingiana,11370785,0
Caesalpinia nicaraguensis,Micklethwaitia carvalhoi,3962029,0
Spartium tricuspidatum,Genista tricuspidata,5347804,1
Lotus aegyptiacus,Lotus arabicus,5356903,1
Feuilleea subnervosa,Genista germanica,5347824,0
Flemingia lamontii,Polygala hohenackeriana,4051131,0
Salomonia trinervata,Muraltia lancifolia,4050447,0
Shuteria siamensis,Amphicarpaea ferruginea,2960203,1
Chaetocalyx paucifolius,Nissolia vincentina,10745779,1
Anonis minutissima,Archidendron novoguineense,3960951,0
Smithia platyphylla,Kotschya platyphylla,2948974,1
Pithecellobium muellerianum,Archidendron muellerianum,7779701,1
Dialium triste,Dialium platysepalum,2970972,1
Bionia coccinea,Hoffmannseggia glauca,5347492,0
Bredemeyera sylvestris,Microcharis cana,2963310,0
Monopetalanthus pteridophyllus,Flemingia faginea,5359906,0
Phaseoloides pulchrum,Millettia pulchra,5355677,1
Entadopsis rotundifolia,Adenopodia rotundifolia,2952376,1
Glycine javanica,Glycine max,5359660,1
Bonjeanea italica,Lotus jordanii,9567879,1
Lovanafia mahafaliensis,Dicraeopetalum mahafaliense,2974574,1
Comesperma roseum,Comesperma virgatum,7293549,1
Acacia cloncurrensis,Acacia hemignosta,2980601,1
Pultenaea villosa,Aotus ericoides,5352260,1
Mimosa velutina,Inga velutina,5357985,1
Chamaebuxus webbiana,Acacia jamesiana,2980573,0
Machaerium parviflorum,Calobota acanthoclada,7528572,0
Lotus lateralis,Bredemeyera floribunda,7293394,0
Heistera saturejoides,Muraltia satureioides,7851822,1
Geissaspis bequaertii,Flemingia lacei,5359898,0
Gastrolobium wonganensis,Polygala major,7372627,0
Polygala attenuata,Polygala cymosa,3191370,1
Hippocrepis perennis,Monnina salicifolia,7875295,0
Xanthophyllum pallidum,Millettia grandis,5355756,0
Dillwynia obovata,Monnina crassifolia,4051573,0
Monnina roraimae,Monnina cacumina,7293620,1
Machaerium allemanii,Machaerium pedicellatum,5354939,1
Cyanothyrsus klainei,Daniellia klainei,2948729,1
Hedysarum strobiliferum,Acacia echinula,2978370,0
Racosperma perryi,Lotus parviflorus,5356892,0
Polygala corsica,Polygala nicaeensis,7293457,1
Larrea villosa,Gastrolobium wonganense,5627808,0
Epirixanthes linearis,Archidendron lucyi,2941496,0
Machaerium verrucosum,Inga sapindoides,5357706,0
Millettia subcordata,Millettia sericea,7807253,1
Drepanocarpus macrophyllus,Polygala minarum,8812729,0
Calophaca wolgarica,Moutabea excoriata,4051489,0
Lalage hoveifolia,Bossiaea ornata,2968307,1
Banisteroides maingayi,Gilbertiodendron ogowense,11198222,0
Hoffmannseggia glauca,Hoffmannseggia glauca,5347492,1
Glycine heterocarpa,Genista tenera,5347751,0
Genista benehoavensis,Genista benehoavensis,9144783,1
Huchimingia piscidia,Humularia drepanocephala,5349894,0
Bredemeyera calymega,Comesperma calymega,7293259,1
Lupinus rinae,Lupinus andersonii,2964568,1
Myroxylon robiniifolium,Myroxylon peruiferum,5357189,1
Inga pachycarpa,Comesperma calymega,7293259,0
Calliandra tocantina,Calliandra sessilis,2981978,1
Jakkia excelsa,Genista triangularis,7901681,0
Acacia armata,Acacia paradoxa,2981159,1
Glycine sericea,Glycine canescens,5359650,1
Hippocrepis annularis,Hippocrepis biflora,5353737,1
Poinciana regia,Monnina ramosa,4049348,0
Affonsea gereauana,Inga gereauana,5357549,1
Carpolobia caudata,Inga salicifolia,5580608,0
Corniola triangularis,Cyclopia subternata,5341866,0
Pterocarpus ebenus,Brya ebenus,5348895,1
Monnina crotalariaefolia,Monnina crotalariaefolia,7882465,1
Heistera ericifolia,Flemingia sootepensis,5359896,0
Dialium eurysepalum,Berlinia giorgii,11254379,0
Securidaca complicata,Inga laurina,5358039,0
Berlinia mayumbensis,Genista patens,5354553,0
Berlinia lundensis,Berlinia delevoyi,2971331,1
Voglera germanica,Genista germanica,5347824,1
Abarema triplinervia,Hippocrepis eriocarpa,5353710,0
Carmichaelia lacustris,Brya ebenus,5348895,0
Larrea microphylla,Machaerium lunatum,5355075,0
Inga duquei,Inga ursi,5358078,1
Comesperma lucidum,Hippocrepis emerus,5353705,0
Centrolobium robustum,Erythrostemon melanadenius,9426133,0
Berlinia auriculata,Berlinia orientalis,2971345,1
Monnina obscura,Genista ferox,7689832,0
Elsota major,Polygala trichosperma,4050125,0
Cytisus pilosus,Securidaca bialata,5658180,0
Cytisus ramosissimus,Genista canariensis,5347769,1
Cyclolobium amazonicum,Polygala birmanica,4050218,0
Brachysema celsianum,Genista aetnensis,5347587,0
Caesalpinia oxycarpa,Inga mendoncaei,5357545,0
Polygala tenuifolia,Monnina padifolia,7891141,0
Inga vouapaefolia,Inga heterophylla,5357852,1
Monnina patula,Flemingia grahamiana,5359839,0
Ononis inermis,Calobota sericea,4929855,0
Mundulea pulchra,Millettia pulchra,5355677,1
Calliandra angusta,Calliandra calycina,2981970,1
Calliandra hookeriana,Rhinotropis subspinosa,8002945,0
Acacia micracantha,Acacia paradoxa,2981159,1
Heinekenia berthelotii,Polygala karensium,7293419,0
Carmichaelia diffusa,Carmichaelia curta,5348422,1
Cratylia spectabilis,Camptosema spectabile,2963250,1
Phaseolus dinteri,Decorsea dinteri,2977710,1
Machaerium acutifolium,Machaerium acutifolium,7962904,1
Inga grandiflora,Ancistrotropis peduncularis,7484829,0
Ononis tingitana,Securidaca pubescens,7293337,0
Polygala translucida,Ebenus laguroides,7302164,0
Muraltia setosa,Muraltia ciliaris,8037203,1
Lupinus violaceus,Flemingia paniculata,5359909,0
Millettia oocarpa,Padbruggea dasyphylla,2952312,1
Grona grahamii,Nogra grahamii,2952632,1
Galactia hassleriana,Lotus berthelotii,5356822,0
Pithecellobium grandiflorum,Archidendron grandiflorum,2941212,1
Heistera phylicodes,Muraltia aspalatha,4051201,1
Anneslia guildingii,Calliandra guildingii,2981857,1
Millettia dunnii,Millettia fruticosa,5355849,0
Polygala lupulina,Polygala timoutou,7293430,1
Bredemeyera drummondii,Comesperma drummondii,4052145,1
Bionia nitens,Camptosema coccineum,7274954,1
Carmichaelia fieldii,Flemingia prostrata,5359865,0
Spartium angulatum,Gonocytisus angulatus,2952409,1
Calliandra bicolor,Bossiaea bracteosa,2968337,0
Polygala insignis,Caamembeca insignis,7557565,1
Berlinia preussii,Berlinia craibiana,2971343,1
Polygala tweedyi,Lotus angustissimus,5356931,0
Acacia fragrans,Gastrolobium callistachys,5350176,0
Nissolia legalis,Lupinus covillei,2963965,0
Caesalpinia calycina,Flemingia chappar,5359863,0
Calliandra michelii,Calliandra bijuga,2982296,1
Monnina celastroides,Monnina celastroides,7429148,1
Racosperma excentricum,Acacia biflora,2978318,0
Ononis salzamanniana,Ononis alopecuroides,2977222,1
Feuilleea tergemina,Genista linifolia,5347599,0
Annesleya brevipes,Polygala major,7372627,0
Muraltia fernandi,Muraltia flanaganii,4050605,1
Teline hillebrandii,Genista canariensis,5347769,1
Bredemeyera retusa,Inga multicaulis,5357732,0
Inga pavoniana,Lotus herbaceus,7815140,0
Crotalaria minor,Carmichaelia odorata,5348460,0
Polygala flabellata,Glycine tabacina,5359681,0
Hoffmannseggia prostrata,Hoffmannseggia prostrata,5347537,1
Polygala puberula,Calliandra taxifolia,2982202,0
Carmichaelia micrantha,Chorizema racemosum,3976832,0
Monnina uribei,Monnina latifolia,4050656,1
Ononis arragonensis,Ononis reuteri,2977213,1
Annesleya myriophylla,Calliandra parvifolia,2981824,1
Calliandra serjanioides,Calliandra falcata,2981836,1
Rigiostachys bracteata,Recchia mexicana,7898222,1
Moghania teijsmanniana,Flemingia macrophylla,5359866,1
Ebenus ferrugirea,Ebenus stellata,5354890,1
Flemingia capitata,Flemingia trifoliata,5628704,1
Feuilleea angustifolia,Chorizema dicksonii,2968200,0
Inga confusa,Inga ruiziana,5357975,1
Abarema utilis,Archidendron utile,2941583,1
Ononis picardii,Ononis baetica,2977098,1
Derris pseudoinvoluta,Flemingia macrophylla,5359866,0
Mirbelia racemosa,Bredemeyera laurifolia,7293385,0
Heisteria squarrosa,Erythrostemon angulatus,9381205,0
Muraltia laxa,Ebenus stellata,5354890,0
Polygala hilariana,Caamembeca grandifolia,8265068,1
Heistera anthospermifolia,Muraltia ciliaris,8037203,1
Abarema muricarpa,Archidendron muricarpum,2941530,1
Caesalpinia repens,Hoffmannseggia repens,5347507,1
Monnina emarginata,Monnina cuneata,8216450,1
Spartium sessilifolium,Microcharis microcharoides,2963314,0
Calliandra metrosideriflora,Hanslia ormocarpoides,3978075,0
Polygala arnottiana,Calobota psiloloba,4929862,0
Albizia glomeriflora,Calliandra leptopoda,2981819,0
Monnina hirta,Chesneya rytidosperma,5353632,0
Polygala pseudostricta,Genista sagittalis,5347702,0
Wiborgia amorphodes,Ononis tridentata,2977272,0
Pithecolobium comosum,Ancylotropis malmeana,5658203,0
Spartium umbellatum,Genista umbellata,8000707,1
Inga vouapaefolia,Calliandra guildingii,2981857,0
Pteromonnina weddelliana,Millettia comosa,5355876,0
Feuilleea maritima,Inga maritima,5357781,1
Ononis geminiflora,Ononis biflora,2977198,1
Inga rensonii,Humularia welwitschii,5349876,0
Collaea scarlatina,Betencourtia scarlatina,10926174,1
Smithia mildbraedii,Kotschya aeschynomenoides,2949004,1
Polygala polygama,Dialium guineense,2971007,0
Hedysarum lineatum,Lotus hebranicus,5356910,0
Tetrodea monoica,Rhinotropis lindheimeri,7660144,0
Oxylobium tetragonophyllum,Gastrolobium tetragonophyllum,5350178,1
Chamaebuxus vayredae,Bossiaea cinerea,2968298,0
Heisteria acicularis,Muraltia acicularis,4051299,1
Racosperma incanicarpum,Acacia incanicarpa,2980131,1
Xanthophyllum robustum,Polygaloides paucifolia,7346080,0
Berlinia brieyi,Julbernardia brieyi,2981744,1
Lotus humilis,Brya leonensis,5630881,0
Tetragonolobus glaucus,Ononis speciosa,2977276,0
Genista pubescens,Camptosema coriaceum,2963275,0
Inga brunnescens,Flemingia strobilifera,5359843,0
Muraltia brevicornu,Muraltia striata,4049625,1
Dorycnium dolichocarpum,Lotus dorycnium,5632022,1
Galactia paraguariensis,Archidendron ramiflorum,2941451,0
Securidaca scandens,Securidaca diversifolia,5421445,1
Millettia fooningensis,Acacia paradoxa,2981159,0
Flemingia horsfieldii,Flemingia horsfieldii,5628806,1
Nefrakis ebenus,Brya ebenus,5348895,1
Hippocrepis perennis,Hippocrepis comosa,5353750,1
Nemcia epacridioides,Millettia richardiana,5355937,0
Indigofera asparagoides,Microcharis asparagoides,2963290,1
Racosperma filipes,Acacia filipes,2979853,1
Geissaspis bifoliolata,Humularia bifoliolata,5349895,1
Lonchocarpus paullinioides,Disynstemon paullinioides,2982879,1
Muraltia ericoides,Muraltia capensis,4051035,1
Polygala neomexicana,Julbernardia seretii,2981753,0
Elsota lanceolata,Lotus subbiflorus,5356841,0
Oxylobium bennettsii,Gastrolobium racemosum,5350207,1
Spartium hispanicum,Inga capitata,5358094,0
Acacia glaucifolia,Genista maderensis,5347773,0
Dialium fleuryi,Dialium bipindense,2970949,1
Phaseolus pedunculatus,Ancistrotropis peduncularis,7484829,1
Ebenus haussknechtii,Gilbertiodendron grandistipulatum,9199427,0
Polygala oxysepala,Apios fortunei,2966794,0
Uraria retrofracta,Mecopus nidulans,5352176,1
Polygala barbeyana,Hebecarpa barbeyana,7552320,1
Ononis milleri,Machaerium parvifolium,5355057,0
Securidaca major,Securidaca pubescens,7293337,1
Abarema elliptica,Muraltia macrocarpa,4050325,0
Kennedynella tabacina,Glycine tabacina,5359681,1
Muraltia brevifolia,Muraltia obovata,4050162,1
Inga tergemina,Calliandra sincorana,2981848,0
Polygala dumosa,Muraltia dumosa,4050736,1
Polygala tanganyikensis,Polygala usafuensis,4049750,1
Dialium mossambicense,Dialium holtzii,2970950,1
Caesalpinia gilliesii,Hippocrepis comosa,5353750,0
Diclidanthera orinocensis,Diclidanthera bolivarensis,4051113,1
Triendilix clandestina,Muraltia longicuspis,4050349,0
Dialium corbisieri,Dialium polyanthum,2971002,1
Comesperma parviflorum,Comesperma calymega,7293259,1
Lebeckia flexuosa,Flemingia lineata,5359831,0
Dimorphandra megistosperma,Mora oleifera,5355420,1
Abarema multiflora,Nissolia brasiliensis,10844581,0
Scandalida flava,Calliandra eriophylla,2982181,0
Callistachys carinata,Genista maderensis,5347773,0
Erinacea pungens,Dialium guineense,2971007,0
Genista eriocarpa,Genista monspessulana,5347796,1
Echinospartum webbii,Acacia conjunctifolia,2980655,0
Ormocarpum thurberi,Muraltia lancifolia,4050447,0
Mimosa sapindoides,Hebecarpa costaricensis,9482034,0
Brachystegia globiflora,Julbernardia globiflora,2981760,1
Wiborgia adenostylis,Atroxima afzeliana,4050746,0
Polygala huberiana,Dimorphandra polyandra,2974271,0
Ononis aggregata,Ononis striata,2977206,1
Polygala arnottiana,Salomonia ciliata,7130426,1
Scottia trapeziformis,Bossiaea dentata,2968330,1
Securidaca cordata,Brya ebenus,5348895,0
Lebeckia macrantha,Hippocrepis comosa,5353750,0
Moghania nana,Archidendron robinsonii,2941576,0
Dialium ambiguum,Dialium platysepalum,2970972,1
Centrolobium orinocense,Centrolobium paraense,2945579,1
Comesperma kunthiana,Lotus jacobaeus,5356916,0
Polygala laxa,Gymnospora blanchetii,7791729,1
Rhynchocarpa monophylla,Dialium procerum,2970983,1
Inga chrysotricha,Caamembeca oxyphylla,7868452,0
Dialium pierrei,Rhinotropis subspinosa,8002945,0
Ebenidium depressum,Dicraeopetalum mahafaliense,2974574,0
Calliandra glyphoxylon,Genista aspalathoides,5347829,0
Chesneya velutina,Chesneya rytidosperma,5353632,1
Telinaria umbellata,Genista umbellata,8000707,1
Catocoma parviflora,Bredemeyera myrtifolia,7293369,1
Senega franchetii,Genista micrantha,5347650,0
Emerus major,Flemingia grahamiana,5359839,0
Daniellia pubescens,Daniellia pynaertii,2948730,1
Ononis variegata,Ononis variegata,7563987,1
Abarema pellita,Xanthophyllum vitellinum,7293493,0
Genistella umbellata,Genista umbellata,8000707,1
Polygala fallax,Polygala smallii,3191403,0
Rigiostachys roureoides,Microcharis phyllogramme,2963330,0
Acacia vernicosa,Inga hispida,5357647,0
Monnina richardiana,Monnina tristaniana,7293618,1
Chaetocalyx blanchetianus,Nissolia blanchetiana,10826885,1
Genista scariosa,Genista januensis,5347603,1
Calobota decutiens,Calobota angustifolia,4929861,1
Aotus villosa,Aotus ericoides,5352260,1
Dimorphandra excelsa,Mora excelsa,5355414,1
Jakkia vitellina,Xanthophyllum vitellinum,7293493,1
Myrospermum toluiferum,Archidendron minahassae,2941424,0
Lonchocarpus calcaratus,Dahlstedtia calcarata,8854662,1
Mimosa paradoxa,Polygala sedoides,4052242,0
Derris koolgibberah,Brachypterum koolgibberah,10926317,1
Lupinus nitidissimus,Ononis fruticosa,2977293,0
Toluifera peruifera,Myroxylon peruiferum,5357189,1
Tetragonolobus conjugatus,Lotus maritimus,5356973,1
Solori eriocarpa,Flemingia strobilifera,5359843,0
Polygala ukambica,Ononis arvensis,2977171,0
Heisteria dumosa,Bredemeyera myrtifolia,7293369,0
Cytisus osmariensis,Genista osmariensis,5347801,1
Polygala oleifolia,Caamembeca oleifolia,7630958,1
Mimosa rubiginosa,Inga rubiginosa,5357814,1
Monopetalanthus jensenii,Muraltia muraltioides,4050214,0
Machaerium capote,Machaerium capote,5354954,1
Lotus coccineus,Adenopodia rotundifolia,2952376,0
Genista incerta,Dysolobium dolichoides,2963388,0
Lotus ciliatus,Gastrolobium praemorsum,5627849,0
Flemingia stricta,Flemingia stricta,5359894,1
Genista racemosa,Genista stenopetala,5347701,1
Mimosa tergemina,Calliandra tergemina,2981879,1
Pongamia caudata,Millettia caudata,5355895,1
Carmichaelia nigrans,Dialium guianense,2971008,0
Flemingia nudiflora,Calliandra fasciculata,2981954,0
Mezoneurum oxyphyllum,Securidaca divaricata,5658161,0
Polygala purpusii,Rhinotropis purpusii,8128857,1
Delonix adansonioides,Delonix floribunda,2956188,1
Myroxylon pedicellatum,Myroxylon peruiferum,5357189,1
Monnina paniculata,Glycine max,5359660,0
Inga vallensis,Millettia grandis,5355756,0
Inga longipedunculata,Inga inicuil,7592050,0
Nemcia pauciflora,Gastrolobium plicatum,5360162,1
Gueldenstaedtia oliveriana,Chesneya rytidosperma,5353632,1
Onobrychis sericea,Millettia glaucescens,5355716,0
Feuilleea sellowiana,Inga sellowiana,5358124,1
Polygala consobrina,Archidendron hispidum,2941598,0
Xanthophyllum glaucum,Gastrolobium plicatum,5360162,0
Parosela megacarpa,Errazurizia megacarpa,2967042,1
Uraria retrofructa,Mecopus nidulans,5352176,1
Moghania faginea,Microcharis galpinii,2963300,0
Gastrolobium crispifolium,Gastrolobium truncatum,5360154,1
Callistachys ovalifolia,Gastrolobium coriaceum,5627987,1
Chaetocalyx magniflorus,Nissolia vincentina,10745779,1
Acacia prostrata,Calliandra eriophylla,2982181,0
Cytisanthus barnadesii,Echinospartum barnadesii,7302120,1
Indigofera medicaginea,Amphicarpaea edgeworthii,2960189,0
Monnina diversifolia,Genista ferox,7689832,0
Dorycnium affine,Millettia griffoniana,5355825,0
Racosperma convallium,Acacia convallium,2981185,1
Polygala pilosa,Muraltia lancifolia,4050447,1
Gilbertiodendron dinklagei,Machaerium seemannii,5355162,0
Chorizema aciculoides,Chorizema aciculare,7757885,1
Dolichovigna formosana,Dysolobium pilosum,2963403,1
Zygia fagifolia,Comesperma calymega,7293259,0
Maughania sootepensis,Comesperma retusum,4051630,0
Heistera incompta,Genista canariensis,5347769,0
Retama parviflora,Gonocytisus angulatus,2952409,1
Miediega suffruticosa,Inga cordistipula,5357916,0
Securidaca reticulata,Securidaca rivinifolia,7293316,1
Millettia turgida,Inga maynensis,5357754,0
Galactia australis,Betencourtia australis,11046446,1
Feuilleea quassiaefolia,Hebecarpa velutina,9556567,0
Mimosa quassiifolia,Inga pilosula,5358111,1
Enantiosparton radiatum,Genista radiata,5347648,1
Machaerium campestre,Machaerium biovulatum,5355033,0
Brachypterum platyphyllum,Brachypterum robustum,2947483,1
Securidaca ovata,Securidaca scandens,5658089,1
Carmichaelia fieldii,Carmichaelia juncea,5628964,1
Amphicarpaea villosa,Amphicarpaea bracteata,2960161,1
Myroxylon pubescens,Myroxylon peruiferum,5357189,1
Brachypterum timorense,Calophaca wolgarica,7956731,0
Jakkia longifolia,Apios americana,2966796,0
Caiandra humilis,Archidendron multifoliolatum,7962038,0
Lotus erectus,Collaea speciosa,5352530,1
Acacia brasiliensis,Calliandra bella,2981924,1
Feuilleea harrisii,Calliandra harrisii,2982277,1
Monnina angustifolia,Hoffmannseggia glauca,5347492,0
Myrospermum punctatum,Acacia excentrica,2979886,0
Elsota sellowiana,Millettia acutiflora,5355936,0
Inga sarmentosa,Chesneya vaginalis,5353635,0
Monnina hilairiana,Monnina cuneata,8216450,1
Chesneya vesiculifera,Chesneya tadzhikistana,5353658,1
Telinaria aspalathoides,Polygala gayii,4049331,0
Heisteria obovata,Muraltia obovata,4050162,1
Pithecellobium lateriflorum,Archidendron jiringa,2941605,1
Tetragonolobus purpureus,Lotus tetragonolobus,5356862,1
Pedrosia neglecta,Lotus subbiflorus,5356841,0
Genista daurica,Glycine clandestina,5359647,0
Pithecellobium nicobaricum,Archidendron bigeminum,2941295,1
Polygala martiana,Asemeia martiana,7453222,1
Polygala lanceolata,Archidendron alternifoliolatum,2941540,0
Desmodium pendulum,Hanslia ormocarpoides,3978075,1
Feuilleea glomerulata,Calliandra glomerulata,2981791,1
Pithecellobium monopterum,Archidendron monopterum,2941562,1
Machaerium oxyphyllum,Machaerium villosum,5354918,1
Lotus tristis,Lotus jacobaeus,5356916,1
Inga salvadorensis,Lupinus covillei,2963965,0
Genista cosoniaca,Echinospartum horridum,2959222,1
Heistera longicuspis,Muraltia longicuspis,4050349,1
Feuilleea microcarpa,Archidendron microcarpum,2941523,1
Genistella sagittalis,Genista sagittalis,5347702,1
Myrospermum pedicellatum,Myroxylon peruiferum,5357189,1
Cyclopia genistoides,Cyclopia genistoides,8286074,1
Machaerium violaceopurpureum,Calliandra tweedii,2982053,0
Gastrolobium spathulatum,Delonix brachycarpa,2956171,0
Feuilleea mottleyana,Genista anatolica,5347594,0
Lophostylis pallida,Millettia lenneoides,5355724,0
Feuilleea bella,Glycine max,5359660,0
Bredemeyera ericina,Caamembeca salicifolia,9335158,0
Polygala nicaraguensis,Asemeia ovata,7765333,1
Centrolobium tomentosum,Daniellia klainei,2948729,0
Chesneya velutina,Muraltia pappeana,4050093,0
Heterostemon corrugatus,Heterostemon corrugatus,3974882,1
Spartium osyris,Gonocytisus angulatus,2952409,0
Coronilla eriocarpa,Securidaca divaricata,5658161,0
Bionia coccinea,Camptosema coccineum,7274954,1
Caesalpinia caladenia,Erythrostemon caladenia,9430755,1
Pseudoberlinia paniculata,Machaerium lunatum,5355075,0
Smithia eurycalyx,Microcharis cana,2963310,0
Albizia cordifolia,Archidendron cordifolium,2941272,1
Acacia terminalis,Acacia elata,2973176,1
Hoffmannseggia philippiana,Inga densiflora,5357837,0
Calliandra diademata,Flemingia grahamiana,5359839,0
Peltophorum brasiliense,Muraltia mitior,4050255,0
Salomonia petiolata,Archidendron jiringa,2941605,0
Nissolius arboreus,Machaerium arboreum,5355155,1
Dalbergia crowei,Lotus arenarius,5356814,0
Polygala clavipes,Flemingia macrophylla,5359866,0
Salomonia tenella,Epirixanthes elongata,4050415,1
Cytisus canescens,Genista monspessulana,5347796,1
Drepanocarpus africanus,Machaerium lunatum,5355075,1
Camptosema grandiflorum,Camptosema spectabile,2963250,1
Catocoma kunthiana,Acacia malloclada,2980374,0
Heisteria macropetala,Polygala caudata,4049190,0
Virgilia aurea,Erythrostemon coccineus,9574659,0
Chorizema lineare,Gastrolobium ebracteolatum,5627941,1
Senega timoutoides,Flemingia trifoliata,5628704,0
Pusaetha spicata,Adenopodia spicata,2952379,1
Flemingia nilgheriensis,Inga sapindoides,5357706,0
Nemcia acuta,Cadia purpurea,2968353,0
Racosperma polybotryum,Acacia polybotrya,2980073,1
Pteromonnina exaltata,Monnina exaltata,4051179,1
Millettia atite,Erinacea anthyllis,2977757,0
Lotus affinis,Lotus hirsutus,5354799,1
Acylotropis malmeana,Lupinus angustifolius,2964025,0
Phaseolodes ovalifolium,Securidaca divaricata,5658161,0
Polygala commutata,Nissolia vincentina,10745779,0
Brasilettia blasiana,Coulteria platyloba,7545558,1
Elsota tomentosa,Securidaca tomentosa,7511766,1
Genista lucida,Genista tricuspidata,5347804,1
Polygala fimbriata,Hippocrepis comosa,5353750,0
Platylobium microphyllum,Muraltia satureioides,7851822,0
Bredemeyera parviflora,Polygala sphenoptera,4051511,0
Polygala tristis,Polygala sphenoptera,4051511,1
Centrolobium ochroxylum,Lotus angustissimus,5356931,0
Hebecarpa greggii,Hebecarpa punctata,10786028,1
Pithecellobium tjendana,Archidendron tjendana,2941421,1
Calliandra angusta,Asemeia violacea,8077988,0
Inga ferruginea,Flemingia macrophylla,5359866,0
Kennedya microphylla,Glycine clandestina,5359647,1
Callerya dasyphylla,Brachypterum involutum,11375815,0
Inga leiocalycina,Calliandra surinamensis,2982188,0
Anneslia pueblana,Archidendron jiringa,2941605,0
Acacia sieberiana,Acacia hamiltoniana,2978560,1
Nissolia uncinata,Machaerium hirtum,5354979,0
Inga borealis,Inga xalapensis,5357693,1
Lotus cuatrecasasii,Flemingia stricta,5359894,0
Maughania semialata,Flemingia semialata,5359883,1
Racosperma assimile,Archidendron monopterum,2941562,0
Heisteria crassifolia,Muraltia divaricata,4050776,0
Moghania prostrata,Flemingia prostrata,5359865,1
Polygala oleifera,Millettia lenneoides,5355724,0
Ononis broteriana,Genista januensis,5347603,0
Pithecellobium baucheri,Archidendron baucheri,2941382,1
Securidaca rivinaefolia,Quillaja brasiliensis,3029372,0
Senega graebiana,Polygala leucantha,4049624,1
Polygala serpens,Julbernardia paniculata,2981767,0
Berlinia seretii,Julbernardia seretii,2981753,1
Calliandra nitida,Calliandra hirsuta,2982255,1
Laburnum platycarpum,Securidaca diversifolia,5421445,0
Acacia caleyi,Acacia decora,2978514,1
Phaseolodes ovalifolium,Millettia peguensis,5355687,1
Mezoneurum procumbens,Erythrostemon exostemma,9313752,1
Lonchocarpus hylobius,Dahlstedtia hylobia,10691071,1
Feuilleea setifera,Chorizema carinatum,3911714,0
Skaphium lanceatum,Xanthophyllum lanceatum,4051497,1
Phaseolodes argenteum,Millettia sericea,5355765,1
Calliandra herbacea,Calliandra humilis,2982270,1
Lotus pilosus,Calliandra bijuga,2982296,0
Geissaspis cavaleriei,Flemingia lacei,5359898,0
Chaetocalyx matudai,Brachypterum scandens,10779326,0
Muraltia dregei,Monnina celastroides,7429148,0
Anonis pusilla,Ononis pusilla,2977214,1
Ononis elegans,Ononis speciosa,2977276,1
Inga wightiana,Microcharis buchneri,2963356,0
Monnina involuta,Monnina lehmanniana,4050586,1
Macroberlinia bracteosa,Ononis biflora,2977198,0
Rhynchodium acaule,Myroxylon balsamum,5357190,0
Polygala oxyphylla,Inga inicuil,7592050,0
Tunatea panamensis,Archidendron triplinervium,2941463,0
Ingenhoussia spinosa,Comesperma calymega,7293259,0
Neodunnia aurea,Archidendron kuenstleri,2941280,0
Polygala obscura,Hebecarpa obscura,7545780,1
Abarema novoguineensis,Muraltia lancifolia,4050447,0
Desmodium amplexicaule,Calliandra rubescens,2982006,0
Polygala columbica,Hebecarpa caracasana,9585242,1
Genista trifoliolata,Calobota pungens,4929860,0
Gilbertiodendron quadrifolium,Gilbertiodendron dewevrei,2941659,1
Elsota sellowiana,Securidaca lanceolata,7584051,1
Ebenus cilicica,Ebenus laguroides,7302164,1
Bredemeyera brevifolia,Salomonia ciliata,7130426,0
Hippocrepis fructicosa,Archidendron bigeminum,2941295,0
Inga pittieri,Chorizema aciculare,7757885,0
Abarema trichophylla,Archidendron trichophyllum,2941409,1
Piptadenia schlechteri,Lotus peregrinus,5356819,0
Polygala strigulosa,Hebecarpa obscura,7545780,1
Moghania phursia,Flemingia paniculata,5359909,1
Genista echinus,Calliandra houstoniana,2982067,0
Lupinus nitidissimus,Lupinus velutinus,2964509,1
Lotus neglecta,Lotus lancerottensis,5357010,1
Cytisus rhodopnoa,Ononis cheiranthoides,3970459,0
Machaerium fruticetorum,Machaerium arboreum,5355155,1
Pultenaea nana,Heterostemon impar,2943922,0
Muraltia micrantha,Muraltia stipulacea,7652309,1
Glycine minima,Hippocrepis ciliata,5353690,0
Cyanothyrsus oblongus,Lotus hirsutus,5354799,0
Dorycnium cinerascens,Angylocalyx pynaertii,11267336,0
Poinciana mexicana,Erythrostemon mexicanus,9619402,1
Heistera candollei,Genista hispanica,5347761,0
Indigofera ammophila,Lotus quinatus,5356887,0
Acanthocladus albicans,Muraltia lancifolia,4050447,0
Racosperma perryi,Acacia perryi,2979665,1
Nemcia carinata,Securidaca rivinifolia,7293316,0
Calliandra microphylla,Hebecarpa obscura,7545780,0
Scorpius serpyllifolius,Lotus dorycnium,7669646,0
Acacia armatoides,Acacia helicophylla,2978402,0
Genista scorpius,Eysenhardtia polystachya,2964737,0
Ononis inclusa,Polygala crotalarioides,3191438,0
Maughania prostrata,Genista stenopetala,5347701,0
Cryptolobus sarmentosus,Ononis cephalotes,2977128,0
Calliandra suberifera,Calliandra spinosa,2982128,1
Calliandra axillaris,Genista monspessulana,5347796,0
Maughania yunnanensis,Comesperma ericinum,7293357,0
Indigofera spathulata,Microcharis spathulata,2963350,1
Ortholobium balansae,Archidendron balansae,2941396,1
Lotus secundiflorus,Lotus cytisoides,5356937,1
Polygala collina,Asemeia grandiflora,5658192,1
Mundulea richardiana,Calliandra harrisii,2982277,0
Geissaspis corbisieri,Humularia corbisieri,5349889,1
Telinaria aspalathoides,Genista aspalathoides,5347829,1
Moghania rhodocarpa,Flemingia grahamiana,5359839,1
Racosperma ensifolium,Acacia ensifolia,2978993,1
Securidaca densiflora,Securidaca pubescens,7293337,1
Gilbertiodendron straussianum,Millettia pulchra,5355677,0
Viborquia spinosa,Lotus broussonetii,5356880,0
Acacia ornithophora,Acacia paradoxa,2981159,1
Otosema caudata,Millettia caudata,5355895,1
Fornasinia ebenifera,Xanthophyllum flavescens,7580773,0
Lonchocarpus castaneifolius,Dahlstedtia castaneifolia,7779256,1
Pithecellobium monadelphum,Gymnospora violoides,8310280,0
Aotus phylicoides,Muraltia thymifolia,4049581,0
Anneslia surinamensis,Ononis adenotricha,2977273,0
Mundia heterophylla,Millettia platyphylla,5355868,0
Platylobium scolopendrium,Bossiaea scolopendria,2968341,1
Genista micrantha,Genista carinalis,5347609,1
Duranta pearcei,Bredemeyera densiflora,7293405,1
Muraltia rhinostigma,Brachypterum robustum,2947483,0
Glycine brachybotria,Glycine brachybotria,5634269,1
Calliandra resupina,Calliandra pakaraimensis,2982319,1
Inga venosa,Inga fastuosa,5357762,1
Asemeia cumulicola,Acacia multistipulosa,2980127,0
Bonaga spinosa,Aphanocalyx pectinatus,2954255,0
Heistera micrantha,Muraltia stipulacea,7652309,1
Genista arborescens,Brya ebenus,5348895,1
Acacia papulaeformis,Ononis mitissima,2977292,0
Anneslia tergemina,Lotus herbaceus,7815140,0
Anthyllis cretica,Ononis striata,2977206,0
Lebeckia subternata,Cyclopia latifolia,5341857,1
Corniola dracunculoides,Genista dracunculoides,5347733,1
Polygala cantalica,Polygala calcarea,8169088,1
Heisteria carnosa,Monnina cuneata,8216450,0
Monnina excelsa,Calliandra foliolosa,2981801,0
Heterostemon cauliflorus,Epirixanthes elongata,4050415,0
Feuilleea calycina,Calliandra calycina,2981970,1
Feuilleea mutica,Calliandra sessilis,2981978,1
Monnina wilczekiana,Monnina dictyocarpa,4051378,1
Dorycnium jordanianum,Lotus mlanjeanus,5356912,0
