key,scientificName,canonicalName,rank,taxonomicStatus,kingdom,phylum,class,order,family,genus,species,numDescendants,oldSpeciesCanonicalName,oldSpeciesScientificName,oldSpeciesKey,oldSpeciesTaxonomicStatus,oldSpeciesNomenclaturalStatus,oldSpeciesAuthorship,oldSpeciesPublishedIn
1845656,"Turatia morettii (Turati, 1926)",Turatia morettii,SPECIES,ACCEPTED,Animalia,Arthropoda,Insecta,Lepidoptera,Autostichidae,Turatia,Turatia morettii,0,Holcopogon morettii,"Holcopogon morettii Turati, 1926",11939352,SYNONYM,,"Turati, 1926",Turati (1926) Atti della Societa Italiana di Scienze Naturali e del Museo Civico di Historia Naturale. 65.
1845995,"Tenieta albidella (Rebel, 1901)",Tenieta albidella,SPECIES,ACCEPTED,Animalia,Arthropoda,Insecta,Lepidoptera,Autostichidae,Tenieta,Tenieta albidella,0,Epidola albidella,"Epidola albidella Rebel, 1901",12156333,SYNONYM,,"Rebel, 1901",Rebel (1901) Deutsche Entomologische Zeitscrift. 13.
1845995,"Tenieta albidella (Rebel, 1901)",Tenieta albidella,SPECIES,ACCEPTED,Animalia,Arthropoda,Insecta,Lepidoptera,Autostichidae,Tenieta,Tenieta albidella,0,Epidola kebillilla,"Epidola kebillilla Lucas, 1945",11974578,SYNONYM,,"Lucas, 1945",
1845750,"Telephirca quadrifariella (Mann, 1855)",Telephirca quadrifariella,SPECIES,ACCEPTED,Animalia,Arthropoda,Insecta,Lepidoptera,Autostichidae,Telephirca,Telephirca quadrifariella,0,Oecophora quadrifariella,"Oecophora quadrifariella Mann, 1855",4528940,HOMOTYPIC_SYNONYM,,"Mann, 1855",
1845750,"Telephirca quadrifariella (Mann, 1855)",Telephirca quadrifariella,SPECIES,ACCEPTED,Animalia,Arthropoda,Insecta,Lepidoptera,Autostichidae,Telephirca,Telephirca quadrifariella,0,Symmoca ochreopicta,"Symmoca ochreopicta Walsingham, 1901",4528941,HETEROTYPIC_SYNONYM,,"Walsingham, 1901",
1845750,"Telephirca quadrifariella (Mann, 1855)",Telephirca quadrifariella,SPECIES,ACCEPTED,Animalia,Arthropoda,Insecta,Lepidoptera,Autostichidae,Telephirca,Telephirca quadrifariella,0,Symmoca quadrifariella,"Symmoca quadrifariella Mann, 1855",12128967,SYNONYM,,"Mann, 1855",Mann (1855) Verhandlungen der Zoologisch-Botanischen Gesellschaft in Wien. 5.
1846495,"Taygete altivola (Meyrick, 1929)",Taygete altivola,SPECIES,ACCEPTED,Animalia,Arthropoda,Insecta,Lepidoptera,Autostichidae,Taygete,Taygete altivola,0,Epithectis altivola,"Epithectis altivola Meyrick, 1929",12048777,SYNONYM,,"Meyrick, 1929",
1846484,"Taygete annulicornis (Walsingham, 1897)",Taygete annulicornis,SPECIES,ACCEPTED,Animalia,Arthropoda,Insecta,Lepidoptera,Autostichidae,Taygete,Taygete annulicornis,0,Aristotelia annulicornis,"Aristotelia annulicornis Walsingham, 1897",12054990,SYNONYM,,"Walsingham, 1897",
1846505,"Taygete attributella (Walker, 1864)",Taygete attributella,SPECIES,ACCEPTED,Animalia,Arthropoda,Insecta,Lepidoptera,Autostichidae,Taygete,Taygete attributella,1,Evagora difficilisella,"Evagora difficilisella Chambers, 1872",6212050,SYNONYM,,"Chambers, 1872","Chambers, V.T. (1872) Micro-Lepidoptera. Canadian Entomologist 4."
1846505,"Taygete attributella (Walker, 1864)",Taygete attributella,SPECIES,ACCEPTED,Animalia,Arthropoda,Insecta,Lepidoptera,Autostichidae,Taygete,Taygete attributella,1,Gelechia attributella,"Gelechia attributella Walker, 1864",11978246,SYNONYM,,"Walker, 1864",
1846486,"Taygete balsamopa (Meyrick, 1923)",Taygete balsamopa,SPECIES,ACCEPTED,Animalia,Arthropoda,Insecta,Lepidoptera,Autostichidae,Taygete,Taygete balsamopa,0,Epithectis balsamopa,"Epithectis balsamopa Meyrick, 1923",11936739,SYNONYM,,"Meyrick, 1923",
1846488,"Taygete barydelta (Meyrick, 1923)",Taygete barydelta,SPECIES,ACCEPTED,Animalia,Arthropoda,Insecta,Lepidoptera,Autostichidae,Taygete,Taygete barydelta,0,Epithectis barydelta,"Epithectis barydelta Meyrick, 1923",12063114,SYNONYM,,"Meyrick, 1923",
1846506,"Taygete citranthes (Meyrick, 1923)",Taygete citranthes,SPECIES,ACCEPTED,Animalia,Arthropoda,Insecta,Lepidoptera,Autostichidae,Taygete,Taygete citranthes,0,Epithectis citranthes,"Epithectis citranthes Meyrick, 1923",12046853,SYNONYM,,"Meyrick, 1923",
1846499,"Taygete citrinella (Barnes, 1920)",Taygete citrinella,SPECIES,ACCEPTED,Animalia,Arthropoda,Insecta,Lepidoptera,Autostichidae,Taygete,Taygete citrinella,0,Epithectis citrinella,"Epithectis citrinella Barnes, 1920",8802429,SYNONYM,,"Barnes, 1920",
1846490,"Taygete consociata (Meyrick, 1914)",Taygete consociata,SPECIES,ACCEPTED,Animalia,Arthropoda,Insecta,Lepidoptera,Autostichidae,Taygete,Taygete consociata,0,Epithectis consociata,"Epithectis consociata Meyrick, 1914",12089791,SYNONYM,,"Meyrick, 1914",
1846508,"Taygete critica (Walsingham, 1910)",Taygete critica,SPECIES,ACCEPTED,Animalia,Arthropoda,Insecta,Lepidoptera,Autostichidae,Taygete,Taygete critica,0,Epithectis critica,"Epithectis critica Walsingham, 1910",12081494,SYNONYM,,"Walsingham, 1910",
1846501,"Taygete decemmaculella (Chambers, 1875)",Taygete decemmaculella,SPECIES,ACCEPTED,Animalia,Arthropoda,Insecta,Lepidoptera,Autostichidae,Taygete,Taygete decemmaculella,0,Epithectis osteosema,"Epithectis osteosema Meyrick, 1929",6212055,SYNONYM,,"Meyrick, 1929",
1846501,"Taygete decemmaculella (Chambers, 1875)",Taygete decemmaculella,SPECIES,ACCEPTED,Animalia,Arthropoda,Insecta,Lepidoptera,Autostichidae,Taygete,Taygete decemmaculella,0,Epithectis thoracella,"Epithectis thoracella Walsingham, 1888",6212053,SYNONYM,,"Walsingham, 1888",
1846501,"Taygete decemmaculella (Chambers, 1875)",Taygete decemmaculella,SPECIES,ACCEPTED,Animalia,Arthropoda,Insecta,Lepidoptera,Autostichidae,Taygete,Taygete decemmaculella,0,Gelechia bicostomaculella,"Gelechia bicostomaculella Chambers, 1877",6212054,SYNONYM,,"Chambers, 1877",
1846501,"Taygete decemmaculella (Chambers, 1875)",Taygete decemmaculella,SPECIES,ACCEPTED,Animalia,Arthropoda,Insecta,Lepidoptera,Autostichidae,Taygete,Taygete decemmaculella,0,Gelechia decemmaculella,"Gelechia decemmaculella Chambers, 1875",12038639,SYNONYM,,"Chambers, 1875",
1846481,"Taygete eromene (Walsingham, 1897)",Taygete eromene,SPECIES,ACCEPTED,Animalia,Arthropoda,Insecta,Lepidoptera,Autostichidae,Taygete,Taygete eromene,0,Aristotelia eromene,"Aristotelia eromene Walsingham, 1897",11946508,SYNONYM,,"Walsingham, 1897",
1846493,"Taygete gallaegenitella (Clemens, 1864)",Taygete gallaegenitella,SPECIES,ACCEPTED,Animalia,Arthropoda,Insecta,Lepidoptera,Autostichidae,Taygete,Taygete gallaegenitella,0,Gelechia gallaegenitella,"Gelechia gallaegenitella Clemens, 1864",12071355,SYNONYM,,"Clemens, 1864",
1846493,"Taygete gallaegenitella (Clemens, 1864)",Taygete gallaegenitella,SPECIES,ACCEPTED,Animalia,Arthropoda,Insecta,Lepidoptera,Autostichidae,Taygete,Taygete gallaegenitella,0,Gelechia geminella,"Gelechia geminella Riley, 1871",6212051,SYNONYM,,"Riley, 1871",
1846503,"Taygete ignavella (Zeller, 1877)",Taygete ignavella,SPECIES,ACCEPTED,Animalia,Arthropoda,Insecta,Lepidoptera,Autostichidae,Taygete,Taygete ignavella,0,Euteles ignavella,"Euteles ignavella Zeller, 1877",12135214,SYNONYM,,"Zeller, 1877",
1846494,"Taygete lasciva (Walsingham, 1910)",Taygete lasciva,SPECIES,ACCEPTED,Animalia,Arthropoda,Insecta,Lepidoptera,Autostichidae,Taygete,Taygete lasciva,0,Epithectis lasciva,"Epithectis lasciva Walsingham, 1910",11938596,SYNONYM,,"Walsingham, 1910",
1846483,"Taygete notospila (Meyrick, 1923)",Taygete notospila,SPECIES,ACCEPTED,Animalia,Arthropoda,Insecta,Lepidoptera,Autostichidae,Taygete,Taygete notospila,0,Epithectis notospila,"Epithectis notospila Meyrick, 1923",12143563,SYNONYM,,"Meyrick, 1923",
1846504,"Taygete ornatipalpella (Walsingham, 1897)",Taygete ornatipalpella,SPECIES,ACCEPTED,Animalia,Arthropoda,Insecta,Lepidoptera,Autostichidae,Taygete,Taygete ornatipalpella,0,Aristotelia ornatipalpella,"Aristotelia ornatipalpella Walsingham, 1897",11944616,SYNONYM,,"Walsingham, 1897",
1846496,"Taygete ostariella (Walsingham, 1897)",Taygete ostariella,SPECIES,ACCEPTED,Animalia,Arthropoda,Insecta,Lepidoptera,Autostichidae,Taygete,Taygete ostariella,0,Aristotelia ostariella,"Aristotelia ostariella Walsingham, 1897",12030341,SYNONYM,,"Walsingham, 1897",
1846485,"Taygete parvella (Fabricius, 1794)",Taygete parvella,SPECIES,ACCEPTED,Animalia,Arthropoda,Insecta,Lepidoptera,Autostichidae,Taygete,Taygete parvella,0,Alucita parvella,"Alucita parvella Fabricius, 1794",12014333,SYNONYM,,"Fabricius, 1794",
1846485,"Taygete parvella (Fabricius, 1794)",Taygete parvella,SPECIES,ACCEPTED,Animalia,Arthropoda,Insecta,Lepidoptera,Autostichidae,Taygete,Taygete parvella,0,Epithectis xylochroa,"Epithectis xylochroa Meyrick, 1926",6212052,SYNONYM,,"Meyrick, 1926",
1846487,"Taygete platysoma (Walsingham, 1910)",Taygete platysoma,SPECIES,ACCEPTED,Animalia,Arthropoda,Insecta,Lepidoptera,Autostichidae,Taygete,Taygete platysoma,0,Epithectis platysoma,"Epithectis platysoma Walsingham, 1910",12056917,SYNONYM,,"Walsingham, 1910",
1846489,"Taygete saundersella (Chambers, 1876)",Taygete saundersella,SPECIES,ACCEPTED,Animalia,Arthropoda,Insecta,Lepidoptera,Autostichidae,Taygete,Taygete saundersella,0,Gelechia saundersella,"Gelechia saundersella Chambers, 1876",12022296,SYNONYM,,"Chambers, 1876",
1846507,"Taygete sphecophila (Meyrick, 1936)",Taygete sphecophila,SPECIES,ACCEPTED,Animalia,Arthropoda,Insecta,Lepidoptera,Autostichidae,Taygete,Taygete sphecophila,1,Epithectis sphecophila,"Epithectis sphecophila Meyrick, 1936",11960582,SYNONYM,,"Meyrick, 1936",
1846500,"Taygete sylvicolella (Busck, 1903)",Taygete sylvicolella,SPECIES,ACCEPTED,Animalia,Arthropoda,Insecta,Lepidoptera,Autostichidae,Taygete,Taygete sylvicolella,0,Epithectis sylvicolella,"Epithectis sylvicolella Busck, 1903",8770529,SYNONYM,,"Busck, 1903",
1846491,"Taygete thiodes (Meyrick, 1917)",Taygete thiodes,SPECIES,ACCEPTED,Animalia,Arthropoda,Insecta,Lepidoptera,Autostichidae,Taygete,Taygete thiodes,0,Recurvaria thiodes,"Recurvaria thiodes Meyrick, 1917",12162300,SYNONYM,,"Meyrick, 1917",
1845984,"Symmocoides astuta (Gozmány, 1961)",Symmocoides astuta,SPECIES,ACCEPTED,Animalia,Arthropoda,Insecta,Lepidoptera,Autostichidae,Symmocoides,Symmocoides astuta,0,Amselina astuta,"Amselina astuta Gozmány, 1961",11948952,SYNONYM,,"Gozmány, 1961",
1845983,"Symmocoides burmanni (Gozmány, 1962)",Symmocoides burmanni,SPECIES,ACCEPTED,Animalia,Arthropoda,Insecta,Lepidoptera,Autostichidae,Symmocoides,Symmocoides burmanni,0,Amselina burmanni,"Amselina burmanni Gozmány, 1962",4528950,HOMOTYPIC_SYNONYM,,"Gozmány, 1962",
1845983,"Symmocoides burmanni (Gozmány, 1962)",Symmocoides burmanni,SPECIES,ACCEPTED,Animalia,Arthropoda,Insecta,Lepidoptera,Autostichidae,Symmocoides,Symmocoides burmanni,0,Orpecacantha burmanni,"Orpecacantha burmanni (Gozmany, 1962)",4528949,HOMOTYPIC_SYNONYM,,"(Gozmany, 1962) ",
4528951,"Symmocoides gozmanyi (Amsel, 1959)",Symmocoides gozmanyi,SPECIES,ACCEPTED,Animalia,Arthropoda,Insecta,Lepidoptera,Autostichidae,Symmocoides,Symmocoides gozmanyi,0,Amselina gozmanyi,"Amselina gozmanyi Amsel, 1959",4528952,HOMOTYPIC_SYNONYM,,"Amsel, 1959",
1845985,"Symmocoides gracilella (Turati, 1922)",Symmocoides gracilella,SPECIES,ACCEPTED,Animalia,Arthropoda,Insecta,Lepidoptera,Autostichidae,Symmocoides,Symmocoides gracilella,0,Dysspastus gracilellus,"Dysspastus gracilellus (Turati, 1922)",4528918,HOMOTYPIC_SYNONYM,,"(Turati, 1922) ",
1845985,"Symmocoides gracilella (Turati, 1922)",Symmocoides gracilella,SPECIES,ACCEPTED,Animalia,Arthropoda,Insecta,Lepidoptera,Autostichidae,Symmocoides,Symmocoides gracilella,0,Symmoca gracilella,"Symmoca gracilella Turati, 1922",4528919,HOMOTYPIC_SYNONYM,,"Turati, 1922",
1845982,"Symmocoides oxybiella (Millière, 1872)",Symmocoides oxybiella,SPECIES,ACCEPTED,Animalia,Arthropoda,Insecta,Lepidoptera,Autostichidae,Symmocoides,Symmocoides oxybiella,1,Symmoca oxybiella,"Symmoca oxybiella Millière, 1872",4528953,HOMOTYPIC_SYNONYM,,"Millière, 1872",Millière (1872) Petites Nouvelles Entomologiques. 4th year.
1845839,"Symmoca albicanella Zeller, 1868",Symmoca albicanella,SPECIES,ACCEPTED,Animalia,Arthropoda,Insecta,Lepidoptera,Autostichidae,Symmoca,Symmoca albicanella,0,Symmoca signella,"Symmoca signella Herrich-Schäffer, 1855",7656673,HETEROTYPIC_SYNONYM,,"Herrich-Schäffer, 1855",Hübner (1796) Sammlung europäischer Schmetterlinge. 8.
1845880,"Symmoca altitudinis (Gozmány, 1962)",Symmoca altitudinis,SPECIES,ACCEPTED,Animalia,Arthropoda,Insecta,Lepidoptera,Autostichidae,Symmoca,Symmoca altitudinis,0,Amselina altitudinis,"Amselina altitudinis Gozmány, 1962",4528900,HETEROTYPIC_SYNONYM,,"Gozmány, 1962",
1845868,"Symmoca atricanella Rebel, 1906",Symmoca atricanella,SPECIES,ACCEPTED,Animalia,Arthropoda,Insecta,Lepidoptera,Autostichidae,Symmoca,Symmoca atricanella,0,Aprominta atricanella,"Aprominta atricanella (Rebel, 1906)",4528933,HOMOTYPIC_SYNONYM,,"(Rebel, 1906) ",
1845858,"Symmoca cinerariella (Mann, 1859)",Symmoca cinerariella,SPECIES,ACCEPTED,Animalia,Arthropoda,Insecta,Lepidoptera,Autostichidae,Symmoca,Symmoca cinerariella,0,Oecophora cinerariella,"Oecophora cinerariella Mann, 1859",4528894,HOMOTYPIC_SYNONYM,,"Mann, 1859",
1845858,"Symmoca cinerariella (Mann, 1859)",Symmoca cinerariella,SPECIES,ACCEPTED,Animalia,Arthropoda,Insecta,Lepidoptera,Autostichidae,Symmoca,Symmoca cinerariella,0,Symmoca trinacriella,"Symmoca trinacriella Caradja, 1928",1845848,HETEROTYPIC_SYNONYM,,"Caradja, 1928",
1845812,"Symmoca designatella Herrich-Schäffer, 1854",Symmoca designatella,SPECIES,ACCEPTED,Animalia,Arthropoda,Insecta,Lepidoptera,Autostichidae,Symmoca,Symmoca designatella,1,Aprominta designatella,"Aprominta designatella (Herrich-Schäffer, 1855)",4528934,HOMOTYPIC_SYNONYM,,"(Herrich-Schäffer, 1855) ",
1845831,"Symmoca griseosericeella Ragonot, 1879",Symmoca griseosericeella,SPECIES,ACCEPTED,Animalia,Arthropoda,Insecta,Lepidoptera,Autostichidae,Symmoca,Symmoca griseosericeella,0,Kasyniana griseosericeella,"Kasyniana griseosericeella (Ragonot, 1880)",4528700,HOMOTYPIC_SYNONYM,,"(Ragonot, 1880) ",
1845859,"Symmoca husadeli (Rebel, 1910)",Symmoca husadeli,SPECIES,ACCEPTED,Animalia,Arthropoda,Insecta,Lepidoptera,Autostichidae,Symmoca,Symmoca husadeli,0,Apatema husadeli,"Apatema husadeli Rebel, 1910",9030117,HETEROTYPIC_SYNONYM,,"Rebel, 1910",
1845859,"Symmoca husadeli (Rebel, 1910)",Symmoca husadeli,SPECIES,ACCEPTED,Animalia,Arthropoda,Insecta,Lepidoptera,Autostichidae,Symmoca,Symmoca husadeli,0,Oecia husadeli,"Oecia husadeli (Rebel, 1910)",6112586,HETEROTYPIC_SYNONYM,,"(Rebel, 1910) ","Rebel H., 1910a, Sechster Beitrag zur Lepidopterenfauna der Kanaren. vol 24 issue 3–4 pages 327–374, pl. 12"
1845877,"Symmoca latiusculella Stainton, 1867",Symmoca latiusculella,SPECIES,ACCEPTED,Animalia,Arthropoda,Insecta,Lepidoptera,Autostichidae,Symmoca,Symmoca latiusculella,0,Symmoca contristella,"Symmoca contristella Caradja, 1920",1845865,SYNONYM,,"Caradja, 1920",
1845877,"Symmoca latiusculella Stainton, 1867",Symmoca latiusculella,SPECIES,ACCEPTED,Animalia,Arthropoda,Insecta,Lepidoptera,Autostichidae,Symmoca,Symmoca latiusculella,0,Symmoletria sulamit,"Symmoletria sulamit Gozmány, 1963",6212435,SYNONYM,,"Gozmány, 1963",Gozmany (1963) Acta Zoologica Academiae Scientiarum Hungaricae. 9.
1845874,"Symmoca nigromaculella Ragonot, 1875",Symmoca nigromaculella,SPECIES,ACCEPTED,Animalia,Arthropoda,Insecta,Lepidoptera,Autostichidae,Symmoca,Symmoca nigromaculella,2,Symmoca ponerias,"Symmoca ponerias Walsingham, 1905",1845836,SYNONYM,,"Walsingham, 1905",
1845874,"Symmoca nigromaculella Ragonot, 1875",Symmoca nigromaculella,SPECIES,ACCEPTED,Animalia,Arthropoda,Insecta,Lepidoptera,Autostichidae,Symmoca,Symmoca nigromaculella,2,Symmoca singevergella,"Symmoca singevergella Amsel, 1959",4528889,HETEROTYPIC_SYNONYM,,"Amsel, 1959",
1845874,"Symmoca nigromaculella Ragonot, 1875",Symmoca nigromaculella,SPECIES,ACCEPTED,Animalia,Arthropoda,Insecta,Lepidoptera,Autostichidae,Symmoca,Symmoca nigromaculella,2,Symmoca tofosella,"Symmoca tofosella Rebel, 1893",1845860,SYNONYM,,"Rebel, 1893",
1845842,"Symmoca petrogenes Walsingham, 1907",Symmoca petrogenes,SPECIES,ACCEPTED,Animalia,Arthropoda,Insecta,Lepidoptera,Autostichidae,Symmoca,Symmoca petrogenes,0,Symmoca hispanella,"Symmoca hispanella Rebel, 1917",1845827,HETEROTYPIC_SYNONYM,,"Rebel, 1917",
1845833,"Symmoca rifellus (Zerny, 1932)",Symmoca rifellus,SPECIES,ACCEPTED,Animalia,Arthropoda,Insecta,Lepidoptera,Autostichidae,Symmoca,Symmoca rifellus,0,Asarista homalodoxa,"Asarista homalodoxa Meyrick, 1935",6212436,SYNONYM,,"Meyrick, 1935",Meyrick (1935) Exotic Microlepidoptera. 4.
1845833,"Symmoca rifellus (Zerny, 1932)",Symmoca rifellus,SPECIES,ACCEPTED,Animalia,Arthropoda,Insecta,Lepidoptera,Autostichidae,Symmoca,Symmoca rifellus,0,Ceuthomadarus rifellus,"Ceuthomadarus rifellus Zerny, 1932",12154749,SYNONYM,,"Zerny, 1932",
1845861,"Symmoca saharae (Oberthür, 1888)",Symmoca saharae,SPECIES,ACCEPTED,Animalia,Arthropoda,Insecta,Lepidoptera,Autostichidae,Symmoca,Symmoca saharae,0,Lita saharae,"Lita saharae Oberthür, 1888",11965768,SYNONYM,,"Oberthür, 1888",
1845866,"Symmoca signatella Herrich-Schäffer, 1854",Symmoca signatella,SPECIES,ACCEPTED,Animalia,Arthropoda,Insecta,Lepidoptera,Autostichidae,Symmoca,Symmoca signatella,1,Symmoca scriptella,"Symmoca scriptella Duponchel, 1838",1845854,SYNONYM,,"Duponchel, 1838",
1845825,"Symmoca signella Hübner, 1796",Symmoca signella,SPECIES,ACCEPTED,Animalia,Arthropoda,Insecta,Lepidoptera,Autostichidae,Symmoca,Symmoca signella,3,Symmoca albidella,"Symmoca albidella Burmann, 1951",1845828,HETEROTYPIC_SYNONYM,,"Burmann, 1951",
1845825,"Symmoca signella Hübner, 1796",Symmoca signella,SPECIES,ACCEPTED,Animalia,Arthropoda,Insecta,Lepidoptera,Autostichidae,Symmoca,Symmoca signella,3,Symmoca flavella,"Symmoca flavella Burmann, 1951",1845815,SYNONYM,,"Burmann, 1951",
1845825,"Symmoca signella Hübner, 1796",Symmoca signella,SPECIES,ACCEPTED,Animalia,Arthropoda,Insecta,Lepidoptera,Autostichidae,Symmoca,Symmoca signella,3,Symmoca nigrella,"Symmoca nigrella Burmann, 1951",1845871,SYNONYM,,"Burmann, 1951",
1845825,"Symmoca signella Hübner, 1796",Symmoca signella,SPECIES,ACCEPTED,Animalia,Arthropoda,Insecta,Lepidoptera,Autostichidae,Symmoca,Symmoca signella,3,Symmoca obsoletella,"Symmoca obsoletella Burmann, 1951",1845857,SYNONYM,,"Burmann, 1951",
1845825,"Symmoca signella Hübner, 1796",Symmoca signella,SPECIES,ACCEPTED,Animalia,Arthropoda,Insecta,Lepidoptera,Autostichidae,Symmoca,Symmoca signella,3,Tinea signella,"Tinea signella Hübner, 1796",8739761,HOMOTYPIC_SYNONYM,,"Hübner, 1796",
1845768,"Symmacantha sparsella (de Joannis, 1891)",Symmacantha sparsella,SPECIES,ACCEPTED,Animalia,Arthropoda,Insecta,Lepidoptera,Autostichidae,Symmacantha,Symmacantha sparsella,0,Symmoca sparsella,"Symmoca sparsella de Joannis, 1891",11983966,SYNONYM,,"de Joannis, 1891",Joannis (1891) Bulletin des Seancés et Bulletin Bibliographique de la Société Entomologique de France. 5.
1845952,"Stibaromacha ratella (Herrich-Schäffer, 1855)",Stibaromacha ratella,SPECIES,ACCEPTED,Animalia,Arthropoda,Insecta,Lepidoptera,Autostichidae,Stibaromacha,Stibaromacha ratella,1,Euteles sericeella,"Euteles sericeella Rebel, 1917",7631361,SYNONYM,,"Rebel, 1917",
1845952,"Stibaromacha ratella (Herrich-Schäffer, 1855)",Stibaromacha ratella,SPECIES,ACCEPTED,Animalia,Arthropoda,Insecta,Lepidoptera,Autostichidae,Stibaromacha,Stibaromacha ratella,1,Gelechia ratella,"Gelechia ratella Herrich-Schäffer, 1855",4528939,HOMOTYPIC_SYNONYM,,"Herrich-Schäffer, 1855","Herrich-Schäffer (1854) Systematische Bearbeitung der Schmetterlinge von Europa, zugleich als Text, Revision und Supplement zu J. Hübner's Sammlung Europäischer Schmetterlinge. 5."
1845952,"Stibaromacha ratella (Herrich-Schäffer, 1855)",Stibaromacha ratella,SPECIES,ACCEPTED,Animalia,Arthropoda,Insecta,Lepidoptera,Autostichidae,Stibaromacha,Stibaromacha ratella,1,Stibaromacha sebdorella,"Stibaromacha sebdorella Chrétien, 1922",1845953,SYNONYM,,"Chrétien, 1922",
1845952,"Stibaromacha ratella (Herrich-Schäffer, 1855)",Stibaromacha ratella,SPECIES,ACCEPTED,Animalia,Arthropoda,Insecta,Lepidoptera,Autostichidae,Stibaromacha,Stibaromacha ratella,1,Stibaromacha sericeella,"Stibaromacha sericeella Rebel, 1917",1845955,HETEROTYPIC_SYNONYM,,"Rebel, 1917",
1845952,"Stibaromacha ratella (Herrich-Schäffer, 1855)",Stibaromacha ratella,SPECIES,ACCEPTED,Animalia,Arthropoda,Insecta,Lepidoptera,Autostichidae,Stibaromacha,Stibaromacha ratella,1,Symmoca viettei,"Symmoca viettei Agenjo, 1952",6212437,SYNONYM,,"Agenjo, 1952",
1845954,"Stibaromacha ratellina (Turati, 1921)",Stibaromacha ratellina,SPECIES,ACCEPTED,Animalia,Arthropoda,Insecta,Lepidoptera,Autostichidae,Stibaromacha,Stibaromacha ratellina,0,Euteles ratellina,"Euteles ratellina Turati, 1921",12058922,HETEROTYPIC_SYNONYM,,"Turati, 1921",
1836884,"Semnolocha pachysticta Meyrick, 1936",Semnolocha pachysticta,SPECIES,ACCEPTED,Animalia,Arthropoda,Insecta,Lepidoptera,Autostichidae,Semnolocha,Semnolocha pachysticta,1,Autosticha pachysticta,"Autosticha pachysticta (Meyrick, 1936)",10485362,HOMOTYPIC_SYNONYM,,"(Meyrick, 1936) ",
1845803,"Sagarancona sericiella (Walsingham, 1904)",Sagarancona sericiella,SPECIES,ACCEPTED,Animalia,Arthropoda,Insecta,Lepidoptera,Autostichidae,Sagarancona,Sagarancona sericiella,0,Symmoca sericiella,"Symmoca sericiella Walsingham, 1904",12110184,SYNONYM,,"Walsingham, 1904",Walsingham (1904) Entomologist's Monthly Magazine. 40.
11420135,"Ripeacma conophanta (Meyrick, 1910)",Ripeacma conophanta,SPECIES,ACCEPTED,Animalia,Arthropoda,Insecta,Lepidoptera,Autostichidae,Ripeacma,Ripeacma conophanta,0,Periacma conophanta,"Periacma conophanta Meyrick, 1910",1837996,SYNONYM,,"Meyrick, 1910",
11456182,"Ripeacma yamadai Moriuti, Saito & Lewvanich, 1985",Ripeacma yamadai,SPECIES,ACCEPTED,Animalia,Arthropoda,Insecta,Lepidoptera,Autostichidae,Ripeacma,Ripeacma yamadai,0,Ripeacma phaulkonae,"Ripeacma phaulkonae Moriuti, Saito & Lewvanich, 1987",12091261,SYNONYM,,"Moriuti, Saito & Lewvanich, 1987","Moriuti, S., Saito, T. & Lewvanich, A. (1987) New species of Periacma and Ripeacma from Thailand, with notes on others (Lepidoptera: Oecophoridae). Microlepidoptera of Thailand, 1, 103–113."
1839448,"Ptochoryctis alma (Meyrick, 1908)",Ptochoryctis alma,SPECIES,ACCEPTED,Animalia,Arthropoda,Insecta,Lepidoptera,Autostichidae,Ptochoryctis,Ptochoryctis alma,0,Amorbaea alma,"Amorbaea alma Meyrick, 1908",12112698,SYNONYM,,"Meyrick, 1908",
1839455,"Ptochoryctis galbanea (Meyrick, 1914)",Ptochoryctis galbanea,SPECIES,ACCEPTED,Animalia,Arthropoda,Insecta,Lepidoptera,Autostichidae,Ptochoryctis,Ptochoryctis galbanea,0,Amorbaea galbanea,"Amorbaea galbanea Meyrick, 1914",12069539,SYNONYM,,"Meyrick, 1914",
1837793,"Procometis acutipennis (Walsingham, 1891)",Procometis acutipennis,SPECIES,ACCEPTED,Animalia,Arthropoda,Insecta,Lepidoptera,Autostichidae,Procometis,Procometis acutipennis,0,Apiletria acutipennis,"Apiletria acutipennis Walsingham, 1891",12058805,SYNONYM,,"Walsingham, 1891",
1837795,"Procometis brunnea (West, 1931)",Procometis brunnea,SPECIES,ACCEPTED,Animalia,Arthropoda,Insecta,Lepidoptera,Autostichidae,Procometis,Procometis brunnea,0,Corcyra brunnea,"Corcyra brunnea West, 1931",5734696,SYNONYM,,"West, 1931",
1837779,"Procometis diplocentra Meyrick, 1890",Procometis diplocentra,SPECIES,ACCEPTED,Animalia,Arthropoda,Insecta,Lepidoptera,Autostichidae,Procometis,Procometis diplocentra,1,Procometis tetraspora,"Procometis tetraspora Lower, 1903",4685040,SYNONYM,,"Lower, 1903",
1837787,"Procometis hylonoma Meyrick, 1890",Procometis hylonoma,SPECIES,ACCEPTED,Animalia,Arthropoda,Insecta,Lepidoptera,Autostichidae,Procometis,Procometis hylonoma,1,Macrozygona microtoma,"Macrozygona microtoma Lower, 1903",1839446,SYNONYM,,"Lower, 1903",Lower (1903) Transactions of the Royal Society of South Australia. 27.
1837787,"Procometis hylonoma Meyrick, 1890",Procometis hylonoma,SPECIES,ACCEPTED,Animalia,Arthropoda,Insecta,Lepidoptera,Autostichidae,Procometis,Procometis hylonoma,1,Procometis acompsa,"Procometis acompsa Turner, 1898",1837780,SYNONYM,,"Turner, 1898",
1837787,"Procometis hylonoma Meyrick, 1890",Procometis hylonoma,SPECIES,ACCEPTED,Animalia,Arthropoda,Insecta,Lepidoptera,Autostichidae,Procometis,Procometis hylonoma,1,Procometis acompta,"Procometis acompta Turner, 1900",11979997,SYNONYM,,"Turner, 1900",
1837787,"Procometis hylonoma Meyrick, 1890",Procometis hylonoma,SPECIES,ACCEPTED,Animalia,Arthropoda,Insecta,Lepidoptera,Autostichidae,Procometis,Procometis hylonoma,1,Procometis heterogama,"Procometis heterogama Lower, 1899",1837798,SYNONYM,,"Lower, 1899",
1837790,"Procometis mistharna (Meyrick, 1908)",Procometis mistharna,SPECIES,ACCEPTED,Animalia,Arthropoda,Insecta,Lepidoptera,Autostichidae,Procometis,Procometis mistharna,0,Odites mistharna,"Odites mistharna Meyrick, 1908",12032300,SYNONYM,,"Meyrick, 1908",
1837792,"Procometis sphendonistis (Meyrick, 1908)",Procometis sphendonistis,SPECIES,ACCEPTED,Animalia,Arthropoda,Insecta,Lepidoptera,Autostichidae,Procometis,Procometis sphendonistis,0,Odites sphendonistis,"Odites sphendonistis Meyrick, 1908",12133395,SYNONYM,,"Meyrick, 1908",
1837802,"Procometis spoliatrix (Meyrick, 1916)",Procometis spoliatrix,SPECIES,ACCEPTED,Animalia,Arthropoda,Insecta,Lepidoptera,Autostichidae,Procometis,Procometis spoliatrix,0,Odites spoliatrix,"Odites spoliatrix Meyrick, 1916",12118412,SYNONYM,,"Meyrick, 1916",
12262992,"Phaulolechia isotyra (Meyrick, 1938)",Phaulolechia isotyra,SPECIES,ACCEPTED,Animalia,Arthropoda,Insecta,Lepidoptera,Autostichidae,Phaulolechia,Phaulolechia isotyra,0,Cryptolechia isotyra,"Cryptolechia isotyra Meyrick, 1938",5120075,SYNONYM,,"Meyrick, 1938",
12262992,"Phaulolechia isotyra (Meyrick, 1938)",Phaulolechia isotyra,SPECIES,ACCEPTED,Animalia,Arthropoda,Insecta,Lepidoptera,Autostichidae,Phaulolechia,Phaulolechia isotyra,0,Variacma isotyra,"Variacma isotyra (Meyrick, 1938)",12324985,SYNONYM,,"(Meyrick, 1938) ",
12253401,"Phaulolechia saccata (Wang, 2006)",Phaulolechia saccata,SPECIES,ACCEPTED,Animalia,Arthropoda,Insecta,Lepidoptera,Autostichidae,Phaulolechia,Phaulolechia saccata,0,Variacma saccata,"Variacma saccata Wang, 2006",12278421,SYNONYM,,"Wang, 2006","Wang, S. (2006) Oecophoridae of China (Insecta: Lepidoptera)."
12235001,"Phaulolechia subrotunda (Wang, 2006)",Phaulolechia subrotunda,SPECIES,ACCEPTED,Animalia,Arthropoda,Insecta,Lepidoptera,Autostichidae,Phaulolechia,Phaulolechia subrotunda,0,Variacma subrotunda,"Variacma subrotunda Wang, 2006",12334705,SYNONYM,,"Wang, 2006","Wang, S. (2006) Oecophoridae of China (Insecta: Lepidoptera)."
1838026,"Periacma delegata Meyrick, 1914",Periacma delegata,SPECIES,ACCEPTED,Animalia,Arthropoda,Insecta,Lepidoptera,Autostichidae,Periacma,Periacma delegata,1,Periacma chengchengensis,"Periacma chengchengensis Wag & Zheng, 1995",12316184,SYNONYM,,"Wag & Zheng, 1995",
1845801,"Pecteneremus albella (Amsel, 1959)",Pecteneremus albella,SPECIES,ACCEPTED,Animalia,Arthropoda,Insecta,Lepidoptera,Autostichidae,Pecteneremus,Pecteneremus albella,0,Eremica albella,"Eremica albella Amsel, 1959",12006270,SYNONYM,,"Amsel, 1959",Amsel (1959) Stuttgarter Beiträge zur Naturkunde aus dem Staatlichen Museum für Naturkunde in Stuttgart. 28.
1845801,"Pecteneremus albella (Amsel, 1959)",Pecteneremus albella,SPECIES,ACCEPTED,Animalia,Arthropoda,Insecta,Lepidoptera,Autostichidae,Pecteneremus,Pecteneremus albella,0,Eremica griseella,"Eremica griseella Amsel, 1959",6212431,SYNONYM,,"Amsel, 1959",
1849224,"Parallactis mitigata (Meyrick, 1914)",Parallactis mitigata,SPECIES,ACCEPTED,Animalia,Arthropoda,Insecta,Lepidoptera,Autostichidae,Parallactis,Parallactis mitigata,0,Pachnistis mitigata,"Pachnistis mitigata Meyrick, 1914",12106675,SYNONYM,,"Meyrick, 1914",
1849229,"Parallactis ochrobyrsa (Meyrick, 1921)",Parallactis ochrobyrsa,SPECIES,ACCEPTED,Animalia,Arthropoda,Insecta,Lepidoptera,Autostichidae,Parallactis,Parallactis ochrobyrsa,0,Brachmia ochrobyrsa,"Brachmia ochrobyrsa Meyrick, 1921",12118197,SYNONYM,,"Meyrick, 1921",
1849225,"Parallactis panchlora (Meyrick, 1911)",Parallactis panchlora,SPECIES,ACCEPTED,Animalia,Arthropoda,Insecta,Lepidoptera,Autostichidae,Parallactis,Parallactis panchlora,0,Brachmia panchlora,"Brachmia panchlora Meyrick, 1911",12005937,SYNONYM,,"Meyrick, 1911",
1849223,"Parallactis periochra (Meyrick, 1916)",Parallactis periochra,SPECIES,ACCEPTED,Animalia,Arthropoda,Insecta,Lepidoptera,Autostichidae,Parallactis,Parallactis periochra,0,Pachnistis periochra,"Pachnistis periochra Meyrick, 1916",12074850,SYNONYM,,"Meyrick, 1916",
1849228,"Parallactis plaesiodes (Meyrick, 1920)",Parallactis plaesiodes,SPECIES,ACCEPTED,Animalia,Arthropoda,Insecta,Lepidoptera,Autostichidae,Parallactis,Parallactis plaesiodes,0,Pachnistis derogata,"Pachnistis derogata Meyrick, 1921",6212215,SYNONYM,,"Meyrick, 1921",
1849228,"Parallactis plaesiodes (Meyrick, 1920)",Parallactis plaesiodes,SPECIES,ACCEPTED,Animalia,Arthropoda,Insecta,Lepidoptera,Autostichidae,Parallactis,Parallactis plaesiodes,0,Pachnistis plaesiodes,"Pachnistis plaesiodes Meyrick, 1920",12161957,SYNONYM,,"Meyrick, 1920","Jeannel, A.& (1920) Voyage de Ch. Alluaud et R. Jeannel en Afrique Orientale, 1911-1912. Résultats scientifiques."
1849228,"Parallactis plaesiodes (Meyrick, 1920)",Parallactis plaesiodes,SPECIES,ACCEPTED,Animalia,Arthropoda,Insecta,Lepidoptera,Autostichidae,Parallactis,Parallactis plaesiodes,0,Parallactis derogata,"Parallactis derogata (Meyrick, 1921)",1849222,SYNONYM,,"(Meyrick, 1921) ","Meyrick E., 1921b, Descriptions of South African Micro-Lepidoptera. vol 8 issue 2 pages 49–148"
1845990,"Pantacordis klimeschi (Gozmány, 1957)",Pantacordis klimeschi,SPECIES,ACCEPTED,Animalia,Arthropoda,Insecta,Lepidoptera,Autostichidae,Pantacordis,Pantacordis klimeschi,0,Eremica klimeschi,"Eremica klimeschi Gozmány, 1957",11974135,SYNONYM,,"Gozmány, 1957",
1845991,"Pantacordis pallida (Staudinger, 1876)",Pantacordis pallida,SPECIES,ACCEPTED,Animalia,Arthropoda,Insecta,Lepidoptera,Autostichidae,Pantacordis,Pantacordis pallida,0,Symmoca pallida,"Symmoca pallida Staudinger, 1876",4528963,HOMOTYPIC_SYNONYM,,"Staudinger, 1876",
1845989,"Pantacordis pantsa (Gozmány, 1963)",Pantacordis pantsa,SPECIES,ACCEPTED,Animalia,Arthropoda,Insecta,Lepidoptera,Autostichidae,Pantacordis,Pantacordis pantsa,0,Eremica pantsa,"Eremica pantsa Gozmány, 1963",4528962,HOMOTYPIC_SYNONYM,,"Gozmány, 1963",
4528961,"Pantacordis scotinellum (Rebel, 1916)",Pantacordis scotinellum,SPECIES,ACCEPTED,Animalia,Arthropoda,Insecta,Lepidoptera,Autostichidae,Pantacordis,Pantacordis scotinellum,0,Eremica scotinellum,"Eremica scotinellum Rebel, 1916",12112588,SYNONYM,,"Rebel, 1916",
1837545,"Pachnistis craniota Meyrick, 1913",Pachnistis craniota,SPECIES,ACCEPTED,Animalia,Arthropoda,Insecta,Lepidoptera,Autostichidae,Pachnistis,Pachnistis craniota,0,Lecithocera propitia,"Lecithocera propitia Meyrick, 1913",6211238,SYNONYM,,"Meyrick, 1913",
1837545,"Pachnistis craniota Meyrick, 1913",Pachnistis craniota,SPECIES,ACCEPTED,Animalia,Arthropoda,Insecta,Lepidoptera,Autostichidae,Pachnistis,Pachnistis craniota,0,Pachnistis concors,"Pachnistis concors Meyrick, 1921",6122892,SYNONYM,,"Meyrick, 1921","Meyrick E., 1921b, Descriptions of South African Micro-Lepidoptera. vol 8 issue 2 pages 49–148"
1837545,"Pachnistis craniota Meyrick, 1913",Pachnistis craniota,SPECIES,ACCEPTED,Animalia,Arthropoda,Insecta,Lepidoptera,Autostichidae,Pachnistis,Pachnistis craniota,0,Pachnistis consors,"Pachnistis consors Meyrick, 1921",1837550,SYNONYM,,"Meyrick, 1921",
1837545,"Pachnistis craniota Meyrick, 1913",Pachnistis craniota,SPECIES,ACCEPTED,Animalia,Arthropoda,Insecta,Lepidoptera,Autostichidae,Pachnistis,Pachnistis craniota,0,Pachnistis propitia,"Pachnistis propitia (Meyrick, 1913)",1837554,SYNONYM,,"(Meyrick, 1913) ","Meyrick E., 1913b, Descriptions of South African Micro-Lepidoptera. IV vol 3 issue 4 pages 267–336"
1845910,"Orpecovalva acantha (Gozmány, 1963)",Orpecovalva acantha,SPECIES,ACCEPTED,Animalia,Arthropoda,Insecta,Lepidoptera,Autostichidae,Orpecovalva,Orpecovalva acantha,0,Amselina acantha,"Amselina acantha Gozmány, 1963",4528901,HOMOTYPIC_SYNONYM,,"Gozmány, 1963",
1845912,"Orpecovalva obliterata (Walsingham, 1905)",Orpecovalva obliterata,SPECIES,ACCEPTED,Animalia,Arthropoda,Insecta,Lepidoptera,Autostichidae,Orpecovalva,Orpecovalva obliterata,0,Symmoca obliterata,"Symmoca obliterata Walsingham, 1905",11966697,SYNONYM,,"Walsingham, 1905",Walsingham (1905) Entomologist's Monthly Magazine. 41.
4528947,"Orpecacantha aphrodite (Gozmany, 1986)",Orpecacantha aphrodite,SPECIES,ACCEPTED,Animalia,Arthropoda,Insecta,Lepidoptera,Autostichidae,Orpecacantha,Orpecacantha aphrodite,0,Orpecovalva aphrodite,"Orpecovalva aphrodite Gozmany, 1986",1845914,HOMOTYPIC_SYNONYM,,"Gozmany, 1986",
1845962,"Oegoconia quadripuncta Haworth, 1829",Oegoconia quadripuncta,SPECIES,ACCEPTED,Animalia,Arthropoda,Insecta,Lepidoptera,Autostichidae,Oegoconia,Oegoconia quadripuncta,8,Lampros deauratella,"Lampros deauratella Herrich-Schäffer, 1855",5770978,HOMOTYPIC_SYNONYM,,"Herrich-Schäffer, 1855",
1845962,"Oegoconia quadripuncta Haworth, 1829",Oegoconia quadripuncta,SPECIES,ACCEPTED,Animalia,Arthropoda,Insecta,Lepidoptera,Autostichidae,Oegoconia,Oegoconia quadripuncta,8,Oecophora deauratella,"Oecophora deauratella Stainton, 1849",4528874,HETEROTYPIC_SYNONYM,,"Stainton, 1849",
1845962,"Oegoconia quadripuncta Haworth, 1829",Oegoconia quadripuncta,SPECIES,ACCEPTED,Animalia,Arthropoda,Insecta,Lepidoptera,Autostichidae,Oegoconia,Oegoconia quadripuncta,8,Oegoconia bifasciella,"Oegoconia bifasciella Stephens, 1835",1845968,SYNONYM,,"Stephens, 1835",
1845962,"Oegoconia quadripuncta Haworth, 1829",Oegoconia quadripuncta,SPECIES,ACCEPTED,Animalia,Arthropoda,Insecta,Lepidoptera,Autostichidae,Oegoconia,Oegoconia quadripuncta,8,Oegoconia deauratella,"Oegoconia deauratella (Herrich-Schäffer, 1854)",1845969,HOMOTYPIC_SYNONYM,,"(Herrich-Schäffer, 1854) ",
1845962,"Oegoconia quadripuncta Haworth, 1829",Oegoconia quadripuncta,SPECIES,ACCEPTED,Animalia,Arthropoda,Insecta,Lepidoptera,Autostichidae,Oegoconia,Oegoconia quadripuncta,8,Oegoconia kindermanniella,"Oegoconia kindermanniella Herrich-Schäffer, 1855",1845974,SYNONYM,,"Herrich-Schäffer, 1855",
1845962,"Oegoconia quadripuncta Haworth, 1829",Oegoconia quadripuncta,SPECIES,ACCEPTED,Animalia,Arthropoda,Insecta,Lepidoptera,Autostichidae,Oegoconia,Oegoconia quadripuncta,8,Oegoconia novimundi,"Oegoconia novimundi Busck, 1915",1845963,SYNONYM,,"Busck, 1915",
1845962,"Oegoconia quadripuncta Haworth, 1829",Oegoconia quadripuncta,SPECIES,ACCEPTED,Animalia,Arthropoda,Insecta,Lepidoptera,Autostichidae,Oegoconia,Oegoconia quadripuncta,8,Recurvaria quadripuncta,"Recurvaria quadripuncta Haworth, 1828",4528873,HOMOTYPIC_SYNONYM,,"Haworth, 1828",
1845962,"Oegoconia quadripuncta Haworth, 1829",Oegoconia quadripuncta,SPECIES,ACCEPTED,Animalia,Arthropoda,Insecta,Lepidoptera,Autostichidae,Oegoconia,Oegoconia quadripuncta,8,Symmoca novimundi,"Symmoca novimundi Busck, 1915",4528877,HOMOTYPIC_SYNONYM,,"Busck, 1915",
1832243,"Oecia oecophila (Staudinger, 1876)",Oecia oecophila,SPECIES,ACCEPTED,Animalia,Arthropoda,Insecta,Lepidoptera,Autostichidae,Oecia,Oecia oecophila,0,Macroceras oecophila,"Macroceras oecophila Staudinger, 1876",9016811,HOMOTYPIC_SYNONYM,,"Staudinger, 1876",Kalchberg (1876) Stettiner Entomologische Zeitung. 37.
1832243,"Oecia oecophila (Staudinger, 1876)",Oecia oecophila,SPECIES,ACCEPTED,Animalia,Arthropoda,Insecta,Lepidoptera,Autostichidae,Oecia,Oecia oecophila,0,Oecia maculata,"Oecia maculata Walsingham, 1897",1832242,SYNONYM,,"Walsingham, 1897","Walsingham, L. (1897) Revision of the West Indian Micro-Lepidoptera, with descriptions of new species. Proceedings of the Zoological Society of London, 54–182. Available from http://www.biodiversitylibrary.org/item/97165#page/140/mode/2up"
1846064,"Nukusa praeditella (Rebel, 1891)",Nukusa praeditella,SPECIES,ACCEPTED,Animalia,Arthropoda,Insecta,Lepidoptera,Autostichidae,Nukusa,Nukusa praeditella,1,Borkhausenia cinerella,"Borkhausenia cinerella Rebel, 1941",4528959,HOMOTYPIC_SYNONYM,,"Rebel, 1941",
1846064,"Nukusa praeditella (Rebel, 1891)",Nukusa praeditella,SPECIES,ACCEPTED,Animalia,Arthropoda,Insecta,Lepidoptera,Autostichidae,Nukusa,Nukusa praeditella,1,Lampros praeditella,"Lampros praeditella Rebel, 1891",9103546,HOMOTYPIC_SYNONYM,,"Rebel, 1891",Rebel (1891) Verhandlungen der Zoologisch-Botanischen Gesellschaft in Wien. 41.
1846064,"Nukusa praeditella (Rebel, 1891)",Nukusa praeditella,SPECIES,ACCEPTED,Animalia,Arthropoda,Insecta,Lepidoptera,Autostichidae,Nukusa,Nukusa praeditella,1,Nukusa cinerella,"Nukusa cinerella (Rebel, 1941)",1846063,HOMOTYPIC_SYNONYM,,"(Rebel, 1941) ",
1845806,"Neospastus delicatella (Walsingham, 1901)",Neospastus delicatella,SPECIES,ACCEPTED,Animalia,Arthropoda,Insecta,Lepidoptera,Autostichidae,Neospastus,Neospastus delicatella,0,Donaspastus delicatellus,"Donaspastus delicatellus (Walsingham, 1901)",4528925,HOMOTYPIC_SYNONYM,,"(Walsingham, 1901) ",
1845806,"Neospastus delicatella (Walsingham, 1901)",Neospastus delicatella,SPECIES,ACCEPTED,Animalia,Arthropoda,Insecta,Lepidoptera,Autostichidae,Neospastus,Neospastus delicatella,0,Symmoca delicatella,"Symmoca delicatella Walsingham, 1901",4528926,HOMOTYPIC_SYNONYM,,"Walsingham, 1901",Walsingham (1901) Entomologist's Monthly Magazine. 37.
1845918,"Nastoceras candidella (Chrétien, 1922)",Nastoceras candidella,SPECIES,ACCEPTED,Animalia,Arthropoda,Insecta,Lepidoptera,Autostichidae,Nastoceras,Nastoceras candidella,0,Symmoca candidella,"Symmoca candidella Chrétien, 1922",12065650,SYNONYM,,"Chrétien, 1922",
1845918,"Nastoceras candidella (Chrétien, 1922)",Nastoceras candidella,SPECIES,ACCEPTED,Animalia,Arthropoda,Insecta,Lepidoptera,Autostichidae,Nastoceras,Nastoceras candidella,0,Symmoca gypsomorpha,"Symmoca gypsomorpha Meyrick, 1928",6212418,SYNONYM,,"Meyrick, 1928",
1845918,"Nastoceras candidella (Chrétien, 1922)",Nastoceras candidella,SPECIES,ACCEPTED,Animalia,Arthropoda,Insecta,Lepidoptera,Autostichidae,Nastoceras,Nastoceras candidella,0,Symmoca nigricornella,"Symmoca nigricornella Chrétien, 1922",6212419,SYNONYM,,"Chrétien, 1922",
1845941,"Mylothra forsteri (Gozmány, 1963)",Mylothra forsteri,SPECIES,ACCEPTED,Animalia,Arthropoda,Insecta,Lepidoptera,Autostichidae,Mylothra,Mylothra forsteri,0,Megasymmoca forsteri,"Megasymmoca forsteri Gozmány, 1963",12149437,SYNONYM,,"Gozmány, 1963",Gozmany (1963) Acta Zoologica Academiae Scientiarum Hungaricae. 9.
1845933,"Mylothra maga (Gozmány, 1963)",Mylothra maga,SPECIES,ACCEPTED,Animalia,Arthropoda,Insecta,Lepidoptera,Autostichidae,Mylothra,Mylothra maga,0,Megasymmoca maga,"Megasymmoca maga Gozmány, 1963",11939023,SYNONYM,,"Gozmány, 1963",
1845942,"Mylothra mithra (Gozmány, 1963)",Mylothra mithra,SPECIES,ACCEPTED,Animalia,Arthropoda,Insecta,Lepidoptera,Autostichidae,Mylothra,Mylothra mithra,0,Megasymmoca mithra,"Megasymmoca mithra Gozmány, 1963",12022734,SYNONYM,,"Gozmány, 1963",
1845934,"Mylothra mithridates (Gozmány, 1963)",Mylothra mithridates,SPECIES,ACCEPTED,Animalia,Arthropoda,Insecta,Lepidoptera,Autostichidae,Mylothra,Mylothra mithridates,0,Megasymmoca mithridates,"Megasymmoca mithridates Gozmány, 1963",12089350,SYNONYM,,"Gozmány, 1963",
1845939,"Mylothra persica (Gozmány, 1963)",Mylothra persica,SPECIES,ACCEPTED,Animalia,Arthropoda,Insecta,Lepidoptera,Autostichidae,Mylothra,Mylothra persica,0,Megasymmoca persica,"Megasymmoca persica Gozmány, 1963",11996775,SYNONYM,,"Gozmány, 1963",
1845943,"Mylothra pyrrhella (Ragonot, 1895)",Mylothra pyrrhella,SPECIES,ACCEPTED,Animalia,Arthropoda,Insecta,Lepidoptera,Autostichidae,Mylothra,Mylothra pyrrhella,0,Symmoca pyrrhella,"Symmoca pyrrhella Ragonot, 1895",11952148,SYNONYM,,"Ragonot, 1895",
1845943,"Mylothra pyrrhella (Ragonot, 1895)",Mylothra pyrrhella,SPECIES,ACCEPTED,Animalia,Arthropoda,Insecta,Lepidoptera,Autostichidae,Mylothra,Mylothra pyrrhella,0,Symmoca zeitunella,"Symmoca zeitunella Rebel, 1902",6212423,SYNONYM,,"Rebel, 1902",
1845930,"Mylothra sahname (Gozmány, 1963)",Mylothra sahname,SPECIES,ACCEPTED,Animalia,Arthropoda,Insecta,Lepidoptera,Autostichidae,Mylothra,Mylothra sahname,0,Megasymmoca sahname,"Megasymmoca sahname Gozmány, 1963",12049233,SYNONYM,,"Gozmány, 1963",
1845936,"Mylothra satrapa (Gozmány, 1963)",Mylothra satrapa,SPECIES,ACCEPTED,Animalia,Arthropoda,Insecta,Lepidoptera,Autostichidae,Mylothra,Mylothra satrapa,0,Megasymmoca satrapa,"Megasymmoca satrapa Gozmány, 1963",11977829,SYNONYM,,"Gozmány, 1963",
1845940,"Mylothra sheherezade (Gozmány, 1963)",Mylothra sheherezade,SPECIES,ACCEPTED,Animalia,Arthropoda,Insecta,Lepidoptera,Autostichidae,Mylothra,Mylothra sheherezade,0,Megasymmoca sheherezade,"Megasymmoca sheherezade Gozmány, 1963",12036338,SYNONYM,,"Gozmány, 1963",
1845931,"Mylothra sindbad (Gozmány, 1963)",Mylothra sindbad,SPECIES,ACCEPTED,Animalia,Arthropoda,Insecta,Lepidoptera,Autostichidae,Mylothra,Mylothra sindbad,0,Megasymmoca sindbad,"Megasymmoca sindbad Gozmány, 1963",12135660,SYNONYM,,"Gozmány, 1963",
1845937,"Mylothra turana (Caradja, 1920)",Mylothra turana,SPECIES,ACCEPTED,Animalia,Arthropoda,Insecta,Lepidoptera,Autostichidae,Mylothra,Mylothra turana,0,Symmoca turana,"Symmoca turana Caradja, 1920",12162759,SYNONYM,,"Caradja, 1920",
10832056,"Meleonoma acutiuscula (Wang, 2004)",Meleonoma acutiuscula,SPECIES,ACCEPTED,Animalia,Arthropoda,Insecta,Lepidoptera,Autostichidae,Meleonoma,Meleonoma acutiuscula,0,Cryptolechia acutiuscula,"Cryptolechia acutiuscula Wang, 2004",9936078,SYNONYM,,"Wang, 2004","Wang, S. (2004) A study of Cryptolechia Zeller (Lepidoptera: Oecophoridae) in China (II), species from Guizhou Province. Entomologica Sinica, 11, 219–233."
10672397,"Meleonoma anthaedeaga (Wang, 2003)",Meleonoma anthaedeaga,SPECIES,ACCEPTED,Animalia,Arthropoda,Insecta,Lepidoptera,Autostichidae,Meleonoma,Meleonoma anthaedeaga,0,Cryptolechia anthaedeaga,"Cryptolechia anthaedeaga Wang, 2003",10575860,SYNONYM,,"Wang, 2003","Wang, S. (2003) A study of Cryptolechia Zeller (Lepidoptera: Oecophoridae) in China (I), with descriptions of fifteen new species. Entomologica Sinica, 10, 195–213."
11664853,"Meleonoma anticentra (Meyrick, 1910)",Meleonoma anticentra,SPECIES,ACCEPTED,Animalia,Arthropoda,Insecta,Lepidoptera,Autostichidae,Meleonoma,Meleonoma anticentra,0,Cryptolechia anticentra,"Cryptolechia anticentra (Meyrick, 1910)",5120225,SYNONYM,,"(Meyrick, 1910) ",
11664853,"Meleonoma anticentra (Meyrick, 1910)",Meleonoma anticentra,SPECIES,ACCEPTED,Animalia,Arthropoda,Insecta,Lepidoptera,Autostichidae,Meleonoma,Meleonoma anticentra,0,Leptosaces anticentra,"Leptosaces anticentra Meyrick, 1910",12137793,SYNONYM,,"Meyrick, 1910",
10725912,"Meleonoma argometra (Meyrick, 1935)",Meleonoma argometra,SPECIES,ACCEPTED,Animalia,Arthropoda,Insecta,Lepidoptera,Autostichidae,Meleonoma,Meleonoma argometra,0,Cryptolechia argometra,"Cryptolechia argometra Meyrick, 1935",5120175,SYNONYM,,"Meyrick, 1935",
1842903,"Meleonoma aridula Wang & Zhu, 2020",Meleonoma aridula,SPECIES,ACCEPTED,Animalia,Arthropoda,Insecta,Lepidoptera,Autostichidae,Meleonoma,Meleonoma aridula,0,Cryptolechia aridula,"Cryptolechia aridula Meyrick, 1910",11973234,SYNONYM,,"Meyrick, 1910",
10853904,"Meleonoma bifida (Wang, 2006)",Meleonoma bifida,SPECIES,ACCEPTED,Animalia,Arthropoda,Insecta,Lepidoptera,Autostichidae,Meleonoma,Meleonoma bifida,0,Cryptolechia bifida,"Cryptolechia bifida Wang, 2006",10015094,SYNONYM,,"Wang, 2006","Wang, S. (2006) The Cryptolechia Zeller (Lepidoptera: Oecophoridae) of China (III): Checklist and descriptions of new species. Zootaxa, 1195, 1–29. [in English] Available at https://doi.org/10.11646/zootaxa.1195.1.1"
10744342,"Meleonoma bifoliolata (Wang, 2006)",Meleonoma bifoliolata,SPECIES,ACCEPTED,Animalia,Arthropoda,Insecta,Lepidoptera,Autostichidae,Meleonoma,Meleonoma bifoliolata,0,Cryptolechia bifoliolata,"Cryptolechia bifoliolata Wang, 2006",10503888,SYNONYM,,"Wang, 2006","Wang, S. (2006) The Cryptolechia Zeller (Lepidoptera: Oecophoridae) of China (III): Checklist and descriptions of new species. Zootaxa, 1195, 1–29. [in English] Available at https://doi.org/10.11646/zootaxa.1195.1.1"
10884527,"Meleonoma concaviuscula (Wang, 2004)",Meleonoma concaviuscula,SPECIES,ACCEPTED,Animalia,Arthropoda,Insecta,Lepidoptera,Autostichidae,Meleonoma,Meleonoma concaviuscula,0,Cryptolechia concaviuscula,"Cryptolechia concaviuscula Wang, 2004",10108071,SYNONYM,,"Wang, 2004","Wang, S. (2004) A study of Cryptolechia Zeller (Lepidoptera: Oecophoridae) in China (II), species from Guizhou Province. Entomologica Sinica, 11, 219–233."
10796793,"Meleonoma cornutivalvata (Wang, 2003)",Meleonoma cornutivalvata,SPECIES,ACCEPTED,Animalia,Arthropoda,Insecta,Lepidoptera,Autostichidae,Meleonoma,Meleonoma cornutivalvata,0,Cryptolechia cornutivalvata,"Cryptolechia cornutivalvata Wang, 2003",12335564,SYNONYM,,"Wang, 2003","Wang, S. (2003) A study of Cryptolechia Zeller (Lepidoptera: Oecophoridae) in China (I), with descriptions of fifteen new species. Entomologica Sinica, 10, 195–213."
1842904,"Meleonoma crocomitra (Meyrick, 1914)",Meleonoma crocomitra,SPECIES,ACCEPTED,Animalia,Arthropoda,Insecta,Lepidoptera,Autostichidae,Meleonoma,Meleonoma crocomitra,0,Pseudodoxia crocomitra,"Pseudodoxia crocomitra Meyrick, 1914",12027435,SYNONYM,,"Meyrick, 1914",
10693256,"Meleonoma deflecta (Wang, 2003)",Meleonoma deflecta,SPECIES,ACCEPTED,Animalia,Arthropoda,Insecta,Lepidoptera,Autostichidae,Meleonoma,Meleonoma deflecta,0,Cryptolechia deflecta,"Cryptolechia deflecta Wang, 2003",12384223,SYNONYM,,"Wang, 2003","Wang, S. (2003) A study of Cryptolechia Zeller (Lepidoptera: Oecophoridae) in China (I), with descriptions of fifteen new species. Entomologica Sinica, 10, 195–213."
10817441,"Meleonoma denticulata (Wang, 2004)",Meleonoma denticulata,SPECIES,ACCEPTED,Animalia,Arthropoda,Insecta,Lepidoptera,Autostichidae,Meleonoma,Meleonoma denticulata,0,Cryptolechia denticulata,"Cryptolechia denticulata Wang, 2004",12336142,SYNONYM,,"Wang, 2004","Wang, S. (2004) A study of Cryptolechia Zeller (Lepidoptera: Oecophoridae) in China (II), species from Guizhou Province. Entomologica Sinica, 11, 219–233."
10806472,"Meleonoma dorsoprojecta (Wang, 2006)",Meleonoma dorsoprojecta,SPECIES,ACCEPTED,Animalia,Arthropoda,Insecta,Lepidoptera,Autostichidae,Meleonoma,Meleonoma dorsoprojecta,0,Cryptolechia dorsoprojecta,"Cryptolechia dorsoprojecta Wang, 2006",10424298,SYNONYM,,"Wang, 2006","Wang, S. (2006) The Cryptolechia Zeller (Lepidoptera: Oecophoridae) of China (III): Checklist and descriptions of new species. Zootaxa, 1195, 1–29. [in English] Available at https://doi.org/10.11646/zootaxa.1195.1.1"
10852905,"Meleonoma facunda (Meyrick, 1910)",Meleonoma facunda,SPECIES,ACCEPTED,Animalia,Arthropoda,Insecta,Lepidoptera,Autostichidae,Meleonoma,Meleonoma facunda,0,Cryptolechia facunda,"Cryptolechia facunda (Meyrick, 1910)",5120098,SYNONYM,,"(Meyrick, 1910) ",
10852905,"Meleonoma facunda (Meyrick, 1910)",Meleonoma facunda,SPECIES,ACCEPTED,Animalia,Arthropoda,Insecta,Lepidoptera,Autostichidae,Meleonoma,Meleonoma facunda,0,Leptosaces facunda,"Leptosaces facunda Meyrick, 1910",11967519,SYNONYM,,"Meyrick, 1910",
10718733,"Meleonoma falsitorophanes (Wang, 2006)",Meleonoma falsitorophanes,SPECIES,ACCEPTED,Animalia,Arthropoda,Insecta,Lepidoptera,Autostichidae,Meleonoma,Meleonoma falsitorophanes,0,Cryptolechia falsitorophanes,"Cryptolechia falsitorophanes Wang, 2006",12365740,SYNONYM,,"Wang, 2006","Wang, S. (2006) The Cryptolechia Zeller (Lepidoptera: Oecophoridae) of China (III): Checklist and descriptions of new species. Zootaxa, 1195, 1–29. [in English] Available at https://doi.org/10.11646/zootaxa.1195.1.1"
10760262,"Meleonoma falsivespertina (Wang, 2003)",Meleonoma falsivespertina,SPECIES,ACCEPTED,Animalia,Arthropoda,Insecta,Lepidoptera,Autostichidae,Meleonoma,Meleonoma falsivespertina,0,Cryptolechia falsivespertina,"Cryptolechia falsivespertina Wang, 2003",12324022,SYNONYM,,"Wang, 2003","Wang, S. (2003) A study of Cryptolechia Zeller (Lepidoptera: Oecophoridae) in China (I), with descriptions of fifteen new species. Entomologica Sinica, 10, 195–213."
10873510,"Meleonoma fasciculifera (Wang, 2004)",Meleonoma fasciculifera,SPECIES,ACCEPTED,Animalia,Arthropoda,Insecta,Lepidoptera,Autostichidae,Meleonoma,Meleonoma fasciculifera,0,Cryptolechia fasciculifera,"Cryptolechia fasciculifera Wang, 2004",12318326,SYNONYM,,"Wang, 2004","Wang, S. (2004) A study of Cryptolechia Zeller (Lepidoptera: Oecophoridae) in China (II), species from Guizhou Province. Entomologica Sinica, 11, 219–233."
10755164,"Meleonoma fascirupta (Wang, 2003)",Meleonoma fascirupta,SPECIES,ACCEPTED,Animalia,Arthropoda,Insecta,Lepidoptera,Autostichidae,Meleonoma,Meleonoma fascirupta,0,Cryptolechia fascirupta,"Cryptolechia fascirupta Wang, 2003",12384049,SYNONYM,,"Wang, 2003","Wang, S. (2003) A study of Cryptolechia Zeller (Lepidoptera: Oecophoridae) in China (I), with descriptions of fifteen new species. Entomologica Sinica, 10, 195–213."
10719771,"Meleonoma flavimaculata (Christoph, 1882)",Meleonoma flavimaculata,SPECIES,ACCEPTED,Animalia,Arthropoda,Insecta,Lepidoptera,Autostichidae,Meleonoma,Meleonoma flavimaculata,0,Eciteles flavimaculata,"Eciteles flavimaculata Christoph, 1882",12114488,SYNONYM,,"Christoph, 1882",
10719771,"Meleonoma flavimaculata (Christoph, 1882)",Meleonoma flavimaculata,SPECIES,ACCEPTED,Animalia,Arthropoda,Insecta,Lepidoptera,Autostichidae,Meleonoma,Meleonoma flavimaculata,0,Odites flavimaculata,"Odites flavimaculata (Christoph, 1882)",1839033,SYNONYM,,"(Christoph, 1882) ",
10688207,"Meleonoma furcellata (Wang, 2004)",Meleonoma furcellata,SPECIES,ACCEPTED,Animalia,Arthropoda,Insecta,Lepidoptera,Autostichidae,Meleonoma,Meleonoma furcellata,0,Cryptolechia furcellata,"Cryptolechia furcellata Wang, 2004",10086492,SYNONYM,,"Wang, 2004","Wang, S. (2004) A study of Cryptolechia Zeller (Lepidoptera: Oecophoridae) in China (II), species from Guizhou Province. Entomologica Sinica, 11, 219–233."
10786921,"Meleonoma fustiformis (Wang, 2006)",Meleonoma fustiformis,SPECIES,ACCEPTED,Animalia,Arthropoda,Insecta,Lepidoptera,Autostichidae,Meleonoma,Meleonoma fustiformis,0,Cryptolechia fustiformis,"Cryptolechia fustiformis Wang, 2006",10029024,SYNONYM,,"Wang, 2006","Wang, S. (2006) The Cryptolechia Zeller (Lepidoptera: Oecophoridae) of China (III): Checklist and descriptions of new species. Zootaxa, 1195, 1–29. [in English] Available at https://doi.org/10.11646/zootaxa.1195.1.1"
10827314,"Meleonoma gei (Wang, 2003)",Meleonoma gei,SPECIES,ACCEPTED,Animalia,Arthropoda,Insecta,Lepidoptera,Autostichidae,Meleonoma,Meleonoma gei,0,Cryptolechia gei,"Cryptolechia gei Wang, 2003",10597602,SYNONYM,,"Wang, 2003","Wang, S. (2003) A study of Cryptolechia Zeller (Lepidoptera: Oecophoridae) in China (I), with descriptions of fifteen new species. Entomologica Sinica, 10, 195–213."
10795787,"Meleonoma hamatilis (Wang, 2004)",Meleonoma hamatilis,SPECIES,ACCEPTED,Animalia,Arthropoda,Insecta,Lepidoptera,Autostichidae,Meleonoma,Meleonoma hamatilis,0,Cryptolechia hamatilis,"Cryptolechia hamatilis Wang, 2004",9957633,SYNONYM,,"Wang, 2004","Wang, S. (2004) A study of Cryptolechia Zeller (Lepidoptera: Oecophoridae) in China (II), species from Guizhou Province. Entomologica Sinica, 11, 219–233."
10677405,"Meleonoma infundibularis (Wang, 2006)",Meleonoma infundibularis,SPECIES,ACCEPTED,Animalia,Arthropoda,Insecta,Lepidoptera,Autostichidae,Meleonoma,Meleonoma infundibularis,0,Cryptolechia infundibularis,"Cryptolechia infundibularis Wang, 2006",9864586,SYNONYM,,"Wang, 2006","Wang, S. (2006) The Cryptolechia Zeller (Lepidoptera: Oecophoridae) of China (III): Checklist and descriptions of new species. Zootaxa, 1195, 1–29. [in English] Available at https://doi.org/10.11646/zootaxa.1195.1.1"
10708895,"Meleonoma jigongshanica (Wang, 2003)",Meleonoma jigongshanica,SPECIES,ACCEPTED,Animalia,Arthropoda,Insecta,Lepidoptera,Autostichidae,Meleonoma,Meleonoma jigongshanica,0,Cryptolechia jigongshanica,"Cryptolechia jigongshanica Wang, 2003",10330644,SYNONYM,,"Wang, 2003","Wang, S. (2003) A study of Cryptolechia Zeller (Lepidoptera: Oecophoridae) in China (I), with descriptions of fifteen new species. Entomologica Sinica, 10, 195–213."
10785873,"Meleonoma kangxianensis (Wang, 2003)",Meleonoma kangxianensis,SPECIES,ACCEPTED,Animalia,Arthropoda,Insecta,Lepidoptera,Autostichidae,Meleonoma,Meleonoma kangxianensis,0,Cryptolechia kangxianensis,"Cryptolechia kangxianensis Wang, 2003",10352308,SYNONYM,,"Wang, 2003","Wang, S. (2003) A study of Cryptolechia Zeller (Lepidoptera: Oecophoridae) in China (I), with descriptions of fifteen new species. Entomologica Sinica, 10, 195–213."
12173339,"Meleonoma latifascia (Wang, 2004)",Meleonoma latifascia,SPECIES,ACCEPTED,Animalia,Arthropoda,Insecta,Lepidoptera,Autostichidae,Meleonoma,Meleonoma latifascia,0,Cryptolechia latifascia,"Cryptolechia latifascia Wang, 2004",10201244,SYNONYM,,"Wang, 2004","Wang, S. (2004) A study of Cryptolechia Zeller (Lepidoptera: Oecophoridae) in China (II), species from Guizhou Province. Entomologica Sinica, 11, 219–233."
10729542,"Meleonoma liui (Wang, 2006)",Meleonoma liui,SPECIES,ACCEPTED,Animalia,Arthropoda,Insecta,Lepidoptera,Autostichidae,Meleonoma,Meleonoma liui,0,Cryptolechia liui,"Cryptolechia liui Wang, 2006",12308917,SYNONYM,,"Wang, 2006","Wang, S. (2006) Oecophoridae of China (Insecta: Lepidoptera)."
10894303,"Meleonoma luniformis (Wang, 2006)",Meleonoma luniformis,SPECIES,ACCEPTED,Animalia,Arthropoda,Insecta,Lepidoptera,Autostichidae,Meleonoma,Meleonoma luniformis,0,Cryptolechia luniformis,"Cryptolechia luniformis Wang, 2006",12296233,SYNONYM,,"Wang, 2006","Wang, S. (2006) The Cryptolechia Zeller (Lepidoptera: Oecophoridae) of China (III): Checklist and descriptions of new species. Zootaxa, 1195, 1–29. [in English] Available at https://doi.org/10.11646/zootaxa.1195.1.1"
10722429,"Meleonoma malacobyrsa (Meyrick, 1921)",Meleonoma malacobyrsa,SPECIES,ACCEPTED,Animalia,Arthropoda,Insecta,Lepidoptera,Autostichidae,Meleonoma,Meleonoma malacobyrsa,1,Acryptolechia malacobyrsa,"Acryptolechia malacobyrsa (Meyrick, 1921)",10050308,SYNONYM,,"(Meyrick, 1921) ",
10722429,"Meleonoma malacobyrsa (Meyrick, 1921)",Meleonoma malacobyrsa,SPECIES,ACCEPTED,Animalia,Arthropoda,Insecta,Lepidoptera,Autostichidae,Meleonoma,Meleonoma malacobyrsa,1,Cryptolechia malacobyrsa,"Cryptolechia malacobyrsa Meyrick, 1921",5120223,SYNONYM,,"Meyrick, 1921",
10722429,"Meleonoma malacobyrsa (Meyrick, 1921)",Meleonoma malacobyrsa,SPECIES,ACCEPTED,Animalia,Arthropoda,Insecta,Lepidoptera,Autostichidae,Meleonoma,Meleonoma malacobyrsa,1,Depressaria bicinctella,"Depressaria bicinctella Matsumura, 1931",6211291,SYNONYM,,"Matsumura, 1931",
10863654,"Meleonoma menglana (Wang, 2006)",Meleonoma menglana,SPECIES,ACCEPTED,Animalia,Arthropoda,Insecta,Lepidoptera,Autostichidae,Meleonoma,Meleonoma menglana,0,Cryptolechia menglana,"Cryptolechia menglana Wang, 2006",12272278,SYNONYM,,"Wang, 2006","Wang, S. (2006) Oecophoridae of China (Insecta: Lepidoptera)."
10817631,"Meleonoma microbyrsa (Wang, 2003)",Meleonoma microbyrsa,SPECIES,ACCEPTED,Animalia,Arthropoda,Insecta,Lepidoptera,Autostichidae,Meleonoma,Meleonoma microbyrsa,0,Cryptolechia microbyrsa,"Cryptolechia microbyrsa Wang, 2003",12310612,SYNONYM,,"Wang, 2003","Wang, S. (2003) A study of Cryptolechia Zeller (Lepidoptera: Oecophoridae) in China (I), with descriptions of fifteen new species. Entomologica Sinica, 10, 195–213."
10837058,"Meleonoma mirabilis (Wang, 2003)",Meleonoma mirabilis,SPECIES,ACCEPTED,Animalia,Arthropoda,Insecta,Lepidoptera,Autostichidae,Meleonoma,Meleonoma mirabilis,0,Cryptolechia mirabilis,"Cryptolechia mirabilis Wang, 2003",12305585,SYNONYM,,"Wang, 2003","Wang, S. (2003) A study of Cryptolechia Zeller (Lepidoptera: Oecophoridae) in China (I), with descriptions of fifteen new species. Entomologica Sinica, 10, 195–213."
12177499,"Meleonoma muscosa (Wang, 2004)",Meleonoma muscosa,SPECIES,ACCEPTED,Animalia,Arthropoda,Insecta,Lepidoptera,Autostichidae,Meleonoma,Meleonoma muscosa,0,Cryptolechia muscosa,"Cryptolechia muscosa Wang, 2004",12366947,SYNONYM,,"Wang, 2004","Wang, S. (2004) A study of Cryptolechia Zeller (Lepidoptera: Oecophoridae) in China (II), species from Guizhou Province. Entomologica Sinica, 11, 219–233."
10847831,"Meleonoma neargometra (Wang, 2003)",Meleonoma neargometra,SPECIES,ACCEPTED,Animalia,Arthropoda,Insecta,Lepidoptera,Autostichidae,Meleonoma,Meleonoma neargometra,0,Cryptolechia neargometra,"Cryptolechia neargometra Wang, 2003",12294309,SYNONYM,,"Wang, 2003","Wang, S. (2003) A study of Cryptolechia Zeller (Lepidoptera: Oecophoridae) in China (I), with descriptions of fifteen new species. Entomologica Sinica, 10, 195–213."
10745357,"Meleonoma olivaria (Wang, 2006)",Meleonoma olivaria,SPECIES,ACCEPTED,Animalia,Arthropoda,Insecta,Lepidoptera,Autostichidae,Meleonoma,Meleonoma olivaria,0,Cryptolechia olivaria,"Cryptolechia olivaria Wang, 2006",10273030,SYNONYM,,"Wang, 2006","Wang, S. (2006) The Cryptolechia Zeller (Lepidoptera: Oecophoridae) of China (III): Checklist and descriptions of new species. Zootaxa, 1195, 1–29. [in English] Available at https://doi.org/10.11646/zootaxa.1195.1.1"
10822194,"Meleonoma paranthaedeaga (Wang, 2003)",Meleonoma paranthaedeaga,SPECIES,ACCEPTED,Animalia,Arthropoda,Insecta,Lepidoptera,Autostichidae,Meleonoma,Meleonoma paranthaedeaga,0,Cryptolechia paranthaedeaga,"Cryptolechia paranthaedeaga Wang, 2003",12362504,SYNONYM,,"Wang, 2003","Wang, S. (2003) A study of Cryptolechia Zeller (Lepidoptera: Oecophoridae) in China (I), with descriptions of fifteen new species. Entomologica Sinica, 10, 195–213."
10728512,"Meleonoma peditata (Wang, 2006)",Meleonoma peditata,SPECIES,ACCEPTED,Animalia,Arthropoda,Insecta,Lepidoptera,Autostichidae,Meleonoma,Meleonoma peditata,0,Cryptolechia peditata,"Cryptolechia peditata Wang, 2006",12342464,SYNONYM,,"Wang, 2006","Wang, S. (2006) The Cryptolechia Zeller (Lepidoptera: Oecophoridae) of China (III): Checklist and descriptions of new species. Zootaxa, 1195, 1–29. [in English] Available at https://doi.org/10.11646/zootaxa.1195.1.1"
10776080,"Meleonoma proximideflecta (Wang, 2004)",Meleonoma proximideflecta,SPECIES,ACCEPTED,Animalia,Arthropoda,Insecta,Lepidoptera,Autostichidae,Meleonoma,Meleonoma proximideflecta,0,Cryptolechia proximideflecta,"Cryptolechia proximideflecta Wang, 2004",9993579,SYNONYM,,"Wang, 2004","Wang, S. (2004) A study of Cryptolechia Zeller (Lepidoptera: Oecophoridae) in China (II), species from Guizhou Province. Entomologica Sinica, 11, 219–233."
10713695,"Meleonoma proximihamatilis (Wang, 2006)",Meleonoma proximihamatilis,SPECIES,ACCEPTED,Animalia,Arthropoda,Insecta,Lepidoptera,Autostichidae,Meleonoma,Meleonoma proximihamatilis,0,Cryptolechia proximihamatilis,"Cryptolechia proximihamatilis Wang, 2006",10179636,SYNONYM,,"Wang, 2006","Wang, S. (2006) The Cryptolechia Zeller (Lepidoptera: Oecophoridae) of China (III): Checklist and descriptions of new species. Zootaxa, 1195, 1–29. [in English] Available at https://doi.org/10.11646/zootaxa.1195.1.1"
12214340,"Meleonoma rectimarginalis (Wang, 2006)",Meleonoma rectimarginalis,SPECIES,ACCEPTED,Animalia,Arthropoda,Insecta,Lepidoptera,Autostichidae,Meleonoma,Meleonoma rectimarginalis,0,Cryptolechia rectimarginalis,"Cryptolechia rectimarginalis Wang, 2006",10259049,SYNONYM,,"Wang, 2006","Wang, S. (2006) The Cryptolechia Zeller (Lepidoptera: Oecophoridae) of China (III): Checklist and descriptions of new species. Zootaxa, 1195, 1–29. [in English] Available at https://doi.org/10.11646/zootaxa.1195.1.1"
10843170,"Meleonoma robusta (Wang, 2006)",Meleonoma robusta,SPECIES,ACCEPTED,Animalia,Arthropoda,Insecta,Lepidoptera,Autostichidae,Meleonoma,Meleonoma robusta,0,Cryptolechia robusta,"Cryptolechia robusta Wang, 2006",10237304,SYNONYM,,"Wang, 2006","Wang, S. (2006) The Cryptolechia Zeller (Lepidoptera: Oecophoridae) of China (III): Checklist and descriptions of new species. Zootaxa, 1195, 1–29. [in English] Available at https://doi.org/10.11646/zootaxa.1195.1.1"
10683455,"Meleonoma rostriformis (Wang, 2006)",Meleonoma rostriformis,SPECIES,ACCEPTED,Animalia,Arthropoda,Insecta,Lepidoptera,Autostichidae,Meleonoma,Meleonoma rostriformis,0,Cryptolechia rostriformis,"Cryptolechia rostriformis Wang, 2006",10050621,SYNONYM,,"Wang, 2006","Wang, S. (2006) The Cryptolechia Zeller (Lepidoptera: Oecophoridae) of China (III): Checklist and descriptions of new species. Zootaxa, 1195, 1–29. [in English] Available at https://doi.org/10.11646/zootaxa.1195.1.1"
10868756,"Meleonoma similifloralis (Wang, 2006)",Meleonoma similifloralis,SPECIES,ACCEPTED,Animalia,Arthropoda,Insecta,Lepidoptera,Autostichidae,Meleonoma,Meleonoma similifloralis,0,Cryptolechia similifloralis,"Cryptolechia similifloralis Wang, 2006",10633821,SYNONYM,,"Wang, 2006","Wang, S. (2006) The Cryptolechia Zeller (Lepidoptera: Oecophoridae) of China (III): Checklist and descriptions of new species. Zootaxa, 1195, 1–29. [in English] Available at https://doi.org/10.11646/zootaxa.1195.1.1"
10739293,"Meleonoma solifasciaria (Wang, 2004)",Meleonoma solifasciaria,SPECIES,ACCEPTED,Animalia,Arthropoda,Insecta,Lepidoptera,Autostichidae,Meleonoma,Meleonoma solifasciaria,0,Cryptolechia solifasciaria,"Cryptolechia solifasciaria Wang, 2004",10446053,SYNONYM,,"Wang, 2004","Wang, S. (2004) A study of Cryptolechia Zeller (Lepidoptera: Oecophoridae) in China (II), species from Guizhou Province. Entomologica Sinica, 11, 219–233."
10750456,"Meleonoma spinifera (Wang, 2004)",Meleonoma spinifera,SPECIES,ACCEPTED,Animalia,Arthropoda,Insecta,Lepidoptera,Autostichidae,Meleonoma,Meleonoma spinifera,0,Cryptolechia spinifera,"Cryptolechia spinifera Wang, 2004",9843135,SYNONYM,,"Wang, 2004","Wang, S. (2004) A study of Cryptolechia Zeller (Lepidoptera: Oecophoridae) in China (II), species from Guizhou Province. Entomologica Sinica, 11, 219–233."
10790671,"Meleonoma sticta (Wang, 2006)",Meleonoma sticta,SPECIES,ACCEPTED,Animalia,Arthropoda,Insecta,Lepidoptera,Autostichidae,Meleonoma,Meleonoma sticta,0,Cryptolechia sticta,"Cryptolechia sticta Wang, 2006",10655560,SYNONYM,,"Wang, 2006","Wang, S. (2006) The Cryptolechia Zeller (Lepidoptera: Oecophoridae) of China (III): Checklist and descriptions of new species. Zootaxa, 1195, 1–29. [in English] Available at https://doi.org/10.11646/zootaxa.1195.1.1"
10771108,"Meleonoma stictifascia (Wang, 2003)",Meleonoma stictifascia,SPECIES,ACCEPTED,Animalia,Arthropoda,Insecta,Lepidoptera,Autostichidae,Meleonoma,Meleonoma stictifascia,0,Cryptolechia stictifascia,"Cryptolechia stictifascia Wang, 2003",10482275,SYNONYM,,"Wang, 2003","Wang, S. (2003) A study of Cryptolechia Zeller (Lepidoptera: Oecophoridae) in China (I), with descriptions of fifteen new species. Entomologica Sinica, 10, 195–213."
1842902,"Meleonoma stomota (Meyrick, 1910)",Meleonoma stomota,SPECIES,ACCEPTED,Animalia,Arthropoda,Insecta,Lepidoptera,Autostichidae,Meleonoma,Meleonoma stomota,0,Cryptolechia stomota,"Cryptolechia stomota Meyrick, 1910",12113547,SYNONYM,,"Meyrick, 1910",Meyrick (1910) Records of the Indian Museum. 5.
10801819,"Meleonoma torophanes (Meyrick, 1935)",Meleonoma torophanes,SPECIES,ACCEPTED,Animalia,Arthropoda,Insecta,Lepidoptera,Autostichidae,Meleonoma,Meleonoma torophanes,1,Acryptolechia torophanes,"Acryptolechia torophanes (Meyrick, 1935)",12381114,SYNONYM,,"(Meyrick, 1935) ",
10801819,"Meleonoma torophanes (Meyrick, 1935)",Meleonoma torophanes,SPECIES,ACCEPTED,Animalia,Arthropoda,Insecta,Lepidoptera,Autostichidae,Meleonoma,Meleonoma torophanes,1,Cryptolechia torophanes,"Cryptolechia torophanes Meyrick, 1935",5120221,SYNONYM,,"Meyrick, 1935",
10765004,"Meleonoma trimaculata (Wang, 2006)",Meleonoma trimaculata,SPECIES,ACCEPTED,Animalia,Arthropoda,Insecta,Lepidoptera,Autostichidae,Meleonoma,Meleonoma trimaculata,0,Cryptolechia trimaculata,"Cryptolechia trimaculata Wang, 2006",12344481,SYNONYM,,"Wang, 2006","Wang, S. (2006) The Cryptolechia Zeller (Lepidoptera: Oecophoridae) of China (III): Checklist and descriptions of new species. Zootaxa, 1195, 1–29. [in English] Available at https://doi.org/10.11646/zootaxa.1195.1.1"
10734667,"Meleonoma varifascirupta (Wang, 2003)",Meleonoma varifascirupta,SPECIES,ACCEPTED,Animalia,Arthropoda,Insecta,Lepidoptera,Autostichidae,Meleonoma,Meleonoma varifascirupta,0,Cryptolechia varifascirupta,"Cryptolechia varifascirupta Wang, 2003",12340665,SYNONYM,,"Wang, 2003","Wang, S. (2003) A study of Cryptolechia Zeller (Lepidoptera: Oecophoridae) in China (I), with descriptions of fifteen new species. Entomologica Sinica, 10, 195–213."
10830964,"Meleonoma vespertina (Meyrick, 1910)",Meleonoma vespertina,SPECIES,ACCEPTED,Animalia,Arthropoda,Insecta,Lepidoptera,Autostichidae,Meleonoma,Meleonoma vespertina,0,Cryptolechia vespertina,"Cryptolechia vespertina Meyrick, 1910",5120120,SYNONYM,,"Meyrick, 1910",
11555067,"Meleonoma zeloxantha (Meyrick, 1934)",Meleonoma zeloxantha,SPECIES,ACCEPTED,Animalia,Arthropoda,Insecta,Lepidoptera,Autostichidae,Meleonoma,Meleonoma zeloxantha,0,Cryptolechia zeloxantha,"Cryptolechia zeloxantha Meyrick, 1934",5120194,SYNONYM,,"Meyrick, 1934",
10780794,"Meleonoma zhengi (Wang, 2003)",Meleonoma zhengi,SPECIES,ACCEPTED,Animalia,Arthropoda,Insecta,Lepidoptera,Autostichidae,Meleonoma,Meleonoma zhengi,0,Cryptolechia zhengi,"Cryptolechia zhengi Wang, 2003",12305788,SYNONYM,,"Wang, 2003","Wang, S. (2003) A study of Cryptolechia Zeller (Lepidoptera: Oecophoridae) in China (I), with descriptions of fifteen new species. Entomologica Sinica, 10, 195–213."
1845695,"Leilaptera lithochroma (Walsingham, 1904)",Leilaptera lithochroma,SPECIES,ACCEPTED,Animalia,Arthropoda,Insecta,Lepidoptera,Autostichidae,Leilaptera,Leilaptera lithochroma,0,Eremica lithochroma,"Eremica lithochroma Walsingham, 1904",11981429,SYNONYM,,"Walsingham, 1904",Walsingham (1904) Entomologist's Monthly Magazine. 40.
1845928,"Kullashara kalifella (Amsel, 1949)",Kullashara kalifella,SPECIES,ACCEPTED,Animalia,Arthropoda,Insecta,Lepidoptera,Autostichidae,Kullashara,Kullashara kalifella,0,Symmoca kalifella,"Symmoca kalifella Amsel, 1949",12026072,SYNONYM,,"Amsel, 1949","Amsel, H.G. (1949) On the Microlepidoptera collected by E.P. Wiltshire in Irak and Iran in the years 1935 to 1938. Bulletin de la Société Fouad 1er Entomologie 33, 271–351."
1845737,"Kertomesis acatharta (Meyrick, 1911)",Kertomesis acatharta,SPECIES,ACCEPTED,Animalia,Arthropoda,Insecta,Lepidoptera,Autostichidae,Kertomesis,Kertomesis acatharta,0,Paradoris acatharta,"Paradoris acatharta Meyrick, 1911",12109625,SYNONYM,,"Meyrick, 1911",
1845741,"Kertomesis amblycryptis (Meyrick, 1929)",Kertomesis amblycryptis,SPECIES,ACCEPTED,Animalia,Arthropoda,Insecta,Lepidoptera,Autostichidae,Kertomesis,Kertomesis amblycryptis,0,Symmoca amblycryptis,"Symmoca amblycryptis Meyrick, 1929",12142180,SYNONYM,,"Meyrick, 1929",
1845733,"Kertomesis amphicalyx (Meyrick, 1911)",Kertomesis amphicalyx,SPECIES,ACCEPTED,Animalia,Arthropoda,Insecta,Lepidoptera,Autostichidae,Kertomesis,Kertomesis amphicalyx,0,Symmoca amphicalyx,"Symmoca amphicalyx Meyrick, 1911",12082824,SYNONYM,,"Meyrick, 1911",
1845738,"Kertomesis anaphracta (Meyrick, 1907)",Kertomesis anaphracta,SPECIES,ACCEPTED,Animalia,Arthropoda,Insecta,Lepidoptera,Autostichidae,Kertomesis,Kertomesis anaphracta,0,Paradoris anaphracta,"Paradoris anaphracta Meyrick, 1907",12136566,SYNONYM,,"Meyrick, 1907",Meyrick (1907) Journal of the Bombay Natural History Society. 17.
1845729,"Kertomesis anthracosema (Meyrick, 1933)",Kertomesis anthracosema,SPECIES,ACCEPTED,Animalia,Arthropoda,Insecta,Lepidoptera,Autostichidae,Kertomesis,Kertomesis anthracosema,0,Symmoca anthracosema,"Symmoca anthracosema Meyrick, 1933",12056372,SYNONYM,,"Meyrick, 1933",
1845730,"Kertomesis corymbitis (Meyrick, 1926)",Kertomesis corymbitis,SPECIES,ACCEPTED,Animalia,Arthropoda,Insecta,Lepidoptera,Autostichidae,Kertomesis,Kertomesis corymbitis,0,Symmoca corymbitis,"Symmoca corymbitis Meyrick, 1926",11976983,SYNONYM,,"Meyrick, 1926",
1845734,"Kertomesis dolabrata (Meyrick, 1916)",Kertomesis dolabrata,SPECIES,ACCEPTED,Animalia,Arthropoda,Insecta,Lepidoptera,Autostichidae,Kertomesis,Kertomesis dolabrata,0,Symmoca dolabrata,"Symmoca dolabrata Meyrick, 1916",12028989,SYNONYM,,"Meyrick, 1916",
1845731,"Kertomesis indagata (Meyrick, 1918)",Kertomesis indagata,SPECIES,ACCEPTED,Animalia,Arthropoda,Insecta,Lepidoptera,Autostichidae,Kertomesis,Kertomesis indagata,0,Symmoca indagata,"Symmoca indagata Meyrick, 1918",12115187,SYNONYM,,"Meyrick, 1918",
1845735,"Kertomesis oxycryptis (Meyrick, 1929)",Kertomesis oxycryptis,SPECIES,ACCEPTED,Animalia,Arthropoda,Insecta,Lepidoptera,Autostichidae,Kertomesis,Kertomesis oxycryptis,0,Symmoca oxycryptis,"Symmoca oxycryptis Meyrick, 1929",12003058,SYNONYM,,"Meyrick, 1929",
1845739,"Kertomesis palacta (Staudinger, 1911)",Kertomesis palacta,SPECIES,ACCEPTED,Animalia,Arthropoda,Insecta,Lepidoptera,Autostichidae,Kertomesis,Kertomesis palacta,0,Paradoris palacta,"Paradoris palacta Staudinger, 1911",12088442,SYNONYM,,"Staudinger, 1911",
1845732,"Kertomesis rhodota (Meyrick, 1911)",Kertomesis rhodota,SPECIES,ACCEPTED,Animalia,Arthropoda,Insecta,Lepidoptera,Autostichidae,Kertomesis,Kertomesis rhodota,0,Paradoris rhodota,"Paradoris rhodota Meyrick, 1911",11945983,SYNONYM,,"Meyrick, 1911",
1845736,"Kertomesis stesichora (Meyrick, 1911)",Kertomesis stesichora,SPECIES,ACCEPTED,Animalia,Arthropoda,Insecta,Lepidoptera,Autostichidae,Kertomesis,Kertomesis stesichora,0,Paradoris stesichora,"Paradoris stesichora Meyrick, 1911",11971694,SYNONYM,,"Meyrick, 1911",
1845740,"Kertomesis thyrota (Meyrick, 1929)",Kertomesis thyrota,SPECIES,ACCEPTED,Animalia,Arthropoda,Insecta,Lepidoptera,Autostichidae,Kertomesis,Kertomesis thyrota,0,Symmoca thyrota,"Symmoca thyrota Meyrick, 1929",11997630,SYNONYM,,"Meyrick, 1929",
8562051,"Irepacma conioxantha (Meyrick, 1931)",Irepacma conioxantha,SPECIES,ACCEPTED,Animalia,Arthropoda,Insecta,Lepidoptera,Autostichidae,Irepacma,Irepacma conioxantha,0,Periacma conioxantha,"Periacma conioxantha Meyrick, 1931",1838010,SYNONYM,,"Meyrick, 1931",
12194566,"Irepacma isomora (Meyrick, 1910)",Irepacma isomora,SPECIES,ACCEPTED,Animalia,Arthropoda,Insecta,Lepidoptera,Autostichidae,Irepacma,Irepacma isomora,0,Periacma isomora,"Periacma isomora Meyrick, 1910",1838005,SYNONYM,,"Meyrick, 1910",
1845976,"Indiospastus epenthetica (Meyrick, 1931)",Indiospastus epenthetica,SPECIES,ACCEPTED,Animalia,Arthropoda,Insecta,Lepidoptera,Autostichidae,Indiospastus,Indiospastus epenthetica,0,Symmoca epenthetica,"Symmoca epenthetica Meyrick, 1931",12101106,SYNONYM,,"Meyrick, 1931",Meyrick (1931) Exotic Microlepidoptera. 4.
1845752,"Illahasis virgo Gozmány, 1959",Illahasis virgo,SPECIES,ACCEPTED,Animalia,Arthropoda,Insecta,Lepidoptera,Autostichidae,Illahasis,Illahasis virgo,0,Amselina virgo,"Amselina virgo (Gozmany, 1959)",4528970,HOMOTYPIC_SYNONYM,,"(Gozmany, 1959) ",
1845667,"Ilionarsis psameticellus (Rebel, 1914)",Ilionarsis psameticellus,SPECIES,ACCEPTED,Animalia,Arthropoda,Insecta,Lepidoptera,Autostichidae,Ilionarsis,Ilionarsis psameticellus,0,Holcopogon psameticellus,"Holcopogon psameticellus Rebel, 1914",12115779,SYNONYM,,"Rebel, 1914",
1845667,"Ilionarsis psameticellus (Rebel, 1914)",Ilionarsis psameticellus,SPECIES,ACCEPTED,Animalia,Arthropoda,Insecta,Lepidoptera,Autostichidae,Ilionarsis,Ilionarsis psameticellus,0,Turatia psameticellus,"Turatia psameticellus (Rebel, 1914)",6122887,SYNONYM,,"(Rebel, 1914) ","Rebel H., 1914b, Zweiter Beitrag zur Lepidopteren-Fauna Unter-Aegyptens. vol 28 issue 4 pages 258–270"
1845670,"Ilionarsis psammella (Amsel, 1933)",Ilionarsis psammella,SPECIES,ACCEPTED,Animalia,Arthropoda,Insecta,Lepidoptera,Autostichidae,Ilionarsis,Ilionarsis psammella,0,Holcopogon psammella,"Holcopogon psammella Amsel, 1933",12003625,SYNONYM,,"Amsel, 1933",
1845668,"Ilionarsis scioneura (Meyrick, 1929)",Ilionarsis scioneura,SPECIES,ACCEPTED,Animalia,Arthropoda,Insecta,Lepidoptera,Autostichidae,Ilionarsis,Ilionarsis scioneura,0,Holcopogon scioneura,"Holcopogon scioneura Meyrick, 1929",12072463,SYNONYM,,"Meyrick, 1929",
1845668,"Ilionarsis scioneura (Meyrick, 1929)",Ilionarsis scioneura,SPECIES,ACCEPTED,Animalia,Arthropoda,Insecta,Lepidoptera,Autostichidae,Ilionarsis,Ilionarsis scioneura,0,Turatia scioneura,"Turatia scioneura (Meyrick, 1929)",6122884,SYNONYM,,"(Meyrick, 1929) ","Meyrick E., 1929d, Exotic Microlepidoptera 3. vol 3 issue 16–17 pages 481–544"
1845685,"Holcopogon bubulcellus (Staudinger, 1859)",Holcopogon bubulcellus,SPECIES,ACCEPTED,Animalia,Arthropoda,Insecta,Lepidoptera,Autostichidae,Holcopogon,Holcopogon bubulcellus,3,Cyrnia barbata,"Cyrnia barbata Walsingham, 1900",4528984,HETEROTYPIC_SYNONYM,,"Walsingham, 1900",Walsingham (1900) Entomologist's Monthly Magazine. 36.
1845685,"Holcopogon bubulcellus (Staudinger, 1859)",Holcopogon bubulcellus,SPECIES,ACCEPTED,Animalia,Arthropoda,Insecta,Lepidoptera,Autostichidae,Holcopogon,Holcopogon bubulcellus,3,Holpocogon bubulcellus,"Holpocogon bubulcellus Staudinger, 1859",7738770,SYNONYM,,"Staudinger, 1859",
1845685,"Holcopogon bubulcellus (Staudinger, 1859)",Holcopogon bubulcellus,SPECIES,ACCEPTED,Animalia,Arthropoda,Insecta,Lepidoptera,Autostichidae,Holcopogon,Holcopogon bubulcellus,3,Hypsolophus bubulcellus,"Hypsolophus bubulcellus Staudinger, 1859",4528983,HOMOTYPIC_SYNONYM,,"Staudinger, 1859",
1845685,"Holcopogon bubulcellus (Staudinger, 1859)",Holcopogon bubulcellus,SPECIES,ACCEPTED,Animalia,Arthropoda,Insecta,Lepidoptera,Autostichidae,Holcopogon,Holcopogon bubulcellus,3,Hypsolophus pulverellus,"Hypsolophus pulverellus (Constant, 1865)",4528986,HETEROTYPIC_SYNONYM,,"(Constant, 1865) ",
1845685,"Holcopogon bubulcellus (Staudinger, 1859)",Holcopogon bubulcellus,SPECIES,ACCEPTED,Animalia,Arthropoda,Insecta,Lepidoptera,Autostichidae,Holcopogon,Holcopogon bubulcellus,3,Scythris infrascripta,"Scythris infrascripta Turati, 1930",6211478,SYNONYM,,"Turati, 1930",
1845685,"Holcopogon bubulcellus (Staudinger, 1859)",Holcopogon bubulcellus,SPECIES,ACCEPTED,Animalia,Arthropoda,Insecta,Lepidoptera,Autostichidae,Holcopogon,Holcopogon bubulcellus,3,Ypsolophus pulverellus,"Ypsolophus pulverellus Constant, 1865",6211479,SYNONYM,,"Constant, 1865",
1845686,"Holcopogon rhyodes (Meyrick, 1909)",Holcopogon rhyodes,SPECIES,ACCEPTED,Animalia,Arthropoda,Insecta,Lepidoptera,Autostichidae,Holcopogon,Holcopogon rhyodes,0,Hesperesta amphicentra,"Hesperesta amphicentra (Meyrick, 1913)",6122881,SYNONYM,,"(Meyrick, 1913) ","Meyrick E., 1913b, Descriptions of South African Micro-Lepidoptera. IV vol 3 issue 4 pages 267–336"
1845686,"Holcopogon rhyodes (Meyrick, 1909)",Holcopogon rhyodes,SPECIES,ACCEPTED,Animalia,Arthropoda,Insecta,Lepidoptera,Autostichidae,Holcopogon,Holcopogon rhyodes,0,Hesperesta rhyodes,"Hesperesta rhyodes (Meyrick, 1909)",6122880,SYNONYM,,"(Meyrick, 1909) ","Meyrick E., 1909b, Descriptions of Transvaal Micro-Lepidoptera. vol 2 issue 1 pages 1–28, pls 1–8"
1845686,"Holcopogon rhyodes (Meyrick, 1909)",Holcopogon rhyodes,SPECIES,ACCEPTED,Animalia,Arthropoda,Insecta,Lepidoptera,Autostichidae,Holcopogon,Holcopogon rhyodes,0,Holcopogon amphicentra,"Holcopogon amphicentra Meyrick, 1913",1845683,SYNONYM,,"Meyrick, 1913",
1845686,"Holcopogon rhyodes (Meyrick, 1909)",Holcopogon rhyodes,SPECIES,ACCEPTED,Animalia,Arthropoda,Insecta,Lepidoptera,Autostichidae,Holcopogon,Holcopogon rhyodes,0,Nothris rhyodes,"Nothris rhyodes Meyrick, 1909",11983593,SYNONYM,,"Meyrick, 1909",
1845679,"Holcopogon robusta Butler, 1883",Holcopogon robusta,SPECIES,ACCEPTED,Animalia,Arthropoda,Insecta,Lepidoptera,Autostichidae,Holcopogon,Holcopogon robusta,0,Epistomotis penessa,"Epistomotis penessa Meyrick, 1906",6211477,SYNONYM,,"Meyrick, 1906",Meyrick (1906) Journal of the Bombay Natural History Society. 17.
1845654,"Hesperesta hartigi (Turati, 1934)",Hesperesta hartigi,SPECIES,ACCEPTED,Animalia,Arthropoda,Insecta,Lepidoptera,Autostichidae,Hesperesta,Hesperesta hartigi,0,Epidola hartigi,"Epidola hartigi Turati, 1934",12142764,SYNONYM,,"Turati, 1934",Turati (1934) Atti della Societa Italiana di Scienze Naturali e del Museo Civico di Historia Naturale. 73.
1845745,"Hamartema marthae Gozmány, 1957",Hamartema marthae,SPECIES,ACCEPTED,Animalia,Arthropoda,Insecta,Lepidoptera,Autostichidae,Hamartema,Hamartema marthae,0,Symmocoides marthae,"Symmocoides marthae (Gozmany, 1957)",4528955,HOMOTYPIC_SYNONYM,,"(Gozmany, 1957) ",
1846034,"Glyphidocera cryphiodes (Meyrick, 1918)",Glyphidocera cryphiodes,SPECIES,ACCEPTED,Animalia,Arthropoda,Insecta,Lepidoptera,Autostichidae,Glyphidocera,Glyphidocera cryphiodes,0,Harpagandra cryphiodes,"Harpagandra cryphiodes Meyrick, 1918",12035419,SYNONYM,,"Meyrick, 1918",Meyrick (1918) Exotic Microlepidoptera. 2.
1846052,"Glyphidocera lactiflosella (Chambers, 1878)",Glyphidocera lactiflosella,SPECIES,ACCEPTED,Animalia,Arthropoda,Insecta,Lepidoptera,Autostichidae,Glyphidocera,Glyphidocera lactiflosella,2,Gelechia lactiflosella,"Gelechia lactiflosella Chambers, 1878",11999158,SYNONYM,,"Chambers, 1878",
1845674,"Gigantoletria amseli (Gozmány, 1954)",Gigantoletria amseli,SPECIES,ACCEPTED,Animalia,Arthropoda,Insecta,Lepidoptera,Autostichidae,Gigantoletria,Gigantoletria amseli,0,Bubulcellodes amseli,"Bubulcellodes amseli Gozmány, 1954",12075949,SYNONYM,,"Gozmány, 1954",Gozmany (1963) Acta Zoologica Academiae Scientiarum Hungaricae. 9.
1845674,"Gigantoletria amseli (Gozmány, 1954)",Gigantoletria amseli,SPECIES,ACCEPTED,Animalia,Arthropoda,Insecta,Lepidoptera,Autostichidae,Gigantoletria,Gigantoletria amseli,0,Gigantoletria amselina,"Gigantoletria amselina Gozmány, 1967",1845676,SYNONYM,,"Gozmány, 1967",
1845674,"Gigantoletria amseli (Gozmány, 1954)",Gigantoletria amseli,SPECIES,ACCEPTED,Animalia,Arthropoda,Insecta,Lepidoptera,Autostichidae,Gigantoletria,Gigantoletria amseli,0,Heringita amselina,"Heringita amselina (Gozmány, 1967)",6122875,SYNONYM,,"(Gozmány, 1967) ","Gozmány L. A., 1967f, The family Holcopogonidae fam. nov. (Lepidoptera) and its constituent genera. vol 13 issue 3–4 pages 271–278"
1845793,"Gerdana caritella Busck, 1908",Gerdana caritella,SPECIES,ACCEPTED,Animalia,Arthropoda,Insecta,Lepidoptera,Autostichidae,Gerdana,Gerdana caritella,2,Mnesistega telemacha,"Mnesistega telemacha Meyrick, 1927",6212424,SYNONYM,,"Meyrick, 1927",
11655960,"Galagete gnathodoxa (Meyrick, 1926)",Galagete gnathodoxa,SPECIES,ACCEPTED,Animalia,Arthropoda,Insecta,Lepidoptera,Autostichidae,Galagete,Galagete gnathodoxa,0,Gelechia gnathodoxa,"Gelechia gnathodoxa Meyrick, 1926",1850310,SYNONYM,,"Meyrick, 1926",
10104968,"Galagete protozona (Meyrick, 1926)",Galagete protozona,SPECIES,ACCEPTED,Animalia,Arthropoda,Insecta,Lepidoptera,Autostichidae,Galagete,Galagete protozona,1,Gelechia protozona,"Gelechia protozona Meyrick, 1926",1850457,SYNONYM,,"Meyrick, 1926",
1845957,"Eupolella stygnota (Walsingham, 1911)",Eupolella stygnota,SPECIES,ACCEPTED,Animalia,Arthropoda,Insecta,Lepidoptera,Autostichidae,Eupolella,Eupolella stygnota,0,Glyphidocera stygnota,"Glyphidocera stygnota Walsingham, 1911",12142973,SYNONYM,,"Walsingham, 1911",Walsingham (1911) Biologia Centrali-Americana; or contribution to the knowledge of the flora and fauna of Mexico and Central America. 4.
1845766,"Eremicamima cedestiella (Zeller, 1868)",Eremicamima cedestiella,SPECIES,ACCEPTED,Animalia,Arthropoda,Insecta,Lepidoptera,Autostichidae,Eremicamima,Eremicamima cedestiella,0,Amselina cedestiella,"Amselina cedestiella (Zeller, 1868)",4528971,HOMOTYPIC_SYNONYM,,"(Zeller, 1868) ",
1845766,"Eremicamima cedestiella (Zeller, 1868)",Eremicamima cedestiella,SPECIES,ACCEPTED,Animalia,Arthropoda,Insecta,Lepidoptera,Autostichidae,Eremicamima,Eremicamima cedestiella,0,Symmoca cedestiella,"Symmoca cedestiella Zeller, 1868",4528972,HOMOTYPIC_SYNONYM,,"Zeller, 1868",Zeller (1868) Stettiner Entomologische Zeitung. 29.
1845766,"Eremicamima cedestiella (Zeller, 1868)",Eremicamima cedestiella,SPECIES,ACCEPTED,Animalia,Arthropoda,Insecta,Lepidoptera,Autostichidae,Eremicamima,Eremicamima cedestiella,0,Symmoca dissoluta,"Symmoca dissoluta Staudinger, 1870",4528974,HETEROTYPIC_SYNONYM,,"Staudinger, 1870",
1845766,"Eremicamima cedestiella (Zeller, 1868)",Eremicamima cedestiella,SPECIES,ACCEPTED,Animalia,Arthropoda,Insecta,Lepidoptera,Autostichidae,Eremicamima,Eremicamima cedestiella,0,Symmoca paracedestiella,"Symmoca paracedestiella Caradja, 1930",4528973,HETEROTYPIC_SYNONYM,,"Caradja, 1930",
1845761,"Eremicamima effendi (Gozmány, 1963)",Eremicamima effendi,SPECIES,ACCEPTED,Animalia,Arthropoda,Insecta,Lepidoptera,Autostichidae,Eremicamima,Eremicamima effendi,0,Eremica effendi,"Eremica effendi Gozmány, 1963",12093661,SYNONYM,,"Gozmány, 1963",
1845758,"Eremicamima emir (Gozmány, 1961)",Eremicamima emir,SPECIES,ACCEPTED,Animalia,Arthropoda,Insecta,Lepidoptera,Autostichidae,Eremicamima,Eremicamima emir,0,Amselina emir,"Amselina emir (Gozmany, 1961)",4528967,HOMOTYPIC_SYNONYM,,"(Gozmany, 1961) ",
1845758,"Eremicamima emir (Gozmány, 1961)",Eremicamima emir,SPECIES,ACCEPTED,Animalia,Arthropoda,Insecta,Lepidoptera,Autostichidae,Eremicamima,Eremicamima emir,0,Eremica emir,"Eremica emir Gozmány, 1961",4528968,HOMOTYPIC_SYNONYM,,"Gozmány, 1961",
1845765,"Eremicamima eremita (Gozmány, 1963)",Eremicamima eremita,SPECIES,ACCEPTED,Animalia,Arthropoda,Insecta,Lepidoptera,Autostichidae,Eremicamima,Eremicamima eremita,0,Eremica eremita,"Eremica eremita Gozmány, 1963",11956323,SYNONYM,,"Gozmány, 1963",
1845760,"Eremicamima kasyi (Gozmány, 1961)",Eremicamima kasyi,SPECIES,ACCEPTED,Animalia,Arthropoda,Insecta,Lepidoptera,Autostichidae,Eremicamima,Eremicamima kasyi,0,Amselina kasyi,"Amselina kasyi (Gozmany, 1961)",4528965,HOMOTYPIC_SYNONYM,,"(Gozmany, 1961) ",
1845760,"Eremicamima kasyi (Gozmány, 1961)",Eremicamima kasyi,SPECIES,ACCEPTED,Animalia,Arthropoda,Insecta,Lepidoptera,Autostichidae,Eremicamima,Eremicamima kasyi,0,Eremica kasyi,"Eremica kasyi Gozmány, 1961",4528966,HOMOTYPIC_SYNONYM,,"Gozmány, 1961",
1845763,"Eremicamima wiltshirei (Gozmány, 1963)",Eremicamima wiltshirei,SPECIES,ACCEPTED,Animalia,Arthropoda,Insecta,Lepidoptera,Autostichidae,Eremicamima,Eremicamima wiltshirei,0,Eremica wiltshirei,"Eremica wiltshirei Gozmány, 1963",12018556,SYNONYM,,"Gozmány, 1963",
1845947,"Eremica molitor (Walsingham, 1905)",Eremica molitor,SPECIES,ACCEPTED,Animalia,Arthropoda,Insecta,Lepidoptera,Autostichidae,Eremica,Eremica molitor,0,Symmoca molitor,"Symmoca molitor Walsingham, 1905",11952049,SYNONYM,,"Walsingham, 1905",
12200143,"Epiracma aedeagifera (Wang, Liu & Li, 2002)",Epiracma aedeagifera,SPECIES,ACCEPTED,Animalia,Arthropoda,Insecta,Lepidoptera,Autostichidae,Epiracma,Epiracma aedeagifera,0,Irepacma aedeagifera,"Irepacma aedeagifera Wang, Liu & Li, 2002",12378185,SYNONYM,,"Wang, Liu & Li, 2002","Wang, S., Liu, Y. & Li, H. (2002) Two new species of the genus Irepacma from China (Lepidoptera: Oecophoridae). Acta Entomologica Sinica, 45(Supplement), 64–66."
1834784,"Encrasima excellens (Gozmány, 1977)",Encrasima excellens,SPECIES,ACCEPTED,Animalia,Arthropoda,Insecta,Lepidoptera,Autostichidae,Encrasima,Encrasima excellens,0,Epanastasis excellens,"Epanastasis excellens Gozmány, 1977",8854833,PROPARTE_SYNONYM,,"Gozmány, 1977",
1834783,"Encrasima insularis (Butler, 1880)",Encrasima insularis,SPECIES,ACCEPTED,Animalia,Arthropoda,Insecta,Lepidoptera,Autostichidae,Encrasima,Encrasima insularis,0,Gelechia insularis,"Gelechia insularis Butler, 1880",12151710,SYNONYM,,"Butler, 1880",
1834786,"Encrasima retractella (Walker, 1864)",Encrasima retractella,SPECIES,ACCEPTED,Animalia,Arthropoda,Insecta,Lepidoptera,Autostichidae,Encrasima,Encrasima retractella,0,Gelechia retractella,"Gelechia retractella Walker, 1864",12046959,SYNONYM,,"Walker, 1864",
1834785,"Encrasima simpliciella (Stainton, 1858)",Encrasima simpliciella,SPECIES,ACCEPTED,Animalia,Arthropoda,Insecta,Lepidoptera,Autostichidae,Encrasima,Encrasima simpliciella,0,Encrasima communicata,"Encrasima communicata Meyrick, 1918",1834782,SYNONYM,,"Meyrick, 1918",
1834785,"Encrasima simpliciella (Stainton, 1858)",Encrasima simpliciella,SPECIES,ACCEPTED,Animalia,Arthropoda,Insecta,Lepidoptera,Autostichidae,Encrasima,Encrasima simpliciella,0,Gelechia simpliciella,"Gelechia simpliciella Stainton, 1858",12073364,SYNONYM,,"Stainton, 1858",
1834781,"Encrasima sophroniella (Rebel, 1895)",Encrasima sophroniella,SPECIES,ACCEPTED,Animalia,Arthropoda,Insecta,Lepidoptera,Autostichidae,Encrasima,Encrasima sophroniella,0,Epanastasis canariensis,"Epanastasis canariensis (Rebel, 1906)",8805630,PROPARTE_SYNONYM,,"(Rebel, 1906) ",
1834781,"Encrasima sophroniella (Rebel, 1895)",Encrasima sophroniella,SPECIES,ACCEPTED,Animalia,Arthropoda,Insecta,Lepidoptera,Autostichidae,Encrasima,Encrasima sophroniella,0,Epanastasis sophroniellus,"Epanastasis sophroniellus (Rebel, 1895)",9097734,PROPARTE_SYNONYM,,"(Rebel, 1895) ",
1834781,"Encrasima sophroniella (Rebel, 1895)",Encrasima sophroniella,SPECIES,ACCEPTED,Animalia,Arthropoda,Insecta,Lepidoptera,Autostichidae,Encrasima,Encrasima sophroniella,0,Holcopogon sophroniella,"Holcopogon sophroniella Rebel, 1895",8951009,PROPARTE_SYNONYM,,"Rebel, 1895",Rebel (1894) Annalen des Naturhistorischen Museums. 9.
1834781,"Encrasima sophroniella (Rebel, 1895)",Encrasima sophroniella,SPECIES,ACCEPTED,Animalia,Arthropoda,Insecta,Lepidoptera,Autostichidae,Encrasima,Encrasima sophroniella,0,Symmoca aegrella,"Symmoca aegrella Walsingham, 1908",6211278,PROPARTE_SYNONYM,,"Walsingham, 1908",Walsingham (1907) Proceedings of the Zoological Society of London.
1834781,"Encrasima sophroniella (Rebel, 1895)",Encrasima sophroniella,SPECIES,ACCEPTED,Animalia,Arthropoda,Insecta,Lepidoptera,Autostichidae,Encrasima,Encrasima sophroniella,0,Symmoca canariensis,"Symmoca canariensis Rebel, 1906",6211279,PROPARTE_SYNONYM,,"Rebel, 1906",
1845774,"Dysspastus bosellii (Hartig, 1941)",Dysspastus bosellii,SPECIES,ACCEPTED,Animalia,Arthropoda,Insecta,Lepidoptera,Autostichidae,Dysspastus,Dysspastus bosellii,0,Donaspastus bosellii,"Donaspastus bosellii (Hartig, 1941)",4528927,HOMOTYPIC_SYNONYM,,"(Hartig, 1941) ",
1845774,"Dysspastus bosellii (Hartig, 1941)",Dysspastus bosellii,SPECIES,ACCEPTED,Animalia,Arthropoda,Insecta,Lepidoptera,Autostichidae,Dysspastus,Dysspastus bosellii,0,Symmoca bosellii,"Symmoca bosellii Hartig, 1941",4528928,HOMOTYPIC_SYNONYM,,"Hartig, 1941",
1845775,"Dysspastus demon (Gozmány, 1963)",Dysspastus demon,SPECIES,ACCEPTED,Animalia,Arthropoda,Insecta,Lepidoptera,Autostichidae,Dysspastus,Dysspastus demon,0,Donaspastus demon,"Donaspastus demon Gozmány, 1963",4528923,HETEROTYPIC_SYNONYM,,"Gozmány, 1963",
1845781,"Dysspastus djinn (Gozmány, 1963)",Dysspastus djinn,SPECIES,ACCEPTED,Animalia,Arthropoda,Insecta,Lepidoptera,Autostichidae,Dysspastus,Dysspastus djinn,0,Donaspastus djinn,"Donaspastus djinn Gozmány, 1963",12137640,SYNONYM,,"Gozmány, 1963",
1845786,"Dysspastus don (Gozmány, 1963)",Dysspastus don,SPECIES,ACCEPTED,Animalia,Arthropoda,Insecta,Lepidoptera,Autostichidae,Dysspastus,Dysspastus don,0,Donaspastus don,"Donaspastus don Gozmány, 1963",4528957,HOMOTYPIC_SYNONYM,,"Gozmány, 1963",
1845786,"Dysspastus don (Gozmány, 1963)",Dysspastus don,SPECIES,ACCEPTED,Animalia,Arthropoda,Insecta,Lepidoptera,Autostichidae,Dysspastus,Dysspastus don,0,Symmocoides don,"Symmocoides don (Gozmany, 1963)",4528956,HOMOTYPIC_SYNONYM,,"(Gozmany, 1963) ",
1845776,"Dysspastus erroris (Gozmány, 1962)",Dysspastus erroris,SPECIES,ACCEPTED,Animalia,Arthropoda,Insecta,Lepidoptera,Autostichidae,Dysspastus,Dysspastus erroris,0,Donaspastus erroris,"Donaspastus erroris Gozmány, 1962",12130875,SYNONYM,,"Gozmány, 1962",
1845782,"Dysspastus fallax (Gozmány, 1961)",Dysspastus fallax,SPECIES,ACCEPTED,Animalia,Arthropoda,Insecta,Lepidoptera,Autostichidae,Dysspastus,Dysspastus fallax,1,Donaspastus fallax,"Donaspastus fallax Gozmány, 1961",4528924,HOMOTYPIC_SYNONYM,,"Gozmány, 1961",
1845777,"Dysspastus mediterraneus (Gozmány, 1957)",Dysspastus mediterraneus,SPECIES,ACCEPTED,Animalia,Arthropoda,Insecta,Lepidoptera,Autostichidae,Dysspastus,Dysspastus mediterraneus,0,Donaspastus mediterraneus,"Donaspastus mediterraneus Gozmány, 1957",4528913,HOMOTYPIC_SYNONYM,,"Gozmány, 1957",
1845788,"Dysspastus musculina (Staudinger, 1870)",Dysspastus musculina,SPECIES,ACCEPTED,Animalia,Arthropoda,Insecta,Lepidoptera,Autostichidae,Dysspastus,Dysspastus musculina,0,Symmoca musculina,"Symmoca musculina Staudinger, 1870",4528920,HOMOTYPIC_SYNONYM,,"Staudinger, 1870",
1845778,"Dysspastus perpygmaeella (Walsingham, 1901)",Dysspastus perpygmaeella,SPECIES,ACCEPTED,Animalia,Arthropoda,Insecta,Lepidoptera,Autostichidae,Dysspastus,Dysspastus perpygmaeella,0,Symmoca perpygmaeella,"Symmoca perpygmaeella Walsingham, 1901",4528916,HOMOTYPIC_SYNONYM,,"Walsingham, 1901",
1845789,"Dysspastus similis (Amsel, 1939)",Dysspastus similis,SPECIES,ACCEPTED,Animalia,Arthropoda,Insecta,Lepidoptera,Autostichidae,Dysspastus,Dysspastus similis,0,Symmocoides albella,"Symmocoides albella Amsel, 1939",6212425,SYNONYM,,"Amsel, 1939",
1845789,"Dysspastus similis (Amsel, 1939)",Dysspastus similis,SPECIES,ACCEPTED,Animalia,Arthropoda,Insecta,Lepidoptera,Autostichidae,Dysspastus,Dysspastus similis,0,Symmocoides similis,"Symmocoides similis Amsel, 1939",4528914,HETEROTYPIC_SYNONYM,,"Amsel, 1939","Amsel, H.& (1939) Memorie della Societa Entomologica Italiana. 17."
1845790,"Dysspastus undecimpunctella (Mann, 1864)",Dysspastus undecimpunctella,SPECIES,ACCEPTED,Animalia,Arthropoda,Insecta,Lepidoptera,Autostichidae,Dysspastus,Dysspastus undecimpunctella,0,Symmoca undecimpunctella,"Symmoca undecimpunctella Mann, 1864",4528912,HOMOTYPIC_SYNONYM,,"Mann, 1864",
1843294,"Diophila bathrota (Meyrick, 1911)",Diophila bathrota,SPECIES,ACCEPTED,Animalia,Arthropoda,Insecta,Lepidoptera,Autostichidae,Diophila,Diophila bathrota,0,Diophila claricoma,"Diophila claricoma Meyrick, 1937",1843293,SYNONYM,,"Meyrick, 1937",Meyrick (1937) Exotic Microlepidoptera. 5.
1843294,"Diophila bathrota (Meyrick, 1911)",Diophila bathrota,SPECIES,ACCEPTED,Animalia,Arthropoda,Insecta,Lepidoptera,Autostichidae,Diophila,Diophila bathrota,0,Mompha bathrota,"Mompha bathrota Meyrick, 1911",11938021,SYNONYM,,"Meyrick, 1911",
1849157,"Deroxena venosulella (Möschler, 1862)",Deroxena venosulella,SPECIES,ACCEPTED,Animalia,Arthropoda,Insecta,Lepidoptera,Autostichidae,Deroxena,Deroxena venosulella,3,Depressaria neglectella,"Depressaria neglectella Lederer, 1863",4528848,HETEROTYPIC_SYNONYM,,"Lederer, 1863",
1849157,"Deroxena venosulella (Möschler, 1862)",Deroxena venosulella,SPECIES,ACCEPTED,Animalia,Arthropoda,Insecta,Lepidoptera,Autostichidae,Deroxena,Deroxena venosulella,3,Depressaria venosulella,"Depressaria venosulella Möschler, 1862",6547793,HOMOTYPIC_SYNONYM,,"Möschler, 1862","Möschler (1862) Neue südrussische Schmetterlinge. 6, 139–143."
1849089,"Deoclona complanata (Meyrick, 1922)",Deoclona complanata,SPECIES,ACCEPTED,Animalia,Arthropoda,Insecta,Lepidoptera,Autostichidae,Deoclona,Deoclona complanata,0,Lioclepta complanata,"Lioclepta complanata Meyrick, 1922",12353794,SYNONYM,,"Meyrick, 1922",Meyrick (1922) Transactions of the Royal Entomological Society of London.
1849087,"Deoclona eriobotryae (Turner, 1939)",Deoclona eriobotryae,SPECIES,ACCEPTED,Animalia,Arthropoda,Insecta,Lepidoptera,Autostichidae,Deoclona,Deoclona eriobotryae,0,Proclesis eriobotryae,"Proclesis eriobotryae Turner, 1939",12318598,SYNONYM,,"Turner, 1939",
1849086,"Deoclona xanthoselene (Walsingham, 1911)",Deoclona xanthoselene,SPECIES,ACCEPTED,Animalia,Arthropoda,Insecta,Lepidoptera,Autostichidae,Deoclona,Deoclona xanthoselene,3,Proclesis xanthoselene,"Proclesis xanthoselene Walsingham, 1911",10076949,SYNONYM,,"Walsingham, 1911",Walsingham (1911) Biologia Centrali-Americana; or contribution to the knowledge of the flora and fauna of Mexico and Central America. 4.
1845979,"Clerogenes meledantis Meyrick, 1921",Clerogenes meledantis,SPECIES,ACCEPTED,Animalia,Arthropoda,Insecta,Lepidoptera,Autostichidae,Clerogenes,Clerogenes meledantis,0,Clerogenes cyrota,"Clerogenes cyrota Meyrick, 1921",1845978,SYNONYM,,"Meyrick, 1921",
1845979,"Clerogenes meledantis Meyrick, 1921",Clerogenes meledantis,SPECIES,ACCEPTED,Animalia,Arthropoda,Insecta,Lepidoptera,Autostichidae,Clerogenes,Clerogenes meledantis,0,Oegoconia cyrota,"Oegoconia cyrota Meyrick, 1921",6122873,SYNONYM,,"Meyrick, 1921","Meyrick E., 1921b, Descriptions of South African Micro-Lepidoptera. vol 8 issue 2 pages 49–148"
1845979,"Clerogenes meledantis Meyrick, 1921",Clerogenes meledantis,SPECIES,ACCEPTED,Animalia,Arthropoda,Insecta,Lepidoptera,Autostichidae,Clerogenes,Clerogenes meledantis,0,Oegoconia meledantis,"Oegoconia meledantis (Meyrick, 1921)",6122872,HOMOTYPIC_SYNONYM,,"(Meyrick, 1921) ","Meyrick E., 1921b, Descriptions of South African Micro-Lepidoptera. vol 8 issue 2 pages 49–148"
1845980,"Clerogenes syndesma (Meyrick, 1926)",Clerogenes syndesma,SPECIES,ACCEPTED,Animalia,Arthropoda,Insecta,Lepidoptera,Autostichidae,Clerogenes,Clerogenes syndesma,0,Oegoconia syndesma,"Oegoconia syndesma Meyrick, 1926",6122874,SYNONYM,,"Meyrick, 1926",
1845924,"Chionellidea leucella (Amsel, 1935)",Chionellidea leucella,SPECIES,ACCEPTED,Animalia,Arthropoda,Insecta,Lepidoptera,Autostichidae,Chionellidea,Chionellidea leucella,0,Chionella leucella,"Chionella leucella Amsel, 1935",12131899,SYNONYM,,"Amsel, 1935",Amsel (1935) Mitteilungen aus dem Zoologischen Museum in Berlin. 20.
1845706,"Chersogenes atlanticella (Lucas, 1937)",Chersogenes atlanticella,SPECIES,ACCEPTED,Animalia,Arthropoda,Insecta,Lepidoptera,Autostichidae,Chersogenes,Chersogenes atlanticella,0,Symmoca atlanticella,"Symmoca atlanticella Lucas, 1937",11960120,SYNONYM,,"Lucas, 1937",
1845706,"Chersogenes atlanticella (Lucas, 1937)",Chersogenes atlanticella,SPECIES,ACCEPTED,Animalia,Arthropoda,Insecta,Lepidoptera,Autostichidae,Chersogenes,Chersogenes atlanticella,0,Symmoca vetustella,"Symmoca vetustella Zerny, 1936",6212422,SYNONYM,,"Zerny, 1936",
12212907,"Chersogenes brachyptera (Walsingham, 1908)",Chersogenes brachyptera,SPECIES,ACCEPTED,Animalia,Arthropoda,Insecta,Lepidoptera,Autostichidae,Chersogenes,Chersogenes brachyptera,0,Ambloma brachyptera,"Ambloma brachyptera Walsingham, 1908",1846296,SYNONYM,,"Walsingham, 1908",Walsingham (1907) Proceedings of the Zoological Society of London.
1845711,"Chersogenes enigmatica (Gozmány, 1964)",Chersogenes enigmatica,SPECIES,ACCEPTED,Animalia,Arthropoda,Insecta,Lepidoptera,Autostichidae,Chersogenes,Chersogenes enigmatica,0,Epanastasis enigmatica,"Epanastasis enigmatica Gozmány, 1964",11946990,SYNONYM,,"Gozmány, 1964",
12191291,"Chersogenes eupracta (Gozmány, 1988)",Chersogenes eupracta,SPECIES,ACCEPTED,Animalia,Arthropoda,Insecta,Lepidoptera,Autostichidae,Chersogenes,Chersogenes eupracta,0,Epanastasis eupracta,"Epanastasis eupracta Gozmány, 1988",9200833,SYNONYM,,"Gozmány, 1988","Gozmány, L. (1988) New symmocid species from the wider Mediterranean region (Lepidoptera, Symmocidae). Bollettino del Museo Regionale di Scienze Naturali, Torino, 6, 175–192."
1845707,"Chersogenes extricata (Gozmány, 1964)",Chersogenes extricata,SPECIES,ACCEPTED,Animalia,Arthropoda,Insecta,Lepidoptera,Autostichidae,Chersogenes,Chersogenes extricata,0,Epanastasis extricata,"Epanastasis extricata Gozmány, 1964",9002656,HETEROTYPIC_SYNONYM,,"Gozmány, 1964",
1845714,"Chersogenes gredoensis (Rebel, 1937)",Chersogenes gredoensis,SPECIES,ACCEPTED,Animalia,Arthropoda,Insecta,Lepidoptera,Autostichidae,Chersogenes,Chersogenes gredoensis,0,Borkhausenia gredoensis,"Borkhausenia gredoensis Rebel, 1937",4528669,SYNONYM,,"Rebel, 1937",
12223532,"Chersogenes klimeschi (Gozmány, 1975)",Chersogenes klimeschi,SPECIES,ACCEPTED,Animalia,Arthropoda,Insecta,Lepidoptera,Autostichidae,Chersogenes,Chersogenes klimeschi,0,Ambloma klimeschi,"Ambloma klimeschi Gozmány, 1975",1846295,SYNONYM,,"Gozmány, 1975",
1845715,"Chersogenes sophroniellus (Rebel, 1894)",Chersogenes sophroniellus,SPECIES,ACCEPTED,Animalia,Arthropoda,Insecta,Lepidoptera,Autostichidae,Chersogenes,Chersogenes sophroniellus,0,Holcopogon sophroniella,"Holcopogon sophroniella Rebel, 1895",12386842,PROPARTE_SYNONYM,,"Rebel, 1895",Rebel (1894) Annalen des Naturhistorischen Museums. 9.
1845659,"Charadraula geminellus (Chrétien, 1915)",Charadraula geminellus,SPECIES,ACCEPTED,Animalia,Arthropoda,Insecta,Lepidoptera,Autostichidae,Charadraula,Charadraula geminellus,0,Bubulcellodes perstriellus,"Bubulcellodes perstriellus Amsel, 1942",6211480,SYNONYM,,"Amsel, 1942",
1845659,"Charadraula geminellus (Chrétien, 1915)",Charadraula geminellus,SPECIES,ACCEPTED,Animalia,Arthropoda,Insecta,Lepidoptera,Autostichidae,Charadraula,Charadraula geminellus,0,Hesperesta geminella,"Hesperesta geminella (Chrétien, 1915)",4528975,HOMOTYPIC_SYNONYM,,"(Chrétien, 1915) ",
1845659,"Charadraula geminellus (Chrétien, 1915)",Charadraula geminellus,SPECIES,ACCEPTED,Animalia,Arthropoda,Insecta,Lepidoptera,Autostichidae,Charadraula,Charadraula geminellus,0,Holcopogon geminellus,"Holcopogon geminellus Chrétien, 1915",4528976,HOMOTYPIC_SYNONYM,,"Chrétien, 1915",
1845658,"Charadraula parcella (Lederer, 1855)",Charadraula parcella,SPECIES,ACCEPTED,Animalia,Arthropoda,Insecta,Lepidoptera,Autostichidae,Charadraula,Charadraula parcella,0,Charadraula chersopsamma,"Charadraula chersopsamma Meyrick, 1931",1845662,SYNONYM,,"Meyrick, 1931",Meyrick (1931) Exotic Microlepidoptera. 4.
1845658,"Charadraula parcella (Lederer, 1855)",Charadraula parcella,SPECIES,ACCEPTED,Animalia,Arthropoda,Insecta,Lepidoptera,Autostichidae,Charadraula,Charadraula parcella,0,Hapsifera parcella,"Hapsifera parcella Lederer, 1855",12019667,SYNONYM,,"Lederer, 1855",Lederer (1855) Verhandlungen der Zoologisch-Botanischen Gesellschaft in Wien. 5.
1846061,"Catasphalma kautziella (Rebel, 1935)",Catasphalma kautziella,SPECIES,ACCEPTED,Animalia,Arthropoda,Insecta,Lepidoptera,Autostichidae,Catasphalma,Catasphalma kautziella,0,Symmoca kautziella,"Symmoca kautziella Rebel, 1935",4528960,HOMOTYPIC_SYNONYM,,"Rebel, 1935",Rebel (1935) Zeitschrift des Österreichischen Entomologen-Vereins. 20.
1834965,"Autosticha affixella (Walker, 1864)",Autosticha affixella,SPECIES,ACCEPTED,Animalia,Arthropoda,Insecta,Lepidoptera,Autostichidae,Autosticha,Autosticha affixella,0,Gelechia affixella,"Gelechia affixella Walker, 1864",12004721,SYNONYM,,"Walker, 1864",
1835011,"Autosticha authaema (Meyrick, 1906)",Autosticha authaema,SPECIES,ACCEPTED,Animalia,Arthropoda,Insecta,Lepidoptera,Autostichidae,Autosticha,Autosticha authaema,0,Epicoenia authaema,"Epicoenia authaema Meyrick, 1906",12168350,SYNONYM,,"Meyrick, 1906",
1834996,"Autosticha banausopa (Meyrick, 1929)",Autosticha banausopa,SPECIES,ACCEPTED,Animalia,Arthropoda,Insecta,Lepidoptera,Autostichidae,Autosticha,Autosticha banausopa,0,Pachnistis banausopa,"Pachnistis banausopa Meyrick, 1929",12141230,SYNONYM,,"Meyrick, 1929",
1834971,"Autosticha chlorodelta (Meyrick, 1906)",Autosticha chlorodelta,SPECIES,ACCEPTED,Animalia,Arthropoda,Insecta,Lepidoptera,Autostichidae,Autosticha,Autosticha chlorodelta,0,Epicoenia chlorodelta,"Epicoenia chlorodelta Meyrick, 1906",11972597,SYNONYM,,"Meyrick, 1906",
1834983,"Autosticha deductella (Walker, 1864)",Autosticha deductella,SPECIES,ACCEPTED,Animalia,Arthropoda,Insecta,Lepidoptera,Autostichidae,Autosticha,Autosticha deductella,0,Gelechia deductella,"Gelechia deductella Walker, 1864",12120846,SYNONYM,,"Walker, 1864",
10291945,"Autosticha modicella (Christoph, 1882)",Autosticha modicella,SPECIES,ACCEPTED,Animalia,Arthropoda,Insecta,Lepidoptera,Autostichidae,Autosticha,Autosticha modicella,2,Ceratpphora modicella,"Ceratpphora modicella Christoph, 1882",11936212,HOMOTYPIC_SYNONYM,,"Christoph, 1882",
1835000,"Autosticha nothriforme (Walsingham, 1897)",Autosticha nothriforme,SPECIES,ACCEPTED,Animalia,Arthropoda,Insecta,Lepidoptera,Autostichidae,Autosticha,Autosticha nothriforme,0,Epicharma nothriforme,"Epicharma nothriforme Walsingham, 1897",11982344,SYNONYM,,"Walsingham, 1897",Walsingham (1897) Transactions of the Royal Entomological Society of London.
1834976,"Autosticha pelodes (Meyrick, 1883)",Autosticha pelodes,SPECIES,ACCEPTED,Animalia,Arthropoda,Insecta,Lepidoptera,Autostichidae,Autosticha,Autosticha pelodes,1,Automola pelodes,"Automola pelodes Meyrick, 1883",11180837,SYNONYM,,"Meyrick, 1883",Meyrick (1883) Entomologist's Monthly Magazine. 20.
1835007,"Autosticha strenuella (Walker, 1864)",Autosticha strenuella,SPECIES,ACCEPTED,Animalia,Arthropoda,Insecta,Lepidoptera,Autostichidae,Autosticha,Autosticha strenuella,0,Gelechia strenuella,"Gelechia strenuella Walker, 1864",11944271,SYNONYM,,"Walker, 1864",
1835001,"Autosticha symmetra (Turner, 1919)",Autosticha symmetra,SPECIES,ACCEPTED,Animalia,Arthropoda,Insecta,Lepidoptera,Autostichidae,Autosticha,Autosticha symmetra,0,Prosomura symmetra,"Prosomura symmetra Turner, 1919",4686969,SYNONYM,,"Turner, 1919",Turner (1919) Proceedings of the Royal Society of Queensland. 31.
1834977,"Autosticha triangulimaculella (Caradja, 1928)",Autosticha triangulimaculella,SPECIES,ACCEPTED,Animalia,Arthropoda,Insecta,Lepidoptera,Autostichidae,Autosticha,Autosticha triangulimaculella,0,Tinea triangulimaculella,"Tinea triangulimaculella Caradja, 1928",12054650,SYNONYM,,"Caradja, 1928",
1845652,"Arragonia kautzi (Rebel, 1928)",Arragonia kautzi,SPECIES,ACCEPTED,Animalia,Arthropoda,Insecta,Lepidoptera,Autostichidae,Arragonia,Arragonia kautzi,0,Holcopogon kautzi,"Holcopogon kautzi Rebel, 1928",4528982,HOMOTYPIC_SYNONYM,,"Rebel, 1928",
4528980,"Arragonia punctivittellus (Zerny, 1927)",Arragonia punctivittellus,SPECIES,ACCEPTED,Animalia,Arthropoda,Insecta,Lepidoptera,Autostichidae,Arragonia,Arragonia punctivittellus,0,Holcopogon punctivittellus,"Holcopogon punctivittellus Zerny, 1927",4528981,HOMOTYPIC_SYNONYM,,"Zerny, 1927",Zerny (1927) Eos. 3.
1845890,"Aprominta bifasciata (Staudinger, 1871)",Aprominta bifasciata,SPECIES,ACCEPTED,Animalia,Arthropoda,Insecta,Lepidoptera,Autostichidae,Aprominta,Aprominta bifasciata,0,Symmoca bifasciata,"Symmoca bifasciata Staudinger, 1871",4528938,HOMOTYPIC_SYNONYM,,"Staudinger, 1871",
1845890,"Aprominta bifasciata (Staudinger, 1871)",Aprominta bifasciata,SPECIES,ACCEPTED,Animalia,Arthropoda,Insecta,Lepidoptera,Autostichidae,Aprominta,Aprominta bifasciata,0,Symmoca virginella,"Symmoca virginella Rebel, 1912",4528937,HETEROTYPIC_SYNONYM,,"Rebel, 1912","Rebel (1902) Deutsche Entomologische Zeitschrift, Iris. 15."
1845904,"Aprominta cryptogamarum (Millière, 1872)",Aprominta cryptogamarum,SPECIES,ACCEPTED,Animalia,Arthropoda,Insecta,Lepidoptera,Autostichidae,Aprominta,Aprominta cryptogamarum,0,Oecophora cryptogamarum,"Oecophora cryptogamarum Millière, 1872",4528930,HOMOTYPIC_SYNONYM,,"Millière, 1872",
1845904,"Aprominta cryptogamarum (Millière, 1872)",Aprominta cryptogamarum,SPECIES,ACCEPTED,Animalia,Arthropoda,Insecta,Lepidoptera,Autostichidae,Aprominta,Aprominta cryptogamarum,0,Symmoca cryptogamarum,"Symmoca cryptogamarum Millière, 1872",10301077,SYNONYM,,"Millière, 1872",Millière (1872) Petites Nouvelles Entomologiques. 4th year.
1845904,"Aprominta cryptogamarum (Millière, 1872)",Aprominta cryptogamarum,SPECIES,ACCEPTED,Animalia,Arthropoda,Insecta,Lepidoptera,Autostichidae,Aprominta,Aprominta cryptogamarum,0,Symmoca obscura,"Symmoca obscura Legrand, 1947",6212421,SYNONYM,,"Legrand, 1947",
1845904,"Aprominta cryptogamarum (Millière, 1872)",Aprominta cryptogamarum,SPECIES,ACCEPTED,Animalia,Arthropoda,Insecta,Lepidoptera,Autostichidae,Aprominta,Aprominta cryptogamarum,0,Symmoca subalbida,"Symmoca subalbida Legrand, 1947",6212420,SYNONYM,,"Legrand, 1947",
1845905,"Aprominta designella (Herrich-Schäffer, 1855)",Aprominta designella,SPECIES,ACCEPTED,Animalia,Arthropoda,Insecta,Lepidoptera,Autostichidae,Aprominta,Aprominta designella,0,Symmoca designella,"Symmoca designella Herrich-Schäffer, 1855",11937710,SYNONYM,,"Herrich-Schäffer, 1855",
1845907,"Aprominta syriacella (Ragonot, 1895)",Aprominta syriacella,SPECIES,ACCEPTED,Animalia,Arthropoda,Insecta,Lepidoptera,Autostichidae,Aprominta,Aprominta syriacella,0,Aprominta pannosella,"Aprominta pannosella (Rebel, 1906)",1845893,HOMOTYPIC_SYNONYM,,"(Rebel, 1906) ",
1845907,"Aprominta syriacella (Ragonot, 1895)",Aprominta syriacella,SPECIES,ACCEPTED,Animalia,Arthropoda,Insecta,Lepidoptera,Autostichidae,Aprominta,Aprominta syriacella,0,Symmoca pannosella,"Symmoca pannosella Rebel, 1906",4528931,HOMOTYPIC_SYNONYM,,"Rebel, 1906",
1845907,"Aprominta syriacella (Ragonot, 1895)",Aprominta syriacella,SPECIES,ACCEPTED,Animalia,Arthropoda,Insecta,Lepidoptera,Autostichidae,Aprominta,Aprominta syriacella,0,Symmoca syriacella,"Symmoca syriacella Ragonot, 1895",12074286,SYNONYM,,"Ragonot, 1895",
1845900,"Aprominta tectaphella (Rebel, 1916)",Aprominta tectaphella,SPECIES,ACCEPTED,Animalia,Arthropoda,Insecta,Lepidoptera,Autostichidae,Aprominta,Aprominta tectaphella,0,Symmoca tectaphella,"Symmoca tectaphella Rebel, 1916",4528932,HOMOTYPIC_SYNONYM,,"Rebel, 1916",
1845997,"Apiletria purulentella Stainton, 1867",Apiletria purulentella,SPECIES,ACCEPTED,Animalia,Arthropoda,Insecta,Lepidoptera,Autostichidae,Apiletria,Apiletria purulentella,0,Aretascetis endopercna,"Aretascetis endopercna Meyrick, 1936",6212434,SYNONYM,,"Meyrick, 1936",Meyrick (1936) Exotic Microlepidoptera. 5.
1846000,"Apiletria tripleura (Meyrick, 1914)",Apiletria tripleura,SPECIES,ACCEPTED,Animalia,Arthropoda,Insecta,Lepidoptera,Autostichidae,Apiletria,Apiletria tripleura,0,Xystoceros tripleura,"Xystoceros tripleura Meyrick, 1914",12117521,SYNONYM,,"Meyrick, 1914",Meyrick (1914) Exotic Microlepidoptera. 1.
11899250,"Apethistis alienella (Walker, 1864)",Apethistis alienella,SPECIES,ACCEPTED,Animalia,Arthropoda,Insecta,Lepidoptera,Autostichidae,Apethistis,Apethistis alienella,0,Brachmia alienella,"Brachmia alienella (Walker, 1864)",1848417,SYNONYM,,"(Walker, 1864) ",
11899250,"Apethistis alienella (Walker, 1864)",Apethistis alienella,SPECIES,ACCEPTED,Animalia,Arthropoda,Insecta,Lepidoptera,Autostichidae,Apethistis,Apethistis alienella,0,Gelechia alienella,"Gelechia alienella Walker, 1864",11972363,SYNONYM,,"Walker, 1864",
11594443,"Apethistis brunnea Bradley, 1961",Apethistis brunnea,SPECIES,ACCEPTED,Animalia,Arthropoda,Insecta,Lepidoptera,Autostichidae,Apethistis,Apethistis brunnea,0,Brachmia brunnea,"Brachmia brunnea (Bradley, 1961)",1848382,SYNONYM,,"(Bradley, 1961) ",
11778346,"Apethistis consummata (Meyrick, 1923)",Apethistis consummata,SPECIES,ACCEPTED,Animalia,Arthropoda,Insecta,Lepidoptera,Autostichidae,Apethistis,Apethistis consummata,0,Brachmia consummata,"Brachmia consummata Meyrick, 1923",1848386,SYNONYM,,"Meyrick, 1923",
11841176,"Apethistis dolosa (Meyrick, 1911)",Apethistis dolosa,SPECIES,ACCEPTED,Animalia,Arthropoda,Insecta,Lepidoptera,Autostichidae,Apethistis,Apethistis dolosa,0,Brachmia dolosa,"Brachmia dolosa Meyrick, 1911",1848395,SYNONYM,,"Meyrick, 1911",
11747051,"Apethistis episticta (Meyrick, 1905)",Apethistis episticta,SPECIES,ACCEPTED,Animalia,Arthropoda,Insecta,Lepidoptera,Autostichidae,Apethistis,Apethistis episticta,0,Brachmia episticta,"Brachmia episticta (Meyrick, 1905)",1848414,SYNONYM,,"(Meyrick, 1905) ",
11747051,"Apethistis episticta (Meyrick, 1905)",Apethistis episticta,SPECIES,ACCEPTED,Animalia,Arthropoda,Insecta,Lepidoptera,Autostichidae,Apethistis,Apethistis episticta,0,Torodora episticta,"Torodora episticta Meyrick, 1905",12141473,SYNONYM,,"Meyrick, 1905",
11414600,"Apethistis inspersa (Meyrick, 1921)",Apethistis inspersa,SPECIES,ACCEPTED,Animalia,Arthropoda,Insecta,Lepidoptera,Autostichidae,Apethistis,Apethistis inspersa,0,Brachmia inspersa,"Brachmia inspersa Meyrick, 1921",1848409,SYNONYM,,"Meyrick, 1921",
11711038,"Apethistis insulsa (Meyrick, 1914)",Apethistis insulsa,SPECIES,ACCEPTED,Animalia,Arthropoda,Insecta,Lepidoptera,Autostichidae,Apethistis,Apethistis insulsa,0,Brachmia insulsa,"Brachmia insulsa Meyrick, 1914",1848383,SYNONYM,,"Meyrick, 1914",
11463864,"Apethistis juridica (Meyrick, 1911)",Apethistis juridica,SPECIES,ACCEPTED,Animalia,Arthropoda,Insecta,Lepidoptera,Autostichidae,Apethistis,Apethistis juridica,0,Brachmia juridica,"Brachmia juridica Meyrick, 1911",1848432,SYNONYM,,"Meyrick, 1911",
11783045,"Apethistis metoeca Meyrick, 1908",Apethistis metoeca,SPECIES,ACCEPTED,Animalia,Arthropoda,Insecta,Lepidoptera,Autostichidae,Apethistis,Apethistis metoeca,0,Brachmia metoeca,"Brachmia metoeca (Meyrick, 1908)",1848392,SYNONYM,,"(Meyrick, 1908) ",
11908292,"Apethistis officiosa (Meyrick, 1918)",Apethistis officiosa,SPECIES,ACCEPTED,Animalia,Arthropoda,Insecta,Lepidoptera,Autostichidae,Apethistis,Apethistis officiosa,0,Brachmia officiosa,"Brachmia officiosa Meyrick, 1918",1848410,SYNONYM,,"Meyrick, 1918",
11603483,"Apethistis purificata Meyrick, 1931",Apethistis purificata,SPECIES,ACCEPTED,Animalia,Arthropoda,Insecta,Lepidoptera,Autostichidae,Apethistis,Apethistis purificata,0,Brachmia purificata,"Brachmia purificata (Meyrick, 1931)",1848458,SYNONYM,,"(Meyrick, 1931) ",
11652627,"Apethistis sitiens (Meyrick, 1918)",Apethistis sitiens,SPECIES,ACCEPTED,Animalia,Arthropoda,Insecta,Lepidoptera,Autostichidae,Apethistis,Apethistis sitiens,0,Brachmia sitiens,"Brachmia sitiens Meyrick, 1918",1848434,SYNONYM,,"Meyrick, 1918",
11661676,"Apethistis superans Meyrick, 1926",Apethistis superans,SPECIES,ACCEPTED,Animalia,Arthropoda,Insecta,Lepidoptera,Autostichidae,Apethistis,Apethistis superans,0,Brachmia superans,"Brachmia superans (Meyrick, 1926)",1848439,SYNONYM,,"(Meyrick, 1926) ",
4528878,"Apateona hispanicum (Gozmány, 1985)",Apateona hispanicum,SPECIES,ACCEPTED,Animalia,Arthropoda,Insecta,Lepidoptera,Autostichidae,Apateona,Apateona hispanicum,0,Apatema hispanicum,"Apatema hispanicum Gozmány, 1985",9385719,SYNONYM,,"Gozmány, 1985",
9052592,"Apatema apatemella (Amsel, 1958)",Apatema apatemella,SPECIES,ACCEPTED,Animalia,Arthropoda,Insecta,Lepidoptera,Autostichidae,Apatema,Apatema apatemella,0,Oegoconia apatemella,"Oegoconia apatemella Amsel, 1958",1845964,SYNONYM,,"Amsel, 1958",
5121835,"Apatema coarctella (Rebel, 1896)",Apatema coarctella,SPECIES,ACCEPTED,Animalia,Arthropoda,Insecta,Lepidoptera,Autostichidae,Apatema,Apatema coarctella,0,Dysallomima coarctella,"Dysallomima coarctella (Rebel, 1896)",4528879,HOMOTYPIC_SYNONYM,,"(Rebel, 1896) ",
5121835,"Apatema coarctella (Rebel, 1896)",Apatema coarctella,SPECIES,ACCEPTED,Animalia,Arthropoda,Insecta,Lepidoptera,Autostichidae,Apatema,Apatema coarctella,0,Lampros coarctella,"Lampros coarctella Rebel, 1896",5770979,HOMOTYPIC_SYNONYM,,"Rebel, 1896",
1845725,"Apatema fasciata (Stainton, 1859)",Apatema fasciata,SPECIES,ACCEPTED,Animalia,Arthropoda,Insecta,Lepidoptera,Autostichidae,Apatema,Apatema fasciata,0,Gelechia fasciata,"Gelechia fasciata Stainton, 1859",12163378,HETEROTYPIC_SYNONYM,,"Stainton, 1859",
12254831,"Apatema helleri (Rebel, 1910)",Apatema helleri,SPECIES,ACCEPTED,Animalia,Arthropoda,Insecta,Lepidoptera,Autostichidae,Apatema,Apatema helleri,0,Blastobasis helleri,"Blastobasis helleri Rebel, 1910",4529653,SYNONYM,,"Rebel, 1910",
12254831,"Apatema helleri (Rebel, 1910)",Apatema helleri,SPECIES,ACCEPTED,Animalia,Arthropoda,Insecta,Lepidoptera,Autostichidae,Apatema,Apatema helleri,0,Symmoca helleri,"Symmoca helleri (Rebel, 1910)",1845873,SYNONYM,,"(Rebel, 1910) ",
1845719,"Apatema impunctella Amsel, 1940",Apatema impunctella,SPECIES,ACCEPTED,Animalia,Arthropoda,Insecta,Lepidoptera,Autostichidae,Apatema,Apatema impunctella,0,Oegoconia impunctella,"Oegoconia impunctella Amsel, 1940",8324260,SYNONYM,,"Amsel, 1940",
8727048,"Apatema lucidum Walsingham, 1908",Apatema lucidum,SPECIES,ACCEPTED,Animalia,Arthropoda,Insecta,Lepidoptera,Autostichidae,Apatema,Apatema lucidum,0,Oegoconia lucidum,"Oegoconia lucidum (Walsingham, 1908)",1845966,SYNONYM,,"(Walsingham, 1908) ",
1845724,"Apatema mediopallidum Walsingham, 1900",Apatema mediopallidum,SPECIES,ACCEPTED,Animalia,Arthropoda,Insecta,Lepidoptera,Autostichidae,Apatema,Apatema mediopallidum,3,Apatema bifasciatum,"Apatema bifasciatum Chrétien, 1922",5121833,SYNONYM,,"Chrétien, 1922",
1845724,"Apatema mediopallidum Walsingham, 1900",Apatema mediopallidum,SPECIES,ACCEPTED,Animalia,Arthropoda,Insecta,Lepidoptera,Autostichidae,Apatema,Apatema mediopallidum,3,Apatema melitensis,"Apatema melitensis Amsel, 1952",1845727,HETEROTYPIC_SYNONYM,,"Amsel, 1952",
1845724,"Apatema mediopallidum Walsingham, 1900",Apatema mediopallidum,SPECIES,ACCEPTED,Animalia,Arthropoda,Insecta,Lepidoptera,Autostichidae,Apatema,Apatema mediopallidum,3,Oegoconia bifasciatum,"Oegoconia bifasciatum Chrétien, 1922",7495978,HETEROTYPIC_SYNONYM,,"Chrétien, 1922",
1845724,"Apatema mediopallidum Walsingham, 1900",Apatema mediopallidum,SPECIES,ACCEPTED,Animalia,Arthropoda,Insecta,Lepidoptera,Autostichidae,Apatema,Apatema mediopallidum,3,Oegoconia mediopallidum,"Oegoconia mediopallidum (Walsingham, 1900)",9579445,SYNONYM,,"(Walsingham, 1900) ",
1845724,"Apatema mediopallidum Walsingham, 1900",Apatema mediopallidum,SPECIES,ACCEPTED,Animalia,Arthropoda,Insecta,Lepidoptera,Autostichidae,Apatema,Apatema mediopallidum,3,Oegoconia minor,"Oegoconia minor Rebel, 1916",6212426,HETEROTYPIC_SYNONYM,,"Rebel, 1916",
1845724,"Apatema mediopallidum Walsingham, 1900",Apatema mediopallidum,SPECIES,ACCEPTED,Animalia,Arthropoda,Insecta,Lepidoptera,Autostichidae,Apatema,Apatema mediopallidum,3,Oegoconia phanerodoxa,"Oegoconia phanerodoxa Meyrick, 1926",1845961,HETEROTYPIC_SYNONYM,,"Meyrick, 1926",
1845724,"Apatema mediopallidum Walsingham, 1900",Apatema mediopallidum,SPECIES,ACCEPTED,Animalia,Arthropoda,Insecta,Lepidoptera,Autostichidae,Apatema,Apatema mediopallidum,3,Oegoconia proteroclina,"Oegoconia proteroclina Meyrick, 1938",6212429,HETEROTYPIC_SYNONYM,,"Meyrick, 1938",
1845726,"Apatema whalleyi (Popescu-Gorj & Căpușe, 1965)",Apatema whalleyi,SPECIES,ACCEPTED,Animalia,Arthropoda,Insecta,Lepidoptera,Autostichidae,Apatema,Apatema whalleyi,1,Microgonia whalleyi,"Microgonia whalleyi Popescu-Gorj & Căpușe, 1965",8759995,HOMOTYPIC_SYNONYM,,"Popescu-Gorj & Căpușe, 1965","Capuse, P.-G.& (1965) Revue Roumaine de Biologie. Serie de Biologie Animale. 10."
1850705,"Anaptilora basiphaea Turner, 1919",Anaptilora basiphaea,SPECIES,ACCEPTED,Animalia,Arthropoda,Insecta,Lepidoptera,Autostichidae,Anaptilora,Anaptilora basiphaea,1,Hemiarcha basipercna,"Hemiarcha basipercna Turner, 1933",1849240,SYNONYM,,"Turner, 1933",
1845693,"Acrosyntaxis angustipennis (Rebel, 1927)",Acrosyntaxis angustipennis,SPECIES,ACCEPTED,Animalia,Arthropoda,Insecta,Lepidoptera,Autostichidae,Acrosyntaxis,Acrosyntaxis angustipennis,0,Symmoca angustipennis,"Symmoca angustipennis Rebel, 1927",11942235,SYNONYM,,"Rebel, 1927",Rebel (1927) Bulletin. Société Entomologique d'Egypte. 10.
6119965,"Simplimorpha lanceifoliella (Vári, 1955) Scoble, 1983",Simplimorpha lanceifoliella,SPECIES,ACCEPTED,Animalia,Arthropoda,Insecta,Lepidoptera,Nepticulidae,Simplimorpha,Simplimorpha lanceifoliella,1,Stigmella lanceifoliella,"Stigmella lanceifoliella Vári, 1955",5102453,SYNONYM,,"Vári, 1955",Vári L. South African Lepidoptera 1. Descriptions of new leafmining Tineina. Annals of the Transvaal Museum 22: 331-351. (1955).
4526979,"Simplimorpha promissa (Staudinger, 1870) van Nieukerken, 1986",Simplimorpha promissa,SPECIES,ACCEPTED,Animalia,Arthropoda,Insecta,Lepidoptera,Nepticulidae,Simplimorpha,Simplimorpha promissa,4,Nepticula promissa,"Nepticula promissa Staudinger, 1870",1736246,HOMOTYPIC_SYNONYM,,"Staudinger, 1870","Staudinger O. Beschreibung neuer Lepidopteren des europäischen Faunanegebiets. Berliner Entomologische Zeitschrift 14: 97-132, 193-208. (1870)."
4526979,"Simplimorpha promissa (Staudinger, 1870) van Nieukerken, 1986",Simplimorpha promissa,SPECIES,ACCEPTED,Animalia,Arthropoda,Insecta,Lepidoptera,Nepticulidae,Simplimorpha,Simplimorpha promissa,4,Nepticula robiniella,"Nepticula robiniella Gustafsson, 1973",1736211,SYNONYM,,"Gustafsson, 1973",Gustafsson B. A new species of Nepticula v. Heyden from Rhodes (Lep. Nepticulidae). Entomologisk Tidskrift 94: 197-198. (1973).
4526979,"Simplimorpha promissa (Staudinger, 1870) van Nieukerken, 1986",Simplimorpha promissa,SPECIES,ACCEPTED,Animalia,Arthropoda,Insecta,Lepidoptera,Nepticulidae,Simplimorpha,Simplimorpha promissa,4,Simplimorpha promissa,"Simplimorpha promissa (Staudinger, 1870) Staudinger, 1870",12071119,HOMOTYPIC_SYNONYM,,"(Staudinger, 1870) Staudinger, 1870",
4526979,"Simplimorpha promissa (Staudinger, 1870) van Nieukerken, 1986",Simplimorpha promissa,SPECIES,ACCEPTED,Animalia,Arthropoda,Insecta,Lepidoptera,Nepticulidae,Simplimorpha,Simplimorpha promissa,4,Stigmella promissa,"Stigmella promissa (Staudinger, 1870) Klimesch, 1951",9496769,SYNONYM,,"(Staudinger, 1870) Klimesch, 1951",Klimesch J. Contributo alla fauna Lepidotterologica del Trentino. Studi Trentini di Scienze Naturali 27: 11-68. (1951).
9317941,"Menurella acmenae (Hoarean Nieukerken, 2013) van Nieukerken et al., 2016",Menurella acmenae,SPECIES,ACCEPTED,Animalia,Arthropoda,Insecta,Lepidoptera,Nepticulidae,Menurella,Menurella acmenae,1,Pectinivalva acmenae,"Pectinivalva acmenae Hoarean Nieukerken, 2013",8851662,SYNONYM,,"Hoarean Nieukerken, 2013","Hoare RJB, Nieukerken EJ van. Phylogeny and host-plant relationships of the Australian Myrtaceae leafmining moth genus Pectinivalva (Lepidoptera, Nepticulidae), with new subgenera and species. ZooKeys 278: 1-64. doi: 10.3897/zookeys.278.4743. (2013)."
9612699,"Menurella anazona (Meyrick, 1906) van Nieukerken et al., 2016",Menurella anazona,SPECIES,ACCEPTED,Animalia,Arthropoda,Insecta,Lepidoptera,Nepticulidae,Menurella,Menurella anazona,0,Nepticula anazona,"Nepticula anazona Meyrick, 1906",1736059,SYNONYM,,"Meyrick, 1906",Meyrick E. Descriptions of Australian Tineina. Transactions of the Royal Society of South Australia 30: 33-66. (1906).
9612699,"Menurella anazona (Meyrick, 1906) van Nieukerken et al., 2016",Menurella anazona,SPECIES,ACCEPTED,Animalia,Arthropoda,Insecta,Lepidoptera,Nepticulidae,Menurella,Menurella anazona,0,Pectinivalva anazona,"Pectinivalva anazona (Meyrick, 1906) Nielsen, 1996",9467228,SYNONYM,,"(Meyrick, 1906) Nielsen, 1996",Meyrick E. Descriptions of Australian Tineina. Transactions of the Royal Society of South Australia 30: 33-66. (1906).
9541651,"Menurella funeralis (Meyrick, 1906) van Nieukerken et al., 2016",Menurella funeralis,SPECIES,ACCEPTED,Animalia,Arthropoda,Insecta,Lepidoptera,Nepticulidae,Menurella,Menurella funeralis,0,Nepticula funeralis,"Nepticula funeralis Meyrick, 1906",1736247,SYNONYM,,"Meyrick, 1906",Meyrick E. Descriptions of Australian Tineina. Transactions of the Royal Society of South Australia 30: 33-66. (1906).
9541651,"Menurella funeralis (Meyrick, 1906) van Nieukerken et al., 2016",Menurella funeralis,SPECIES,ACCEPTED,Animalia,Arthropoda,Insecta,Lepidoptera,Nepticulidae,Menurella,Menurella funeralis,0,Pectinivalva funeralis,"Pectinivalva funeralis (Meyrick, 1906) Nielsen, 1996",9417680,SYNONYM,,"(Meyrick, 1906) Nielsen, 1996",Meyrick E. Descriptions of Australian Tineina. Transactions of the Royal Society of South Australia 30: 33-66. (1906).
9421781,"Menurella libera (Meyrick, 1906) van Nieukerken et al., 2016",Menurella libera,SPECIES,ACCEPTED,Animalia,Arthropoda,Insecta,Lepidoptera,Nepticulidae,Menurella,Menurella libera,0,Nepticula libera,"Nepticula libera Meyrick, 1906",1735940,SYNONYM,,"Meyrick, 1906",Meyrick E. Descriptions of Australian Tineina. Transactions of the Royal Society of South Australia 30: 33-66. (1906).
9421781,"Menurella libera (Meyrick, 1906) van Nieukerken et al., 2016",Menurella libera,SPECIES,ACCEPTED,Animalia,Arthropoda,Insecta,Lepidoptera,Nepticulidae,Menurella,Menurella libera,0,Pectinivalva libera,"Pectinivalva libera (Meyrick, 1906) Nielsen, 1996",9235149,SYNONYM,,"(Meyrick, 1906) Nielsen, 1996",Meyrick E. Descriptions of Australian Tineina. Transactions of the Royal Society of South Australia 30: 33-66. (1906).
9305144,"Menurella planetis (Meyrick, 1906) van Nieukerken et al., 2016",Menurella planetis,SPECIES,ACCEPTED,Animalia,Arthropoda,Insecta,Lepidoptera,Nepticulidae,Menurella,Menurella planetis,0,Nepticula planetis,"Nepticula planetis Meyrick, 1906",1736132,SYNONYM,,"Meyrick, 1906",Meyrick E. Descriptions of Australian Tineina. Transactions of the Royal Society of South Australia 30: 33-66. (1906).
9305144,"Menurella planetis (Meyrick, 1906) van Nieukerken et al., 2016",Menurella planetis,SPECIES,ACCEPTED,Animalia,Arthropoda,Insecta,Lepidoptera,Nepticulidae,Menurella,Menurella planetis,0,Pectinivalva planetis,"Pectinivalva planetis (Meyrick, 1906) Nielsen, 1996",9345420,SYNONYM,,"(Meyrick, 1906) Nielsen, 1996",Meyrick E. Descriptions of Australian Tineina. Transactions of the Royal Society of South Australia 30: 33-66. (1906).
9435039,"Menurella primigena (Meyrick, 1906) van Nieukerken et al., 2016",Menurella primigena,SPECIES,ACCEPTED,Animalia,Arthropoda,Insecta,Lepidoptera,Nepticulidae,Menurella,Menurella primigena,0,Nepticula primigena,"Nepticula primigena Meyrick, 1906",1735937,SYNONYM,,"Meyrick, 1906",Meyrick E. Descriptions of Australian Tineina. Transactions of the Royal Society of South Australia 30: 33-66. (1906).
9435039,"Menurella primigena (Meyrick, 1906) van Nieukerken et al., 2016",Menurella primigena,SPECIES,ACCEPTED,Animalia,Arthropoda,Insecta,Lepidoptera,Nepticulidae,Menurella,Menurella primigena,0,Pectinivalva primigena,"Pectinivalva primigena (Meyrick, 1906) Nielsen, 1996",9332522,SYNONYM,,"(Meyrick, 1906) Nielsen, 1996",Meyrick E. Descriptions of Australian Tineina. Transactions of the Royal Society of South Australia 30: 33-66. (1906).
9570239,"Menurella quintiniae (Hoare & van Nieukerken, 2013) van Nieukerken et al., 2016",Menurella quintiniae,SPECIES,ACCEPTED,Animalia,Arthropoda,Insecta,Lepidoptera,Nepticulidae,Menurella,Menurella quintiniae,1,Pectinivalva quintiniae,"Pectinivalva quintiniae Hoare & van Nieukerken, 2013",8722798,SYNONYM,,"Hoare & van Nieukerken, 2013","Hoare RJB, Nieukerken EJ van. Phylogeny and host-plant relationships of the Australian Myrtaceae leafmining moth genus Pectinivalva (Lepidoptera, Nepticulidae), with new subgenera and species. ZooKeys 278: 1-64. doi: 10.3897/zookeys.278.4743. (2013)."
9508906,"Menurella scotodes (Hoarean Nieukerken, 2013) van Nieukerken et al., 2016",Menurella scotodes,SPECIES,ACCEPTED,Animalia,Arthropoda,Insecta,Lepidoptera,Nepticulidae,Menurella,Menurella scotodes,1,Pectinivalva scotodes,"Pectinivalva scotodes Hoarean Nieukerken, 2013",9106936,SYNONYM,,"Hoarean Nieukerken, 2013","Hoare RJB, Nieukerken EJ van. Phylogeny and host-plant relationships of the Australian Myrtaceae leafmining moth genus Pectinivalva (Lepidoptera, Nepticulidae), with new subgenera and species. ZooKeys 278: 1-64. doi: 10.3897/zookeys.278.4743. (2013)."
9274422,"Menurella trepida (Meyrick, 1906) van Nieukerken et al., 2016",Menurella trepida,SPECIES,ACCEPTED,Animalia,Arthropoda,Insecta,Lepidoptera,Nepticulidae,Menurella,Menurella trepida,0,Nepticula trepida,"Nepticula trepida Meyrick, 1906",1736228,SYNONYM,,"Meyrick, 1906",Meyrick E. Descriptions of Australian Tineina. Transactions of the Royal Society of South Australia 30: 33-66. (1906).
9274422,"Menurella trepida (Meyrick, 1906) van Nieukerken et al., 2016",Menurella trepida,SPECIES,ACCEPTED,Animalia,Arthropoda,Insecta,Lepidoptera,Nepticulidae,Menurella,Menurella trepida,0,Pectinivalva trepida,"Pectinivalva trepida (Meyrick, 1906) Nielsen, 1996",9495613,SYNONYM,,"(Meyrick, 1906) Nielsen, 1996",Meyrick E. Descriptions of Australian Tineina. Transactions of the Royal Society of South Australia 30: 33-66. (1906).
9377024,"Menurella tribulatrix (van Nieukerken & Hoarean Nieukerken, 2013) van Nieukerken et al., 2016",Menurella tribulatrix,SPECIES,ACCEPTED,Animalia,Arthropoda,Insecta,Lepidoptera,Nepticulidae,Menurella,Menurella tribulatrix,1,Pectinivalva tribulatrix,"Pectinivalva tribulatrix van Nieukerken & Hoarean Nieukerken, 2013",8954308,SYNONYM,,"van Nieukerken & Hoarean Nieukerken, 2013","Hoare RJB, Nieukerken EJ van. Phylogeny and host-plant relationships of the Australian Myrtaceae leafmining moth genus Pectinivalva (Lepidoptera, Nepticulidae), with new subgenera and species. ZooKeys 278: 1-64. doi: 10.3897/zookeys.278.4743. (2013)."
9555180,"Menurella warburtonensis (Wilson, 1939) van Nieukerken et al., 2016",Menurella warburtonensis,SPECIES,ACCEPTED,Animalia,Arthropoda,Insecta,Lepidoptera,Nepticulidae,Menurella,Menurella warburtonensis,0,Nepticula warburtonensis,"Nepticula warburtonensis Wilson, 1939",1735974,SYNONYM,,"Wilson, 1939",Wilson JO. A new species of the family Nepticulidae (Lepidoptera). Transactions of the Royal Society of South Australia 63: 238-239. (1939).
9555180,"Menurella warburtonensis (Wilson, 1939) van Nieukerken et al., 2016",Menurella warburtonensis,SPECIES,ACCEPTED,Animalia,Arthropoda,Insecta,Lepidoptera,Nepticulidae,Menurella,Menurella warburtonensis,0,Pectinivalva warburtonensis,"Pectinivalva warburtonensis (Wilson, 1939) Nielsen, 1996",9247642,SYNONYM,,"(Wilson, 1939) Nielsen, 1996",Wilson JO. A new species of the family Nepticulidae (Lepidoptera). Transactions of the Royal Society of South Australia 63: 238-239. (1939).
9362428,"Menurella xenadelpha (van Nieukerken & Hoarean Nieukerken, 2013) van Nieukerken et al., 2016",Menurella xenadelpha,SPECIES,ACCEPTED,Animalia,Arthropoda,Insecta,Lepidoptera,Nepticulidae,Menurella,Menurella xenadelpha,1,Pectinivalva xenadelpha,"Pectinivalva xenadelpha van Nieukerken & Hoarean Nieukerken, 2013",9191322,SYNONYM,,"van Nieukerken & Hoarean Nieukerken, 2013","Hoare RJB, Nieukerken EJ van. Phylogeny and host-plant relationships of the Australian Myrtaceae leafmining moth genus Pectinivalva (Lepidoptera, Nepticulidae), with new subgenera and species. ZooKeys 278: 1-64. doi: 10.3897/zookeys.278.4743. (2013)."
9534831,"Stigmellites almeidae (Martins-Neto, 1989) Sohn et al., 2012",Stigmellites almeidae,SPECIES,ACCEPTED,Animalia,Arthropoda,Insecta,Lepidoptera,Nepticulidae,Stigmellites,Stigmellites almeidae,0,Nepticula almeidae,"Nepticula almeidae Martins-Neto, 1989",9424319,SYNONYM,,"Martins-Neto, 1989",Martins-Neto RG. Novos insetos terciários do estado de São Paulo. Revista Brasileira de Geociências 19: 375-386. (1989).
9534831,"Stigmellites almeidae (Martins-Neto, 1989) Sohn et al., 2012",Stigmellites almeidae,SPECIES,ACCEPTED,Animalia,Arthropoda,Insecta,Lepidoptera,Nepticulidae,Stigmellites,Stigmellites almeidae,0,Stigmella almeidae,"Stigmella almeidae (Martins-Neto, 1989) Sohn et al., 2012",9343062,SYNONYM,,"(Martins-Neto, 1989) Sohn et al., 2012","Sohn J-C, Labandeira CC, Davis DR, Mitter C. An annotated catalog of fossil and subfossil Lepidoptera (Insecta: Holometabola) of the world. Zootaxa 3286: 1–132. (2012)."
8561403,"Stigmellites fossilis (Heyden, 1862) Kozlov, 1988",Stigmellites fossilis,SPECIES,ACCEPTED,Animalia,Arthropoda,Insecta,Lepidoptera,Nepticulidae,Stigmellites,Stigmellites fossilis,0,Nepticula fossilis,"Nepticula fossilis Heyden, 1862",9498067,SYNONYM,,"Heyden, 1862","Heyden Cv. Gliederthiere aus der Braunkohle des Niederrhein's, der Wetterau und der Röhn. Paleontographica 10: 62-82, pl. x. (1862)."
9351862,"Stigmellites resupinata (Krassilov, 2008) Doorenweerd et al., 2015",Stigmellites resupinata,SPECIES,ACCEPTED,Animalia,Arthropoda,Insecta,Lepidoptera,Nepticulidae,Stigmellites,Stigmellites resupinata,0,Ophiheliconoma resupinata,"Ophiheliconoma resupinata Krassilov, 2008",9415205,SYNONYM,,"Krassilov, 2008","Krassilov V. Traumas on fossil leaves from the Cretaceous of Israel. In: Krassilov V, Rasnitsyn A (Eds) Plant-arthropod interactions in the early angiosperm history: evidence from the Cretaceous of Israel. Pensoft Publishers & BRILL, Sofia & Leiden, 7-187. (2008)."
9350168,"Tinea araliae (Fritsch, 1882)",Tinea araliae,SPECIES,ACCEPTED,Animalia,Arthropoda,Insecta,Lepidoptera,Nepticulidae,Stigmellites,Tinea araliae,0,Stigmellites araliae,"Stigmellites araliae (Fritsch, 1882)",8642503,SYNONYM,,"(Fritsch, 1882) ",
11566579,"Trifurcula austricaca Nieukerken, 1990",Trifurcula austricaca,SPECIES,ACCEPTED,Animalia,Arthropoda,Insecta,Lepidoptera,Nepticulidae,Trifurcula,Trifurcula austricaca,0,Trifurcula nieukerkeni,"Trifurcula nieukerkeni Varenne & Nel, 2020",10726076,SYNONYM,,"Varenne & Nel, 2020",
9514990,"Trifurcula bicolorella (Chrétien, 1915) van Nieukerken et al., 2016",Trifurcula bicolorella,SPECIES,ACCEPTED,Animalia,Arthropoda,Insecta,Lepidoptera,Nepticulidae,Trifurcula,Trifurcula bicolorella,1,Bucculatrix bicolorella,"Bucculatrix bicolorella Chrétien, 1915",12102006,HETEROTYPIC_SYNONYM,,"Chrétien, 1915","Chrétien P. Contribution à la connaissance des Lépidoptères du Nord de l'Afrique. Annales de la Société Entomologique de France 84: 289-374, figs. 281-211. (1915)."
5769848,"Trifurcula cryptella (Stainton, 1856) Johansson, 1971",Trifurcula cryptella,SPECIES,ACCEPTED,Animalia,Arthropoda,Insecta,Lepidoptera,Nepticulidae,Trifurcula,Trifurcula cryptella,1,Levarchama cryptella,"Levarchama cryptella (Stainton, 1856) Beirne, 1945",9323874,SYNONYM,,"(Stainton, 1856) Beirne, 1945",Stainton HT. Lepidoptera. New British species in 1855. Entomologist's Annual 1856: 26-45. (1856).
5769848,"Trifurcula cryptella (Stainton, 1856) Johansson, 1971",Trifurcula cryptella,SPECIES,ACCEPTED,Animalia,Arthropoda,Insecta,Lepidoptera,Nepticulidae,Trifurcula,Trifurcula cryptella,1,Nepticula cryptella,"Nepticula cryptella Stainton, 1856",9017332,HOMOTYPIC_SYNONYM,,"Stainton, 1856",Stainton HT. Lepidoptera. New British species in 1855. Entomologist's Annual 1856: 26-45. (1856).
5769848,"Trifurcula cryptella (Stainton, 1856) Johansson, 1971",Trifurcula cryptella,SPECIES,ACCEPTED,Animalia,Arthropoda,Insecta,Lepidoptera,Nepticulidae,Trifurcula,Trifurcula cryptella,1,Nepticula trifolii,"Nepticula trifolii Sorhagen, 1885",8792004,HETEROTYPIC_SYNONYM,,"Sorhagen, 1885","Hering EM. Bestimmungstabellen der Blattminnen von Europa, 3 vols. Junk, 's-Gravenhage: 1185 pp. (1957)."
5769848,"Trifurcula cryptella (Stainton, 1856) Johansson, 1971",Trifurcula cryptella,SPECIES,ACCEPTED,Animalia,Arthropoda,Insecta,Lepidoptera,Nepticulidae,Trifurcula,Trifurcula cryptella,1,Stigmella cryptella,"Stigmella cryptella (Stainton, 1856) Fletcher et al., 1945",9443868,SYNONYM,,"(Stainton, 1856) Fletcher et al., 1945",Stainton HT. Lepidoptera. New British species in 1855. Entomologist's Annual 1856: 26-45. (1856).
5769848,"Trifurcula cryptella (Stainton, 1856) Johansson, 1971",Trifurcula cryptella,SPECIES,ACCEPTED,Animalia,Arthropoda,Insecta,Lepidoptera,Nepticulidae,Trifurcula,Trifurcula cryptella,1,Trifurcula cryptella,Trifurcula cryptella Stainton,12089860,SYNONYM,,Stainton,
5769846,"Trifurcula eurema (Tutt, 1899) Johansson, 1971",Trifurcula eurema,SPECIES,ACCEPTED,Animalia,Arthropoda,Insecta,Lepidoptera,Nepticulidae,Trifurcula,Trifurcula eurema,4,Levarchama eurema,"Levarchama eurema (Tutt, 1899) Beirne, 1945",9395924,SYNONYM,,"(Tutt, 1899) Beirne, 1945","Tutt JW. Natural History of the British Lepidoptera. A textbook for Students and Collectors, 1. London-Berlin, 1: i-iv, 1-560 pp. doi: ttp://dx.doi.org/10.5962/bhl.title.59327. (1899)."
5769846,"Trifurcula eurema (Tutt, 1899) Johansson, 1971",Trifurcula eurema,SPECIES,ACCEPTED,Animalia,Arthropoda,Insecta,Lepidoptera,Nepticulidae,Trifurcula,Trifurcula eurema,4,Nepticula dorycniella,"Nepticula dorycniella Suire, 1928",1735991,HETEROTYPIC_SYNONYM,,"Suire, 1928","Suire L. Sur une Nepticula Française inédite. Encyclopédie Entomologique B, Lepidoptera 3: 127-129. (1928)."
5769846,"Trifurcula eurema (Tutt, 1899) Johansson, 1971",Trifurcula eurema,SPECIES,ACCEPTED,Animalia,Arthropoda,Insecta,Lepidoptera,Nepticulidae,Trifurcula,Trifurcula eurema,4,Nepticula eurema,"Nepticula eurema Tutt, 1899",8780746,HOMOTYPIC_SYNONYM,,"Tutt, 1899","Tutt JW. Natural History of the British Lepidoptera. A textbook for Students and Collectors, 1. London-Berlin, 1: i-iv, 1-560 pp. doi: ttp://dx.doi.org/10.5962/bhl.title.59327. (1899)."
5769846,"Trifurcula eurema (Tutt, 1899) Johansson, 1971",Trifurcula eurema,SPECIES,ACCEPTED,Animalia,Arthropoda,Insecta,Lepidoptera,Nepticulidae,Trifurcula,Trifurcula eurema,4,Nepticula gozmanyi,"Nepticula gozmanyi Szöcs, 1959",1735950,HETEROTYPIC_SYNONYM,,"Szöcs, 1959",Szocs J. A new Nepticula species from Hungary (Lepidopt.). Acta Zoologica Academiae Scientiarum Hungariae 4: 417-419. (1959).
5769846,"Trifurcula eurema (Tutt, 1899) Johansson, 1971",Trifurcula eurema,SPECIES,ACCEPTED,Animalia,Arthropoda,Insecta,Lepidoptera,Nepticulidae,Trifurcula,Trifurcula eurema,4,Nepticula heurema,"Nepticula heurema Meess, 1910",9589988,SYNONYM,,"Meess, 1910","Spuler A, Meess A. Superfam. Tineides Aculeatae. In: Spuler A (Ed) Die Schmetterlinge Europas II Band. Schweizerbart, Stuttgart, 464-482, pl. 491. (1910)."
5769846,"Trifurcula eurema (Tutt, 1899) Johansson, 1971",Trifurcula eurema,SPECIES,ACCEPTED,Animalia,Arthropoda,Insecta,Lepidoptera,Nepticulidae,Trifurcula,Trifurcula eurema,4,Stigmella dorycniella,"Stigmella dorycniella (Suire, 1928) Klimesch, 1951",9564102,SYNONYM,,"(Suire, 1928) Klimesch, 1951",Klimesch J. Contributo alla fauna Lepidotterologica del Trentino. Studi Trentini di Scienze Naturali 27: 11-68. (1951).
5769846,"Trifurcula eurema (Tutt, 1899) Johansson, 1971",Trifurcula eurema,SPECIES,ACCEPTED,Animalia,Arthropoda,Insecta,Lepidoptera,Nepticulidae,Trifurcula,Trifurcula eurema,4,Stigmella eurema,"Stigmella eurema (Tutt, 1899) Klimesch, 1951",9371010,SYNONYM,,"(Tutt, 1899) Klimesch, 1951",Klimesch J. Contributo alla fauna Lepidotterologica del Trentino. Studi Trentini di Scienze Naturali 27: 11-68. (1951).
5769846,"Trifurcula eurema (Tutt, 1899) Johansson, 1971",Trifurcula eurema,SPECIES,ACCEPTED,Animalia,Arthropoda,Insecta,Lepidoptera,Nepticulidae,Trifurcula,Trifurcula eurema,4,Stigmella heurema,"Stigmella heurema (Meess, 1910) Gerasimov, 1952",9255960,SYNONYM,,"(Meess, 1910) Gerasimov, 1952","Gerasimov AM. Nasekomye Cheshuekrylye. I, 2, Gusenicy 1. Zoological Institute, Academy of Sciences USSR, Moskva, Leningrad, Fauna SSSR N.S. 56: 1-338 pp. (1952)."
5769846,"Trifurcula eurema (Tutt, 1899) Johansson, 1971",Trifurcula eurema,SPECIES,ACCEPTED,Animalia,Arthropoda,Insecta,Lepidoptera,Nepticulidae,Trifurcula,Trifurcula eurema,4,Trifurcula eurema,Trifurcula eurema Tutt,11954392,SYNONYM,,Tutt,
5102570,"Trifurcula immundella (Zeller, 1839) Zeller, 1848",Trifurcula immundella,SPECIES,ACCEPTED,Animalia,Arthropoda,Insecta,Lepidoptera,Nepticulidae,Trifurcula,Trifurcula immundella,2,Lyonetia immundella,"Lyonetia immundella Zeller, 1839",9088543,HOMOTYPIC_SYNONYM,,"Zeller, 1839",Zeller PC. Versuch einer naturgemässen Eintheilung der Schaben. Isis von Oken 1839: 167-220. (1839).
8330283,"Trifurcula ortneri (Klimesch, 1951) van Nieukerken, 1986",Trifurcula ortneri,SPECIES,ACCEPTED,Animalia,Arthropoda,Insecta,Lepidoptera,Nepticulidae,Trifurcula,Trifurcula ortneri,1,Nepticula ortneri,"Nepticula ortneri Klimesch, 1951",8868790,HOMOTYPIC_SYNONYM,,"Klimesch, 1951","Klimesch J. Nepticula (Levarchama) ortneri spec. nov. (Lept., Nepticulidae). Zeitschrift der Wiener Entomologischen Gesellschaft 36: 66-70. (1951)."
8330283,"Trifurcula ortneri (Klimesch, 1951) van Nieukerken, 1986",Trifurcula ortneri,SPECIES,ACCEPTED,Animalia,Arthropoda,Insecta,Lepidoptera,Nepticulidae,Trifurcula,Trifurcula ortneri,1,Stigmella ortneri,"Stigmella ortneri (Klimesch, 1951) Klimesch, 1961",9610759,SYNONYM,,"(Klimesch, 1951) Klimesch, 1961","Klimesch J. Ordnung Lepidoptera. 1. Teil. Pyralidina, Tortricina, Tineina, Eriocraniina und Micropterygina. In: Franz H (Ed) Die Nordost-Alpen im Spiegel ihrer Landtierwelt. Universitätsverlag Wagner, Innsbruck, 481-789. (1961)."
5102583,"Trifurcula pallidella (Duponchel, 1843) Joannis, 1915",Trifurcula pallidella,SPECIES,ACCEPTED,Animalia,Arthropoda,Insecta,Lepidoptera,Nepticulidae,Trifurcula,Trifurcula pallidella,1,Lithocolletis pallidella,"Lithocolletis pallidella (Duponchel, 1843) Bruand, 1851",9280144,SYNONYM,,"(Duponchel, 1843) Bruand, 1851","Duponchel PAJ. Nocturnes, Supplément 4. In: Godart J-B (Ed) Histoire naturelle des Lépidoptères ou papillons de France. Méquignon-Marvis, Paris, li-xc, 9-554, pls 551-590. ([1842-1845])."
5102583,"Trifurcula pallidella (Duponchel, 1843) Joannis, 1915",Trifurcula pallidella,SPECIES,ACCEPTED,Animalia,Arthropoda,Insecta,Lepidoptera,Nepticulidae,Trifurcula,Trifurcula pallidella,1,Oecophora pallidella,"Oecophora pallidella Duponchel, 1843",8846287,HOMOTYPIC_SYNONYM,,"Duponchel, 1843","Duponchel PAJ. Nocturnes, Supplément 4. In: Godart J-B (Ed) Histoire naturelle des Lépidoptères ou papillons de France. Méquignon-Marvis, Paris, li-xc, 9-554, pls 551-590. ([1842-1845])."
5102583,"Trifurcula pallidella (Duponchel, 1843) Joannis, 1915",Trifurcula pallidella,SPECIES,ACCEPTED,Animalia,Arthropoda,Insecta,Lepidoptera,Nepticulidae,Trifurcula,Trifurcula pallidella,1,Trifurcula incognitella,"Trifurcula incognitella Toll, 1936",5102571,HETEROTYPIC_SYNONYM,,"Toll, 1936","Toll S. Untersuchung der Genitalien bei Pyrausta purpuralis L. und P. ostrinalis Hb., nebst Beschreibung 11 neuer Microlepidopteren-Arten. Annales Musei Zoologici Polonici 11: 401-413, pls. 447-449. (1936)."
5102583,"Trifurcula pallidella (Duponchel, 1843) Joannis, 1915",Trifurcula pallidella,SPECIES,ACCEPTED,Animalia,Arthropoda,Insecta,Lepidoptera,Nepticulidae,Trifurcula,Trifurcula pallidella,1,Trifurcula pallidella,"Trifurcula pallidella Zeller, 1848",12012420,HETEROTYPIC_SYNONYM,,"Zeller, 1848","Zeller PC. Die Gattungen der mit Augendeckeln versehenen blattminirenden Schaben. Linnaea Entomologica 3: 248-344, pl. 242. (1848)."
9172651,"Trifurcula ridiculosa (Walsingham, 1908) Klimesch, 1975",Trifurcula ridiculosa,SPECIES,ACCEPTED,Animalia,Arthropoda,Insecta,Lepidoptera,Nepticulidae,Trifurcula,Trifurcula ridiculosa,1,Nepticula ridiculosa,"Nepticula ridiculosa (Walsingham, 1908) Rebel, 1910",9351311,SYNONYM,,"(Walsingham, 1908) Rebel, 1910","Rebel H. Sechster Beitrag zur Lepidopterenfauna der Kanaren. Annalen des Kaiserlich-Königlichen Naturhistorischen Hofmuseums, Wien 24: 327-374. (1910)."
9172651,"Trifurcula ridiculosa (Walsingham, 1908) Klimesch, 1975",Trifurcula ridiculosa,SPECIES,ACCEPTED,Animalia,Arthropoda,Insecta,Lepidoptera,Nepticulidae,Trifurcula,Trifurcula ridiculosa,1,Stigmella ridiculosa,"Stigmella ridiculosa Walsingham, 1908",5102511,HOMOTYPIC_SYNONYM,,"Walsingham, 1908","Walsingham L. Microlepidoptera of Tenerife. Proceedings of the Zoological Society of London 1907: 911-1034, pls. 1051-1053. (1908)."
5102577,"Trifurcula serotinella Herrich-Schäffer, 1855",Trifurcula serotinella,SPECIES,ACCEPTED,Animalia,Arthropoda,Insecta,Lepidoptera,Nepticulidae,Trifurcula,Trifurcula serotinella,2,Trifurcula confertella,"Trifurcula confertella Fuchs, 1895",5102590,HETEROTYPIC_SYNONYM,,"Fuchs, 1895",Fuchs A. Kleinschmetterlinge der Loreley-Gegend. Stettiner Entomologische Zeitung 56: 21-52. (1895).
5102592,"Trifurcula squamatella Stainton, 1849",Trifurcula squamatella,SPECIES,ACCEPTED,Animalia,Arthropoda,Insecta,Lepidoptera,Nepticulidae,Trifurcula,Trifurcula squamatella,0,Trifurcula maxima,"Trifurcula maxima Klimesch, 1953",5102593,HETEROTYPIC_SYNONYM,,"Klimesch, 1953","Klimesch J. Die europäischen Trifurcula- und Ectoedemia-Arten (Lep., Nepticulidae). Zeitschrift der Wiener Entomologischen Gesellschaft 38: 160-170. (1953)."
5769827,"Trifurcula subnitidella (Duponchel, 1843) van Nieukerken et al., 1987",Trifurcula subnitidella,SPECIES,ACCEPTED,Animalia,Arthropoda,Insecta,Lepidoptera,Nepticulidae,Trifurcula,Trifurcula subnitidella,3,Elachista subnitidella,"Elachista subnitidella Duponchel, 1843",8902056,HOMOTYPIC_SYNONYM,,"Duponchel, 1843","Duponchel PAJ. Nocturnes, Supplément 4. In: Godart J-B (Ed) Histoire naturelle des Lépidoptères ou papillons de France. Méquignon-Marvis, Paris, li-xc, 9-554, pls 551-590. ([1842-1845])."
5769827,"Trifurcula subnitidella (Duponchel, 1843) van Nieukerken et al., 1987",Trifurcula subnitidella,SPECIES,ACCEPTED,Animalia,Arthropoda,Insecta,Lepidoptera,Nepticulidae,Trifurcula,Trifurcula subnitidella,3,Lyonetia subnitidella,"Lyonetia subnitidella (Duponchel, 1843) Duponchel, 1844",9469209,SYNONYM,,"(Duponchel, 1843) Duponchel, 1844","Duponchel PAJ. Nocturnes, Supplément 4. In: Godart J-B (Ed) Histoire naturelle des Lépidoptères ou papillons de France. Méquignon-Marvis, Paris, li-xc, 9-554, pls 551-590. ([1842-1845])."
5769827,"Trifurcula subnitidella (Duponchel, 1843) van Nieukerken et al., 1987",Trifurcula subnitidella,SPECIES,ACCEPTED,Animalia,Arthropoda,Insecta,Lepidoptera,Nepticulidae,Trifurcula,Trifurcula subnitidella,3,Nepticula subnitidella,"Nepticula subnitidella (Duponchel, 1843) Zeller, 1848",1736159,SYNONYM,,"(Duponchel, 1843) Zeller, 1848","Duponchel PAJ. Nocturnes, Supplément 4. In: Godart J-B (Ed) Histoire naturelle des Lépidoptères ou papillons de France. Méquignon-Marvis, Paris, li-xc, 9-554, pls 551-590. ([1842-1845])."
5769827,"Trifurcula subnitidella (Duponchel, 1843) van Nieukerken et al., 1987",Trifurcula subnitidella,SPECIES,ACCEPTED,Animalia,Arthropoda,Insecta,Lepidoptera,Nepticulidae,Trifurcula,Trifurcula subnitidella,3,Trifucrula griseella,"Trifucrula griseella Wolff, 1957",10565340,SYNONYM,,"Wolff, 1957",
5769827,"Trifurcula subnitidella (Duponchel, 1843) van Nieukerken et al., 1987",Trifurcula subnitidella,SPECIES,ACCEPTED,Animalia,Arthropoda,Insecta,Lepidoptera,Nepticulidae,Trifurcula,Trifurcula subnitidella,3,Trifurcula griseella,"Trifurcula griseella Wolff, 1957",5102591,HETEROTYPIC_SYNONYM,,"Wolff, 1957","Wolff NL. Trifurcula griseella nov. spec. (Lepidoptera, Nepticulidae). Entomologiske Meddelelser 28: 19-22. (1957)."
5769827,"Trifurcula subnitidella (Duponchel, 1843) van Nieukerken et al., 1987",Trifurcula subnitidella,SPECIES,ACCEPTED,Animalia,Arthropoda,Insecta,Lepidoptera,Nepticulidae,Trifurcula,Trifurcula subnitidella,3,Trifurcula subnitidella,"Trifurcula subnitidella (Duponchel, 1843) Duponchel, 1843",12124691,HOMOTYPIC_SYNONYM,,"(Duponchel, 1843) Duponchel, 1843",
9278320,"Casanovula brevipalpa (Hoarean Nieukerken, 2013) van Nieukerken et al., 2016",Casanovula brevipalpa,SPECIES,ACCEPTED,Animalia,Arthropoda,Insecta,Lepidoptera,Nepticulidae,Casanovula,Casanovula brevipalpa,0,Pectinivalva brevipalpa,"Pectinivalva brevipalpa Hoarean Nieukerken, 2013",8942254,SYNONYM,,"Hoarean Nieukerken, 2013","Hoare RJB, Nieukerken EJ van. Phylogeny and host-plant relationships of the Australian Myrtaceae leafmining moth genus Pectinivalva (Lepidoptera, Nepticulidae), with new subgenera and species. ZooKeys 278: 1-64. doi: 10.3897/zookeys.278.4743. (2013)."
9372973,"Casanovula minotaurus (Hoarean Nieukerken, 2013) van Nieukerken et al., 2016",Casanovula minotaurus,SPECIES,ACCEPTED,Animalia,Arthropoda,Insecta,Lepidoptera,Nepticulidae,Casanovula,Casanovula minotaurus,1,Pectinivalva minotaurus,"Pectinivalva minotaurus Hoarean Nieukerken, 2013",8863373,SYNONYM,,"Hoarean Nieukerken, 2013","Hoare RJB, Nieukerken EJ van. Phylogeny and host-plant relationships of the Australian Myrtaceae leafmining moth genus Pectinivalva (Lepidoptera, Nepticulidae), with new subgenera and species. ZooKeys 278: 1-64. doi: 10.3897/zookeys.278.4743. (2013)."
9619624,"Stigmella ipomoeella (Gustafsson, 1976) Diškus et al., 2003",Stigmella ipomoeella,SPECIES,ACCEPTED,Animalia,Arthropoda,Insecta,Lepidoptera,Nepticulidae,Stigmella,Stigmella ipomoeella,0,Nepticula ipomoeella,"Nepticula ipomoeella Gustafsson, 1976",1736206,SYNONYM,,"Gustafsson, 1976",Gustafsson B. A new species of Nepticula v. Heyden and redescription of Trifurcula clinomochla (Meyrick) from Sri Lanka (Lep. Nepticulidae). Entomologisk Tidskrift 97: 45-49. (1976).
9618584,"Stigmella ingens (Meyrick, 1913) Scoble, 1978",Stigmella ingens,SPECIES,ACCEPTED,Animalia,Arthropoda,Insecta,Lepidoptera,Nepticulidae,Stigmella,Stigmella ingens,0,Nepticula ingens,"Nepticula ingens Meyrick, 1913",9306606,SYNONYM,,"Meyrick, 1913","Meyrick E. Descriptions of South African Micro-Lepidoptera, 4. Annals of the Transvaal Museum 3: 267-336. (1913)."
5102472,"Stigmella alaternella (Le Marchand, 1937) Klimesch, 1948",Stigmella alaternella,SPECIES,ACCEPTED,Animalia,Arthropoda,Insecta,Lepidoptera,Nepticulidae,Stigmella,Stigmella alaternella,1,Nepticula alaternella,"Nepticula alaternella Le Marchand, 1937",9141365,HOMOTYPIC_SYNONYM,,"Le Marchand, 1937","Le Marchand S. Nepticula alaternella nova species, du midi de la France. Amateur de Papillons 8: 233-239. (1937)."
9407676,"Stigmella guittonae (Bourquin, 1961) Davis, 1984",Stigmella guittonae,SPECIES,ACCEPTED,Animalia,Arthropoda,Insecta,Lepidoptera,Nepticulidae,Stigmella,Stigmella guittonae,0,Nepticula guittonae,"Nepticula guittonae Bourquin, 1961",1736258,SYNONYM,,"Bourquin, 1961",Bourquin F. Microlepidopteros nuevos con sus biologias. Revista de la Sociedad Entomológica Argentina 23: 31-46. (1961).
9423343,"Stigmella resplendensella (Chambers, 1875) Newton et al., 1982",Stigmella resplendensella,SPECIES,ACCEPTED,Animalia,Arthropoda,Insecta,Lepidoptera,Nepticulidae,Stigmella,Stigmella resplendensella,0,Nepticula resplendensella,"Nepticula resplendensella Chambers, 1875b",1735949,SYNONYM,,"Chambers, 1875b",Chambers VT. Tineina of the Central United States. Cincinnati Quarterly Journal of Science 2: 97-121. (1875).
9551569,"Stigmella macrocarpae (Freeman, 1967) van Nieukerken et al., 2016",Stigmella macrocarpae,SPECIES,ACCEPTED,Animalia,Arthropoda,Insecta,Lepidoptera,Nepticulidae,Stigmella,Stigmella macrocarpae,4,Nepticula latifasciella,"Nepticula latifasciella Chambers, 1878",7734730,HETEROTYPIC_SYNONYM,,"Chambers, 1878","Wilkinson C, Scoble MJ. The Nepticulidae (Lepidoptera) of Canada. Memoirs of the Entomological Society of Canada 111: 1-129. doi: 10.4039/entm111107fv. (1979)."
9551569,"Stigmella macrocarpae (Freeman, 1967) van Nieukerken et al., 2016",Stigmella macrocarpae,SPECIES,ACCEPTED,Animalia,Arthropoda,Insecta,Lepidoptera,Nepticulidae,Stigmella,Stigmella macrocarpae,4,Nepticula macrocarpae,"Nepticula macrocarpae Freeman, 1967",1736160,SYNONYM,,"Freeman, 1967",Freeman TN. A new species of Nepticula on Bur Oak in Ontario (Nepticulidae). Journal of Research on the Lepidoptera 6: 19-21. (1967).
9551569,"Stigmella macrocarpae (Freeman, 1967) van Nieukerken et al., 2016",Stigmella macrocarpae,SPECIES,ACCEPTED,Animalia,Arthropoda,Insecta,Lepidoptera,Nepticulidae,Stigmella,Stigmella macrocarpae,4,Stigmella latifasciella,"Stigmella latifasciella (Chambers, 1878) Wilkinson et al., 1979",9431528,SYNONYM,,"(Chambers, 1878) Wilkinson et al., 1979","Wilkinson C, Scoble MJ. The Nepticulidae (Lepidoptera) of Canada. Memoirs of the Entomological Society of Canada 111: 1-129. doi: 10.4039/entm111107fv. (1979)."
8194296,"Stigmella zangherii (Klimesch, 1951) Zangheri, 1969",Stigmella zangherii,SPECIES,ACCEPTED,Animalia,Arthropoda,Insecta,Lepidoptera,Nepticulidae,Stigmella,Stigmella zangherii,4,Nepticula zangherii,"Nepticula zangherii Klimesch, 1951",1735895,HOMOTYPIC_SYNONYM,,"Klimesch, 1951","Klimesch J. Nuova specie di Nepticula della Romagna (Lep., Nepticulidae). Nepticula Zangherii spec. nov. Bollettino della Società Entomologica Italiana 81: 61-62. (1951)."
8147070,"Stigmella rhamnella (Herrich-Schäffer, 1860) Klimesch, 1951",Stigmella rhamnella,SPECIES,ACCEPTED,Animalia,Arthropoda,Insecta,Lepidoptera,Nepticulidae,Stigmella,Stigmella rhamnella,3,Nepticula rhamnella,"Nepticula rhamnella Herrich-Schäffer, 1860",1735918,HOMOTYPIC_SYNONYM,,"Herrich-Schäffer, 1860","Herrich-Schäffer GAW. Revision der Europäischen Schmetterlingfauna. Correspondenzblatt für Sammler von Insecten, insbesondere von Schmetterlingen 1: 59-61. (1860)."
8147070,"Stigmella rhamnella (Herrich-Schäffer, 1860) Klimesch, 1951",Stigmella rhamnella,SPECIES,ACCEPTED,Animalia,Arthropoda,Insecta,Lepidoptera,Nepticulidae,Stigmella,Stigmella rhamnella,3,Stigmella rhamnella,"Stigmella rhamnella (Herrich-Schäffter, 1860) Herrich-Schaffter, 1860",11946748,HOMOTYPIC_SYNONYM,,"(Herrich-Schäffter, 1860) Herrich-Schaffter, 1860",
9576046,"Stigmella omelkoi Puplesis, 1984",Stigmella omelkoi,SPECIES,ACCEPTED,Animalia,Arthropoda,Insecta,Lepidoptera,Nepticulidae,Stigmella,Stigmella omelkoi,0,Stigmella kumatai,"Stigmella kumatai Kemperman & Wilkinson, 1985",9267112,SYNONYM,,"Kemperman & Wilkinson, 1985","Puplesis R. The Nepticulidae of eastern Europe and Asia. Western, central and eastern parts. Backhuys Publishers, Leiden: 290 pp. (1994)."
9549398,"Stigmella alicia (Meyrick, 1928) Diškus et al., 2003",Stigmella alicia,SPECIES,ACCEPTED,Animalia,Arthropoda,Insecta,Lepidoptera,Nepticulidae,Stigmella,Stigmella alicia,0,Nepticula alicia,"Nepticula alicia Meyrick, 1928",1736163,SYNONYM,,"Meyrick, 1928",Meyrick E. Exotic Microlepidoptera. Exotic Microlepidoptera 3: 449-480. (1928).
5102459,"Stigmella centifoliella (Zeller, 1848) Beirne, 1945",Stigmella centifoliella,SPECIES,ACCEPTED,Animalia,Arthropoda,Insecta,Lepidoptera,Nepticulidae,Stigmella,Stigmella centifoliella,2,Nepticula centifoliella,"Nepticula centifoliella Heyden, 1843",9408622,HETEROTYPIC_SYNONYM,,"Heyden, 1843","Heyden Cv. Vierte Sitzung, am 23. September. Amtlicher Bericht über die Versammlung der Gesellschaft deutscher Naturforscher und Aerzte zu Mainz 20: 208-209. (1843)."
5102459,"Stigmella centifoliella (Zeller, 1848) Beirne, 1945",Stigmella centifoliella,SPECIES,ACCEPTED,Animalia,Arthropoda,Insecta,Lepidoptera,Nepticulidae,Stigmella,Stigmella centifoliella,2,Nepticula centifoliella,"Nepticula centifoliella Zeller, 1848",9102054,HOMOTYPIC_SYNONYM,,"Zeller, 1848","Zeller PC. Die Gattungen der mit Augendeckeln versehenen blattminirenden Schaben. Linnaea Entomologica 3: 248-344, pl. 242. (1848)."
5102459,"Stigmella centifoliella (Zeller, 1848) Beirne, 1945",Stigmella centifoliella,SPECIES,ACCEPTED,Animalia,Arthropoda,Insecta,Lepidoptera,Nepticulidae,Stigmella,Stigmella centifoliella,2,Nepticula hodgkinsoni,"Nepticula hodgkinsoni Stainton, 1884",6206597,HETEROTYPIC_SYNONYM,,"Stainton, 1884","Bradley JD, Fletcher DS, Whalley PES. Kloet and Hincks. A checklist of British Insects. Second Edition (Revised) part 2: Lepidoptera. Handbooks for the Identification of British Insects 11: 1-153. (1972)."
5102459,"Stigmella centifoliella (Zeller, 1848) Beirne, 1945",Stigmella centifoliella,SPECIES,ACCEPTED,Animalia,Arthropoda,Insecta,Lepidoptera,Nepticulidae,Stigmella,Stigmella centifoliella,2,Stigmella centifoliella,Stigmella centifoliella Zeller,11988223,SYNONYM,,Zeller,
5102459,"Stigmella centifoliella (Zeller, 1848) Beirne, 1945",Stigmella centifoliella,SPECIES,ACCEPTED,Animalia,Arthropoda,Insecta,Lepidoptera,Nepticulidae,Stigmella,Stigmella centifoliella,2,Stigmella hodgkinsoni,"Stigmella hodgkinsoni (Stainton, 1884) Gerasimov, 1952",9243795,SYNONYM,,"(Stainton, 1884) Gerasimov, 1952",Stainton HT. Note on a new Nepticula bred from rose in Lancashire by Mr Hodgkinson. Entomologist's Monthly Magazine 21: 103. (1884).
9581787,"Stigmella panconista (Meyrick, 1920) Diškus et al., 2003",Stigmella panconista,SPECIES,ACCEPTED,Animalia,Arthropoda,Insecta,Lepidoptera,Nepticulidae,Stigmella,Stigmella panconista,0,Nepticula panconista,"Nepticula panconista Meyrick, 1920",9272558,SYNONYM,,"Meyrick, 1920",Meyrick E. Descriptions of South African Micro-Lepidoptera. Annals of the South African Museum 17: 273-318. (1920).
5769742,"Stigmella zelleriella (Snellen, 1875) van Nieukerken, 1983",Stigmella zelleriella,SPECIES,ACCEPTED,Animalia,Arthropoda,Insecta,Lepidoptera,Nepticulidae,Stigmella,Stigmella zelleriella,1,Nepticula lappovimella,"Nepticula lappovimella Svensson, 1976",1736090,HETEROTYPIC_SYNONYM,,"Svensson, 1976",Svensson I. Six new species of Microlepidoptera from northern Europe. Entomologica Scandinavica 7: 195-206. doi: 10.1163/187631276X00324. (1976).
5769742,"Stigmella zelleriella (Snellen, 1875) van Nieukerken, 1983",Stigmella zelleriella,SPECIES,ACCEPTED,Animalia,Arthropoda,Insecta,Lepidoptera,Nepticulidae,Stigmella,Stigmella zelleriella,1,Nepticula repentiella,"Nepticula repentiella Wolff, 1955",1735965,HETEROTYPIC_SYNONYM,,"Wolff, 1955","Wolff NL. Nepticula repentiella n. sp. (Lepidoptera, Nepticulidae). Entomologiske Meddelelser 27: 82-90, pls. 81-84. (1955)."
5769742,"Stigmella zelleriella (Snellen, 1875) van Nieukerken, 1983",Stigmella zelleriella,SPECIES,ACCEPTED,Animalia,Arthropoda,Insecta,Lepidoptera,Nepticulidae,Stigmella,Stigmella zelleriella,1,Nepticula zelleriella,"Nepticula zelleriella Snellen, 1875",1735880,HOMOTYPIC_SYNONYM,,"Snellen, 1875","Snellen PCT. Nepticula zelleriella nov. sp. Tijdschrift voor Entomologie 18: 113-117, pl. 117. (1875)."
5769742,"Stigmella zelleriella (Snellen, 1875) van Nieukerken, 1983",Stigmella zelleriella,SPECIES,ACCEPTED,Animalia,Arthropoda,Insecta,Lepidoptera,Nepticulidae,Stigmella,Stigmella zelleriella,1,Stigmella lappovimella,"Stigmella lappovimella (Svensson, 1976) Svensson, 1985",7419260,SYNONYM,,"(Svensson, 1976) Svensson, 1985",Svensson I. Six new species of Microlepidoptera from northern Europe. Entomologica Scandinavica 7: 195-206. doi: 10.1163/187631276X00324. (1976).
5769742,"Stigmella zelleriella (Snellen, 1875) van Nieukerken, 1983",Stigmella zelleriella,SPECIES,ACCEPTED,Animalia,Arthropoda,Insecta,Lepidoptera,Nepticulidae,Stigmella,Stigmella zelleriella,1,Stigmella repentiella,"Stigmella repentiella (Wolff, 1955) Hering, 1957",9434061,SYNONYM,,"(Wolff, 1955) Hering, 1957","Hering EM. Bestimmungstabellen der Blattminnen von Europa, 3 vols. Junk, 's-Gravenhage: 1185 pp. (1957)."
5769742,"Stigmella zelleriella (Snellen, 1875) van Nieukerken, 1983",Stigmella zelleriella,SPECIES,ACCEPTED,Animalia,Arthropoda,Insecta,Lepidoptera,Nepticulidae,Stigmella,Stigmella zelleriella,1,Stigmella repentiella,Stigmella repentiella Wolff,11349269,SYNONYM,,Wolff,
8528570,"Stigmella hahniella (Wörz, 1937) Gerasimov, 1952",Stigmella hahniella,SPECIES,ACCEPTED,Animalia,Arthropoda,Insecta,Lepidoptera,Nepticulidae,Stigmella,Stigmella hahniella,0,Nepticula hahniella,"Nepticula hahniella Wörz, 1937",1736227,HOMOTYPIC_SYNONYM,,"Wörz, 1937",Wörz A. Nepticula hahniella spec. nov. m. Entomologische Rundschau 54: 290-292. (1937).
8528570,"Stigmella hahniella (Wörz, 1937) Gerasimov, 1952",Stigmella hahniella,SPECIES,ACCEPTED,Animalia,Arthropoda,Insecta,Lepidoptera,Nepticulidae,Stigmella,Stigmella hahniella,0,Stigmella hahniella,"Stigmella hahniella (Wörz, 1937) Worz, 1937",12028199,HOMOTYPIC_SYNONYM,,"(Wörz, 1937) Worz, 1937",
9453929,"Stigmella olyritis (Meyrick, 1915) Davis, 1984",Stigmella olyritis,SPECIES,ACCEPTED,Animalia,Arthropoda,Insecta,Lepidoptera,Nepticulidae,Stigmella,Stigmella olyritis,0,Nepticula olyritis,"Nepticula olyritis Meyrick, 1915",1736076,SYNONYM,,"Meyrick, 1915",Meyrick E. Descriptions of South American Micro-Lepidoptera. Transactions of the Entomological Society of London 1915: 201-256. (1915).
9453929,"Stigmella olyritis (Meyrick, 1915) Davis, 1984",Stigmella olyritis,SPECIES,ACCEPTED,Animalia,Arthropoda,Insecta,Lepidoptera,Nepticulidae,Stigmella,Stigmella olyritis,0,Stigmella olyritis,"Stigmella olyritis (Meyrick, 1915) Meyrick, 1915",9338155,SYNONYM,,"(Meyrick, 1915) Meyrick, 1915",
5769713,"Stigmella continuella (Stainton, 1856) Fletcher et al., 1945",Stigmella continuella,SPECIES,ACCEPTED,Animalia,Arthropoda,Insecta,Lepidoptera,Nepticulidae,Stigmella,Stigmella continuella,2,Nepticula continuella,"Nepticula continuella Stainton, 1856",1735917,HOMOTYPIC_SYNONYM,,"Stainton, 1856",Stainton HT. Lepidoptera. New British species in 1855. Entomologist's Annual 1856: 26-45. (1856).
5769713,"Stigmella continuella (Stainton, 1856) Fletcher et al., 1945",Stigmella continuella,SPECIES,ACCEPTED,Animalia,Arthropoda,Insecta,Lepidoptera,Nepticulidae,Stigmella,Stigmella continuella,2,Stigmella continuella,Stigmella continuella Stainton,12143651,SYNONYM,,Stainton,
5769713,"Stigmella continuella (Stainton, 1856) Fletcher et al., 1945",Stigmella continuella,SPECIES,ACCEPTED,Animalia,Arthropoda,Insecta,Lepidoptera,Nepticulidae,Stigmella,Stigmella continuella,2,Stigmella uigurica,"Stigmella uigurica Puplesis, 1985",8837779,HETEROTYPIC_SYNONYM,,"Puplesis, 1985","Puplesis R. The Nepticulidae of eastern Europe and Asia. Western, central and eastern parts. Backhuys Publishers, Leiden: 290 pp. (1994)."
5769754,"Stigmella xystodes (Meyrick, 1916) Diškus et al., 2003",Stigmella xystodes,SPECIES,ACCEPTED,Animalia,Arthropoda,Insecta,Lepidoptera,Nepticulidae,Stigmella,Stigmella xystodes,2,Nepticula homophaea,"Nepticula homophaea Meyrick, 1918",1736034,SYNONYM,,"Meyrick, 1918","Nieukerken EJ van. Order Lepidoptera, family Nepticulidae. In: Harten Av (Ed) Arthropod Fauna of the United Arab Emirates, volume 3. Dar Al Ummah, Abu Dhabi, 492-514. (2010)."
5769754,"Stigmella xystodes (Meyrick, 1916) Diškus et al., 2003",Stigmella xystodes,SPECIES,ACCEPTED,Animalia,Arthropoda,Insecta,Lepidoptera,Nepticulidae,Stigmella,Stigmella xystodes,2,Nepticula liochalca,"Nepticula liochalca Meyrick, 1916",1736248,SYNONYM,,"Meyrick, 1916",Meyrick E. Exotic Microlepidoptera. Exotic Microlepidoptera 2: 1-32. (1916).
5769754,"Stigmella xystodes (Meyrick, 1916) Diškus et al., 2003",Stigmella xystodes,SPECIES,ACCEPTED,Animalia,Arthropoda,Insecta,Lepidoptera,Nepticulidae,Stigmella,Stigmella xystodes,2,Nepticula xystodes,"Nepticula xystodes Meyrick, 1916",1735912,HOMOTYPIC_SYNONYM,,"Meyrick, 1916",Meyrick E. Exotic Microlepidoptera. Exotic Microlepidoptera 2: 1-32. (1916).
5769754,"Stigmella xystodes (Meyrick, 1916) Diškus et al., 2003",Stigmella xystodes,SPECIES,ACCEPTED,Animalia,Arthropoda,Insecta,Lepidoptera,Nepticulidae,Stigmella,Stigmella xystodes,2,Stigmella homophaea,"Stigmella homophaea (Meyrick, 1918) Diškus et al., 2003",6119900,SYNONYM,,"(Meyrick, 1918) Diškus et al., 2003",Meyrick E. Exotic Microlepidoptera. Exotic Microlepidoptera 2: 161-192. (1918).
5769754,"Stigmella xystodes (Meyrick, 1916) Diškus et al., 2003",Stigmella xystodes,SPECIES,ACCEPTED,Animalia,Arthropoda,Insecta,Lepidoptera,Nepticulidae,Stigmella,Stigmella xystodes,2,Stigmella liochalca,"Stigmella liochalca (Meyrick, 1916) Diškus et al., 2003",6119901,SYNONYM,,"(Meyrick, 1916) Diškus et al., 2003",Meyrick E. Exotic Microlepidoptera. Exotic Microlepidoptera 2: 1-32. (1916).
9448853,"Stigmella rhoifoliella (Braun, 1912) Newton et al., 1982",Stigmella rhoifoliella,SPECIES,ACCEPTED,Animalia,Arthropoda,Insecta,Lepidoptera,Nepticulidae,Stigmella,Stigmella rhoifoliella,1,Nepticula rhoifoliella,"Nepticula rhoifoliella Braun, 1912",4302184,SYNONYM,,"Braun, 1912","Braun AF. Notes on North American species of Nepticula, with descriptions of new species (Lepidoptera). Journal of the Cincinnati Society of Natural History 21: 84-101. (1912)."
9396520,"Stigmella micromelis Puplesis, 1985",Stigmella micromelis,SPECIES,ACCEPTED,Animalia,Arthropoda,Insecta,Lepidoptera,Nepticulidae,Stigmella,Stigmella micromelis,1,Stigmella crataegivora,"Stigmella crataegivora Puplesis, 1985",9563519,SYNONYM,,"Puplesis, 1985","Nieukerken EJ van, Doorenweerd C, Hoare RJB, Davis DR. Revised classification and catalogue of global Nepticulidae and Opostegidae (Lepidoptera: Nepticuloidea). ZooKeys 628: 65-246. doi: 10.3897/zookeys.628.9799. (2016)."
9449246,"Stigmella corylifoliella (Clemens, 1861) Wilkinson et al., 1979",Stigmella corylifoliella,SPECIES,ACCEPTED,Animalia,Arthropoda,Insecta,Lepidoptera,Nepticulidae,Stigmella,Stigmella corylifoliella,1,Nepticula corylifoliella,"Nepticula corylifoliella Clemens, 1861",1736256,SYNONYM,,"Clemens, 1861","Clemens B. Micro-Lepidopterous larvae. Notes on a few species, the imagos of which are probably undescribed. Proceedings of the Entomological Society of Philadelphia 1: 75-87. (1861)."
9449246,"Stigmella corylifoliella (Clemens, 1861) Wilkinson et al., 1979",Stigmella corylifoliella,SPECIES,ACCEPTED,Animalia,Arthropoda,Insecta,Lepidoptera,Nepticulidae,Stigmella,Stigmella corylifoliella,1,Nepticula exasperata,"Nepticula exasperata Braun, 1930",1736117,SYNONYM,,"Braun, 1930","Wilkinson C, Scoble MJ. The Nepticulidae (Lepidoptera) of Canada. Memoirs of the Entomological Society of Canada 111: 1-129. doi: 10.4039/entm111107fv. (1979)."
9449246,"Stigmella corylifoliella (Clemens, 1861) Wilkinson et al., 1979",Stigmella corylifoliella,SPECIES,ACCEPTED,Animalia,Arthropoda,Insecta,Lepidoptera,Nepticulidae,Stigmella,Stigmella corylifoliella,1,Nepticula minimella,"Nepticula minimella Chambers, 1873",8261833,SYNONYM,,"Chambers, 1873","Braun AF. Nepticulidae of North America. Transactions of the American Entomological Society 43: 155-209, pls. 155-158. (1917)."
9449246,"Stigmella corylifoliella (Clemens, 1861) Wilkinson et al., 1979",Stigmella corylifoliella,SPECIES,ACCEPTED,Animalia,Arthropoda,Insecta,Lepidoptera,Nepticulidae,Stigmella,Stigmella corylifoliella,1,Nepticula opulifoliella,"Nepticula opulifoliella Braun, 1914",1736061,SYNONYM,,"Braun, 1914","Wilkinson C, Scoble MJ. The Nepticulidae (Lepidoptera) of Canada. Memoirs of the Entomological Society of Canada 111: 1-129. doi: 10.4039/entm111107fv. (1979)."
9449246,"Stigmella corylifoliella (Clemens, 1861) Wilkinson et al., 1979",Stigmella corylifoliella,SPECIES,ACCEPTED,Animalia,Arthropoda,Insecta,Lepidoptera,Nepticulidae,Stigmella,Stigmella corylifoliella,1,Nepticula paludicola,"Nepticula paludicola Braun, 1917",1735975,SYNONYM,,"Braun, 1917","Wilkinson C, Scoble MJ. The Nepticulidae (Lepidoptera) of Canada. Memoirs of the Entomological Society of Canada 111: 1-129. doi: 10.4039/entm111107fv. (1979)."
9449246,"Stigmella corylifoliella (Clemens, 1861) Wilkinson et al., 1979",Stigmella corylifoliella,SPECIES,ACCEPTED,Animalia,Arthropoda,Insecta,Lepidoptera,Nepticulidae,Stigmella,Stigmella corylifoliella,1,Nepticula virginiella,"Nepticula virginiella Clemens, 1861",1736060,SYNONYM,,"Clemens, 1861","Clemens B. Micro-Lepidopterous larvae. Notes on a few species, the imagos of which are probably undescribed. Proceedings of the Entomological Society of Philadelphia 1: 75-87. (1861)."
5102454,"Stigmella samiatella (Zeller, 1839) Vári, 1950",Stigmella samiatella,SPECIES,ACCEPTED,Animalia,Arthropoda,Insecta,Lepidoptera,Nepticulidae,Stigmella,Stigmella samiatella,5,Lyonetia samiatella,"Lyonetia samiatella Zeller, 1839",8750883,HOMOTYPIC_SYNONYM,,"Zeller, 1839",Zeller PC. Versuch einer naturgemässen Eintheilung der Schaben. Isis von Oken 1839: 167-220. (1839).
5102454,"Stigmella samiatella (Zeller, 1839) Vári, 1950",Stigmella samiatella,SPECIES,ACCEPTED,Animalia,Arthropoda,Insecta,Lepidoptera,Nepticulidae,Stigmella,Stigmella samiatella,5,Nepticula chaoniella,"Nepticula chaoniella Herrich-Schäffer, 1863",9284062,SYNONYM,,"Herrich-Schäffer, 1863",Herrich-Schäffer GAW. Vorläufiger Bericht über einen Ausflug ins Engadin. Correspondenz-Blatt des zoologisch-mineralogischen Vereines in Regensburg 17: 181-188. (1863).
5102454,"Stigmella samiatella (Zeller, 1839) Vári, 1950",Stigmella samiatella,SPECIES,ACCEPTED,Animalia,Arthropoda,Insecta,Lepidoptera,Nepticulidae,Stigmella,Stigmella samiatella,5,Nepticula quercella,"Nepticula quercella Herrich-Schäffer, 1863",9485329,SYNONYM,,"Herrich-Schäffer, 1863",
5102454,"Stigmella samiatella (Zeller, 1839) Vári, 1950",Stigmella samiatella,SPECIES,ACCEPTED,Animalia,Arthropoda,Insecta,Lepidoptera,Nepticulidae,Stigmella,Stigmella samiatella,5,Nepticula samiatella,"Nepticula samiatella (Zeller, 1839) Zeller, 1848",9594227,SYNONYM,,"(Zeller, 1839) Zeller, 1848","Zeller PC. Die Gattungen der mit Augendeckeln versehenen blattminirenden Schaben. Linnaea Entomologica 3: 248-344, pl. 242. (1848)."
5102454,"Stigmella samiatella (Zeller, 1839) Vári, 1950",Stigmella samiatella,SPECIES,ACCEPTED,Animalia,Arthropoda,Insecta,Lepidoptera,Nepticulidae,Stigmella,Stigmella samiatella,5,Stigmella samiatella,Stigmella samiatella Zeller,11996253,SYNONYM,,Zeller,
5806368,"Stigmella propalaea (Meyrick, 1889) Dugdale, 1988",Stigmella propalaea,SPECIES,ACCEPTED,Animalia,Arthropoda,Insecta,Lepidoptera,Nepticulidae,Stigmella,Stigmella propalaea,0,Nepticula propalaea,"Nepticula propalaea Meyrick, 1889",1736230,SYNONYM,,"Meyrick, 1889",Meyrick E. Descriptions of New Zealand Micro-Lepidoptera. Transactions and Proceedings of the New Zealand Institute 21: 154-188. (1889).
9031593,"Stigmella nivenburgensis (Preissecker, 1942) Klimesch, 1951",Stigmella nivenburgensis,SPECIES,ACCEPTED,Animalia,Arthropoda,Insecta,Lepidoptera,Nepticulidae,Stigmella,Stigmella nivenburgensis,2,Nepticula nivenburgensis,"Nepticula nivenburgensis Preissecker, 1942",1735901,HOMOTYPIC_SYNONYM,,"Preissecker, 1942",Preissecker F. Zwei neue Nepticula-Arten aus dem Gebiete des heutigen Reichsgaues Wien. Zeitschrift des Wiener Entomologen-Vereines 27: 208-211. (1942).
9031593,"Stigmella nivenburgensis (Preissecker, 1942) Klimesch, 1951",Stigmella nivenburgensis,SPECIES,ACCEPTED,Animalia,Arthropoda,Insecta,Lepidoptera,Nepticulidae,Stigmella,Stigmella nivenburgensis,2,Stigmella populnea,"Stigmella populnea Kemperman & Wilkinson, 1985",9310048,SYNONYM,,"Kemperman & Wilkinson, 1985","Nieukerken EJ van, Doorenweerd C, Hoare RJB, Davis DR. Revised classification and catalogue of global Nepticulidae and Opostegidae (Lepidoptera: Nepticuloidea). ZooKeys 628: 65-246. doi: 10.3897/zookeys.628.9799. (2016)."
9031593,"Stigmella nivenburgensis (Preissecker, 1942) Klimesch, 1951",Stigmella nivenburgensis,SPECIES,ACCEPTED,Animalia,Arthropoda,Insecta,Lepidoptera,Nepticulidae,Stigmella,Stigmella nivenburgensis,2,Stigmella thibaulti,"Stigmella thibaulti Varenne & Nel, 2019",10808976,SYNONYM,,"Varenne & Nel, 2019",
8374211,"Stigmella thuringiaca (Petry, 1904) Gerasimov, 1952",Stigmella thuringiaca,SPECIES,ACCEPTED,Animalia,Arthropoda,Insecta,Lepidoptera,Nepticulidae,Stigmella,Stigmella thuringiaca,2,Nepticula nickerli,"Nepticula nickerli Rebel, 1908",1735935,HETEROTYPIC_SYNONYM,,"Rebel, 1908","Nickerl O. Die Motten Böhmens (Tineen). Beiträge zur Insekten- Fauna Böhmens VI. Verlag der Gesellschaft für Physiokratie, Prag: 161 pp. (1908)."
8374211,"Stigmella thuringiaca (Petry, 1904) Gerasimov, 1952",Stigmella thuringiaca,SPECIES,ACCEPTED,Animalia,Arthropoda,Insecta,Lepidoptera,Nepticulidae,Stigmella,Stigmella thuringiaca,2,Nepticula thuringiaca,"Nepticula thuringiaca Petry, 1904",1735951,HOMOTYPIC_SYNONYM,,"Petry, 1904",Petry A. Nepticula thuringiaca n. sp. Stettiner Entomologische Zeitung 65: 179-181. (1904).
8374211,"Stigmella thuringiaca (Petry, 1904) Gerasimov, 1952",Stigmella thuringiaca,SPECIES,ACCEPTED,Animalia,Arthropoda,Insecta,Lepidoptera,Nepticulidae,Stigmella,Stigmella thuringiaca,2,Stigmella thuringiaca,"Stigmella thuringiaca (Petry, 1904) Petry, 1904",12097840,HOMOTYPIC_SYNONYM,,"(Petry, 1904) Petry, 1904",
5102531,"Stigmella hybnerella (Hübner, 1796) Fletcher et al., 1945",Stigmella hybnerella,SPECIES,ACCEPTED,Animalia,Arthropoda,Insecta,Lepidoptera,Nepticulidae,Stigmella,Stigmella hybnerella,1,Caloptilia ampelipennella,"Caloptilia ampelipennella Hübner, 1825",8890613,HETEROTYPIC_SYNONYM,,"Hübner, 1825","Hübner J. Verzeichniss bekannter Schmetterlinge. Augsburg: 1-431, 431-472 pp. (1816-1826)."
5102531,"Stigmella hybnerella (Hübner, 1796) Fletcher et al., 1945",Stigmella hybnerella,SPECIES,ACCEPTED,Animalia,Arthropoda,Insecta,Lepidoptera,Nepticulidae,Stigmella,Stigmella hybnerella,1,Lithocolletis gratiosella,"Lithocolletis gratiosella (Duponchel, 1843) Bruand, 1851",9575446,SYNONYM,,"(Duponchel, 1843) Bruand, 1851",Bruand T. Catalogue systématique et synonymique des Lépidoptères du Département du Doubs. [6]Tinéides. Mémoires de la Société d'Emulation du Doubs 3: 58-92. ([1851]).
5102531,"Stigmella hybnerella (Hübner, 1796) Fletcher et al., 1945",Stigmella hybnerella,SPECIES,ACCEPTED,Animalia,Arthropoda,Insecta,Lepidoptera,Nepticulidae,Stigmella,Stigmella hybnerella,1,Lyonetia hubnerella,"Lyonetia hübnerella (Hübner, 1796) Zeller, 1839",9578653,SYNONYM,,"(Hübner, 1796) Zeller, 1839","Hübner J. Sammlung europäischer Schmetterlinge, 8. Tineae. Augsburg: pls. 1-71, 477 figs. pp. (1796-[1836])."
5102531,"Stigmella hybnerella (Hübner, 1796) Fletcher et al., 1945",Stigmella hybnerella,SPECIES,ACCEPTED,Animalia,Arthropoda,Insecta,Lepidoptera,Nepticulidae,Stigmella,Stigmella hybnerella,1,Microsetia posticella,"Microsetia posticella (Haworth, 1828) Stephens, 1834",9503810,SYNONYM,,"(Haworth, 1828) Stephens, 1834","Stephens JF. Illustrations of British Entomology, or, a synopsis of indigenous insects: containing their generic and specific distinctions; with an account of their metamorphoses, times of appearance, localities, food and economy as far as practicable. Haustellata 4. Baldwin and Cradock, London: 433, pls 433-441 pp. (1834)."
5102531,"Stigmella hybnerella (Hübner, 1796) Fletcher et al., 1945",Stigmella hybnerella,SPECIES,ACCEPTED,Animalia,Arthropoda,Insecta,Lepidoptera,Nepticulidae,Stigmella,Stigmella hybnerella,1,Nepticula gratiosella,"Nepticula gratiosella (Duponchel, 1843) Stainton, 1849",11083018,SYNONYM,,"(Duponchel, 1843) Stainton, 1849","Stainton HT. An attempt at a systematic catalogue of the British Tineidae & Pterophoridae. John van Voorst, London: iv+ 32 pp. (1849)."
5102531,"Stigmella hybnerella (Hübner, 1796) Fletcher et al., 1945",Stigmella hybnerella,SPECIES,ACCEPTED,Animalia,Arthropoda,Insecta,Lepidoptera,Nepticulidae,Stigmella,Stigmella hybnerella,1,Nepticula hybnerella,"Nepticula hybnerella (Hübner, 1796)",9833509,SYNONYM,,"(Hübner, 1796) ",
5102531,"Stigmella hybnerella (Hübner, 1796) Fletcher et al., 1945",Stigmella hybnerella,SPECIES,ACCEPTED,Animalia,Arthropoda,Insecta,Lepidoptera,Nepticulidae,Stigmella,Stigmella hybnerella,1,Nepticula ignobilella,"Nepticula ignobilella Stainton, 1849",8914766,HETEROTYPIC_SYNONYM,,"Stainton, 1849","Stainton HT. An attempt at a systematic catalogue of the British Tineidae & Pterophoridae. John van Voorst, London: iv+ 32 pp. (1849)."
5102531,"Stigmella hybnerella (Hübner, 1796) Fletcher et al., 1945",Stigmella hybnerella,SPECIES,ACCEPTED,Animalia,Arthropoda,Insecta,Lepidoptera,Nepticulidae,Stigmella,Stigmella hybnerella,1,Nepticula latifasciella,"Nepticula latifasciella Herrich-Schäffer, 1855",1736016,HETEROTYPIC_SYNONYM,,"Herrich-Schäffer, 1855","Herrich-Schäffer GAW. Systematische Bearbeitung der Schmetterlinge von Europa, zugleich als Text, Revision und Supplement zu Jakob Hübner's Sammlung europäischer Schmetterlinge, 5, Die Schaben und Federmotten. G. J. Manz, Regensburg, 289-394. (1855)."
5102531,"Stigmella hybnerella (Hübner, 1796) Fletcher et al., 1945",Stigmella hybnerella,SPECIES,ACCEPTED,Animalia,Arthropoda,Insecta,Lepidoptera,Nepticulidae,Stigmella,Stigmella hybnerella,1,Oecophora gratiosella,"Oecophora gratiosella Duponchel, 1843",9135923,HETEROTYPIC_SYNONYM,,"Duponchel, 1843","Duponchel PAJ. Nocturnes, Supplément 4. In: Godart J-B (Ed) Histoire naturelle des Lépidoptères ou papillons de France. Méquignon-Marvis, Paris, li-xc, 9-554, pls 551-590. ([1842-1845])."
5102531,"Stigmella hybnerella (Hübner, 1796) Fletcher et al., 1945",Stigmella hybnerella,SPECIES,ACCEPTED,Animalia,Arthropoda,Insecta,Lepidoptera,Nepticulidae,Stigmella,Stigmella hybnerella,1,Stigmella gratiosella,"Stigmella gratiosella (Duponchel, 1843) Beirne, 1945",9384936,SYNONYM,,"(Duponchel, 1843) Beirne, 1945","Duponchel PAJ. Nocturnes, Supplément 4. In: Godart J-B (Ed) Histoire naturelle des Lépidoptères ou papillons de France. Méquignon-Marvis, Paris, li-xc, 9-554, pls 551-590. ([1842-1845])."
5102531,"Stigmella hybnerella (Hübner, 1796) Fletcher et al., 1945",Stigmella hybnerella,SPECIES,ACCEPTED,Animalia,Arthropoda,Insecta,Lepidoptera,Nepticulidae,Stigmella,Stigmella hybnerella,1,Stigmella hybnerella,Stigmella hybnerella Hubner,7532946,SYNONYM,,Hubner,
5102531,"Stigmella hybnerella (Hübner, 1796) Fletcher et al., 1945",Stigmella hybnerella,SPECIES,ACCEPTED,Animalia,Arthropoda,Insecta,Lepidoptera,Nepticulidae,Stigmella,Stigmella hybnerella,1,Stigmella ignobilella,"Stigmella ignobilella (Stainton, 1849) Fletcher et al., 1945",9266584,SYNONYM,,"(Stainton, 1849) Fletcher et al., 1945","Stainton HT. An attempt at a systematic catalogue of the British Tineidae & Pterophoridae. John van Voorst, London: iv+ 32 pp. (1849)."
5102531,"Stigmella hybnerella (Hübner, 1796) Fletcher et al., 1945",Stigmella hybnerella,SPECIES,ACCEPTED,Animalia,Arthropoda,Insecta,Lepidoptera,Nepticulidae,Stigmella,Stigmella hybnerella,1,Tinea hybnerella,"Tinea hybnerella Hübner, 1796",9161763,HOMOTYPIC_SYNONYM,,"Hübner, 1796","Hübner J. Sammlung europäischer Schmetterlinge, 8. Tineae. Augsburg: pls. 1-71, 477 figs. pp. (1796-[1836])."
5102531,"Stigmella hybnerella (Hübner, 1796) Fletcher et al., 1945",Stigmella hybnerella,SPECIES,ACCEPTED,Animalia,Arthropoda,Insecta,Lepidoptera,Nepticulidae,Stigmella,Stigmella hybnerella,1,Tinea posticella,"Tinea posticella Haworth, 1828",8771199,HETEROTYPIC_SYNONYM,,"Haworth, 1828","Stainton HT. An attempt at a systematic catalogue of the British Tineidae & Pterophoridae. John van Voorst, London: iv+ 32 pp. (1849)."
8260255,"Stigmella filipendulae (Wocke, 1871) Gerasimov, 1952",Stigmella filipendulae,SPECIES,ACCEPTED,Animalia,Arthropoda,Insecta,Lepidoptera,Nepticulidae,Stigmella,Stigmella filipendulae,1,Nepticula filipendulae,"Nepticula filipendulae Wocke, 1871",1736088,HOMOTYPIC_SYNONYM,,"Wocke, 1871","Wocke M. II. Microlepidoptera. In: Staudinger O, Wocke M (Eds) Catalog der Lepidopteren des europäischen Faunengebiets, II Microlepidoptera Catalogue ou enumération méthodique des lépidoptères qui habitent le terroire de la faune Européenne,II Microlepidoptera. O. Staudinger & Hermann. (1871)."
8260255,"Stigmella filipendulae (Wocke, 1871) Gerasimov, 1952",Stigmella filipendulae,SPECIES,ACCEPTED,Animalia,Arthropoda,Insecta,Lepidoptera,Nepticulidae,Stigmella,Stigmella filipendulae,1,Nepticula ulmariae,"Nepticula ulmariae Wocke, 1879",1735993,HETEROTYPIC_SYNONYM,,"Wocke, 1879","Wocke MF. Lepidopterologische Mitteilungen. Zeitschrift für Entomologie (Breslau), N F 7: 70-80. (1879)."
8260255,"Stigmella filipendulae (Wocke, 1871) Gerasimov, 1952",Stigmella filipendulae,SPECIES,ACCEPTED,Animalia,Arthropoda,Insecta,Lepidoptera,Nepticulidae,Stigmella,Stigmella filipendulae,1,Stigmella filipendulae,Stigmella filipendulae Wocke,12050774,SYNONYM,,Wocke,
8260255,"Stigmella filipendulae (Wocke, 1871) Gerasimov, 1952",Stigmella filipendulae,SPECIES,ACCEPTED,Animalia,Arthropoda,Insecta,Lepidoptera,Nepticulidae,Stigmella,Stigmella filipendulae,1,Stigmella palmatae,"Stigmella palmatae Puplesis, 1984",9313002,SYNONYM,,"Puplesis, 1984","Nieukerken EJ van, Doorenweerd C, Hoare RJB, Davis DR. Revised classification and catalogue of global Nepticulidae and Opostegidae (Lepidoptera: Nepticuloidea). ZooKeys 628: 65-246. doi: 10.3897/zookeys.628.9799. (2016)."
8260255,"Stigmella filipendulae (Wocke, 1871) Gerasimov, 1952",Stigmella filipendulae,SPECIES,ACCEPTED,Animalia,Arthropoda,Insecta,Lepidoptera,Nepticulidae,Stigmella,Stigmella filipendulae,1,Stigmella ulmariae,"Stigmella ulmariae (Wocke, 1879) Gerasimov, 1952",6097280,SYNONYM,,"(Wocke, 1879) Gerasimov, 1952","Gerasimov AM. Nasekomye Cheshuekrylye. I, 2, Gusenicy 1. Zoological Institute, Academy of Sciences USSR, Moskva, Leningrad, Fauna SSSR N.S. 56: 1-338 pp. (1952)."
8260255,"Stigmella filipendulae (Wocke, 1871) Gerasimov, 1952",Stigmella filipendulae,SPECIES,ACCEPTED,Animalia,Arthropoda,Insecta,Lepidoptera,Nepticulidae,Stigmella,Stigmella filipendulae,1,Stigmella ulmariae,Stigmella ulmariae Wocke,11332201,SYNONYM,,Wocke,
9184843,"Stigmella muricatella (Klimesch, 1978) van Nieukerken, 1986",Stigmella muricatella,SPECIES,ACCEPTED,Animalia,Arthropoda,Insecta,Lepidoptera,Nepticulidae,Stigmella,Stigmella muricatella,1,Nepticula muricatella,"Nepticula muricatella Klimesch, 1978",1736170,HOMOTYPIC_SYNONYM,,"Klimesch, 1978","Klimesch J. Beitrag zur Kenntnis der Nepticulidenfauna von Anatolien und der Insel Rhodos (Lepidoptera, Nepticulidae). Tijdschrift voor Entomologie 121: 239-278. doi: http://biostor.org/reference/49889. (1978)."
5806376,"Stigmella insignis (Philpott, 1927) Dugdale, 1988",Stigmella insignis,SPECIES,ACCEPTED,Animalia,Arthropoda,Insecta,Lepidoptera,Nepticulidae,Stigmella,Stigmella insignis,0,Nepticula insignis,"Nepticula insignis Philpott, 1927",1735884,SYNONYM,,"Philpott, 1927",Philpott A. Notes and descriptions of New Zealand Lepidoptera. Transactions and Proceedings of the New Zealand Institute 58: 80-90. (1927).
8804273,"Stigmella amygdali (Klimesch, 1978) van Nieukerken, 1986",Stigmella amygdali,SPECIES,ACCEPTED,Animalia,Arthropoda,Insecta,Lepidoptera,Nepticulidae,Stigmella,Stigmella amygdali,2,Nepticula amygdali,"Nepticula amygdali Klimesch, 1978",1736074,HOMOTYPIC_SYNONYM,,"Klimesch, 1978","Klimesch J. Beitrag zur Kenntnis der Nepticulidenfauna von Anatolien und der Insel Rhodos (Lepidoptera, Nepticulidae). Tijdschrift voor Entomologie 121: 239-278. doi: http://biostor.org/reference/49889. (1978)."
8572993,"Stigmella tranocrossa Kemperman & Wilkinson, 1985",Stigmella tranocrossa,SPECIES,ACCEPTED,Animalia,Arthropoda,Insecta,Lepidoptera,Nepticulidae,Stigmella,Stigmella tranocrossa,1,Stigmella ussurica,"Stigmella ussurica Puplesis, 1987",9271467,SYNONYM,,"Puplesis, 1987","Puplesis RK. Kratkij zoogeograficheskij obzor molej-malyutok (Lepidoptera, Nepticulidae) yuga Dal'nego Vostoka s opisaniem novykh vidov [A short zoogeographical survey of Nepticulidae from the south of the Far East with descriptions of new species.]. In: Ler PA, Kirpichnikova VA, Kononenko VS (Eds) Cheshuekrylye Dal'nego Vostoka SSSR [Lepidoptera of the Far East of the USSR]. Far East Scientific Center, Vladivostok, 4-13. (1987)."
5769764,"Stigmella svenssoni (Johansson, 1971) Emmet, 1976",Stigmella svenssoni,SPECIES,ACCEPTED,Animalia,Arthropoda,Insecta,Lepidoptera,Nepticulidae,Stigmella,Stigmella svenssoni,1,Nepticula svenssoni,"Nepticula svenssoni Johansson, 1971",1736129,HOMOTYPIC_SYNONYM,,"Johansson, 1971",Johansson R. Notes on the Nepticulidae (Lepidoptera) I. A revision of the Nepticula ruficapitella group. Entomologica Scandinavica 2: 241-262. doi: 10.1163/187631271X00257. (1971).
5769764,"Stigmella svenssoni (Johansson, 1971) Emmet, 1976",Stigmella svenssoni,SPECIES,ACCEPTED,Animalia,Arthropoda,Insecta,Lepidoptera,Nepticulidae,Stigmella,Stigmella svenssoni,1,Stigmella svenssoni,Stigmella svenssoni Johansson,11976348,SYNONYM,,Johansson,
5102474,"Stigmella ruficapitella (Haworth, 1828) Beirne, 1945",Stigmella ruficapitella,SPECIES,ACCEPTED,Animalia,Arthropoda,Insecta,Lepidoptera,Nepticulidae,Stigmella,Stigmella ruficapitella,1,Microsetia ruficapitella,"Microsetia ruficapitella (Haworth, 1828) Stephens, 1834",9365918,SYNONYM,,"(Haworth, 1828) Stephens, 1834","Stephens JF. Illustrations of British Entomology, or, a synopsis of indigenous insects: containing their generic and specific distinctions; with an account of their metamorphoses, times of appearance, localities, food and economy as far as practicable. Haustellata 4. Baldwin and Cradock, London: 433, pls 433-441 pp. (1834)."
5102474,"Stigmella ruficapitella (Haworth, 1828) Beirne, 1945",Stigmella ruficapitella,SPECIES,ACCEPTED,Animalia,Arthropoda,Insecta,Lepidoptera,Nepticulidae,Stigmella,Stigmella ruficapitella,1,Microsetia violaceella,"Microsetia violaceella (Haworth, 1828) Stephens, 1834",9484160,SYNONYM,,"(Haworth, 1828) Stephens, 1834","Stephens JF. Illustrations of British Entomology, or, a synopsis of indigenous insects: containing their generic and specific distinctions; with an account of their metamorphoses, times of appearance, localities, food and economy as far as practicable. Haustellata 4. Baldwin and Cradock, London: 433, pls 433-441 pp. (1834)."
5102474,"Stigmella ruficapitella (Haworth, 1828) Beirne, 1945",Stigmella ruficapitella,SPECIES,ACCEPTED,Animalia,Arthropoda,Insecta,Lepidoptera,Nepticulidae,Stigmella,Stigmella ruficapitella,1,Nepticula lamprotornella,"Nepticula lamprotornella Heyden, 1855",9595425,SYNONYM,,"Heyden, 1855","Herrich-Schäffer GAW. Systema Lepidopterorum Europae. Systematisches Verzeichniss der Europäischen Schmetterlinge. In: Herrich-Schäffer GAW (Ed) Systematische Bearbeitung der Schmetterlinge von Europa, zugleich als Text, Revision und Supplement zu Jakob Hübner's Sammlung europäischer Schmetterlinge, 6. G. J. Manz, Regensburg, 61-72. (1855)."
5102474,"Stigmella ruficapitella (Haworth, 1828) Beirne, 1945",Stigmella ruficapitella,SPECIES,ACCEPTED,Animalia,Arthropoda,Insecta,Lepidoptera,Nepticulidae,Stigmella,Stigmella ruficapitella,1,Nepticula ruficapitella,"Nepticula ruficapitella (Haworth, 1828) Stainton, 1849",11104011,SYNONYM,,"(Haworth, 1828) Stainton, 1849","Stainton HT. An attempt at a systematic catalogue of the British Tineidae & Pterophoridae. John van Voorst, London: iv+ 32 pp. (1849)."
5102474,"Stigmella ruficapitella (Haworth, 1828) Beirne, 1945",Stigmella ruficapitella,SPECIES,ACCEPTED,Animalia,Arthropoda,Insecta,Lepidoptera,Nepticulidae,Stigmella,Stigmella ruficapitella,1,Stigmella ruficapitella,Stigmella ruficapitella Haworth,12093753,SYNONYM,,Haworth,
5102474,"Stigmella ruficapitella (Haworth, 1828) Beirne, 1945",Stigmella ruficapitella,SPECIES,ACCEPTED,Animalia,Arthropoda,Insecta,Lepidoptera,Nepticulidae,Stigmella,Stigmella ruficapitella,1,Tinea ruficapitella,"Tinea ruficapitella Haworth, 1828",9099280,HOMOTYPIC_SYNONYM,,"Haworth, 1828","Haworth AH. Lepidoptera Britannica; sistens digestionem novam Insectorum Lepidopterorum quae in Magna Britannia reperiuntur, larvarum pabulo, temporeque pascendi; expansione alarum; mensibusque volandi; synonymis atque locis observationibusque variis. 4. J. Murray, London: 513-609 pp. (1828)."
5102474,"Stigmella ruficapitella (Haworth, 1828) Beirne, 1945",Stigmella ruficapitella,SPECIES,ACCEPTED,Animalia,Arthropoda,Insecta,Lepidoptera,Nepticulidae,Stigmella,Stigmella ruficapitella,1,Tinea violacella,"Tinea violacella Haworth, 1828",9558754,SYNONYM,,"Haworth, 1828","Stainton HT. An attempt at a systematic catalogue of the British Tineidae & Pterophoridae. John van Voorst, London: iv+ 32 pp. (1849)."
9413651,"Stigmella ceanothi (Braun, 1910) Newton et al., 1982",Stigmella ceanothi,SPECIES,ACCEPTED,Animalia,Arthropoda,Insecta,Lepidoptera,Nepticulidae,Stigmella,Stigmella ceanothi,1,Nepticula ceanothi,"Nepticula ceanothi Braun, 1910",4302185,SYNONYM,,"Braun, 1910",Braun AF. New species of Tineina from California. Entomological News 21: 171-179. (1910).
5806385,"Stigmella fulva (Watt, 1921) Dugdale, 1988",Stigmella fulva,SPECIES,ACCEPTED,Animalia,Arthropoda,Insecta,Lepidoptera,Nepticulidae,Stigmella,Stigmella fulva,0,Nepticula fulva,"Nepticula fulva Watt, 1921",1735892,SYNONYM,,"Watt, 1921","Watt MN. The leaf-mining insects of New Zealand: Part II. The genus Nepticula (Lepidoptera). Transactions and Proceedings of the New Zealand Institute 53: 197-219, pls xl-xliii. (1921)."
9597411,"Stigmella symmora (Meyrick, 1906) Nielsen, 1996",Stigmella symmora,SPECIES,ACCEPTED,Animalia,Arthropoda,Insecta,Lepidoptera,Nepticulidae,Stigmella,Stigmella symmora,0,Nepticula symmora,"Nepticula symmora Meyrick, 1906",1736113,SYNONYM,,"Meyrick, 1906",Meyrick E. Descriptions of Australian Tineina. Transactions of the Royal Society of South Australia 30: 33-66. (1906).
9608585,"Stigmella crataegifoliella (Clemens, 1861) Wilkinson et al., 1979",Stigmella crataegifoliella,SPECIES,ACCEPTED,Animalia,Arthropoda,Insecta,Lepidoptera,Nepticulidae,Stigmella,Stigmella crataegifoliella,2,Nepticula crataegifoliella,"Nepticula crataegifoliella Clemens, 1861",1736210,SYNONYM,,"Clemens, 1861","Clemens B. Micro-Lepidopterous larvae. Notes on a few species, the imagos of which are probably undescribed. Proceedings of the Entomological Society of Philadelphia 1: 75-87. (1861)."
9162274,"Stigmella wollofella (Gustafsson, 1972) Gustafsson, 1985",Stigmella wollofella,SPECIES,ACCEPTED,Animalia,Arthropoda,Insecta,Lepidoptera,Nepticulidae,Stigmella,Stigmella wollofella,0,Nepticula mandingella,"Nepticula mandingella Gustafsson, 1972",9287569,SYNONYM,,"Gustafsson, 1972",Gustafsson B. Three new species of Nepticula from Gambia (Lep. Nepticulidae). Entomologisk Tidskrift 93: 156-159. (1972).
9162274,"Stigmella wollofella (Gustafsson, 1972) Gustafsson, 1985",Stigmella wollofella,SPECIES,ACCEPTED,Animalia,Arthropoda,Insecta,Lepidoptera,Nepticulidae,Stigmella,Stigmella wollofella,0,Nepticula wollofella,"Nepticula wollofella Gustafsson, 1972",1735942,SYNONYM,,"Gustafsson, 1972",Gustafsson B. Three new species of Nepticula from Gambia (Lep. Nepticulidae). Entomologisk Tidskrift 93: 156-159. (1972).
9162274,"Stigmella wollofella (Gustafsson, 1972) Gustafsson, 1985",Stigmella wollofella,SPECIES,ACCEPTED,Animalia,Arthropoda,Insecta,Lepidoptera,Nepticulidae,Stigmella,Stigmella wollofella,0,Stigmella mandingella,"Stigmella mandingella (Gustafsson, 1972) Diškus et al., 2003",9195892,SYNONYM,,"(Gustafsson, 1972) Diškus et al., 2003","Diškus A, Puplesis R. Catalogue of the world Nepticuloidea & Tischerioidea. In: Puplesis R, Diškus A (Eds) Nepticuloidea ir Tischerioidea (Lepidoptera) pasaulio ir lietuvos faunoje The Nepticuloidea & Tischerioidea (Lepidoptera) - a global review, with strategic regional revisions. Lutute publishers, Kaunas, 318-436. (2003)."
5102518,"Stigmella spinosissimae (Waters, 1928) Beirne, 1945",Stigmella spinosissimae,SPECIES,ACCEPTED,Animalia,Arthropoda,Insecta,Lepidoptera,Nepticulidae,Stigmella,Stigmella spinosissimae,1,Nepticula spinosissimae,"Nepticula spinosissimae Waters, 1928",9023099,HOMOTYPIC_SYNONYM,,"Waters, 1928",Waters EGR. A new Nepticula from North Wales. Entomologist's Monthly Magazine 64: 105-106. (1928).
5102518,"Stigmella spinosissimae (Waters, 1928) Beirne, 1945",Stigmella spinosissimae,SPECIES,ACCEPTED,Animalia,Arthropoda,Insecta,Lepidoptera,Nepticulidae,Stigmella,Stigmella spinosissimae,1,Stigmella spinosissimae,Stigmella spinosissimae Waters,11946580,SYNONYM,,Waters,
5102547,"Stigmella stettinensis (Heinemann, 1871) Gerasimov, 1952",Stigmella stettinensis,SPECIES,ACCEPTED,Animalia,Arthropoda,Insecta,Lepidoptera,Nepticulidae,Stigmella,Stigmella stettinensis,1,Nepticula stettinensis,"Nepticula stettinensis Heinemann, 1871",8912170,PROPARTE_SYNONYM,,"Heinemann, 1871",Heinemann H von. Nachtrag zu den Bemerkungen über die Arten der Gattung Nepticula. Berliner Entomologische Zeitschrift 15: 209-223. (1871).
9547390,"Stigmella turbatrix Puplesis, 1994",Stigmella turbatrix,SPECIES,ACCEPTED,Animalia,Arthropoda,Insecta,Lepidoptera,Nepticulidae,Stigmella,Stigmella turbatrix,1,Stigmella celtivora,"Stigmella celtivora Dovnar-Zapolski, 1969",9240440,SYNONYM,,"Dovnar-Zapolski, 1969","Dovnar-Zapolski DP. Miniruyushchie nasekomye na rasteniyakh Kirgizii i sopredel'nykh territorij. [Mining insects on plants of Kirgizia and neighbourhood territory]. Akademiya Nauk Kirgizskoj SSR, Frunze: 149 pp. (1969)."
7508403,"Stigmella lonicerarum (Frey, 1857) Gerasimov, 1952",Stigmella lonicerarum,SPECIES,ACCEPTED,Animalia,Arthropoda,Insecta,Lepidoptera,Nepticulidae,Stigmella,Stigmella lonicerarum,1,Nepticula lonicerarum,"Nepticula lonicerarum Frey, 1857",1736232,HOMOTYPIC_SYNONYM,,"Frey, 1857",Frey H. Revision der Nepticulen. Linnaea Entomologica 11: 351-446. (1857).
5769729,"Stigmella sorbi (Stainton, 1861) Fletcher et al., 1945",Stigmella sorbi,SPECIES,ACCEPTED,Animalia,Arthropoda,Insecta,Lepidoptera,Nepticulidae,Stigmella,Stigmella sorbi,1,Nepticula sorbi,"Nepticula sorbi Stainton, 1861",1736134,HOMOTYPIC_SYNONYM,,"Stainton, 1861",Stainton HT. Lepidoptera. New British species in 1860. Entomologist's Annual 1861: 82-92. (1861).
5769729,"Stigmella sorbi (Stainton, 1861) Fletcher et al., 1945",Stigmella sorbi,SPECIES,ACCEPTED,Animalia,Arthropoda,Insecta,Lepidoptera,Nepticulidae,Stigmella,Stigmella sorbi,1,Nepticula sorbiella,"Nepticula sorbiella Porritt, 1883",9590606,SYNONYM,,"Porritt, 1883","Porritt GT. List of Yorkshire Lepidoptera. Transactions of the Yorkshire Naturalist's Union, Series D Entomology 2: 1-198. doi: http://dx.doi.org/10.5962/bhl.title.7900. (1883)."
5769729,"Stigmella sorbi (Stainton, 1861) Fletcher et al., 1945",Stigmella sorbi,SPECIES,ACCEPTED,Animalia,Arthropoda,Insecta,Lepidoptera,Nepticulidae,Stigmella,Stigmella sorbi,1,Stigmella cotoneastrella,"Stigmella cotoneastrella (Weber, 1936) Hering, 1957",9488878,SYNONYM,,"(Weber, 1936) Hering, 1957","Hering EM. Bestimmungstabellen der Blattminnen von Europa, 3 vols. Junk, 's-Gravenhage: 1185 pp. (1957)."
5769729,"Stigmella sorbi (Stainton, 1861) Fletcher et al., 1945",Stigmella sorbi,SPECIES,ACCEPTED,Animalia,Arthropoda,Insecta,Lepidoptera,Nepticulidae,Stigmella,Stigmella sorbi,1,Stigmella sorbi,Stigmella sorbi Stainton,12073327,SYNONYM,,Stainton,
5806381,"Stigmella cypracma (Meyrick, 1916) Dugdale, 1988",Stigmella cypracma,SPECIES,ACCEPTED,Animalia,Arthropoda,Insecta,Lepidoptera,Nepticulidae,Stigmella,Stigmella cypracma,0,Nepticula cypracma,"Nepticula cypracma Meyrick, 1916",1736137,SYNONYM,,"Meyrick, 1916",Meyrick E. Descriptions of New Zealand Lepidoptera. Transactions and Proceedings of the New Zealand Institute 48: 414-419. (1916).
5806381,"Stigmella cypracma (Meyrick, 1916) Dugdale, 1988",Stigmella cypracma,SPECIES,ACCEPTED,Animalia,Arthropoda,Insecta,Lepidoptera,Nepticulidae,Stigmella,Stigmella cypracma,0,Nepticula perissopa,"Nepticula perissopa Meyrick, 1919",1735881,SYNONYM,,"Meyrick, 1919",Meyrick E. Descriptions of New Zealand Lepidoptera. Transactions and Proceedings of the New Zealand Institute 51: 349-354. (1919).
5806381,"Stigmella cypracma (Meyrick, 1916) Dugdale, 1988",Stigmella cypracma,SPECIES,ACCEPTED,Animalia,Arthropoda,Insecta,Lepidoptera,Nepticulidae,Stigmella,Stigmella cypracma,0,Stigmella perissopa,"Stigmella perissopa (Meyrick, 1919) Dugdale, 1988",9494546,SYNONYM,,"(Meyrick, 1919) Dugdale, 1988","Dugdale JS. Lepidoptera : annotated catalogue, and keys to family-group taxa. Fauna of New Zealand 14: 1-262. (1988)."
9436605,"Stigmella isochalca (Meyrick, 1916) Diškus et al., 2003",Stigmella isochalca,SPECIES,ACCEPTED,Animalia,Arthropoda,Insecta,Lepidoptera,Nepticulidae,Stigmella,Stigmella isochalca,2,Nepticula isochalca,"Nepticula isochalca Meyrick, 1916",1736192,SYNONYM,,"Meyrick, 1916",Meyrick E. Exotic Microlepidoptera. Exotic Microlepidoptera 2: 1-32. (1916).
9291549,"Stigmella prunifoliella (Clemens, 1861) Newton et al., 1982",Stigmella prunifoliella,SPECIES,ACCEPTED,Animalia,Arthropoda,Insecta,Lepidoptera,Nepticulidae,Stigmella,Stigmella prunifoliella,1,Nepticula bifasciella,"Nepticula bifasciella Clemens, 1862",1736029,SYNONYM,,"Clemens, 1862","Newton PJ, Wilkinson C. A taxonomic revision of the North American species of Stigmella (Lepidoptera: Nepticulidae). Systematic Entomology 7: 367-463. doi: 10.1111/j.1365-3113.1982.tb00455.x. (1982)."
9291549,"Stigmella prunifoliella (Clemens, 1861) Newton et al., 1982",Stigmella prunifoliella,SPECIES,ACCEPTED,Animalia,Arthropoda,Insecta,Lepidoptera,Nepticulidae,Stigmella,Stigmella prunifoliella,1,Nepticula prunifoliella,"Nepticula prunifoliella Clemens, 1861",1736214,SYNONYM,,"Clemens, 1861","Clemens B. Micro-Lepidopterous larvae. Notes on a few species, the imagos of which are probably undescribed. Proceedings of the Entomological Society of Philadelphia 1: 75-87. (1861)."
9291549,"Stigmella prunifoliella (Clemens, 1861) Newton et al., 1982",Stigmella prunifoliella,SPECIES,ACCEPTED,Animalia,Arthropoda,Insecta,Lepidoptera,Nepticulidae,Stigmella,Stigmella prunifoliella,1,Nepticula serotinaeella,"Nepticula serotinaeella Chambers, 1873",9481240,SYNONYM,,"Chambers, 1873",Chambers VT. Micro-lepidoptera. Canadian Entomologist 5: 124-128. (1873).
9291549,"Stigmella prunifoliella (Clemens, 1861) Newton et al., 1982",Stigmella prunifoliella,SPECIES,ACCEPTED,Animalia,Arthropoda,Insecta,Lepidoptera,Nepticulidae,Stigmella,Stigmella prunifoliella,1,Stigmella bifasciella,"Stigmella bifasciella (Clemens, 1862) Wilkinson et al., 1979",9477444,SYNONYM,,"(Clemens, 1862) Wilkinson et al., 1979","Wilkinson C, Scoble MJ. The Nepticulidae (Lepidoptera) of Canada. Memoirs of the Entomological Society of Canada 111: 1-129. doi: 10.4039/entm111107fv. (1979)."
9393066,"Stigmella hylomaga (Meyrick, 1931) Davis, 1984",Stigmella hylomaga,SPECIES,ACCEPTED,Animalia,Arthropoda,Insecta,Lepidoptera,Nepticulidae,Stigmella,Stigmella hylomaga,0,Nepticula hylomaga,"Nepticula hylomaga Meyrick, 1931",1735992,SYNONYM,,"Meyrick, 1931",Meyrick E. Micro-Lepidoptera from south Chile and Argentina. Anales del Museo Nacional de Historia Natural de Buenos Aires 36: 377-415. (1931).
9393066,"Stigmella hylomaga (Meyrick, 1931) Davis, 1984",Stigmella hylomaga,SPECIES,ACCEPTED,Animalia,Arthropoda,Insecta,Lepidoptera,Nepticulidae,Stigmella,Stigmella hylomaga,0,Stigmella hylomaga,"Stigmella hylomaga (Meyrick, 1931) Meyrick, 1931",9387758,SYNONYM,,"(Meyrick, 1931) Meyrick, 1931",
5102449,"Stigmella atricapitella (Haworth, 1828) Beirne, 1945",Stigmella atricapitella,SPECIES,ACCEPTED,Animalia,Arthropoda,Insecta,Lepidoptera,Nepticulidae,Stigmella,Stigmella atricapitella,1,Microsetia atricapitella,"Microsetia atricapitella (Haworth, 1828) Stephens, 1834",9442273,SYNONYM,,"(Haworth, 1828) Stephens, 1834","Stephens JF. Illustrations of British Entomology, or, a synopsis of indigenous insects: containing their generic and specific distinctions; with an account of their metamorphoses, times of appearance, localities, food and economy as far as practicable. Haustellata 4. Baldwin and Cradock, London: 433, pls 433-441 pp. (1834)."
5102449,"Stigmella atricapitella (Haworth, 1828) Beirne, 1945",Stigmella atricapitella,SPECIES,ACCEPTED,Animalia,Arthropoda,Insecta,Lepidoptera,Nepticulidae,Stigmella,Stigmella atricapitella,1,Nepticula atricapitella,"Nepticula atricapitella (Haworth, 1828) Stainton, 1849",9516575,SYNONYM,,"(Haworth, 1828) Stainton, 1849","Stainton HT. An attempt at a systematic catalogue of the British Tineidae & Pterophoridae. John van Voorst, London: iv+ 32 pp. (1849)."
5102449,"Stigmella atricapitella (Haworth, 1828) Beirne, 1945",Stigmella atricapitella,SPECIES,ACCEPTED,Animalia,Arthropoda,Insecta,Lepidoptera,Nepticulidae,Stigmella,Stigmella atricapitella,1,Nepticula discrepans,"Nepticula discrepans Sorhagen, 1922",1736033,HETEROTYPIC_SYNONYM,,"Sorhagen, 1922","Nieukerken EJ van, Johansson R. Identity of hitherto doubtful specific names in European Nepticulidae (Lepidoptera). Zoologische Mededelingen (Leiden) 61: 459-474. (1987)."
5102449,"Stigmella atricapitella (Haworth, 1828) Beirne, 1945",Stigmella atricapitella,SPECIES,ACCEPTED,Animalia,Arthropoda,Insecta,Lepidoptera,Nepticulidae,Stigmella,Stigmella atricapitella,1,Stigmella atricapitella,Stigmella atricapitella Haworth,11962528,SYNONYM,,Haworth,
5102449,"Stigmella atricapitella (Haworth, 1828) Beirne, 1945",Stigmella atricapitella,SPECIES,ACCEPTED,Animalia,Arthropoda,Insecta,Lepidoptera,Nepticulidae,Stigmella,Stigmella atricapitella,1,Stigmella discrepans,"Stigmella discrepans (Sorhagen, 1922) Gerasimov, 1952",9254474,SYNONYM,,"(Sorhagen, 1922) Gerasimov, 1952","Gerasimov AM. Nasekomye Cheshuekrylye. I, 2, Gusenicy 1. Zoological Institute, Academy of Sciences USSR, Moskva, Leningrad, Fauna SSSR N.S. 56: 1-338 pp. (1952)."
5102449,"Stigmella atricapitella (Haworth, 1828) Beirne, 1945",Stigmella atricapitella,SPECIES,ACCEPTED,Animalia,Arthropoda,Insecta,Lepidoptera,Nepticulidae,Stigmella,Stigmella atricapitella,1,Tinea atricapitella,"Tinea atricapitella Haworth, 1828",8946988,HOMOTYPIC_SYNONYM,,"Haworth, 1828","Haworth AH. Lepidoptera Britannica; sistens digestionem novam Insectorum Lepidopterorum quae in Magna Britannia reperiuntur, larvarum pabulo, temporeque pascendi; expansione alarum; mensibusque volandi; synonymis atque locis observationibusque variis. 4. J. Murray, London: 513-609 pp. (1828)."
5769783,"Stigmella roborella (Johansson, 1971) Emmet, 1976",Stigmella roborella,SPECIES,ACCEPTED,Animalia,Arthropoda,Insecta,Lepidoptera,Nepticulidae,Stigmella,Stigmella roborella,3,Nepticula roborella,"Nepticula roborella Johansson, 1971",1736195,HOMOTYPIC_SYNONYM,,"Johansson, 1971",Johansson R. Notes on the Nepticulidae (Lepidoptera) I. A revision of the Nepticula ruficapitella group. Entomologica Scandinavica 2: 241-262. doi: 10.1163/187631271X00257. (1971).
5769783,"Stigmella roborella (Johansson, 1971) Emmet, 1976",Stigmella roborella,SPECIES,ACCEPTED,Animalia,Arthropoda,Insecta,Lepidoptera,Nepticulidae,Stigmella,Stigmella roborella,3,Stigmella roborella,Stigmella roborella Johansson,12077189,SYNONYM,,Johansson,
5102471,"Stigmella tiliae (Frey, 1856) Beirne, 1945",Stigmella tiliae,SPECIES,ACCEPTED,Animalia,Arthropoda,Insecta,Lepidoptera,Nepticulidae,Stigmella,Stigmella tiliae,1,Nepticula tiliae,"Nepticula tiliae Frey, 1856",8720716,HOMOTYPIC_SYNONYM,,"Frey, 1856","Frey H. Die Tineen und Pterophoren der Schweiz. Meyer & Zeller, Zürich: xii+430 pp. (1856)."
5102471,"Stigmella tiliae (Frey, 1856) Beirne, 1945",Stigmella tiliae,SPECIES,ACCEPTED,Animalia,Arthropoda,Insecta,Lepidoptera,Nepticulidae,Stigmella,Stigmella tiliae,1,Stigmella tiliae,Stigmella tiliae Frey,12002409,SYNONYM,,Frey,
8443221,"Stigmella saginella (Clemens, 1861) Wilkinson et al., 1979",Stigmella saginella,SPECIES,ACCEPTED,Animalia,Arthropoda,Insecta,Lepidoptera,Nepticulidae,Stigmella,Stigmella saginella,2,Nepticula fuscocapitella,"Nepticula fuscocapitella Chambers, 1873",1736215,SYNONYM,,"Chambers, 1873",Chambers VT. Micro-lepidoptera. Canadian Entomologist 5: 124-128. (1873).
8443221,"Stigmella saginella (Clemens, 1861) Wilkinson et al., 1979",Stigmella saginella,SPECIES,ACCEPTED,Animalia,Arthropoda,Insecta,Lepidoptera,Nepticulidae,Stigmella,Stigmella saginella,2,Nepticula quercicastanella,"Nepticula quercicastanella Chambers, 1873",9568617,SYNONYM,,"Chambers, 1873",Chambers VT. Micro-lepidoptera. Canadian Entomologist 5: 124-128. (1873).
8443221,"Stigmella saginella (Clemens, 1861) Wilkinson et al., 1979",Stigmella saginella,SPECIES,ACCEPTED,Animalia,Arthropoda,Insecta,Lepidoptera,Nepticulidae,Stigmella,Stigmella saginella,2,Nepticula saginella,"Nepticula saginella Clemens, 1861",1736078,SYNONYM,,"Clemens, 1861","Clemens B. Micro-Lepidopterous larvae. Notes on a few species, the imagos of which are probably undescribed. Proceedings of the Entomological Society of Philadelphia 1: 75-87. (1861)."
5769720,"Stigmella assimilella (Zeller, 1848) Fletcher et al., 1945",Stigmella assimilella,SPECIES,ACCEPTED,Animalia,Arthropoda,Insecta,Lepidoptera,Nepticulidae,Stigmella,Stigmella assimilella,1,Lyonetia nigricornella,"Lyonetia nigricornella Mann, 1848",9244666,SYNONYM,,"Mann, 1848","Zeller PC. Die Gattungen der mit Augendeckeln versehenen blattminirenden Schaben. Linnaea Entomologica 3: 248-344, pl. 242. (1848)."
5769720,"Stigmella assimilella (Zeller, 1848) Fletcher et al., 1945",Stigmella assimilella,SPECIES,ACCEPTED,Animalia,Arthropoda,Insecta,Lepidoptera,Nepticulidae,Stigmella,Stigmella assimilella,1,Nepticula assimilella,"Nepticula assimilella Zeller, 1848",1736233,HOMOTYPIC_SYNONYM,,"Zeller, 1848","Zeller PC. Die Gattungen der mit Augendeckeln versehenen blattminirenden Schaben. Linnaea Entomologica 3: 248-344, pl. 242. (1848)."
5769720,"Stigmella assimilella (Zeller, 1848) Fletcher et al., 1945",Stigmella assimilella,SPECIES,ACCEPTED,Animalia,Arthropoda,Insecta,Lepidoptera,Nepticulidae,Stigmella,Stigmella assimilella,1,Nepticula tremulaefoliella,"Nepticula tremulaefoliella Sorhagen, 1922",8735991,HETEROTYPIC_SYNONYM,,"Sorhagen, 1922",Sorhagen L. Beiträge zur Biologie Europäischer Nepticula-Arten. Archiv für Naturgeschichte 88A: 9-60. (1922).
5769720,"Stigmella assimilella (Zeller, 1848) Fletcher et al., 1945",Stigmella assimilella,SPECIES,ACCEPTED,Animalia,Arthropoda,Insecta,Lepidoptera,Nepticulidae,Stigmella,Stigmella assimilella,1,Stigmella tremulaefoliella,"Stigmella tremulaefoliella (Sorhagen, 1922) Gerasimov, 1952",9552010,SYNONYM,,"(Sorhagen, 1922) Gerasimov, 1952","Gerasimov AM. Nasekomye Cheshuekrylye. I, 2, Gusenicy 1. Zoological Institute, Academy of Sciences USSR, Moskva, Leningrad, Fauna SSSR N.S. 56: 1-338 pp. (1952)."
9606517,"Stigmella protosema (Meyrick, 1921) Scoble, 1978",Stigmella protosema,SPECIES,ACCEPTED,Animalia,Arthropoda,Insecta,Lepidoptera,Nepticulidae,Stigmella,Stigmella protosema,0,Nepticula protosema,"Nepticula protosema Meyrick, 1921",9295522,SYNONYM,,"Meyrick, 1921",Meyrick E. Descriptions of South African Micro-Lepidoptera. Annals of the Transvaal Museum 8: 49-148. (1921).
5769712,"Stigmella trimaculella (Haworth, 1828) Fletcher et al., 1945",Stigmella trimaculella,SPECIES,ACCEPTED,Animalia,Arthropoda,Insecta,Lepidoptera,Nepticulidae,Stigmella,Stigmella trimaculella,1,Lyonetia rufella,"Lyonetia rufella Zeller, 1839",6206605,SYNONYM,,"Zeller, 1839","Herrich-Schäffer GAW. Systematische Bearbeitung der Schmetterlinge von Europa, zugleich als Text, Revision und Supplement zu Jakob Hübner's Sammlung europäischer Schmetterlinge, 5, Die Schaben und Federmotten. G. J. Manz, Regensburg, 289-394. (1855)."
5769712,"Stigmella trimaculella (Haworth, 1828) Fletcher et al., 1945",Stigmella trimaculella,SPECIES,ACCEPTED,Animalia,Arthropoda,Insecta,Lepidoptera,Nepticulidae,Stigmella,Stigmella trimaculella,1,Microsetia trimaculella,"Microsetia trimaculella (Haworth, 1828) Stephens, 1834",9544808,SYNONYM,,"(Haworth, 1828) Stephens, 1834","Stephens JF. Illustrations of British Entomology, or, a synopsis of indigenous insects: containing their generic and specific distinctions; with an account of their metamorphoses, times of appearance, localities, food and economy as far as practicable. Haustellata 4. Baldwin and Cradock, London: 433, pls 433-441 pp. (1834)."
5769712,"Stigmella trimaculella (Haworth, 1828) Fletcher et al., 1945",Stigmella trimaculella,SPECIES,ACCEPTED,Animalia,Arthropoda,Insecta,Lepidoptera,Nepticulidae,Stigmella,Stigmella trimaculella,1,Nepticula albicornella,"Nepticula albicornella Kollar, 1860",8931191,HETEROTYPIC_SYNONYM,,"Kollar, 1860","Rebel H. Catalog der Lepidopteren des Palaearctischen Faunengebietes. II. Theil: Famil. Pyralidae - Micropterygidae. Friedländer & Sohn, Berlin: i-xxx, 368 pp. (1901)."
5769712,"Stigmella trimaculella (Haworth, 1828) Fletcher et al., 1945",Stigmella trimaculella,SPECIES,ACCEPTED,Animalia,Arthropoda,Insecta,Lepidoptera,Nepticulidae,Stigmella,Stigmella trimaculella,1,Nepticula gilvella,"Nepticula gilvella Rössler, 1867",1736026,HETEROTYPIC_SYNONYM,,"Rössler, 1867","Rössler A. Verzeichnis der Schmetterlinge des Herzogthums Nassau, mit besonderer Berücksichtigung der biologischen Verhältnisse und der Entwicklungsgeschichte. Jahrbuch des Nassauischen Vereins für Naturkunde 19+20: 99-442 (441-342). (1867)."
5769712,"Stigmella trimaculella (Haworth, 1828) Fletcher et al., 1945",Stigmella trimaculella,SPECIES,ACCEPTED,Animalia,Arthropoda,Insecta,Lepidoptera,Nepticulidae,Stigmella,Stigmella trimaculella,1,Nepticula populella,"Nepticula populella Herrich-Schäffer, 1855",1736154,HETEROTYPIC_SYNONYM,,"Herrich-Schäffer, 1855","Frey H. Die Tineen und Pterophoren der Schweiz. Meyer & Zeller, Zürich: xii+430 pp. (1856)."
5769712,"Stigmella trimaculella (Haworth, 1828) Fletcher et al., 1945",Stigmella trimaculella,SPECIES,ACCEPTED,Animalia,Arthropoda,Insecta,Lepidoptera,Nepticulidae,Stigmella,Stigmella trimaculella,1,Nepticula populicola,"Nepticula populicola Sorhagen, 1922",1736014,HETEROTYPIC_SYNONYM,,"Sorhagen, 1922",Sorhagen L. Beiträge zur Biologie Europäischer Nepticula-Arten. Archiv für Naturgeschichte 88A: 9-60. (1922).
5769712,"Stigmella trimaculella (Haworth, 1828) Fletcher et al., 1945",Stigmella trimaculella,SPECIES,ACCEPTED,Animalia,Arthropoda,Insecta,Lepidoptera,Nepticulidae,Stigmella,Stigmella trimaculella,1,Nepticula rufella,"Nepticula rufella (Zeller, 1839) Zeller, 1848",1736125,HETEROTYPIC_SYNONYM,,"(Zeller, 1839) Zeller, 1848","Zeller PC. Die Gattungen der mit Augendeckeln versehenen blattminirenden Schaben. Linnaea Entomologica 3: 248-344, pl. 242. (1848)."
5769712,"Stigmella trimaculella (Haworth, 1828) Fletcher et al., 1945",Stigmella trimaculella,SPECIES,ACCEPTED,Animalia,Arthropoda,Insecta,Lepidoptera,Nepticulidae,Stigmella,Stigmella trimaculella,1,Nepticula trimaculella,"Nepticula trimaculella (Haworth, 1828) Stainton, 1849",9424952,SYNONYM,,"(Haworth, 1828) Stainton, 1849","Haworth AH. Lepidoptera Britannica; sistens digestionem novam Insectorum Lepidopterorum quae in Magna Britannia reperiuntur, larvarum pabulo, temporeque pascendi; expansione alarum; mensibusque volandi; synonymis atque locis observationibusque variis. 4. J. Murray, London: 513-609 pp. (1828)."
5769712,"Stigmella trimaculella (Haworth, 1828) Fletcher et al., 1945",Stigmella trimaculella,SPECIES,ACCEPTED,Animalia,Arthropoda,Insecta,Lepidoptera,Nepticulidae,Stigmella,Stigmella trimaculella,1,Stigmella populicola,"Stigmella populicola (Sorhagen, 1922) Gerasimov, 1952",9238062,SYNONYM,,"(Sorhagen, 1922) Gerasimov, 1952","Gerasimov AM. Nasekomye Cheshuekrylye. I, 2, Gusenicy 1. Zoological Institute, Academy of Sciences USSR, Moskva, Leningrad, Fauna SSSR N.S. 56: 1-338 pp. (1952)."
5769712,"Stigmella trimaculella (Haworth, 1828) Fletcher et al., 1945",Stigmella trimaculella,SPECIES,ACCEPTED,Animalia,Arthropoda,Insecta,Lepidoptera,Nepticulidae,Stigmella,Stigmella trimaculella,1,Stigmella subtrimaculella,"Stigmella subtrimaculella Dufrane, 1949",5102491,HETEROTYPIC_SYNONYM,,"Dufrane, 1949",Dufrane A. Microlépidoptères de la faune Belge (6e note). Bulletin de l'Institut Royal des Sciences Naturelles de Belgique 25: 1-11. (1949).
5769712,"Stigmella trimaculella (Haworth, 1828) Fletcher et al., 1945",Stigmella trimaculella,SPECIES,ACCEPTED,Animalia,Arthropoda,Insecta,Lepidoptera,Nepticulidae,Stigmella,Stigmella trimaculella,1,Stigmella trimaculella,Stigmella trimaculella Haworth,12040612,SYNONYM,,Haworth,
5769712,"Stigmella trimaculella (Haworth, 1828) Fletcher et al., 1945",Stigmella trimaculella,SPECIES,ACCEPTED,Animalia,Arthropoda,Insecta,Lepidoptera,Nepticulidae,Stigmella,Stigmella trimaculella,1,Tinea trimaculella,"Tinea trimaculella Haworth, 1828",8874344,HOMOTYPIC_SYNONYM,,"Haworth, 1828","Haworth AH. Lepidoptera Britannica; sistens digestionem novam Insectorum Lepidopterorum quae in Magna Britannia reperiuntur, larvarum pabulo, temporeque pascendi; expansione alarum; mensibusque volandi; synonymis atque locis observationibusque variis. 4. J. Murray, London: 513-609 pp. (1828)."
5102557,"Stigmella minusculella (Herrich-Schäffer, 1855) Beirne, 1945",Stigmella minusculella,SPECIES,ACCEPTED,Animalia,Arthropoda,Insecta,Lepidoptera,Nepticulidae,Stigmella,Stigmella minusculella,3,Nepticula chalybeia,"Nepticula chalybeia Braun, 1914",1736051,HETEROTYPIC_SYNONYM,,"Braun, 1914",Braun AF. Notes on North American species of Nepticula with description of new species (Lepidoptera). Canadian Entomologist 46: 17-24. (1914).
5102557,"Stigmella minusculella (Herrich-Schäffer, 1855) Beirne, 1945",Stigmella minusculella,SPECIES,ACCEPTED,Animalia,Arthropoda,Insecta,Lepidoptera,Nepticulidae,Stigmella,Stigmella minusculella,3,Nepticula embonella,"Nepticula embonella Klimesch, 1978",1735882,HETEROTYPIC_SYNONYM,,"Klimesch, 1978","Klimesch J. Beitrag zur Kenntnis der Nepticulidenfauna von Anatolien und der Insel Rhodos (Lepidoptera, Nepticulidae). Tijdschrift voor Entomologie 121: 239-278. doi: http://biostor.org/reference/49889. (1978)."
5102557,"Stigmella minusculella (Herrich-Schäffer, 1855) Beirne, 1945",Stigmella minusculella,SPECIES,ACCEPTED,Animalia,Arthropoda,Insecta,Lepidoptera,Nepticulidae,Stigmella,Stigmella minusculella,3,Nepticula minusculella,"Nepticula minusculella Herrich-Schäffer, 1855",9201917,HOMOTYPIC_SYNONYM,,"Herrich-Schäffer, 1855","Herrich-Schäffer GAW. Systematische Bearbeitung der Schmetterlinge von Europa, zugleich als Text, Revision und Supplement zu Jakob Hübner's Sammlung europäischer Schmetterlinge, 5, Die Schaben und Federmotten. G. J. Manz, Regensburg, 289-394. (1855)."
5102557,"Stigmella minusculella (Herrich-Schäffer, 1855) Beirne, 1945",Stigmella minusculella,SPECIES,ACCEPTED,Animalia,Arthropoda,Insecta,Lepidoptera,Nepticulidae,Stigmella,Stigmella minusculella,3,Stigmella chalybeia,"Stigmella chalybeia (Braun, 1914) Wilkinson et al., 1979",9438573,SYNONYM,,"(Braun, 1914) Wilkinson et al., 1979","Wilkinson C, Scoble MJ. The Nepticulidae (Lepidoptera) of Canada. Memoirs of the Entomological Society of Canada 111: 1-129. doi: 10.4039/entm111107fv. (1979)."
5102557,"Stigmella minusculella (Herrich-Schäffer, 1855) Beirne, 1945",Stigmella minusculella,SPECIES,ACCEPTED,Animalia,Arthropoda,Insecta,Lepidoptera,Nepticulidae,Stigmella,Stigmella minusculella,3,Stigmella minusculella,Stigmella minusculella Herrich-Scheffer,11966620,SYNONYM,,Herrich-Scheffer,
9051543,"Stigmella pyrellicola (Klimesch, 1978) van Nieukerken, 1986",Stigmella pyrellicola,SPECIES,ACCEPTED,Animalia,Arthropoda,Insecta,Lepidoptera,Nepticulidae,Stigmella,Stigmella pyrellicola,0,Nepticula pyrellicola,"Nepticula pyrellicola Klimesch, 1978",1736083,HOMOTYPIC_SYNONYM,,"Klimesch, 1978","Klimesch J. Beitrag zur Kenntnis der Nepticulidenfauna von Anatolien und der Insel Rhodos (Lepidoptera, Nepticulidae). Tijdschrift voor Entomologie 121: 239-278. doi: http://biostor.org/reference/49889. (1978)."
8597262,"Stigmella ultima Puplesis, 1984",Stigmella ultima,SPECIES,ACCEPTED,Animalia,Arthropoda,Insecta,Lepidoptera,Nepticulidae,Stigmella,Stigmella ultima,2,Stigmella japonica,"Stigmella japonica Kemperman & Wilkinson, 1985",9586453,SYNONYM,,"Kemperman & Wilkinson, 1985","Puplesis R. The Nepticulidae of eastern Europe and Asia. Western, central and eastern parts. Backhuys Publishers, Leiden: 290 pp. (1994)."
5102536,"Stigmella ulmiphaga (Preissecker, 1942) Klimesch, 1948",Stigmella ulmiphaga,SPECIES,ACCEPTED,Animalia,Arthropoda,Insecta,Lepidoptera,Nepticulidae,Stigmella,Stigmella ulmiphaga,1,Nepticula gracilivora,"Nepticula gracilivora Skala, 1942",1735934,SYNONYM,,"Skala, 1942",Skala H. Falter von Haid und anderes. Zeitschrift des Wiener Entomologen-Vereines 27: 5-7. (1942).
5102536,"Stigmella ulmiphaga (Preissecker, 1942) Klimesch, 1948",Stigmella ulmiphaga,SPECIES,ACCEPTED,Animalia,Arthropoda,Insecta,Lepidoptera,Nepticulidae,Stigmella,Stigmella ulmiphaga,1,Nepticula ulmiphaga,"Nepticula ulmiphaga Preissecker, 1942",1735900,HOMOTYPIC_SYNONYM,,"Preissecker, 1942",Preissecker F. Zwei neue Nepticula-Arten aus dem Gebiete des heutigen Reichsgaues Wien. Zeitschrift des Wiener Entomologen-Vereines 27: 208-211. (1942).
9233678,"Stigmella ostryaefoliella (Clemens, 1861) Wilkinson et al., 1979",Stigmella ostryaefoliella,SPECIES,ACCEPTED,Animalia,Arthropoda,Insecta,Lepidoptera,Nepticulidae,Stigmella,Stigmella ostryaefoliella,2,Nepticula obscurella,"Nepticula obscurella Braun, 1912",1736194,SYNONYM,,"Braun, 1912","Nieukerken EJ van, Doorenweerd C, Hoare RJB, Davis DR. Revised classification and catalogue of global Nepticulidae and Opostegidae (Lepidoptera: Nepticuloidea). ZooKeys 628: 65-246. doi: 10.3897/zookeys.628.9799. (2016)."
9233678,"Stigmella ostryaefoliella (Clemens, 1861) Wilkinson et al., 1979",Stigmella ostryaefoliella,SPECIES,ACCEPTED,Animalia,Arthropoda,Insecta,Lepidoptera,Nepticulidae,Stigmella,Stigmella ostryaefoliella,2,Nepticula ostryaefoliella,"Nepticula ostryaefoliella Clemens, 1861",1736019,SYNONYM,,"Clemens, 1861","Clemens B. Micro-Lepidopterous larvae. Notes on a few species, the imagos of which are probably undescribed. Proceedings of the Entomological Society of Philadelphia 1: 75-87. (1861)."
9395514,"Stigmella tiliella (Braun, 1912) Newton et al., 1982",Stigmella tiliella,SPECIES,ACCEPTED,Animalia,Arthropoda,Insecta,Lepidoptera,Nepticulidae,Stigmella,Stigmella tiliella,1,Nepticula tiliella,"Nepticula tiliella Braun, 1912",1735904,SYNONYM,,"Braun, 1912","Braun AF. Notes on North American species of Nepticula, with descriptions of new species (Lepidoptera). Journal of the Cincinnati Society of Natural History 21: 84-101. (1912)."
5102515,"Stigmella betulicola (Stainton, 1856) Beirne, 1945",Stigmella betulicola,SPECIES,ACCEPTED,Animalia,Arthropoda,Insecta,Lepidoptera,Nepticulidae,Stigmella,Stigmella betulicola,2,Nepticula betulicola,"Nepticula betulicola Stainton, 1856",8746123,HOMOTYPIC_SYNONYM,,"Stainton, 1856",Stainton HT. Lepidoptera. New British species in 1855. Entomologist's Annual 1856: 26-45. (1856).
5102515,"Stigmella betulicola (Stainton, 1856) Beirne, 1945",Stigmella betulicola,SPECIES,ACCEPTED,Animalia,Arthropoda,Insecta,Lepidoptera,Nepticulidae,Stigmella,Stigmella betulicola,2,Nepticula betulicolella,"Nepticula betulicolella Doubleday, 1859",9133381,HETEROTYPIC_SYNONYM,,"Doubleday, 1859","Doubleday H. The zoologist synonymic list of British butterflies and moths, 2nd ed. Edward Newman, London: 40 pp. (1859)."
5102515,"Stigmella betulicola (Stainton, 1856) Beirne, 1945",Stigmella betulicola,SPECIES,ACCEPTED,Animalia,Arthropoda,Insecta,Lepidoptera,Nepticulidae,Stigmella,Stigmella betulicola,2,Nepticula nanivora,"Nepticula nanivora Petersen, 1930",9068043,HETEROTYPIC_SYNONYM,,"Petersen, 1930",
5102515,"Stigmella betulicola (Stainton, 1856) Beirne, 1945",Stigmella betulicola,SPECIES,ACCEPTED,Animalia,Arthropoda,Insecta,Lepidoptera,Nepticulidae,Stigmella,Stigmella betulicola,2,Stigmella betulicola,Stigmella betulicola Peters,12100103,SYNONYM,,Peters,
5102515,"Stigmella betulicola (Stainton, 1856) Beirne, 1945",Stigmella betulicola,SPECIES,ACCEPTED,Animalia,Arthropoda,Insecta,Lepidoptera,Nepticulidae,Stigmella,Stigmella betulicola,2,Stigmella nanivora,"Stigmella nanivora (Petersen, 1930) Hering, 1957",9375999,SYNONYM,,"(Petersen, 1930) Hering, 1957","Hering EM. Bestimmungstabellen der Blattminnen von Europa, 3 vols. Junk, 's-Gravenhage: 1185 pp. (1957)."
9582193,"Stigmella scintillans (Braun, 1917) Wilkinson et al., 1979",Stigmella scintillans,SPECIES,ACCEPTED,Animalia,Arthropoda,Insecta,Lepidoptera,Nepticulidae,Stigmella,Stigmella scintillans,0,Nepticula scintillans,"Nepticula scintillans Braun, 1917",1735898,SYNONYM,,"Braun, 1917","Braun AF. Nepticulidae of North America. Transactions of the American Entomological Society 43: 155-209, pls. 155-158. (1917)."
8801757,"Stigmella crenulatae (Klimesch, 1975) van Nieukerken, 1986",Stigmella crenulatae,SPECIES,ACCEPTED,Animalia,Arthropoda,Insecta,Lepidoptera,Nepticulidae,Stigmella,Stigmella crenulatae,1,Nepticula crenulatae,"Nepticula crenulatae Klimesch, 1975",1736181,HOMOTYPIC_SYNONYM,,"Klimesch, 1975","Klimesch J. Über neue mediterrane und kanarische Nepticuliden (Lep., Nepticulidae). Mitteilungen der Münchner Entomologischen Gesellschaft 65: 1-28. (1975)."
9474311,"Etainia albibimaculella (Larsen, 1927) Puplesis et al., 1996",Etainia albibimaculella,SPECIES,ACCEPTED,Animalia,Arthropoda,Insecta,Lepidoptera,Nepticulidae,Etainia,Etainia albibimaculella,1,Ectoedemia albibimaculella,"Ectoedemia albibimaculella (Larsen, 1927) van Nieukerken, 1986",4527205,SYNONYM,,"(Larsen, 1927) van Nieukerken, 1986","Larsen CS. Upon some new and little-known species and aberrations of Microlepidoptera from Denmark. Entomologiske Meddelelser 17: 1-6, pl. 1. (1927)."
9474311,"Etainia albibimaculella (Larsen, 1927) Puplesis et al., 1996",Etainia albibimaculella,SPECIES,ACCEPTED,Animalia,Arthropoda,Insecta,Lepidoptera,Nepticulidae,Etainia,Etainia albibimaculella,1,Etainia albibimaculella,"Etainia albibimaculella (Larsen, 1927), 2016",11083388,HOMOTYPIC_SYNONYM,,"(Larsen, 1927) , 2016",
9474311,"Etainia albibimaculella (Larsen, 1927) Puplesis et al., 1996",Etainia albibimaculella,SPECIES,ACCEPTED,Animalia,Arthropoda,Insecta,Lepidoptera,Nepticulidae,Etainia,Etainia albibimaculella,1,Nepticula albibimaculella,"Nepticula albibimaculella Larsen, 1927",4527206,HOMOTYPIC_SYNONYM,,"Larsen, 1927","Larsen CS. Upon some new and little-known species and aberrations of Microlepidoptera from Denmark. Entomologiske Meddelelser 17: 1-6, pl. 1. (1927)."
9474311,"Etainia albibimaculella (Larsen, 1927) Puplesis et al., 1996",Etainia albibimaculella,SPECIES,ACCEPTED,Animalia,Arthropoda,Insecta,Lepidoptera,Nepticulidae,Etainia,Etainia albibimaculella,1,Nepticula albimaculella,"Nepticula albimaculella Larsen, 1927",1736178,SYNONYM,,"Larsen, 1927",
9474311,"Etainia albibimaculella (Larsen, 1927) Puplesis et al., 1996",Etainia albibimaculella,SPECIES,ACCEPTED,Animalia,Arthropoda,Insecta,Lepidoptera,Nepticulidae,Etainia,Etainia albibimaculella,1,Stigmella albibimaculella,"Stigmella albibimaculella (Larsen, 1927) Hering, 1957",9284971,SYNONYM,,"(Larsen, 1927) Hering, 1957","Hering EM. Bestimmungstabellen der Blattminnen von Europa, 3 vols. Junk, 's-Gravenhage: 1185 pp. (1957)."
9474311,"Etainia albibimaculella (Larsen, 1927) Puplesis et al., 1996",Etainia albibimaculella,SPECIES,ACCEPTED,Animalia,Arthropoda,Insecta,Lepidoptera,Nepticulidae,Etainia,Etainia albibimaculella,1,Trifurcula albibimaculella,"Trifurcula albibimaculella (Larsen, 1927) Johansson, 1971",9484347,SYNONYM,,"(Larsen, 1927) Johansson, 1971","Larsen CS. Upon some new and little-known species and aberrations of Microlepidoptera from Denmark. Entomologiske Meddelelser 17: 1-6, pl. 1. (1927)."
9491822,"Etainia biarmata Puplesis, 1994",Etainia biarmata,SPECIES,ACCEPTED,Animalia,Arthropoda,Insecta,Lepidoptera,Nepticulidae,Etainia,Etainia biarmata,0,Ectoedemia biarmata,"Ectoedemia biarmata (Puplesis, 1994) van Nieukerken et al., 2002",9466817,SYNONYM,,"(Puplesis, 1994) van Nieukerken et al., 2002","Puplesis R. The Nepticulidae of eastern Europe and Asia. Western, central and eastern parts. Backhuys Publishers, Leiden: 290 pp. (1994)."
9258169,"Etainia capesella (Puplesis, 1985) Puplesis, 1994",Etainia capesella,SPECIES,ACCEPTED,Animalia,Arthropoda,Insecta,Lepidoptera,Nepticulidae,Etainia,Etainia capesella,1,Ectoedemia capesella,"Ectoedemia capesella (Puplesis, 1985) Hirano, 2013",9566483,SYNONYM,,"(Puplesis, 1985) Hirano, 2013","Hirano N. Nepticulidae. In: Hirowatari T, Nasu Y, Sakamaki Y, Kishida Y (Eds) Nihon-san garui hyojun zukan The standard of moths in Japan. Gakken Kyoiku Shuppan, Tokyo, 80-96, pls 83-03 - 83-06. (2013)."
9258169,"Etainia capesella (Puplesis, 1985) Puplesis, 1994",Etainia capesella,SPECIES,ACCEPTED,Animalia,Arthropoda,Insecta,Lepidoptera,Nepticulidae,Etainia,Etainia capesella,1,Obrussa capesella,"Obrussa capesella Puplesis, 1985",9393648,SYNONYM,,"Puplesis, 1985","Puplesis RK, Ivinskis PP. Obzor fauny moleï-malyutok roda Obrussa Braun SSSR i opisanie 4 novykh vidov Obrussa capesella sp. n., O. tigrinella sp. n., O. peterseni sp. n., O. sabina sp. n. [Review of nepticulid moths fauna of the Obrussa Braun genus in the USSR and a description o. Trudy Akademii Nauk Litovskoi SSR Seriya C 92: 36-46. (1985)."
6119967,"Etainia crypsixantha (Meyrick, 1918) Vári et al., 1986",Etainia crypsixantha,SPECIES,ACCEPTED,Animalia,Arthropoda,Insecta,Lepidoptera,Nepticulidae,Etainia,Etainia crypsixantha,1,Nepticula crypsixantha,"Nepticula crypsixantha Meyrick, 1918",1736166,SYNONYM,,"Meyrick, 1918",Meyrick E. Descriptions of South African Micro-Lepidoptera. Annals of the Transvaal Museum 6: 7-59. (1918).
6119967,"Etainia crypsixantha (Meyrick, 1918) Vári et al., 1986",Etainia crypsixantha,SPECIES,ACCEPTED,Animalia,Arthropoda,Insecta,Lepidoptera,Nepticulidae,Etainia,Etainia crypsixantha,1,Obrussa crypsixantha,"Obrussa crypsixantha (Meyrick, 1918) Scoble, 1983",9383826,SYNONYM,,"(Meyrick, 1918) Scoble, 1983",Scoble MJ. A revised cladistic classification of the Nepticulidae (Lepidoptera) with descriptions of new taxa mainly from South Africa. Transvaal Museum Monograph 2: 1-105. doi: http://hdl.handle.net/10499/AJ10150. (1983).
9530977,"Etainia decentella (Herrich-Schäffer, 1855) Beirne, 1945",Etainia decentella,SPECIES,ACCEPTED,Animalia,Arthropoda,Insecta,Lepidoptera,Nepticulidae,Etainia,Etainia decentella,1,Ectoedemia decentella,"Ectoedemia decentella (Herrich-Schäffer, 1855) van Nieukerken, 1986",4527209,SYNONYM,,"(Herrich-Schäffer, 1855) van Nieukerken, 1986","Herrich-Schäffer GAW. Systematische Bearbeitung der Schmetterlinge von Europa, zugleich als Text, Revision und Supplement zu Jakob Hübner's Sammlung europäischer Schmetterlinge, 5, Die Schaben und Federmotten. G. J. Manz, Regensburg, 289-394. (1855)."
9530977,"Etainia decentella (Herrich-Schäffer, 1855) Beirne, 1945",Etainia decentella,SPECIES,ACCEPTED,Animalia,Arthropoda,Insecta,Lepidoptera,Nepticulidae,Etainia,Etainia decentella,1,Etainia decentella,Etainia decentella Herrich-Schaffer,1735872,SYNONYM,,Herrich-Schaffer,
9530977,"Etainia decentella (Herrich-Schäffer, 1855) Beirne, 1945",Etainia decentella,SPECIES,ACCEPTED,Animalia,Arthropoda,Insecta,Lepidoptera,Nepticulidae,Etainia,Etainia decentella,1,Nepticula decentella,"Nepticula decentella Herrich-Schäffer, 1855",4527210,HOMOTYPIC_SYNONYM,,"Herrich-Schäffer, 1855","Herrich-Schäffer GAW. Systematische Bearbeitung der Schmetterlinge von Europa, zugleich als Text, Revision und Supplement zu Jakob Hübner's Sammlung europäischer Schmetterlinge, 5, Die Schaben und Federmotten. G. J. Manz, Regensburg, 289-394. (1855)."
9530977,"Etainia decentella (Herrich-Schäffer, 1855) Beirne, 1945",Etainia decentella,SPECIES,ACCEPTED,Animalia,Arthropoda,Insecta,Lepidoptera,Nepticulidae,Etainia,Etainia decentella,1,Nepticula monspessulanella,"Nepticula monspessulanella Jäckh, 1951",1736185,HETEROTYPIC_SYNONYM,,"Jäckh, 1951","Jäckh E. Die fruchtminierenden Arten der Gattung Nepticula Heyd. (Etainia Beirne) an den vier deutschen Ahornarten (Lep. Nepticulidae). Zeitschrift der Wiener Entomologischen Gesellschaft 36: 170-178, pls. 114-116. (1951)."
9530977,"Etainia decentella (Herrich-Schäffer, 1855) Beirne, 1945",Etainia decentella,SPECIES,ACCEPTED,Animalia,Arthropoda,Insecta,Lepidoptera,Nepticulidae,Etainia,Etainia decentella,1,Stigmella decentella,"Stigmella decentella (Herrich-Schäffer, 1855) Gerasimov, 1952",9623448,SYNONYM,,"(Herrich-Schäffer, 1855) Gerasimov, 1952","Gerasimov AM. Nasekomye Cheshuekrylye. I, 2, Gusenicy 1. Zoological Institute, Academy of Sciences USSR, Moskva, Leningrad, Fauna SSSR N.S. 56: 1-338 pp. (1952)."
9530977,"Etainia decentella (Herrich-Schäffer, 1855) Beirne, 1945",Etainia decentella,SPECIES,ACCEPTED,Animalia,Arthropoda,Insecta,Lepidoptera,Nepticulidae,Etainia,Etainia decentella,1,Stigmella monspessulanella,"Stigmella monspessulanella (Jäckh, 1951) Hering, 1957",9339405,SYNONYM,,"(Jäckh, 1951) Hering, 1957","Jäckh E. Die fruchtminierenden Arten der Gattung Nepticula Heyd. (Etainia Beirne) an den vier deutschen Ahornarten (Lep. Nepticulidae). Zeitschrift der Wiener Entomologischen Gesellschaft 36: 170-178, pls. 114-116. (1951)."
9530977,"Etainia decentella (Herrich-Schäffer, 1855) Beirne, 1945",Etainia decentella,SPECIES,ACCEPTED,Animalia,Arthropoda,Insecta,Lepidoptera,Nepticulidae,Etainia,Etainia decentella,1,Trifurcula decentella,"Trifurcula decentella (Herrich-Schäffer, 1855) Johansson, 1971",9428011,SYNONYM,,"(Herrich-Schäffer, 1855) Johansson, 1971","Herrich-Schäffer GAW. Systematische Bearbeitung der Schmetterlinge von Europa, zugleich als Text, Revision und Supplement zu Jakob Hübner's Sammlung europäischer Schmetterlinge, 5, Die Schaben und Federmotten. G. J. Manz, Regensburg, 289-394. (1855)."
6119969,"Etainia krugerensis (Scoble, 1983) Vári et al., 1986",Etainia krugerensis,SPECIES,ACCEPTED,Animalia,Arthropoda,Insecta,Lepidoptera,Nepticulidae,Etainia,Etainia krugerensis,0,Obrussa krugerensis,"Obrussa krugerensis Scoble, 1983",9587618,SYNONYM,,"Scoble, 1983",Scoble MJ. A revised cladistic classification of the Nepticulidae (Lepidoptera) with descriptions of new taxa mainly from South Africa. Transvaal Museum Monograph 2: 1-105. doi: http://hdl.handle.net/10499/AJ10150. (1983).
9595216,"Etainia leptognathos Puplesis & Diškus, 1996",Etainia leptognathos,SPECIES,ACCEPTED,Animalia,Arthropoda,Insecta,Lepidoptera,Nepticulidae,Etainia,Etainia leptognathos,0,Ectoedemia leptognathos,"Ectoedemia leptognathos (Puplesis & Diškus, 1996) van Nieukerken et al., 2002",9366097,SYNONYM,,"(Puplesis & Diškus, 1996) van Nieukerken et al., 2002","Puplesis R, Diškus A. First record of the genus Etainia Beirne from Central Asia with descriptions of two new species and some provisional notes on the world fauna (Lepidoptera: Nepticulidae). Phegea 24: 41-48. (1996)."
9311161,"Etainia louisella (Sircom, 1849) Bradley et al., 1972",Etainia louisella,SPECIES,ACCEPTED,Animalia,Arthropoda,Insecta,Lepidoptera,Nepticulidae,Etainia,Etainia louisella,1,Ectoedemia louisella,"Ectoedemia louisella (Sircom, 1849) van Nieukerken, 1986",4527211,SYNONYM,,"(Sircom, 1849) van Nieukerken, 1986",Sircom J. Descriptions of three new British Tineidae. Zoologist 7: xlii. (1849).
9311161,"Etainia louisella (Sircom, 1849) Bradley et al., 1972",Etainia louisella,SPECIES,ACCEPTED,Animalia,Arthropoda,Insecta,Lepidoptera,Nepticulidae,Etainia,Etainia louisella,1,Ectoedemia sphendamni,"Ectoedemia sphendamni (Hering, 1937)",11342744,SYNONYM,,"(Hering, 1937) ",
9311161,"Etainia louisella (Sircom, 1849) Bradley et al., 1972",Etainia louisella,SPECIES,ACCEPTED,Animalia,Arthropoda,Insecta,Lepidoptera,Nepticulidae,Etainia,Etainia louisella,1,Etainia sphendamni,"Etainia sphendamni (Hering, 1937) Bradley et al., 1972",9456854,SYNONYM,,"(Hering, 1937) Bradley et al., 1972","Hering M. Die Blattminen Mittel- und Nord-Europas einschliesslich Englands. Bestimmungstabellen aller von Insektenlarven der verschiedenen Ordnungen erzeugten Minen. Lief. 6. Gustav Feller, Neubrandenburg, 631. (1937)."
9311161,"Etainia louisella (Sircom, 1849) Bradley et al., 1972",Etainia louisella,SPECIES,ACCEPTED,Animalia,Arthropoda,Insecta,Lepidoptera,Nepticulidae,Etainia,Etainia louisella,1,Nepticula louisella,"Nepticula louisella Sircom, 1849",4527212,HOMOTYPIC_SYNONYM,,"Sircom, 1849",Sircom J. Descriptions of three new British Tineidae. Zoologist 7: xlii. (1849).
9311161,"Etainia louisella (Sircom, 1849) Bradley et al., 1972",Etainia louisella,SPECIES,ACCEPTED,Animalia,Arthropoda,Insecta,Lepidoptera,Nepticulidae,Etainia,Etainia louisella,1,Nepticula sphendamni,"Nepticula sphendamni Hering, 1937",1736073,HETEROTYPIC_SYNONYM,,"Hering, 1937","Hering M. Die Blattminen Mittel- und Nord-Europas einschliesslich Englands. Bestimmungstabellen aller von Insektenlarven der verschiedenen Ordnungen erzeugten Minen. Lief. 6. Gustav Feller, Neubrandenburg, 631. (1937)."
9311161,"Etainia louisella (Sircom, 1849) Bradley et al., 1972",Etainia louisella,SPECIES,ACCEPTED,Animalia,Arthropoda,Insecta,Lepidoptera,Nepticulidae,Etainia,Etainia louisella,1,Stigmella sphendamni,"Stigmella sphendamni (Hering, 1937) Klimesch, 1951",9501871,SYNONYM,,"(Hering, 1937) Klimesch, 1951",Klimesch J. Contributo alla fauna Lepidotterologica del Trentino. Studi Trentini di Scienze Naturali 27: 11-68. (1951).
9311161,"Etainia louisella (Sircom, 1849) Bradley et al., 1972",Etainia louisella,SPECIES,ACCEPTED,Animalia,Arthropoda,Insecta,Lepidoptera,Nepticulidae,Etainia,Etainia louisella,1,Trifurcula sphendamni,"Trifurcula sphendamni (Hering, 1937) Johansson, 1971",9268438,SYNONYM,,"(Hering, 1937) Johansson, 1971","Hering M. Die Blattminen Mittel- und Nord-Europas einschliesslich Englands. Bestimmungstabellen aller von Insektenlarven der verschiedenen Ordnungen erzeugten Minen. Lief. 6. Gustav Feller, Neubrandenburg, 631. (1937)."
1735870,"Etainia louisella Sircom, 1849",Etainia louisella,SPECIES,DOUBTFUL,Animalia,Arthropoda,Insecta,Lepidoptera,Nepticulidae,Etainia,Etainia louisella,0,Etainia sphendammi,Etainia sphendammi Hering,11279818,SYNONYM,,Hering,
6119968,"Etainia nigricapitella (Janse, 1948) Vári et al., 1986",Etainia nigricapitella,SPECIES,ACCEPTED,Animalia,Arthropoda,Insecta,Lepidoptera,Nepticulidae,Etainia,Etainia nigricapitella,1,Nepticula nigricapitella,"Nepticula nigricapitella Janse, 1948",1736050,SYNONYM,,"Janse, 1948","Janse AJT. Nepticulidae (Stigmellidae). The Moths of South Africa 4: 149-185, plates 182-194. (1948)."
6119968,"Etainia nigricapitella (Janse, 1948) Vári et al., 1986",Etainia nigricapitella,SPECIES,ACCEPTED,Animalia,Arthropoda,Insecta,Lepidoptera,Nepticulidae,Etainia,Etainia nigricapitella,1,Obrussa nigricapitella,"Obrussa nigricapitella (Janse, 1948) Scoble, 1983",9356346,SYNONYM,,"(Janse, 1948) Scoble, 1983",Scoble MJ. A revised cladistic classification of the Nepticulidae (Lepidoptera) with descriptions of new taxa mainly from South Africa. Transvaal Museum Monograph 2: 1-105. doi: http://hdl.handle.net/10499/AJ10150. (1983).
4527208,"Etainia obtusa Puplesis & Diškus, 1996",Etainia obtusa,SPECIES,ACCEPTED,Animalia,Arthropoda,Insecta,Lepidoptera,Nepticulidae,Etainia,Etainia obtusa,0,Ectoedemia obtusa,"Ectoedemia obtusa (Puplesis & Diškus, 1996) Krenek, 2000",4527207,SYNONYM,,"(Puplesis & Diškus, 1996) Krenek, 2000",Krenek V. Small moths of Europe. Ceský Tesin: 174 pp. (2000).
4527208,"Etainia obtusa Puplesis & Diškus, 1996",Etainia obtusa,SPECIES,ACCEPTED,Animalia,Arthropoda,Insecta,Lepidoptera,Nepticulidae,Etainia,Etainia obtusa,0,Ectoedemia obtusa,"Ectoedemia obtusa, 1996",12137667,SYNONYM,,", 1996",
9355563,"Etainia ochrefasciella (Chambers, 1873) Puplesis et al., 1996",Etainia ochrefasciella,SPECIES,ACCEPTED,Animalia,Arthropoda,Insecta,Lepidoptera,Nepticulidae,Etainia,Etainia ochrefasciella,1,Ectoedemia ochrefasciella,"Ectoedemia ochrefasciella (Chambers, 1873) van Nieukerken, 1986",9548023,SYNONYM,,"(Chambers, 1873) van Nieukerken, 1986",Chambers VT. Micro-lepidoptera. Canadian Entomologist 5: 124-128. (1873).
9355563,"Etainia ochrefasciella (Chambers, 1873) Puplesis et al., 1996",Etainia ochrefasciella,SPECIES,ACCEPTED,Animalia,Arthropoda,Insecta,Lepidoptera,Nepticulidae,Etainia,Etainia ochrefasciella,1,Nepticula ochrefasciella,"Nepticula ochrefasciella Chambers, 1873",1736122,SYNONYM,,"Chambers, 1873",Chambers VT. Micro-lepidoptera. Canadian Entomologist 5: 124-128. (1873).
9355563,"Etainia ochrefasciella (Chambers, 1873) Puplesis et al., 1996",Etainia ochrefasciella,SPECIES,ACCEPTED,Animalia,Arthropoda,Insecta,Lepidoptera,Nepticulidae,Etainia,Etainia ochrefasciella,1,Obrussa ochrefasciella,"Obrussa ochrefasciella (Chambers, 1873) Braun, 1915",9241044,SYNONYM,,"(Chambers, 1873) Braun, 1915",Chambers VT. Micro-lepidoptera. Canadian Entomologist 5: 124-128. (1873).
9321608,"Etainia peterseni (Puplesis, 1985) Puplesis, 1994",Etainia peterseni,SPECIES,ACCEPTED,Animalia,Arthropoda,Insecta,Lepidoptera,Nepticulidae,Etainia,Etainia peterseni,1,Ectoedemia peterseni,"Ectoedemia peterseni (Puplesis, 1985) Hirano, 2013",9446205,SYNONYM,,"(Puplesis, 1985) Hirano, 2013","Hirano N. Nepticulidae. In: Hirowatari T, Nasu Y, Sakamaki Y, Kishida Y (Eds) Nihon-san garui hyojun zukan The standard of moths in Japan. Gakken Kyoiku Shuppan, Tokyo, 80-96, pls 83-03 - 83-06. (2013)."
9321608,"Etainia peterseni (Puplesis, 1985) Puplesis, 1994",Etainia peterseni,SPECIES,ACCEPTED,Animalia,Arthropoda,Insecta,Lepidoptera,Nepticulidae,Etainia,Etainia peterseni,1,Obrussa peterseni,"Obrussa peterseni Puplesis, 1985",9512601,SYNONYM,,"Puplesis, 1985","Puplesis RK, Ivinskis PP. Obzor fauny moleï-malyutok roda Obrussa Braun SSSR i opisanie 4 novykh vidov Obrussa capesella sp. n., O. tigrinella sp. n., O. peterseni sp. n., O. sabina sp. n. [Review of nepticulid moths fauna of the Obrussa Braun genus in the USSR and a description o. Trudy Akademii Nauk Litovskoi SSR Seriya C 92: 36-46. (1985)."
9473529,"Etainia sabina (Puplesis, 1985) Puplesis, 1994",Etainia sabina,SPECIES,ACCEPTED,Animalia,Arthropoda,Insecta,Lepidoptera,Nepticulidae,Etainia,Etainia sabina,1,Obrussa sabina,"Obrussa sabina Puplesis, 1985",9606306,SYNONYM,,"Puplesis, 1985","Puplesis RK, Ivinskis PP. Obzor fauny moleï-malyutok roda Obrussa Braun SSSR i opisanie 4 novykh vidov Obrussa capesella sp. n., O. tigrinella sp. n., O. peterseni sp. n., O. sabina sp. n. [Review of nepticulid moths fauna of the Obrussa Braun genus in the USSR and a description o. Trudy Akademii Nauk Litovskoi SSR Seriya C 92: 36-46. (1985)."
9400895,"Etainia sericopeza (Zeller, 1839) Beirne, 1945",Etainia sericopeza,SPECIES,ACCEPTED,Animalia,Arthropoda,Insecta,Lepidoptera,Nepticulidae,Etainia,Etainia sericopeza,1,Ectoedemia sericopeza,"Ectoedemia sericopeza (Zeller, 1839) van Nieukerken, 1986",4527213,SYNONYM,,"(Zeller, 1839) van Nieukerken, 1986",Zeller PC. Versuch einer naturgemässen Eintheilung der Schaben. Isis von Oken 1839: 167-220. (1839).
9400895,"Etainia sericopeza (Zeller, 1839) Beirne, 1945",Etainia sericopeza,SPECIES,ACCEPTED,Animalia,Arthropoda,Insecta,Lepidoptera,Nepticulidae,Etainia,Etainia sericopeza,1,Etainia sericopeza,"Etainia sericopeza (Zeller, 1839) Zeller, 1839",1735871,HOMOTYPIC_SYNONYM,,"(Zeller, 1839) Zeller, 1839",
9400895,"Etainia sericopeza (Zeller, 1839) Beirne, 1945",Etainia sericopeza,SPECIES,ACCEPTED,Animalia,Arthropoda,Insecta,Lepidoptera,Nepticulidae,Etainia,Etainia sericopeza,1,Etainia sericopeza,"Etainia sericopeza (Zeller, 1839), 2016",10966468,HOMOTYPIC_SYNONYM,,"(Zeller, 1839) , 2016",
9400895,"Etainia sericopeza (Zeller, 1839) Beirne, 1945",Etainia sericopeza,SPECIES,ACCEPTED,Animalia,Arthropoda,Insecta,Lepidoptera,Nepticulidae,Etainia,Etainia sericopeza,1,Lyonetia sericopeza,"Lyonetia sericopeza Zeller, 1839",4527214,HOMOTYPIC_SYNONYM,,"Zeller, 1839",Zeller PC. Versuch einer naturgemässen Eintheilung der Schaben. Isis von Oken 1839: 167-220. (1839).
9400895,"Etainia sericopeza (Zeller, 1839) Beirne, 1945",Etainia sericopeza,SPECIES,ACCEPTED,Animalia,Arthropoda,Insecta,Lepidoptera,Nepticulidae,Etainia,Etainia sericopeza,1,Lyonetia sericopezella,"Lyonetia sericopezella (Duponchel, 1843) Duponchel, 1844",9328810,SYNONYM,,"(Duponchel, 1843) Duponchel, 1844","Duponchel PAJ. Nocturnes, Supplément 4. In: Godart J-B (Ed) Histoire naturelle des Lépidoptères ou papillons de France. Méquignon-Marvis, Paris, li-xc, 9-554, pls 551-590. ([1842-1845])."
9400895,"Etainia sericopeza (Zeller, 1839) Beirne, 1945",Etainia sericopeza,SPECIES,ACCEPTED,Animalia,Arthropoda,Insecta,Lepidoptera,Nepticulidae,Etainia,Etainia sericopeza,1,Nepticula acerella,"Nepticula acerella Goureau, 1860",4527217,HETEROTYPIC_SYNONYM,,"Goureau, 1860",Joannis J de. Étude synonymique des espèces de Microlépidoptères décrites comme nouvelles par Duponchel. Annales de la Société Entomologique de France 84: 62-164. (1915).
9400895,"Etainia sericopeza (Zeller, 1839) Beirne, 1945",Etainia sericopeza,SPECIES,ACCEPTED,Animalia,Arthropoda,Insecta,Lepidoptera,Nepticulidae,Etainia,Etainia sericopeza,1,Nepticula sericopeza,"Nepticula sericopeza (Zeller, 1839) Heyden, 1843",9520123,SYNONYM,,"(Zeller, 1839) Heyden, 1843",Zeller PC. Versuch einer naturgemässen Eintheilung der Schaben. Isis von Oken 1839: 167-220. (1839).
9400895,"Etainia sericopeza (Zeller, 1839) Beirne, 1945",Etainia sericopeza,SPECIES,ACCEPTED,Animalia,Arthropoda,Insecta,Lepidoptera,Nepticulidae,Etainia,Etainia sericopeza,1,Obrussa sericopeza,"Obrussa sericopeza (Zeller, 1839) Wilkinson et al., 1979",9558963,SYNONYM,,"(Zeller, 1839) Wilkinson et al., 1979",Zeller PC. Versuch einer naturgemässen Eintheilung der Schaben. Isis von Oken 1839: 167-220. (1839).
9400895,"Etainia sericopeza (Zeller, 1839) Beirne, 1945",Etainia sericopeza,SPECIES,ACCEPTED,Animalia,Arthropoda,Insecta,Lepidoptera,Nepticulidae,Etainia,Etainia sericopeza,1,Oecophora sericopezella,"Oecophora sericopezella Duponchel, 1843",4527216,HETEROTYPIC_SYNONYM,,"Duponchel, 1843","Duponchel PAJ. Nocturnes, Supplément 4. In: Godart J-B (Ed) Histoire naturelle des Lépidoptères ou papillons de France. Méquignon-Marvis, Paris, li-xc, 9-554, pls 551-590. ([1842-1845])."
9400895,"Etainia sericopeza (Zeller, 1839) Beirne, 1945",Etainia sericopeza,SPECIES,ACCEPTED,Animalia,Arthropoda,Insecta,Lepidoptera,Nepticulidae,Etainia,Etainia sericopeza,1,Stigmella sericopeza,"Stigmella sericopeza (Zeller, 1839) Walsingham, 1916",9634506,SYNONYM,,"(Zeller, 1839) Walsingham, 1916",Zeller PC. Versuch einer naturgemässen Eintheilung der Schaben. Isis von Oken 1839: 167-220. (1839).
9400895,"Etainia sericopeza (Zeller, 1839) Beirne, 1945",Etainia sericopeza,SPECIES,ACCEPTED,Animalia,Arthropoda,Insecta,Lepidoptera,Nepticulidae,Etainia,Etainia sericopeza,1,Tinea maryella,"Tinea maryella Duponchel, 1843",9130578,HETEROTYPIC_SYNONYM,,"Duponchel, 1843","Duponchel PAJ. Nocturnes, Supplément 4. In: Godart J-B (Ed) Histoire naturelle des Lépidoptères ou papillons de France. Méquignon-Marvis, Paris, li-xc, 9-554, pls 551-590. ([1842-1845])."
9400895,"Etainia sericopeza (Zeller, 1839) Beirne, 1945",Etainia sericopeza,SPECIES,ACCEPTED,Animalia,Arthropoda,Insecta,Lepidoptera,Nepticulidae,Etainia,Etainia sericopeza,1,Trifurcula sericopeza,"Trifurcula sericopeza (Zeller, 1839) Johansson, 1971",9251171,SYNONYM,,"(Zeller, 1839) Johansson, 1971",Zeller PC. Versuch einer naturgemässen Eintheilung der Schaben. Isis von Oken 1839: 167-220. (1839).
9311911,"Etainia trifasciata (Matsumura, 1931) Diškus et al., 2003",Etainia trifasciata,SPECIES,ACCEPTED,Animalia,Arthropoda,Insecta,Lepidoptera,Nepticulidae,Etainia,Etainia trifasciata,1,Ectoedemia tigrinella,"Ectoedemia tigrinella (Puplesis, 1985) Hirano, 2013",9241781,SYNONYM,,"(Puplesis, 1985) Hirano, 2013","Hirano N. Nepticulidae. In: Hirowatari T, Nasu Y, Sakamaki Y, Kishida Y (Eds) Nihon-san garui hyojun zukan The standard of moths in Japan. Gakken Kyoiku Shuppan, Tokyo, 80-96, pls 83-03 - 83-06. (2013)."
9311911,"Etainia trifasciata (Matsumura, 1931) Diškus et al., 2003",Etainia trifasciata,SPECIES,ACCEPTED,Animalia,Arthropoda,Insecta,Lepidoptera,Nepticulidae,Etainia,Etainia trifasciata,1,Ectoedemia trifasciata,"Ectoedemia trifasciata (Matsumura, 1931) Hirano, 2013",9624223,SYNONYM,,"(Matsumura, 1931) Hirano, 2013","Hirano N. Nepticulidae. In: Hirowatari T, Nasu Y, Sakamaki Y, Kishida Y (Eds) Nihon-san garui hyojun zukan The standard of moths in Japan. Gakken Kyoiku Shuppan, Tokyo, 80-96, pls 83-03 - 83-06. (2013)."
9311911,"Etainia trifasciata (Matsumura, 1931) Diškus et al., 2003",Etainia trifasciata,SPECIES,ACCEPTED,Animalia,Arthropoda,Insecta,Lepidoptera,Nepticulidae,Etainia,Etainia trifasciata,1,Etainia tigrinella,"Etainia tigrinella (Puplesis, 1985) Puplesis, 1994",9428824,SYNONYM,,"(Puplesis, 1985) Puplesis, 1994","Puplesis R. The Nepticulidae of eastern Europe and Asia. Western, central and eastern parts. Backhuys Publishers, Leiden: 290 pp. (1994)."
9311911,"Etainia trifasciata (Matsumura, 1931) Diškus et al., 2003",Etainia trifasciata,SPECIES,ACCEPTED,Animalia,Arthropoda,Insecta,Lepidoptera,Nepticulidae,Etainia,Etainia trifasciata,1,Nepticula trifasciata,"Nepticula trifasciata Matsumura, 1931",1736184,SYNONYM,,"Matsumura, 1931","Matsumura S. 6000 Illustrated insects of Japan-Empire. Tokyo: x, ii, iii, iii, 23, 1497 + 1191, 1410 pls. pp. (1931)."
9311911,"Etainia trifasciata (Matsumura, 1931) Diškus et al., 2003",Etainia trifasciata,SPECIES,ACCEPTED,Animalia,Arthropoda,Insecta,Lepidoptera,Nepticulidae,Etainia,Etainia trifasciata,1,Obrussa tigrinella,"Obrussa tigrinella Puplesis, 1985",9338639,SYNONYM,,"Puplesis, 1985","Nieukerken EJ van, Doorenweerd C, Hoare RJB, Davis DR. Revised classification and catalogue of global Nepticulidae and Opostegidae (Lepidoptera: Nepticuloidea). ZooKeys 628: 65-246. doi: 10.3897/zookeys.628.9799. (2016)."
9311911,"Etainia trifasciata (Matsumura, 1931) Diškus et al., 2003",Etainia trifasciata,SPECIES,ACCEPTED,Animalia,Arthropoda,Insecta,Lepidoptera,Nepticulidae,Etainia,Etainia trifasciata,1,Stigmella trifasciata,"Stigmella trifasciata (Matsumura, 1931)",9548840,SYNONYM,,"(Matsumura, 1931) ",
6119966,"Etainia zimbabwiensis (Scoble, 1983) Vári et al., 1986",Etainia zimbabwiensis,SPECIES,ACCEPTED,Animalia,Arthropoda,Insecta,Lepidoptera,Nepticulidae,Etainia,Etainia zimbabwiensis,1,Obrussa zimbabwiensis,"Obrussa zimbabwiensis Scoble, 1983",9502645,SYNONYM,,"Scoble, 1983",Scoble MJ. A revised cladistic classification of the Nepticulidae (Lepidoptera) with descriptions of new taxa mainly from South Africa. Transvaal Museum Monograph 2: 1-105. doi: http://hdl.handle.net/10499/AJ10150. (1983).
