model,file,accuracy,precision,recall,f1,tn,fp,fn,tp,total
ModernBERT-large,synonym_results_coleop.csv,0.4981684981684982,0.49907578558225507,0.989010989010989,0.6633906633906634,2,271,3,270,546
ModernBERT-large,synonym_results_lepo.csv,0.5006784260515604,0.5003394433129668,1.0,0.6669683257918552,2,1472,0,1474,2948
