model,file,accuracy,precision,recall,f1,tn,fp,fn,tp,total
bge-base-en-v1.5,synonym_results_coleop.csv,0.8424908424908425,0.9651741293532339,0.7106227106227107,0.8185654008438819,266,7,79,194,546
bge-base-en-v1.5,synonym_results_lepo.csv,0.8385345997286295,0.9960238568588469,0.6797829036635007,0.8080645161290323,1470,4,472,1002,2948
