model,file,accuracy,precision,recall,f1,tn,fp,fn,tp,total
PatentSBERTa,synonym_results_coleop.csv,0.8076923076923077,0.9666666666666667,0.6373626373626373,0.7682119205298014,267,6,99,174,546
PatentSBERTa,synonym_results_lepo.csv,0.7964721845318861,0.9932279909706546,0.5970149253731343,0.7457627118644068,1468,6,594,880,2948
