model,file,accuracy,precision,recall,f1,tn,fp,fn,tp,total
scibert_scivocab_uncased,synonym_results_coleop.csv,0.5567765567765568,0.53276955602537,0.9230769230769231,0.675603217158177,52,221,21,252,546
scibert_scivocab_uncased,synonym_results_lepo.csv,0.5868385345997287,0.5534223706176962,0.8995929443690638,0.6852713178294574,404,1070,148,1326,2948
