2026-07-05 15:11:23 | INFO | Output file: data/coleoptera_taxa_with_current_names_all.csv
2026-07-05 15:11:23 | INFO | Log file: logs/gbif_coleoptera_harvester_all.log
2026-07-05 15:11:23 | INFO | Root taxon key: 1470
2026-07-05 15:11:23 | INFO | Starting traversal from root taxon key: 1470
2026-07-05 15:11:23 | INFO | Fetching: https://api.gbif.org/v1/species/1470/children | params={}
2026-07-05 15:11:28 | INFO | Finished: https://api.gbif.org/v1/species/1470/children | total=4000
2026-07-05 15:11:28 | INFO | Fetching: https://api.gbif.org/v1/species/1470/children | params={}
2026-07-05 15:11:30 | INFO | Finished: https://api.gbif.org/v1/species/1470/children | total=4000
2026-07-05 15:11:30 | INFO | Randomly selected 200/200 children for taxon 1470
2026-07-05 15:11:30 | INFO | Taxon key 1470 has 200 children
2026-07-05 15:11:30 | INFO | Fetching: https://api.gbif.org/v1/species/4721484/children | params={}
2026-07-05 15:11:30 | INFO | Finished: https://api.gbif.org/v1/species/4721484/children | total=1
2026-07-05 15:11:30 | INFO | Fetching: https://api.gbif.org/v1/species/4721484/children | params={}
2026-07-05 15:11:31 | INFO | Finished: https://api.gbif.org/v1/species/4721484/children | total=1
2026-07-05 15:11:31 | INFO | Randomly selected 1/1 children for taxon 4721484
2026-07-05 15:11:31 | INFO | Taxon key 4721484 has 1 children
2026-07-05 15:11:31 | INFO | Fetching: https://api.gbif.org/v1/species/7777/children | params={}
2026-07-05 15:11:31 | INFO | Finished: https://api.gbif.org/v1/species/7777/children | total=475
2026-07-05 15:11:31 | INFO | Fetching: https://api.gbif.org/v1/species/7777/children | params={}
2026-07-05 15:11:32 | INFO | Finished: https://api.gbif.org/v1/species/7777/children | total=475
2026-07-05 15:11:32 | INFO | Randomly selected 200/200 children for taxon 7777
2026-07-05 15:11:32 | INFO | Taxon key 7777 has 200 children
2026-07-05 15:11:32 | INFO | Fetching: https://api.gbif.org/v1/species/4741356/children | params={}
2026-07-05 15:11:32 | INFO | Finished: https://api.gbif.org/v1/species/4741356/children | total=1
2026-07-05 15:11:32 | INFO | Fetching: https://api.gbif.org/v1/species/4741356/children | params={}
2026-07-05 15:11:32 | INFO | Finished: https://api.gbif.org/v1/species/4741356/children | total=1
2026-07-05 15:11:32 | INFO | Randomly selected 1/1 children for taxon 4741356
2026-07-05 15:11:32 | INFO | Taxon key 4741356 has 1 children
2026-07-05 15:11:32 | INFO | Fetching: https://api.gbif.org/v1/species/4717108/children | params={}
2026-07-05 15:11:32 | INFO | Finished: https://api.gbif.org/v1/species/4717108/children | total=2
2026-07-05 15:11:32 | INFO | Fetching: https://api.gbif.org/v1/species/4717108/children | params={}
2026-07-05 15:11:32 | INFO | Finished: https://api.gbif.org/v1/species/4717108/children | total=2
2026-07-05 15:11:32 | INFO | Randomly selected 2/2 children for taxon 4717108
2026-07-05 15:11:32 | INFO | Taxon key 4717108 has 2 children
2026-07-05 15:11:32 | INFO | Fetching: https://api.gbif.org/v1/species/4404403/children | params={}
2026-07-05 15:11:33 | INFO | Finished: https://api.gbif.org/v1/species/4404403/children | total=10
2026-07-05 15:11:33 | INFO | Fetching: https://api.gbif.org/v1/species/4404403/children | params={}
2026-07-05 15:11:33 | INFO | Finished: https://api.gbif.org/v1/species/4404403/children | total=10
2026-07-05 15:11:33 | INFO | Randomly selected 10/10 children for taxon 4404403
2026-07-05 15:11:33 | INFO | Taxon key 4404403 has 10 children
2026-07-05 15:11:33 | INFO | Fetching: https://api.gbif.org/v1/species/4429610/children | params={}
2026-07-05 15:11:33 | INFO | Finished: https://api.gbif.org/v1/species/4429610/children | total=1
2026-07-05 15:11:33 | INFO | Fetching: https://api.gbif.org/v1/species/4429610/children | params={}
2026-07-05 15:11:33 | INFO | Finished: https://api.gbif.org/v1/species/4429610/children | total=1
2026-07-05 15:11:33 | INFO | Randomly selected 1/1 children for taxon 4429610
2026-07-05 15:11:33 | INFO | Taxon key 4429610 has 1 children
2026-07-05 15:11:33 | INFO | Fetching: https://api.gbif.org/v1/species/4429625/children | params={}
2026-07-05 15:11:33 | INFO | Finished: https://api.gbif.org/v1/species/4429625/children | total=1
2026-07-05 15:11:34 | INFO | Fetching: https://api.gbif.org/v1/species/4429625/children | params={}
2026-07-05 15:11:34 | INFO | Finished: https://api.gbif.org/v1/species/4429625/children | total=1
2026-07-05 15:11:34 | INFO | Randomly selected 1/1 children for taxon 4429625
2026-07-05 15:11:34 | INFO | Taxon key 4429625 has 1 children
2026-07-05 15:11:34 | INFO | Fetching: https://api.gbif.org/v1/species/8442538/children | params={}
2026-07-05 15:11:34 | INFO | Finished: https://api.gbif.org/v1/species/8442538/children | total=4
2026-07-05 15:11:34 | INFO | Fetching: https://api.gbif.org/v1/species/8442538/children | params={}
2026-07-05 15:11:34 | INFO | Finished: https://api.gbif.org/v1/species/8442538/children | total=4
2026-07-05 15:11:34 | INFO | Randomly selected 4/4 children for taxon 8442538
2026-07-05 15:11:34 | INFO | Taxon key 8442538 has 4 children
2026-07-05 15:11:34 | INFO | Fetching: https://api.gbif.org/v1/species/4717101/children | params={}
2026-07-05 15:11:34 | INFO | Finished: https://api.gbif.org/v1/species/4717101/children | total=21
2026-07-05 15:11:34 | INFO | Fetching: https://api.gbif.org/v1/species/4717101/children | params={}
2026-07-05 15:11:35 | INFO | Finished: https://api.gbif.org/v1/species/4717101/children | total=21
2026-07-05 15:11:35 | INFO | Randomly selected 21/21 children for taxon 4717101
2026-07-05 15:11:35 | INFO | Taxon key 4717101 has 21 children
2026-07-05 15:11:35 | INFO | Fetching: https://api.gbif.org/v1/species/11175390/children | params={}
2026-07-05 15:11:35 | INFO | Finished: https://api.gbif.org/v1/species/11175390/children | total=1
2026-07-05 15:11:35 | INFO | Fetching: https://api.gbif.org/v1/species/11175390/children | params={}
2026-07-05 15:11:35 | INFO | Finished: https://api.gbif.org/v1/species/11175390/children | total=1
2026-07-05 15:11:35 | INFO | Randomly selected 1/1 children for taxon 11175390
2026-07-05 15:11:35 | INFO | Taxon key 11175390 has 1 children
2026-07-05 15:11:35 | INFO | Fetching: https://api.gbif.org/v1/species/3260756/children | params={}
2026-07-05 15:11:35 | INFO | Finished: https://api.gbif.org/v1/species/3260756/children | total=36
2026-07-05 15:11:35 | INFO | Fetching: https://api.gbif.org/v1/species/3260756/children | params={}
2026-07-05 15:11:35 | INFO | Finished: https://api.gbif.org/v1/species/3260756/children | total=36
2026-07-05 15:11:35 | INFO | Randomly selected 36/36 children for taxon 3260756
2026-07-05 15:11:35 | INFO | Taxon key 3260756 has 36 children
2026-07-05 15:11:35 | INFO | Fetching: https://api.gbif.org/v1/species/8770982/children | params={}
2026-07-05 15:11:36 | INFO | Finished: https://api.gbif.org/v1/species/8770982/children | total=2
2026-07-05 15:11:36 | INFO | Fetching: https://api.gbif.org/v1/species/8770982/children | params={}
2026-07-05 15:11:36 | INFO | Finished: https://api.gbif.org/v1/species/8770982/children | total=2
2026-07-05 15:11:36 | INFO | Randomly selected 2/2 children for taxon 8770982
2026-07-05 15:11:36 | INFO | Taxon key 8770982 has 2 children
2026-07-05 15:11:36 | INFO | Fetching: https://api.gbif.org/v1/species/3237452/children | params={}
2026-07-05 15:11:36 | INFO | Finished: https://api.gbif.org/v1/species/3237452/children | total=182
2026-07-05 15:11:36 | INFO | Fetching: https://api.gbif.org/v1/species/3237452/children | params={}
2026-07-05 15:11:36 | INFO | Finished: https://api.gbif.org/v1/species/3237452/children | total=182
2026-07-05 15:11:36 | INFO | Randomly selected 182/182 children for taxon 3237452
2026-07-05 15:11:36 | INFO | Taxon key 3237452 has 182 children
2026-07-05 15:11:36 | INFO | Fetching: https://api.gbif.org/v1/species/6067006/children | params={}
2026-07-05 15:11:37 | INFO | Finished: https://api.gbif.org/v1/species/6067006/children | total=1
2026-07-05 15:11:37 | INFO | Fetching: https://api.gbif.org/v1/species/6067006/children | params={}
2026-07-05 15:11:37 | INFO | Finished: https://api.gbif.org/v1/species/6067006/children | total=1
2026-07-05 15:11:37 | INFO | Randomly selected 1/1 children for taxon 6067006
2026-07-05 15:11:37 | INFO | Taxon key 6067006 has 1 children
2026-07-05 15:11:37 | INFO | Fetching: https://api.gbif.org/v1/species/7707680/children | params={}
2026-07-05 15:11:37 | INFO | Finished: https://api.gbif.org/v1/species/7707680/children | total=2
2026-07-05 15:11:37 | INFO | Fetching: https://api.gbif.org/v1/species/7707680/children | params={}
2026-07-05 15:11:37 | INFO | Finished: https://api.gbif.org/v1/species/7707680/children | total=2
2026-07-05 15:11:37 | INFO | Randomly selected 2/2 children for taxon 7707680
2026-07-05 15:11:37 | INFO | Taxon key 7707680 has 2 children
2026-07-05 15:11:37 | INFO | Fetching: https://api.gbif.org/v1/species/6067000/children | params={}
2026-07-05 15:11:38 | INFO | Finished: https://api.gbif.org/v1/species/6067000/children | total=2
2026-07-05 15:11:38 | INFO | Fetching: https://api.gbif.org/v1/species/6067000/children | params={}
2026-07-05 15:11:38 | INFO | Finished: https://api.gbif.org/v1/species/6067000/children | total=2
2026-07-05 15:11:38 | INFO | Randomly selected 2/2 children for taxon 6067000
2026-07-05 15:11:38 | INFO | Taxon key 6067000 has 2 children
2026-07-05 15:11:38 | INFO | Fetching: https://api.gbif.org/v1/species/7733136/children | params={}
2026-07-05 15:11:38 | INFO | Finished: https://api.gbif.org/v1/species/7733136/children | total=2
2026-07-05 15:11:38 | INFO | Fetching: https://api.gbif.org/v1/species/7733136/children | params={}
2026-07-05 15:11:38 | INFO | Finished: https://api.gbif.org/v1/species/7733136/children | total=2
2026-07-05 15:11:38 | INFO | Randomly selected 2/2 children for taxon 7733136
2026-07-05 15:11:38 | INFO | Taxon key 7733136 has 2 children
2026-07-05 15:11:38 | INFO | Fetching: https://api.gbif.org/v1/species/10703605/children | params={}
2026-07-05 15:11:38 | INFO | Finished: https://api.gbif.org/v1/species/10703605/children | total=1
2026-07-05 15:11:38 | INFO | Fetching: https://api.gbif.org/v1/species/10703605/children | params={}
2026-07-05 15:11:38 | INFO | Finished: https://api.gbif.org/v1/species/10703605/children | total=1
2026-07-05 15:11:38 | INFO | Randomly selected 1/1 children for taxon 10703605
2026-07-05 15:11:38 | INFO | Taxon key 10703605 has 1 children
2026-07-05 15:11:38 | INFO | Fetching: https://api.gbif.org/v1/species/5744106/children | params={}
2026-07-05 15:11:39 | INFO | Finished: https://api.gbif.org/v1/species/5744106/children | total=1
2026-07-05 15:11:39 | INFO | Fetching: https://api.gbif.org/v1/species/5744106/children | params={}
2026-07-05 15:11:39 | INFO | Finished: https://api.gbif.org/v1/species/5744106/children | total=1
2026-07-05 15:11:39 | INFO | Randomly selected 1/1 children for taxon 5744106
2026-07-05 15:11:39 | INFO | Taxon key 5744106 has 1 children
2026-07-05 15:11:39 | INFO | Fetching: https://api.gbif.org/v1/species/4308856/children | params={}
2026-07-05 15:11:39 | INFO | Finished: https://api.gbif.org/v1/species/4308856/children | total=2
2026-07-05 15:11:39 | INFO | Fetching: https://api.gbif.org/v1/species/4308856/children | params={}
2026-07-05 15:11:39 | INFO | Finished: https://api.gbif.org/v1/species/4308856/children | total=2
2026-07-05 15:11:39 | INFO | Randomly selected 2/2 children for taxon 4308856
2026-07-05 15:11:39 | INFO | Taxon key 4308856 has 2 children
2026-07-05 15:11:39 | INFO | Fetching: https://api.gbif.org/v1/species/12185484/children | params={}
2026-07-05 15:11:39 | INFO | Finished: https://api.gbif.org/v1/species/12185484/children | total=1
2026-07-05 15:11:39 | INFO | Fetching: https://api.gbif.org/v1/species/12185484/children | params={}
2026-07-05 15:11:40 | INFO | Finished: https://api.gbif.org/v1/species/12185484/children | total=1
2026-07-05 15:11:40 | INFO | Randomly selected 1/1 children for taxon 12185484
2026-07-05 15:11:40 | INFO | Taxon key 12185484 has 1 children
2026-07-05 15:11:40 | INFO | Fetching: https://api.gbif.org/v1/species/5743968/children | params={}
2026-07-05 15:11:40 | INFO | Finished: https://api.gbif.org/v1/species/5743968/children | total=1
2026-07-05 15:11:40 | INFO | Fetching: https://api.gbif.org/v1/species/5743968/children | params={}
2026-07-05 15:11:40 | INFO | Finished: https://api.gbif.org/v1/species/5743968/children | total=1
2026-07-05 15:11:40 | INFO | Randomly selected 1/1 children for taxon 5743968
2026-07-05 15:11:40 | INFO | Taxon key 5743968 has 1 children
2026-07-05 15:11:40 | INFO | Fetching: https://api.gbif.org/v1/species/5744028/children | params={}
2026-07-05 15:11:40 | INFO | Finished: https://api.gbif.org/v1/species/5744028/children | total=1
2026-07-05 15:11:40 | INFO | Fetching: https://api.gbif.org/v1/species/5744028/children | params={}
2026-07-05 15:11:40 | INFO | Finished: https://api.gbif.org/v1/species/5744028/children | total=1
2026-07-05 15:11:40 | INFO | Randomly selected 1/1 children for taxon 5744028
2026-07-05 15:11:40 | INFO | Taxon key 5744028 has 1 children
2026-07-05 15:11:40 | INFO | Fetching: https://api.gbif.org/v1/species/5744057/children | params={}
2026-07-05 15:11:41 | INFO | Finished: https://api.gbif.org/v1/species/5744057/children | total=1
2026-07-05 15:11:41 | INFO | Fetching: https://api.gbif.org/v1/species/5744057/children | params={}
2026-07-05 15:11:41 | INFO | Finished: https://api.gbif.org/v1/species/5744057/children | total=1
2026-07-05 15:11:41 | INFO | Randomly selected 1/1 children for taxon 5744057
2026-07-05 15:11:41 | INFO | Taxon key 5744057 has 1 children
2026-07-05 15:11:41 | INFO | Fetching: https://api.gbif.org/v1/species/5743925/children | params={}
2026-07-05 15:11:41 | INFO | Finished: https://api.gbif.org/v1/species/5743925/children | total=1
2026-07-05 15:11:41 | INFO | Fetching: https://api.gbif.org/v1/species/5743925/children | params={}
2026-07-05 15:11:41 | INFO | Finished: https://api.gbif.org/v1/species/5743925/children | total=1
2026-07-05 15:11:41 | INFO | Randomly selected 1/1 children for taxon 5743925
2026-07-05 15:11:41 | INFO | Taxon key 5743925 has 1 children
2026-07-05 15:11:41 | INFO | Fetching: https://api.gbif.org/v1/species/5743944/children | params={}
2026-07-05 15:11:41 | INFO | Finished: https://api.gbif.org/v1/species/5743944/children | total=2
2026-07-05 15:11:41 | INFO | Fetching: https://api.gbif.org/v1/species/5743944/children | params={}
2026-07-05 15:11:42 | INFO | Finished: https://api.gbif.org/v1/species/5743944/children | total=2
2026-07-05 15:11:42 | INFO | Randomly selected 2/2 children for taxon 5743944
2026-07-05 15:11:42 | INFO | Taxon key 5743944 has 2 children
2026-07-05 15:11:42 | INFO | Fetching: https://api.gbif.org/v1/species/6067005/children | params={}
2026-07-05 15:11:42 | INFO | Finished: https://api.gbif.org/v1/species/6067005/children | total=1
2026-07-05 15:11:42 | INFO | Fetching: https://api.gbif.org/v1/species/6067005/children | params={}
2026-07-05 15:11:42 | INFO | Finished: https://api.gbif.org/v1/species/6067005/children | total=1
2026-07-05 15:11:42 | INFO | Randomly selected 1/1 children for taxon 6067005
2026-07-05 15:11:42 | INFO | Taxon key 6067005 has 1 children
2026-07-05 15:11:42 | INFO | Fetching: https://api.gbif.org/v1/species/5744022/children | params={}
2026-07-05 15:11:42 | INFO | Finished: https://api.gbif.org/v1/species/5744022/children | total=1
2026-07-05 15:11:42 | INFO | Fetching: https://api.gbif.org/v1/species/5744022/children | params={}
2026-07-05 15:11:42 | INFO | Finished: https://api.gbif.org/v1/species/5744022/children | total=1
2026-07-05 15:11:42 | INFO | Randomly selected 1/1 children for taxon 5744022
2026-07-05 15:11:42 | INFO | Taxon key 5744022 has 1 children
2026-07-05 15:11:42 | INFO | Fetching: https://api.gbif.org/v1/species/5744091/children | params={}
2026-07-05 15:11:43 | INFO | Finished: https://api.gbif.org/v1/species/5744091/children | total=1
2026-07-05 15:11:43 | INFO | Fetching: https://api.gbif.org/v1/species/5744091/children | params={}
2026-07-05 15:11:43 | INFO | Finished: https://api.gbif.org/v1/species/5744091/children | total=1
2026-07-05 15:11:43 | INFO | Randomly selected 1/1 children for taxon 5744091
2026-07-05 15:11:43 | INFO | Taxon key 5744091 has 1 children
2026-07-05 15:11:43 | INFO | Fetching: https://api.gbif.org/v1/species/8985593/children | params={}
2026-07-05 15:11:43 | INFO | Finished: https://api.gbif.org/v1/species/8985593/children | total=2
2026-07-05 15:11:43 | INFO | Fetching: https://api.gbif.org/v1/species/8985593/children | params={}
2026-07-05 15:11:43 | INFO | Finished: https://api.gbif.org/v1/species/8985593/children | total=2
2026-07-05 15:11:43 | INFO | Randomly selected 2/2 children for taxon 8985593
2026-07-05 15:11:43 | INFO | Taxon key 8985593 has 2 children
2026-07-05 15:11:43 | INFO | Fetching: https://api.gbif.org/v1/species/5744135/children | params={}
2026-07-05 15:11:43 | INFO | Finished: https://api.gbif.org/v1/species/5744135/children | total=1
2026-07-05 15:11:43 | INFO | Fetching: https://api.gbif.org/v1/species/5744135/children | params={}
2026-07-05 15:11:43 | INFO | Finished: https://api.gbif.org/v1/species/5744135/children | total=1
2026-07-05 15:11:43 | INFO | Randomly selected 1/1 children for taxon 5744135
2026-07-05 15:11:43 | INFO | Taxon key 5744135 has 1 children
2026-07-05 15:11:43 | INFO | Fetching: https://api.gbif.org/v1/species/5743947/children | params={}
2026-07-05 15:11:44 | INFO | Finished: https://api.gbif.org/v1/species/5743947/children | total=2
2026-07-05 15:11:44 | INFO | Fetching: https://api.gbif.org/v1/species/5743947/children | params={}
2026-07-05 15:11:44 | INFO | Finished: https://api.gbif.org/v1/species/5743947/children | total=2
2026-07-05 15:11:44 | INFO | Randomly selected 2/2 children for taxon 5743947
2026-07-05 15:11:44 | INFO | Taxon key 5743947 has 2 children
2026-07-05 15:11:44 | INFO | Fetching: https://api.gbif.org/v1/species/5743995/children | params={}
2026-07-05 15:11:44 | INFO | Finished: https://api.gbif.org/v1/species/5743995/children | total=1
2026-07-05 15:11:44 | INFO | Fetching: https://api.gbif.org/v1/species/5743995/children | params={}
2026-07-05 15:11:44 | INFO | Finished: https://api.gbif.org/v1/species/5743995/children | total=1
2026-07-05 15:11:44 | INFO | Randomly selected 1/1 children for taxon 5743995
2026-07-05 15:11:44 | INFO | Taxon key 5743995 has 1 children
2026-07-05 15:11:44 | INFO | Fetching: https://api.gbif.org/v1/species/5744086/children | params={}
2026-07-05 15:11:44 | INFO | Finished: https://api.gbif.org/v1/species/5744086/children | total=1
2026-07-05 15:11:44 | INFO | Fetching: https://api.gbif.org/v1/species/5744086/children | params={}
2026-07-05 15:11:45 | INFO | Finished: https://api.gbif.org/v1/species/5744086/children | total=1
2026-07-05 15:11:45 | INFO | Randomly selected 1/1 children for taxon 5744086
2026-07-05 15:11:45 | INFO | Taxon key 5744086 has 1 children
2026-07-05 15:11:45 | INFO | Fetching: https://api.gbif.org/v1/species/5744187/children | params={}
2026-07-05 15:11:45 | INFO | Finished: https://api.gbif.org/v1/species/5744187/children | total=1
2026-07-05 15:11:45 | INFO | Fetching: https://api.gbif.org/v1/species/5744187/children | params={}
2026-07-05 15:11:45 | INFO | Finished: https://api.gbif.org/v1/species/5744187/children | total=1
2026-07-05 15:11:45 | INFO | Randomly selected 1/1 children for taxon 5744187
2026-07-05 15:11:45 | INFO | Taxon key 5744187 has 1 children
2026-07-05 15:11:45 | INFO | Fetching: https://api.gbif.org/v1/species/5744026/children | params={}
2026-07-05 15:11:45 | INFO | Finished: https://api.gbif.org/v1/species/5744026/children | total=1
2026-07-05 15:11:45 | INFO | Fetching: https://api.gbif.org/v1/species/5744026/children | params={}
2026-07-05 15:11:45 | INFO | Finished: https://api.gbif.org/v1/species/5744026/children | total=1
2026-07-05 15:11:45 | INFO | Randomly selected 1/1 children for taxon 5744026
2026-07-05 15:11:45 | INFO | Taxon key 5744026 has 1 children
2026-07-05 15:11:45 | INFO | Fetching: https://api.gbif.org/v1/species/7874779/children | params={}
2026-07-05 15:11:45 | INFO | Finished: https://api.gbif.org/v1/species/7874779/children | total=1
2026-07-05 15:11:45 | INFO | Fetching: https://api.gbif.org/v1/species/7874779/children | params={}
2026-07-05 15:11:46 | INFO | Finished: https://api.gbif.org/v1/species/7874779/children | total=1
2026-07-05 15:11:46 | INFO | Randomly selected 1/1 children for taxon 7874779
2026-07-05 15:11:46 | INFO | Taxon key 7874779 has 1 children
2026-07-05 15:11:46 | INFO | Fetching: https://api.gbif.org/v1/species/6067007/children | params={}
2026-07-05 15:11:46 | INFO | Finished: https://api.gbif.org/v1/species/6067007/children | total=3
2026-07-05 15:11:46 | INFO | Fetching: https://api.gbif.org/v1/species/6067007/children | params={}
2026-07-05 15:11:46 | INFO | Finished: https://api.gbif.org/v1/species/6067007/children | total=3
2026-07-05 15:11:46 | INFO | Randomly selected 3/3 children for taxon 6067007
2026-07-05 15:11:46 | INFO | Taxon key 6067007 has 3 children
2026-07-05 15:11:46 | INFO | Fetching: https://api.gbif.org/v1/species/6067001/children | params={}
2026-07-05 15:11:46 | INFO | Finished: https://api.gbif.org/v1/species/6067001/children | total=1
2026-07-05 15:11:46 | INFO | Fetching: https://api.gbif.org/v1/species/6067001/children | params={}
2026-07-05 15:11:46 | INFO | Finished: https://api.gbif.org/v1/species/6067001/children | total=1
2026-07-05 15:11:46 | INFO | Randomly selected 1/1 children for taxon 6067001
2026-07-05 15:11:46 | INFO | Taxon key 6067001 has 1 children
2026-07-05 15:11:46 | INFO | Fetching: https://api.gbif.org/v1/species/8571470/children | params={}
2026-07-05 15:11:47 | INFO | Finished: https://api.gbif.org/v1/species/8571470/children | total=1
2026-07-05 15:11:47 | INFO | Fetching: https://api.gbif.org/v1/species/8571470/children | params={}
2026-07-05 15:11:47 | INFO | Finished: https://api.gbif.org/v1/species/8571470/children | total=1
2026-07-05 15:11:47 | INFO | Randomly selected 1/1 children for taxon 8571470
2026-07-05 15:11:47 | INFO | Taxon key 8571470 has 1 children
2026-07-05 15:11:47 | INFO | Fetching: https://api.gbif.org/v1/species/3260754/children | params={}
2026-07-05 15:11:47 | INFO | Finished: https://api.gbif.org/v1/species/3260754/children | total=7
2026-07-05 15:11:47 | INFO | Fetching: https://api.gbif.org/v1/species/3260754/children | params={}
2026-07-05 15:11:47 | INFO | Finished: https://api.gbif.org/v1/species/3260754/children | total=7
2026-07-05 15:11:47 | INFO | Randomly selected 7/7 children for taxon 3260754
2026-07-05 15:11:47 | INFO | Taxon key 3260754 has 7 children
2026-07-05 15:11:47 | INFO | Fetching: https://api.gbif.org/v1/species/8793496/children | params={}
2026-07-05 15:11:47 | INFO | Finished: https://api.gbif.org/v1/species/8793496/children | total=2
2026-07-05 15:11:47 | INFO | Fetching: https://api.gbif.org/v1/species/8793496/children | params={}
2026-07-05 15:11:48 | INFO | Finished: https://api.gbif.org/v1/species/8793496/children | total=2
2026-07-05 15:11:48 | INFO | Randomly selected 2/2 children for taxon 8793496
2026-07-05 15:11:48 | INFO | Taxon key 8793496 has 2 children
2026-07-05 15:11:48 | INFO | Fetching: https://api.gbif.org/v1/species/4717191/children | params={}
2026-07-05 15:11:48 | INFO | Finished: https://api.gbif.org/v1/species/4717191/children | total=1
2026-07-05 15:11:48 | INFO | Fetching: https://api.gbif.org/v1/species/4717191/children | params={}
2026-07-05 15:11:48 | INFO | Finished: https://api.gbif.org/v1/species/4717191/children | total=1
2026-07-05 15:11:48 | INFO | Randomly selected 1/1 children for taxon 4717191
2026-07-05 15:11:48 | INFO | Taxon key 4717191 has 1 children
2026-07-05 15:11:48 | INFO | Fetching: https://api.gbif.org/v1/species/4763137/children | params={}
2026-07-05 15:11:48 | INFO | Finished: https://api.gbif.org/v1/species/4763137/children | total=3
2026-07-05 15:11:48 | INFO | Fetching: https://api.gbif.org/v1/species/4763137/children | params={}
2026-07-05 15:11:48 | INFO | Finished: https://api.gbif.org/v1/species/4763137/children | total=3
2026-07-05 15:11:48 | INFO | Randomly selected 3/3 children for taxon 4763137
2026-07-05 15:11:48 | INFO | Taxon key 4763137 has 3 children
2026-07-05 15:11:48 | INFO | Fetching: https://api.gbif.org/v1/species/11154992/children | params={}
2026-07-05 15:11:49 | INFO | Finished: https://api.gbif.org/v1/species/11154992/children | total=1
2026-07-05 15:11:49 | INFO | Fetching: https://api.gbif.org/v1/species/11154992/children | params={}
2026-07-05 15:11:49 | INFO | Finished: https://api.gbif.org/v1/species/11154992/children | total=1
2026-07-05 15:11:49 | INFO | Randomly selected 1/1 children for taxon 11154992
2026-07-05 15:11:49 | INFO | Taxon key 11154992 has 1 children
2026-07-05 15:11:49 | INFO | Fetching: https://api.gbif.org/v1/species/4406250/children | params={}
2026-07-05 15:11:49 | INFO | Finished: https://api.gbif.org/v1/species/4406250/children | total=3
2026-07-05 15:11:49 | INFO | Fetching: https://api.gbif.org/v1/species/4406250/children | params={}
2026-07-05 15:11:49 | INFO | Finished: https://api.gbif.org/v1/species/4406250/children | total=3
2026-07-05 15:11:49 | INFO | Randomly selected 3/3 children for taxon 4406250
2026-07-05 15:11:49 | INFO | Taxon key 4406250 has 3 children
2026-07-05 15:11:49 | INFO | Fetching: https://api.gbif.org/v1/species/8541408/children | params={}
2026-07-05 15:11:49 | INFO | Finished: https://api.gbif.org/v1/species/8541408/children | total=1
2026-07-05 15:11:49 | INFO | Fetching: https://api.gbif.org/v1/species/8541408/children | params={}
2026-07-05 15:11:50 | INFO | Finished: https://api.gbif.org/v1/species/8541408/children | total=1
2026-07-05 15:11:50 | INFO | Randomly selected 1/1 children for taxon 8541408
2026-07-05 15:11:50 | INFO | Taxon key 8541408 has 1 children
2026-07-05 15:11:50 | INFO | Fetching: https://api.gbif.org/v1/species/4742856/children | params={}
2026-07-05 15:11:50 | INFO | Finished: https://api.gbif.org/v1/species/4742856/children | total=25
2026-07-05 15:11:50 | INFO | Fetching: https://api.gbif.org/v1/species/4742856/children | params={}
2026-07-05 15:11:50 | INFO | Finished: https://api.gbif.org/v1/species/4742856/children | total=25
2026-07-05 15:11:50 | INFO | Randomly selected 25/25 children for taxon 4742856
2026-07-05 15:11:50 | INFO | Taxon key 4742856 has 25 children
2026-07-05 15:11:50 | INFO | Fetching: https://api.gbif.org/v1/species/10733226/children | params={}
2026-07-05 15:11:50 | INFO | Finished: https://api.gbif.org/v1/species/10733226/children | total=2
2026-07-05 15:11:50 | INFO | Fetching: https://api.gbif.org/v1/species/10733226/children | params={}
2026-07-05 15:11:51 | INFO | Finished: https://api.gbif.org/v1/species/10733226/children | total=2
2026-07-05 15:11:51 | INFO | Randomly selected 2/2 children for taxon 10733226
2026-07-05 15:11:51 | INFO | Taxon key 10733226 has 2 children
2026-07-05 15:11:51 | INFO | Fetching: https://api.gbif.org/v1/species/10880860/children | params={}
2026-07-05 15:11:51 | INFO | Finished: https://api.gbif.org/v1/species/10880860/children | total=1
2026-07-05 15:11:51 | INFO | Fetching: https://api.gbif.org/v1/species/10880860/children | params={}
2026-07-05 15:11:51 | INFO | Finished: https://api.gbif.org/v1/species/10880860/children | total=1
2026-07-05 15:11:51 | INFO | Randomly selected 1/1 children for taxon 10880860
2026-07-05 15:11:51 | INFO | Taxon key 10880860 has 1 children
2026-07-05 15:11:51 | INFO | Fetching: https://api.gbif.org/v1/species/4755034/children | params={}
2026-07-05 15:11:51 | INFO | Finished: https://api.gbif.org/v1/species/4755034/children | total=2
2026-07-05 15:11:51 | INFO | Fetching: https://api.gbif.org/v1/species/4755034/children | params={}
2026-07-05 15:11:51 | INFO | Finished: https://api.gbif.org/v1/species/4755034/children | total=2
2026-07-05 15:11:51 | INFO | Randomly selected 2/2 children for taxon 4755034
2026-07-05 15:11:51 | INFO | Taxon key 4755034 has 2 children
2026-07-05 15:11:51 | INFO | Fetching: https://api.gbif.org/v1/species/7475593/children | params={}
2026-07-05 15:11:51 | INFO | Finished: https://api.gbif.org/v1/species/7475593/children | total=1
2026-07-05 15:11:51 | INFO | Fetching: https://api.gbif.org/v1/species/7475593/children | params={}
2026-07-05 15:11:52 | INFO | Finished: https://api.gbif.org/v1/species/7475593/children | total=1
2026-07-05 15:11:52 | INFO | Randomly selected 1/1 children for taxon 7475593
2026-07-05 15:11:52 | INFO | Taxon key 7475593 has 1 children
2026-07-05 15:11:52 | INFO | Fetching: https://api.gbif.org/v1/species/4720671/children | params={}
2026-07-05 15:11:52 | INFO | Finished: https://api.gbif.org/v1/species/4720671/children | total=1
2026-07-05 15:11:52 | INFO | Fetching: https://api.gbif.org/v1/species/4720671/children | params={}
2026-07-05 15:11:52 | INFO | Finished: https://api.gbif.org/v1/species/4720671/children | total=1
2026-07-05 15:11:52 | INFO | Randomly selected 1/1 children for taxon 4720671
2026-07-05 15:11:52 | INFO | Taxon key 4720671 has 1 children
2026-07-05 15:11:52 | INFO | Fetching: https://api.gbif.org/v1/species/4736186/children | params={}
2026-07-05 15:11:52 | INFO | Finished: https://api.gbif.org/v1/species/4736186/children | total=1
2026-07-05 15:11:52 | INFO | Fetching: https://api.gbif.org/v1/species/4736186/children | params={}
2026-07-05 15:11:52 | INFO | Finished: https://api.gbif.org/v1/species/4736186/children | total=1
2026-07-05 15:11:52 | INFO | Randomly selected 1/1 children for taxon 4736186
2026-07-05 15:11:52 | INFO | Taxon key 4736186 has 1 children
2026-07-05 15:11:52 | INFO | Fetching: https://api.gbif.org/v1/species/4729958/children | params={}
2026-07-05 15:11:52 | INFO | Finished: https://api.gbif.org/v1/species/4729958/children | total=9
2026-07-05 15:11:52 | INFO | Fetching: https://api.gbif.org/v1/species/4729958/children | params={}
2026-07-05 15:11:53 | INFO | Finished: https://api.gbif.org/v1/species/4729958/children | total=9
2026-07-05 15:11:53 | INFO | Randomly selected 9/9 children for taxon 4729958
2026-07-05 15:11:53 | INFO | Taxon key 4729958 has 9 children
2026-07-05 15:11:53 | INFO | Fetching: https://api.gbif.org/v1/species/4717189/children | params={}
2026-07-05 15:11:53 | INFO | Finished: https://api.gbif.org/v1/species/4717189/children | total=2
2026-07-05 15:11:53 | INFO | Fetching: https://api.gbif.org/v1/species/4717189/children | params={}
2026-07-05 15:11:53 | INFO | Finished: https://api.gbif.org/v1/species/4717189/children | total=2
2026-07-05 15:11:53 | INFO | Randomly selected 2/2 children for taxon 4717189
2026-07-05 15:11:53 | INFO | Taxon key 4717189 has 2 children
2026-07-05 15:11:53 | INFO | Fetching: https://api.gbif.org/v1/species/4405714/children | params={}
2026-07-05 15:11:53 | INFO | Finished: https://api.gbif.org/v1/species/4405714/children | total=4
2026-07-05 15:11:53 | INFO | Fetching: https://api.gbif.org/v1/species/4405714/children | params={}
2026-07-05 15:11:53 | INFO | Finished: https://api.gbif.org/v1/species/4405714/children | total=4
2026-07-05 15:11:53 | INFO | Randomly selected 4/4 children for taxon 4405714
2026-07-05 15:11:53 | INFO | Taxon key 4405714 has 4 children
2026-07-05 15:11:53 | INFO | Fetching: https://api.gbif.org/v1/species/4405461/children | params={}
2026-07-05 15:11:54 | INFO | Finished: https://api.gbif.org/v1/species/4405461/children | total=2
2026-07-05 15:11:54 | INFO | Fetching: https://api.gbif.org/v1/species/4405461/children | params={}
2026-07-05 15:11:54 | INFO | Finished: https://api.gbif.org/v1/species/4405461/children | total=2
2026-07-05 15:11:54 | INFO | Randomly selected 2/2 children for taxon 4405461
2026-07-05 15:11:54 | INFO | Taxon key 4405461 has 2 children
2026-07-05 15:11:54 | INFO | Fetching: https://api.gbif.org/v1/species/4429533/children | params={}
2026-07-05 15:11:54 | INFO | Finished: https://api.gbif.org/v1/species/4429533/children | total=1
2026-07-05 15:11:54 | INFO | Fetching: https://api.gbif.org/v1/species/4429533/children | params={}
2026-07-05 15:11:54 | INFO | Finished: https://api.gbif.org/v1/species/4429533/children | total=1
2026-07-05 15:11:54 | INFO | Randomly selected 1/1 children for taxon 4429533
2026-07-05 15:11:54 | INFO | Taxon key 4429533 has 1 children
2026-07-05 15:11:54 | INFO | Fetching: https://api.gbif.org/v1/species/4429590/children | params={}
2026-07-05 15:11:54 | INFO | Finished: https://api.gbif.org/v1/species/4429590/children | total=2
2026-07-05 15:11:54 | INFO | Fetching: https://api.gbif.org/v1/species/4429590/children | params={}
2026-07-05 15:11:54 | INFO | Finished: https://api.gbif.org/v1/species/4429590/children | total=2
2026-07-05 15:11:54 | INFO | Randomly selected 2/2 children for taxon 4429590
2026-07-05 15:11:54 | INFO | Taxon key 4429590 has 2 children
2026-07-05 15:11:54 | INFO | Fetching: https://api.gbif.org/v1/species/4407777/children | params={}
2026-07-05 15:11:55 | INFO | Finished: https://api.gbif.org/v1/species/4407777/children | total=8
2026-07-05 15:11:55 | INFO | Fetching: https://api.gbif.org/v1/species/4407777/children | params={}
2026-07-05 15:11:55 | INFO | Finished: https://api.gbif.org/v1/species/4407777/children | total=8
2026-07-05 15:11:55 | INFO | Randomly selected 8/8 children for taxon 4407777
2026-07-05 15:11:55 | INFO | Taxon key 4407777 has 8 children
2026-07-05 15:11:55 | INFO | Fetching: https://api.gbif.org/v1/species/4429869/children | params={}
2026-07-05 15:11:55 | INFO | Finished: https://api.gbif.org/v1/species/4429869/children | total=1
2026-07-05 15:11:55 | INFO | Fetching: https://api.gbif.org/v1/species/4429869/children | params={}
2026-07-05 15:11:55 | INFO | Finished: https://api.gbif.org/v1/species/4429869/children | total=1
2026-07-05 15:11:55 | INFO | Randomly selected 1/1 children for taxon 4429869
2026-07-05 15:11:55 | INFO | Taxon key 4429869 has 1 children
2026-07-05 15:11:55 | INFO | Fetching: https://api.gbif.org/v1/species/4429874/children | params={}
2026-07-05 15:11:55 | INFO | Finished: https://api.gbif.org/v1/species/4429874/children | total=2
2026-07-05 15:11:55 | INFO | Fetching: https://api.gbif.org/v1/species/4429874/children | params={}
2026-07-05 15:11:56 | INFO | Finished: https://api.gbif.org/v1/species/4429874/children | total=2
2026-07-05 15:11:56 | INFO | Randomly selected 2/2 children for taxon 4429874
2026-07-05 15:11:56 | INFO | Taxon key 4429874 has 2 children
2026-07-05 15:11:56 | INFO | Fetching: https://api.gbif.org/v1/species/4429857/children | params={}
2026-07-05 15:11:56 | INFO | Finished: https://api.gbif.org/v1/species/4429857/children | total=1
2026-07-05 15:11:56 | INFO | Fetching: https://api.gbif.org/v1/species/4429857/children | params={}
2026-07-05 15:11:56 | INFO | Finished: https://api.gbif.org/v1/species/4429857/children | total=1
2026-07-05 15:11:56 | INFO | Randomly selected 1/1 children for taxon 4429857
2026-07-05 15:11:56 | INFO | Taxon key 4429857 has 1 children
2026-07-05 15:11:56 | INFO | Fetching: https://api.gbif.org/v1/species/9513187/children | params={}
2026-07-05 15:11:56 | INFO | Finished: https://api.gbif.org/v1/species/9513187/children | total=1
2026-07-05 15:11:56 | INFO | Fetching: https://api.gbif.org/v1/species/9513187/children | params={}
2026-07-05 15:11:56 | INFO | Finished: https://api.gbif.org/v1/species/9513187/children | total=1
2026-07-05 15:11:56 | INFO | Randomly selected 1/1 children for taxon 9513187
2026-07-05 15:11:56 | INFO | Taxon key 9513187 has 1 children
2026-07-05 15:11:56 | INFO | Fetching: https://api.gbif.org/v1/species/6067032/children | params={}
2026-07-05 15:11:56 | INFO | Finished: https://api.gbif.org/v1/species/6067032/children | total=4
2026-07-05 15:11:56 | INFO | Fetching: https://api.gbif.org/v1/species/6067032/children | params={}
2026-07-05 15:11:57 | INFO | Finished: https://api.gbif.org/v1/species/6067032/children | total=4
2026-07-05 15:11:57 | INFO | Randomly selected 4/4 children for taxon 6067032
2026-07-05 15:11:57 | INFO | Taxon key 6067032 has 4 children
2026-07-05 15:11:57 | INFO | Fetching: https://api.gbif.org/v1/species/6067037/children | params={}
2026-07-05 15:11:57 | INFO | Finished: https://api.gbif.org/v1/species/6067037/children | total=2
2026-07-05 15:11:57 | INFO | Fetching: https://api.gbif.org/v1/species/6067037/children | params={}
2026-07-05 15:11:57 | INFO | Finished: https://api.gbif.org/v1/species/6067037/children | total=2
2026-07-05 15:11:57 | INFO | Randomly selected 2/2 children for taxon 6067037
2026-07-05 15:11:57 | INFO | Taxon key 6067037 has 2 children
2026-07-05 15:11:57 | INFO | Fetching: https://api.gbif.org/v1/species/6067033/children | params={}
2026-07-05 15:11:57 | INFO | Finished: https://api.gbif.org/v1/species/6067033/children | total=1
2026-07-05 15:11:57 | INFO | Fetching: https://api.gbif.org/v1/species/6067033/children | params={}
2026-07-05 15:11:57 | INFO | Finished: https://api.gbif.org/v1/species/6067033/children | total=1
2026-07-05 15:11:57 | INFO | Randomly selected 1/1 children for taxon 6067033
2026-07-05 15:11:57 | INFO | Taxon key 6067033 has 1 children
2026-07-05 15:11:57 | INFO | Fetching: https://api.gbif.org/v1/species/6067035/children | params={}
2026-07-05 15:11:57 | INFO | Finished: https://api.gbif.org/v1/species/6067035/children | total=1
2026-07-05 15:11:57 | INFO | Fetching: https://api.gbif.org/v1/species/6067035/children | params={}
2026-07-05 15:11:58 | INFO | Finished: https://api.gbif.org/v1/species/6067035/children | total=1
2026-07-05 15:11:58 | INFO | Randomly selected 1/1 children for taxon 6067035
2026-07-05 15:11:58 | INFO | Taxon key 6067035 has 1 children
2026-07-05 15:11:58 | INFO | Fetching: https://api.gbif.org/v1/species/4741949/children | params={}
2026-07-05 15:11:58 | INFO | Finished: https://api.gbif.org/v1/species/4741949/children | total=3
2026-07-05 15:11:58 | INFO | Fetching: https://api.gbif.org/v1/species/4741949/children | params={}
2026-07-05 15:11:58 | INFO | Finished: https://api.gbif.org/v1/species/4741949/children | total=3
2026-07-05 15:11:58 | INFO | Randomly selected 3/3 children for taxon 4741949
2026-07-05 15:11:58 | INFO | Taxon key 4741949 has 3 children
2026-07-05 15:11:58 | INFO | Fetching: https://api.gbif.org/v1/species/4717190/children | params={}
2026-07-05 15:11:58 | INFO | Finished: https://api.gbif.org/v1/species/4717190/children | total=2
2026-07-05 15:11:58 | INFO | Fetching: https://api.gbif.org/v1/species/4717190/children | params={}
2026-07-05 15:11:58 | INFO | Finished: https://api.gbif.org/v1/species/4717190/children | total=2
2026-07-05 15:11:58 | INFO | Randomly selected 2/2 children for taxon 4717190
2026-07-05 15:11:58 | INFO | Taxon key 4717190 has 2 children
2026-07-05 15:11:58 | INFO | Fetching: https://api.gbif.org/v1/species/3261816/children | params={}
2026-07-05 15:11:59 | INFO | Finished: https://api.gbif.org/v1/species/3261816/children | total=3
2026-07-05 15:11:59 | INFO | Fetching: https://api.gbif.org/v1/species/3261816/children | params={}
2026-07-05 15:11:59 | INFO | Finished: https://api.gbif.org/v1/species/3261816/children | total=3
2026-07-05 15:11:59 | INFO | Randomly selected 3/3 children for taxon 3261816
2026-07-05 15:11:59 | INFO | Taxon key 3261816 has 3 children
2026-07-05 15:11:59 | INFO | Fetching: https://api.gbif.org/v1/species/9397339/children | params={}
2026-07-05 15:11:59 | INFO | Finished: https://api.gbif.org/v1/species/9397339/children | total=2
2026-07-05 15:11:59 | INFO | Fetching: https://api.gbif.org/v1/species/9397339/children | params={}
2026-07-05 15:11:59 | INFO | Finished: https://api.gbif.org/v1/species/9397339/children | total=2
2026-07-05 15:11:59 | INFO | Randomly selected 2/2 children for taxon 9397339
2026-07-05 15:11:59 | INFO | Taxon key 9397339 has 2 children
2026-07-05 15:11:59 | INFO | Fetching: https://api.gbif.org/v1/species/4405917/children | params={}
2026-07-05 15:11:59 | INFO | Finished: https://api.gbif.org/v1/species/4405917/children | total=1
2026-07-05 15:11:59 | INFO | Fetching: https://api.gbif.org/v1/species/4405917/children | params={}
2026-07-05 15:12:00 | INFO | Finished: https://api.gbif.org/v1/species/4405917/children | total=1
2026-07-05 15:12:00 | INFO | Randomly selected 1/1 children for taxon 4405917
2026-07-05 15:12:00 | INFO | Taxon key 4405917 has 1 children
2026-07-05 15:12:00 | INFO | Fetching: https://api.gbif.org/v1/species/4406155/children | params={}
2026-07-05 15:12:00 | INFO | Finished: https://api.gbif.org/v1/species/4406155/children | total=406
2026-07-05 15:12:00 | INFO | Fetching: https://api.gbif.org/v1/species/4406155/children | params={}
2026-07-05 15:12:00 | INFO | Finished: https://api.gbif.org/v1/species/4406155/children | total=406
2026-07-05 15:12:01 | INFO | Randomly selected 200/200 children for taxon 4406155
2026-07-05 15:12:01 | INFO | Taxon key 4406155 has 200 children
2026-07-05 15:12:01 | INFO | Fetching: https://api.gbif.org/v1/species/6067204/children | params={}
2026-07-05 15:12:01 | INFO | Finished: https://api.gbif.org/v1/species/6067204/children | total=1
2026-07-05 15:12:01 | INFO | Fetching: https://api.gbif.org/v1/species/6067204/children | params={}
2026-07-05 15:12:01 | INFO | Finished: https://api.gbif.org/v1/species/6067204/children | total=1
2026-07-05 15:12:01 | INFO | Randomly selected 1/1 children for taxon 6067204
2026-07-05 15:12:01 | INFO | Taxon key 6067204 has 1 children
2026-07-05 15:12:01 | INFO | Fetching: https://api.gbif.org/v1/species/4430462/children | params={}
2026-07-05 15:12:01 | INFO | Finished: https://api.gbif.org/v1/species/4430462/children | total=2
2026-07-05 15:12:01 | INFO | Fetching: https://api.gbif.org/v1/species/4430462/children | params={}
2026-07-05 15:12:01 | INFO | Finished: https://api.gbif.org/v1/species/4430462/children | total=2
2026-07-05 15:12:01 | INFO | Randomly selected 2/2 children for taxon 4430462
2026-07-05 15:12:01 | INFO | Taxon key 4430462 has 2 children
2026-07-05 15:12:01 | INFO | Fetching: https://api.gbif.org/v1/species/4430673/children | params={}
2026-07-05 15:12:01 | INFO | Finished: https://api.gbif.org/v1/species/4430673/children | total=1
2026-07-05 15:12:01 | INFO | Fetching: https://api.gbif.org/v1/species/4430673/children | params={}
2026-07-05 15:12:02 | INFO | Finished: https://api.gbif.org/v1/species/4430673/children | total=1
2026-07-05 15:12:02 | INFO | Randomly selected 1/1 children for taxon 4430673
2026-07-05 15:12:02 | INFO | Taxon key 4430673 has 1 children
2026-07-05 15:12:02 | INFO | Fetching: https://api.gbif.org/v1/species/6067224/children | params={}
2026-07-05 15:12:02 | INFO | Finished: https://api.gbif.org/v1/species/6067224/children | total=1
2026-07-05 15:12:02 | INFO | Fetching: https://api.gbif.org/v1/species/6067224/children | params={}
2026-07-05 15:12:02 | INFO | Finished: https://api.gbif.org/v1/species/6067224/children | total=1
2026-07-05 15:12:02 | INFO | Randomly selected 1/1 children for taxon 6067224
2026-07-05 15:12:02 | INFO | Taxon key 6067224 has 1 children
2026-07-05 15:12:02 | INFO | Fetching: https://api.gbif.org/v1/species/4430596/children | params={}
2026-07-05 15:12:02 | INFO | Finished: https://api.gbif.org/v1/species/4430596/children | total=1
2026-07-05 15:12:02 | INFO | Fetching: https://api.gbif.org/v1/species/4430596/children | params={}
2026-07-05 15:12:02 | INFO | Finished: https://api.gbif.org/v1/species/4430596/children | total=1
2026-07-05 15:12:02 | INFO | Randomly selected 1/1 children for taxon 4430596
2026-07-05 15:12:02 | INFO | Taxon key 4430596 has 1 children
2026-07-05 15:12:02 | INFO | Fetching: https://api.gbif.org/v1/species/4430619/children | params={}
2026-07-05 15:12:03 | INFO | Finished: https://api.gbif.org/v1/species/4430619/children | total=2
2026-07-05 15:12:03 | INFO | Fetching: https://api.gbif.org/v1/species/4430619/children | params={}
2026-07-05 15:12:03 | INFO | Finished: https://api.gbif.org/v1/species/4430619/children | total=2
2026-07-05 15:12:03 | INFO | Randomly selected 2/2 children for taxon 4430619
2026-07-05 15:12:03 | INFO | Taxon key 4430619 has 2 children
2026-07-05 15:12:03 | INFO | Fetching: https://api.gbif.org/v1/species/4430515/children | params={}
2026-07-05 15:12:03 | INFO | Finished: https://api.gbif.org/v1/species/4430515/children | total=1
2026-07-05 15:12:03 | INFO | Fetching: https://api.gbif.org/v1/species/4430515/children | params={}
2026-07-05 15:12:03 | INFO | Finished: https://api.gbif.org/v1/species/4430515/children | total=1
2026-07-05 15:12:03 | INFO | Randomly selected 1/1 children for taxon 4430515
2026-07-05 15:12:03 | INFO | Taxon key 4430515 has 1 children
2026-07-05 15:12:03 | INFO | Fetching: https://api.gbif.org/v1/species/6067221/children | params={}
2026-07-05 15:12:03 | INFO | Finished: https://api.gbif.org/v1/species/6067221/children | total=1
2026-07-05 15:12:03 | INFO | Fetching: https://api.gbif.org/v1/species/6067221/children | params={}
2026-07-05 15:12:03 | INFO | Finished: https://api.gbif.org/v1/species/6067221/children | total=1
2026-07-05 15:12:03 | INFO | Randomly selected 1/1 children for taxon 6067221
2026-07-05 15:12:03 | INFO | Taxon key 6067221 has 1 children
2026-07-05 15:12:03 | INFO | Fetching: https://api.gbif.org/v1/species/6067269/children | params={}
2026-07-05 15:12:04 | INFO | Finished: https://api.gbif.org/v1/species/6067269/children | total=1
2026-07-05 15:12:04 | INFO | Fetching: https://api.gbif.org/v1/species/6067269/children | params={}
2026-07-05 15:12:04 | INFO | Finished: https://api.gbif.org/v1/species/6067269/children | total=1
2026-07-05 15:12:04 | INFO | Randomly selected 1/1 children for taxon 6067269
2026-07-05 15:12:04 | INFO | Taxon key 6067269 has 1 children
2026-07-05 15:12:04 | INFO | Fetching: https://api.gbif.org/v1/species/4430489/children | params={}
2026-07-05 15:12:04 | INFO | Finished: https://api.gbif.org/v1/species/4430489/children | total=4
2026-07-05 15:12:04 | INFO | Fetching: https://api.gbif.org/v1/species/4430489/children | params={}
2026-07-05 15:12:04 | INFO | Finished: https://api.gbif.org/v1/species/4430489/children | total=4
2026-07-05 15:12:04 | INFO | Randomly selected 4/4 children for taxon 4430489
2026-07-05 15:12:04 | INFO | Taxon key 4430489 has 4 children
2026-07-05 15:12:04 | INFO | Fetching: https://api.gbif.org/v1/species/4430670/children | params={}
2026-07-05 15:12:04 | INFO | Finished: https://api.gbif.org/v1/species/4430670/children | total=1
2026-07-05 15:12:04 | INFO | Fetching: https://api.gbif.org/v1/species/4430670/children | params={}
2026-07-05 15:12:05 | INFO | Finished: https://api.gbif.org/v1/species/4430670/children | total=1
2026-07-05 15:12:05 | INFO | Randomly selected 1/1 children for taxon 4430670
2026-07-05 15:12:05 | INFO | Taxon key 4430670 has 1 children
2026-07-05 15:12:05 | INFO | Fetching: https://api.gbif.org/v1/species/6067256/children | params={}
2026-07-05 15:12:05 | INFO | Finished: https://api.gbif.org/v1/species/6067256/children | total=5
2026-07-05 15:12:05 | INFO | Fetching: https://api.gbif.org/v1/species/6067256/children | params={}
2026-07-05 15:12:05 | INFO | Finished: https://api.gbif.org/v1/species/6067256/children | total=5
2026-07-05 15:12:05 | INFO | Randomly selected 5/5 children for taxon 6067256
2026-07-05 15:12:05 | INFO | Taxon key 6067256 has 5 children
2026-07-05 15:12:05 | INFO | Fetching: https://api.gbif.org/v1/species/6067273/children | params={}
2026-07-05 15:12:05 | INFO | Finished: https://api.gbif.org/v1/species/6067273/children | total=1
2026-07-05 15:12:05 | INFO | Fetching: https://api.gbif.org/v1/species/6067273/children | params={}
2026-07-05 15:12:05 | INFO | Finished: https://api.gbif.org/v1/species/6067273/children | total=1
2026-07-05 15:12:05 | INFO | Randomly selected 1/1 children for taxon 6067273
2026-07-05 15:12:05 | INFO | Taxon key 6067273 has 1 children
2026-07-05 15:12:05 | INFO | Fetching: https://api.gbif.org/v1/species/4430730/children | params={}
2026-07-05 15:12:05 | INFO | Finished: https://api.gbif.org/v1/species/4430730/children | total=3
2026-07-05 15:12:05 | INFO | Fetching: https://api.gbif.org/v1/species/4430730/children | params={}
2026-07-05 15:12:06 | INFO | Finished: https://api.gbif.org/v1/species/4430730/children | total=3
2026-07-05 15:12:06 | INFO | Randomly selected 3/3 children for taxon 4430730
2026-07-05 15:12:06 | INFO | Taxon key 4430730 has 3 children
2026-07-05 15:12:06 | INFO | Fetching: https://api.gbif.org/v1/species/4430661/children | params={}
2026-07-05 15:12:06 | INFO | Finished: https://api.gbif.org/v1/species/4430661/children | total=1
2026-07-05 15:12:06 | INFO | Fetching: https://api.gbif.org/v1/species/4430661/children | params={}
2026-07-05 15:12:06 | INFO | Finished: https://api.gbif.org/v1/species/4430661/children | total=1
2026-07-05 15:12:06 | INFO | Randomly selected 1/1 children for taxon 4430661
2026-07-05 15:12:06 | INFO | Taxon key 4430661 has 1 children
2026-07-05 15:12:06 | INFO | Fetching: https://api.gbif.org/v1/species/6067284/children | params={}
2026-07-05 15:12:06 | INFO | Finished: https://api.gbif.org/v1/species/6067284/children | total=1
2026-07-05 15:12:06 | INFO | Fetching: https://api.gbif.org/v1/species/6067284/children | params={}
2026-07-05 15:12:06 | INFO | Finished: https://api.gbif.org/v1/species/6067284/children | total=1
2026-07-05 15:12:06 | INFO | Randomly selected 1/1 children for taxon 6067284
2026-07-05 15:12:06 | INFO | Taxon key 6067284 has 1 children
2026-07-05 15:12:06 | INFO | Fetching: https://api.gbif.org/v1/species/6067190/children | params={}
2026-07-05 15:12:07 | INFO | Finished: https://api.gbif.org/v1/species/6067190/children | total=2
2026-07-05 15:12:07 | INFO | Fetching: https://api.gbif.org/v1/species/6067190/children | params={}
2026-07-05 15:12:07 | INFO | Finished: https://api.gbif.org/v1/species/6067190/children | total=2
2026-07-05 15:12:07 | INFO | Randomly selected 2/2 children for taxon 6067190
2026-07-05 15:12:07 | INFO | Taxon key 6067190 has 2 children
2026-07-05 15:12:07 | INFO | Fetching: https://api.gbif.org/v1/species/4430448/children | params={}
2026-07-05 15:12:07 | INFO | Finished: https://api.gbif.org/v1/species/4430448/children | total=1
2026-07-05 15:12:07 | INFO | Fetching: https://api.gbif.org/v1/species/4430448/children | params={}
2026-07-05 15:12:07 | INFO | Finished: https://api.gbif.org/v1/species/4430448/children | total=1
2026-07-05 15:12:07 | INFO | Randomly selected 1/1 children for taxon 4430448
2026-07-05 15:12:07 | INFO | Taxon key 4430448 has 1 children
2026-07-05 15:12:07 | INFO | Fetching: https://api.gbif.org/v1/species/4430655/children | params={}
2026-07-05 15:12:07 | INFO | Finished: https://api.gbif.org/v1/species/4430655/children | total=1
2026-07-05 15:12:07 | INFO | Fetching: https://api.gbif.org/v1/species/4430655/children | params={}
2026-07-05 15:12:08 | INFO | Finished: https://api.gbif.org/v1/species/4430655/children | total=1
2026-07-05 15:12:08 | INFO | Randomly selected 1/1 children for taxon 4430655
2026-07-05 15:12:08 | INFO | Taxon key 4430655 has 1 children
2026-07-05 15:12:08 | INFO | Fetching: https://api.gbif.org/v1/species/9567689/children | params={}
2026-07-05 15:12:08 | INFO | Finished: https://api.gbif.org/v1/species/9567689/children | total=1
2026-07-05 15:12:08 | INFO | Fetching: https://api.gbif.org/v1/species/9567689/children | params={}
2026-07-05 15:12:08 | INFO | Finished: https://api.gbif.org/v1/species/9567689/children | total=1
2026-07-05 15:12:08 | INFO | Randomly selected 1/1 children for taxon 9567689
2026-07-05 15:12:08 | INFO | Taxon key 9567689 has 1 children
2026-07-05 15:12:08 | INFO | Fetching: https://api.gbif.org/v1/species/4717086/children | params={}
2026-07-05 15:12:08 | INFO | Finished: https://api.gbif.org/v1/species/4717086/children | total=4
2026-07-05 15:12:08 | INFO | Fetching: https://api.gbif.org/v1/species/4717086/children | params={}
2026-07-05 15:12:08 | INFO | Finished: https://api.gbif.org/v1/species/4717086/children | total=4
2026-07-05 15:12:08 | INFO | Randomly selected 4/4 children for taxon 4717086
2026-07-05 15:12:08 | INFO | Taxon key 4717086 has 4 children
2026-07-05 15:12:08 | INFO | Fetching: https://api.gbif.org/v1/species/6067027/children | params={}
2026-07-05 15:12:09 | INFO | Finished: https://api.gbif.org/v1/species/6067027/children | total=1
2026-07-05 15:12:09 | INFO | Fetching: https://api.gbif.org/v1/species/6067027/children | params={}
2026-07-05 15:12:09 | INFO | Finished: https://api.gbif.org/v1/species/6067027/children | total=1
2026-07-05 15:12:09 | INFO | Randomly selected 1/1 children for taxon 6067027
2026-07-05 15:12:09 | INFO | Taxon key 6067027 has 1 children
2026-07-05 15:12:09 | INFO | Fetching: https://api.gbif.org/v1/species/7624032/children | params={}
2026-07-05 15:12:09 | INFO | Finished: https://api.gbif.org/v1/species/7624032/children | total=1
2026-07-05 15:12:09 | INFO | Fetching: https://api.gbif.org/v1/species/7624032/children | params={}
2026-07-05 15:12:09 | INFO | Finished: https://api.gbif.org/v1/species/7624032/children | total=1
2026-07-05 15:12:09 | INFO | Randomly selected 1/1 children for taxon 7624032
2026-07-05 15:12:09 | INFO | Taxon key 7624032 has 1 children
2026-07-05 15:12:09 | INFO | Fetching: https://api.gbif.org/v1/species/11121322/children | params={}
2026-07-05 15:12:09 | INFO | Finished: https://api.gbif.org/v1/species/11121322/children | total=1
2026-07-05 15:12:09 | INFO | Fetching: https://api.gbif.org/v1/species/11121322/children | params={}
2026-07-05 15:12:09 | INFO | Finished: https://api.gbif.org/v1/species/11121322/children | total=1
2026-07-05 15:12:09 | INFO | Randomly selected 1/1 children for taxon 11121322
2026-07-05 15:12:09 | INFO | Taxon key 11121322 has 1 children
2026-07-05 15:12:09 | INFO | Fetching: https://api.gbif.org/v1/species/4726059/children | params={}
2026-07-05 15:12:10 | INFO | Finished: https://api.gbif.org/v1/species/4726059/children | total=6
2026-07-05 15:12:10 | INFO | Fetching: https://api.gbif.org/v1/species/4726059/children | params={}
2026-07-05 15:12:10 | INFO | Finished: https://api.gbif.org/v1/species/4726059/children | total=6
2026-07-05 15:12:10 | INFO | Randomly selected 6/6 children for taxon 4726059
2026-07-05 15:12:10 | INFO | Taxon key 4726059 has 6 children
2026-07-05 15:12:10 | INFO | Fetching: https://api.gbif.org/v1/species/9357287/children | params={}
2026-07-05 15:12:10 | INFO | Finished: https://api.gbif.org/v1/species/9357287/children | total=1
2026-07-05 15:12:10 | INFO | Fetching: https://api.gbif.org/v1/species/9357287/children | params={}
2026-07-05 15:12:10 | INFO | Finished: https://api.gbif.org/v1/species/9357287/children | total=1
2026-07-05 15:12:10 | INFO | Randomly selected 1/1 children for taxon 9357287
2026-07-05 15:12:10 | INFO | Taxon key 9357287 has 1 children
2026-07-05 15:12:10 | INFO | Fetching: https://api.gbif.org/v1/species/11112077/children | params={}
2026-07-05 15:12:10 | INFO | Finished: https://api.gbif.org/v1/species/11112077/children | total=1
2026-07-05 15:12:10 | INFO | Fetching: https://api.gbif.org/v1/species/11112077/children | params={}
2026-07-05 15:12:11 | INFO | Finished: https://api.gbif.org/v1/species/11112077/children | total=1
2026-07-05 15:12:11 | INFO | Randomly selected 1/1 children for taxon 11112077
2026-07-05 15:12:11 | INFO | Taxon key 11112077 has 1 children
2026-07-05 15:12:11 | INFO | Fetching: https://api.gbif.org/v1/species/11113431/children | params={}
2026-07-05 15:12:11 | INFO | Finished: https://api.gbif.org/v1/species/11113431/children | total=1
2026-07-05 15:12:11 | INFO | Fetching: https://api.gbif.org/v1/species/11113431/children | params={}
2026-07-05 15:12:11 | INFO | Finished: https://api.gbif.org/v1/species/11113431/children | total=1
2026-07-05 15:12:11 | INFO | Randomly selected 1/1 children for taxon 11113431
2026-07-05 15:12:11 | INFO | Taxon key 11113431 has 1 children
2026-07-05 15:12:11 | INFO | Fetching: https://api.gbif.org/v1/species/4741810/children | params={}
2026-07-05 15:12:11 | INFO | Finished: https://api.gbif.org/v1/species/4741810/children | total=1
2026-07-05 15:12:11 | INFO | Fetching: https://api.gbif.org/v1/species/4741810/children | params={}
2026-07-05 15:12:11 | INFO | Finished: https://api.gbif.org/v1/species/4741810/children | total=1
2026-07-05 15:12:11 | INFO | Randomly selected 1/1 children for taxon 4741810
2026-07-05 15:12:11 | INFO | Taxon key 4741810 has 1 children
2026-07-05 15:12:11 | INFO | Fetching: https://api.gbif.org/v1/species/4740696/children | params={}
2026-07-05 15:12:11 | INFO | Finished: https://api.gbif.org/v1/species/4740696/children | total=3
2026-07-05 15:12:11 | INFO | Fetching: https://api.gbif.org/v1/species/4740696/children | params={}
2026-07-05 15:12:12 | INFO | Finished: https://api.gbif.org/v1/species/4740696/children | total=3
2026-07-05 15:12:12 | INFO | Randomly selected 3/3 children for taxon 4740696
2026-07-05 15:12:12 | INFO | Taxon key 4740696 has 3 children
2026-07-05 15:12:12 | INFO | Fetching: https://api.gbif.org/v1/species/8621448/children | params={}
2026-07-05 15:12:12 | INFO | Finished: https://api.gbif.org/v1/species/8621448/children | total=1
2026-07-05 15:12:12 | INFO | Fetching: https://api.gbif.org/v1/species/8621448/children | params={}
2026-07-05 15:12:12 | INFO | Finished: https://api.gbif.org/v1/species/8621448/children | total=1
2026-07-05 15:12:12 | INFO | Randomly selected 1/1 children for taxon 8621448
2026-07-05 15:12:12 | INFO | Taxon key 8621448 has 1 children
2026-07-05 15:12:12 | INFO | Fetching: https://api.gbif.org/v1/species/4717309/children | params={}
2026-07-05 15:12:12 | INFO | Finished: https://api.gbif.org/v1/species/4717309/children | total=6
2026-07-05 15:12:12 | INFO | Fetching: https://api.gbif.org/v1/species/4717309/children | params={}
2026-07-05 15:12:12 | INFO | Finished: https://api.gbif.org/v1/species/4717309/children | total=6
2026-07-05 15:12:12 | INFO | Randomly selected 6/6 children for taxon 4717309
2026-07-05 15:12:12 | INFO | Taxon key 4717309 has 6 children
2026-07-05 15:12:12 | INFO | Fetching: https://api.gbif.org/v1/species/5737276/children | params={}
2026-07-05 15:12:12 | INFO | Finished: https://api.gbif.org/v1/species/5737276/children | total=1
2026-07-05 15:12:12 | INFO | Fetching: https://api.gbif.org/v1/species/5737276/children | params={}
2026-07-05 15:12:13 | INFO | Finished: https://api.gbif.org/v1/species/5737276/children | total=1
2026-07-05 15:12:13 | INFO | Randomly selected 1/1 children for taxon 5737276
2026-07-05 15:12:13 | INFO | Taxon key 5737276 has 1 children
2026-07-05 15:12:13 | INFO | Fetching: https://api.gbif.org/v1/species/4406159/children | params={}
2026-07-05 15:12:13 | INFO | Finished: https://api.gbif.org/v1/species/4406159/children | total=150
2026-07-05 15:12:13 | INFO | Fetching: https://api.gbif.org/v1/species/4406159/children | params={}
2026-07-05 15:12:13 | INFO | Finished: https://api.gbif.org/v1/species/4406159/children | total=150
2026-07-05 15:12:13 | INFO | Randomly selected 150/150 children for taxon 4406159
2026-07-05 15:12:13 | INFO | Taxon key 4406159 has 150 children
2026-07-05 15:12:13 | INFO | Fetching: https://api.gbif.org/v1/species/4430335/children | params={}
2026-07-05 15:12:14 | INFO | Finished: https://api.gbif.org/v1/species/4430335/children | total=2
2026-07-05 15:12:14 | INFO | Fetching: https://api.gbif.org/v1/species/4430335/children | params={}
2026-07-05 15:12:14 | INFO | Finished: https://api.gbif.org/v1/species/4430335/children | total=2
2026-07-05 15:12:14 | INFO | Randomly selected 2/2 children for taxon 4430335
2026-07-05 15:12:14 | INFO | Taxon key 4430335 has 2 children
2026-07-05 15:12:14 | INFO | Fetching: https://api.gbif.org/v1/species/4430365/children | params={}
2026-07-05 15:12:14 | INFO | Finished: https://api.gbif.org/v1/species/4430365/children | total=1
2026-07-05 15:12:14 | INFO | Fetching: https://api.gbif.org/v1/species/4430365/children | params={}
2026-07-05 15:12:14 | INFO | Finished: https://api.gbif.org/v1/species/4430365/children | total=1
2026-07-05 15:12:14 | INFO | Randomly selected 1/1 children for taxon 4430365
2026-07-05 15:12:14 | INFO | Taxon key 4430365 has 1 children
2026-07-05 15:12:14 | INFO | Fetching: https://api.gbif.org/v1/species/6960124/children | params={}
2026-07-05 15:12:14 | INFO | Finished: https://api.gbif.org/v1/species/6960124/children | total=1
2026-07-05 15:12:14 | INFO | Fetching: https://api.gbif.org/v1/species/6960124/children | params={}
2026-07-05 15:12:15 | INFO | Finished: https://api.gbif.org/v1/species/6960124/children | total=1
2026-07-05 15:12:15 | INFO | Randomly selected 1/1 children for taxon 6960124
2026-07-05 15:12:15 | INFO | Taxon key 6960124 has 1 children
2026-07-05 15:12:15 | INFO | Fetching: https://api.gbif.org/v1/species/6067312/children | params={}
2026-07-05 15:12:15 | INFO | Finished: https://api.gbif.org/v1/species/6067312/children | total=3
2026-07-05 15:12:15 | INFO | Fetching: https://api.gbif.org/v1/species/6067312/children | params={}
2026-07-05 15:12:15 | INFO | Finished: https://api.gbif.org/v1/species/6067312/children | total=3
2026-07-05 15:12:15 | INFO | Randomly selected 3/3 children for taxon 6067312
2026-07-05 15:12:15 | INFO | Taxon key 6067312 has 3 children
2026-07-05 15:12:15 | INFO | Fetching: https://api.gbif.org/v1/species/8145594/children | params={}
2026-07-05 15:12:15 | INFO | Finished: https://api.gbif.org/v1/species/8145594/children | total=1
2026-07-05 15:12:15 | INFO | Fetching: https://api.gbif.org/v1/species/8145594/children | params={}
2026-07-05 15:12:15 | INFO | Finished: https://api.gbif.org/v1/species/8145594/children | total=1
2026-07-05 15:12:15 | INFO | Randomly selected 1/1 children for taxon 8145594
2026-07-05 15:12:15 | INFO | Taxon key 8145594 has 1 children
2026-07-05 15:12:15 | INFO | Fetching: https://api.gbif.org/v1/species/4430239/children | params={}
2026-07-05 15:12:15 | INFO | Finished: https://api.gbif.org/v1/species/4430239/children | total=1
2026-07-05 15:12:15 | INFO | Fetching: https://api.gbif.org/v1/species/4430239/children | params={}
2026-07-05 15:12:16 | INFO | Finished: https://api.gbif.org/v1/species/4430239/children | total=1
2026-07-05 15:12:16 | INFO | Randomly selected 1/1 children for taxon 4430239
2026-07-05 15:12:16 | INFO | Taxon key 4430239 has 1 children
2026-07-05 15:12:16 | INFO | Fetching: https://api.gbif.org/v1/species/4430352/children | params={}
2026-07-05 15:12:16 | INFO | Finished: https://api.gbif.org/v1/species/4430352/children | total=1
2026-07-05 15:12:16 | INFO | Fetching: https://api.gbif.org/v1/species/4430352/children | params={}
2026-07-05 15:12:16 | INFO | Finished: https://api.gbif.org/v1/species/4430352/children | total=1
2026-07-05 15:12:16 | INFO | Randomly selected 1/1 children for taxon 4430352
2026-07-05 15:12:16 | INFO | Taxon key 4430352 has 1 children
2026-07-05 15:12:16 | INFO | Fetching: https://api.gbif.org/v1/species/4430252/children | params={}
2026-07-05 15:12:16 | INFO | Finished: https://api.gbif.org/v1/species/4430252/children | total=1
2026-07-05 15:12:16 | INFO | Fetching: https://api.gbif.org/v1/species/4430252/children | params={}
2026-07-05 15:12:16 | INFO | Finished: https://api.gbif.org/v1/species/4430252/children | total=1
2026-07-05 15:12:16 | INFO | Randomly selected 1/1 children for taxon 4430252
2026-07-05 15:12:16 | INFO | Taxon key 4430252 has 1 children
2026-07-05 15:12:16 | INFO | Fetching: https://api.gbif.org/v1/species/4430330/children | params={}
2026-07-05 15:12:16 | INFO | Finished: https://api.gbif.org/v1/species/4430330/children | total=1
2026-07-05 15:12:16 | INFO | Fetching: https://api.gbif.org/v1/species/4430330/children | params={}
2026-07-05 15:12:17 | INFO | Finished: https://api.gbif.org/v1/species/4430330/children | total=1
2026-07-05 15:12:17 | INFO | Randomly selected 1/1 children for taxon 4430330
2026-07-05 15:12:17 | INFO | Taxon key 4430330 has 1 children
2026-07-05 15:12:17 | INFO | Fetching: https://api.gbif.org/v1/species/8932999/children | params={}
2026-07-05 15:12:17 | INFO | Finished: https://api.gbif.org/v1/species/8932999/children | total=2
2026-07-05 15:12:17 | INFO | Fetching: https://api.gbif.org/v1/species/8932999/children | params={}
2026-07-05 15:12:17 | INFO | Finished: https://api.gbif.org/v1/species/8932999/children | total=2
2026-07-05 15:12:17 | INFO | Randomly selected 2/2 children for taxon 8932999
2026-07-05 15:12:17 | INFO | Taxon key 8932999 has 2 children
2026-07-05 15:12:17 | INFO | Fetching: https://api.gbif.org/v1/species/4430234/children | params={}
2026-07-05 15:12:17 | INFO | Finished: https://api.gbif.org/v1/species/4430234/children | total=1
2026-07-05 15:12:17 | INFO | Fetching: https://api.gbif.org/v1/species/4430234/children | params={}
2026-07-05 15:12:17 | INFO | Finished: https://api.gbif.org/v1/species/4430234/children | total=1
2026-07-05 15:12:17 | INFO | Randomly selected 1/1 children for taxon 4430234
2026-07-05 15:12:17 | INFO | Taxon key 4430234 has 1 children
2026-07-05 15:12:17 | INFO | Fetching: https://api.gbif.org/v1/species/4430270/children | params={}
2026-07-05 15:12:18 | INFO | Finished: https://api.gbif.org/v1/species/4430270/children | total=1
2026-07-05 15:12:18 | INFO | Fetching: https://api.gbif.org/v1/species/4430270/children | params={}
2026-07-05 15:12:18 | INFO | Finished: https://api.gbif.org/v1/species/4430270/children | total=1
2026-07-05 15:12:18 | INFO | Randomly selected 1/1 children for taxon 4430270
2026-07-05 15:12:18 | INFO | Taxon key 4430270 has 1 children
2026-07-05 15:12:18 | INFO | Fetching: https://api.gbif.org/v1/species/1162869/children | params={}
2026-07-05 15:12:18 | INFO | Finished: https://api.gbif.org/v1/species/1162869/children | total=66
2026-07-05 15:12:18 | INFO | Fetching: https://api.gbif.org/v1/species/1162869/children | params={}
2026-07-05 15:12:18 | INFO | Finished: https://api.gbif.org/v1/species/1162869/children | total=66
2026-07-05 15:12:18 | INFO | Randomly selected 66/66 children for taxon 1162869
2026-07-05 15:12:18 | INFO | Taxon key 1162869 has 66 children
2026-07-05 15:12:18 | INFO | Fetching: https://api.gbif.org/v1/species/6960832/children | params={}
2026-07-05 15:12:18 | INFO | Finished: https://api.gbif.org/v1/species/6960832/children | total=1
2026-07-05 15:12:18 | INFO | Fetching: https://api.gbif.org/v1/species/6960832/children | params={}
2026-07-05 15:12:19 | INFO | Finished: https://api.gbif.org/v1/species/6960832/children | total=1
2026-07-05 15:12:19 | INFO | Randomly selected 1/1 children for taxon 6960832
2026-07-05 15:12:19 | INFO | Taxon key 6960832 has 1 children
2026-07-05 15:12:19 | INFO | Fetching: https://api.gbif.org/v1/species/6960888/children | params={}
2026-07-05 15:12:19 | INFO | Finished: https://api.gbif.org/v1/species/6960888/children | total=1
2026-07-05 15:12:19 | INFO | Fetching: https://api.gbif.org/v1/species/6960888/children | params={}
2026-07-05 15:12:19 | INFO | Finished: https://api.gbif.org/v1/species/6960888/children | total=1
2026-07-05 15:12:19 | INFO | Randomly selected 1/1 children for taxon 6960888
2026-07-05 15:12:19 | INFO | Taxon key 6960888 has 1 children
2026-07-05 15:12:19 | INFO | Fetching: https://api.gbif.org/v1/species/6960878/children | params={}
2026-07-05 15:12:19 | INFO | Finished: https://api.gbif.org/v1/species/6960878/children | total=1
2026-07-05 15:12:19 | INFO | Fetching: https://api.gbif.org/v1/species/6960878/children | params={}
2026-07-05 15:12:19 | INFO | Finished: https://api.gbif.org/v1/species/6960878/children | total=1
2026-07-05 15:12:19 | INFO | Randomly selected 1/1 children for taxon 6960878
2026-07-05 15:12:19 | INFO | Taxon key 6960878 has 1 children
2026-07-05 15:12:19 | INFO | Fetching: https://api.gbif.org/v1/species/6960871/children | params={}
2026-07-05 15:12:20 | INFO | Finished: https://api.gbif.org/v1/species/6960871/children | total=1
2026-07-05 15:12:20 | INFO | Fetching: https://api.gbif.org/v1/species/6960871/children | params={}
2026-07-05 15:12:20 | INFO | Finished: https://api.gbif.org/v1/species/6960871/children | total=1
2026-07-05 15:12:20 | INFO | Randomly selected 1/1 children for taxon 6960871
2026-07-05 15:12:20 | INFO | Taxon key 6960871 has 1 children
2026-07-05 15:12:20 | INFO | Fetching: https://api.gbif.org/v1/species/6960843/children | params={}
2026-07-05 15:12:20 | INFO | Finished: https://api.gbif.org/v1/species/6960843/children | total=2
2026-07-05 15:12:20 | INFO | Fetching: https://api.gbif.org/v1/species/6960843/children | params={}
2026-07-05 15:12:20 | INFO | Finished: https://api.gbif.org/v1/species/6960843/children | total=2
2026-07-05 15:12:20 | INFO | Randomly selected 2/2 children for taxon 6960843
2026-07-05 15:12:20 | INFO | Taxon key 6960843 has 2 children
2026-07-05 15:12:20 | INFO | Fetching: https://api.gbif.org/v1/species/9907123/children | params={}
2026-07-05 15:12:20 | INFO | Finished: https://api.gbif.org/v1/species/9907123/children | total=1
2026-07-05 15:12:20 | INFO | Fetching: https://api.gbif.org/v1/species/9907123/children | params={}
2026-07-05 15:12:20 | INFO | Finished: https://api.gbif.org/v1/species/9907123/children | total=1
2026-07-05 15:12:21 | INFO | Randomly selected 1/1 children for taxon 9907123
2026-07-05 15:12:21 | INFO | Taxon key 9907123 has 1 children
2026-07-05 15:12:21 | INFO | Fetching: https://api.gbif.org/v1/species/6960828/children | params={}
2026-07-05 15:12:21 | INFO | Finished: https://api.gbif.org/v1/species/6960828/children | total=3
2026-07-05 15:12:21 | INFO | Fetching: https://api.gbif.org/v1/species/6960828/children | params={}
2026-07-05 15:12:21 | INFO | Finished: https://api.gbif.org/v1/species/6960828/children | total=3
2026-07-05 15:12:21 | INFO | Randomly selected 3/3 children for taxon 6960828
2026-07-05 15:12:21 | INFO | Taxon key 6960828 has 3 children
2026-07-05 15:12:21 | INFO | Fetching: https://api.gbif.org/v1/species/6067046/children | params={}
2026-07-05 15:12:21 | INFO | Finished: https://api.gbif.org/v1/species/6067046/children | total=2
2026-07-05 15:12:21 | INFO | Fetching: https://api.gbif.org/v1/species/6067046/children | params={}
2026-07-05 15:12:21 | INFO | Finished: https://api.gbif.org/v1/species/6067046/children | total=2
2026-07-05 15:12:21 | INFO | Randomly selected 2/2 children for taxon 6067046
2026-07-05 15:12:21 | INFO | Taxon key 6067046 has 2 children
2026-07-05 15:12:21 | INFO | Fetching: https://api.gbif.org/v1/species/6960859/children | params={}
2026-07-05 15:12:21 | INFO | Finished: https://api.gbif.org/v1/species/6960859/children | total=1
2026-07-05 15:12:21 | INFO | Fetching: https://api.gbif.org/v1/species/6960859/children | params={}
2026-07-05 15:12:22 | INFO | Finished: https://api.gbif.org/v1/species/6960859/children | total=1
2026-07-05 15:12:22 | INFO | Randomly selected 1/1 children for taxon 6960859
2026-07-05 15:12:22 | INFO | Taxon key 6960859 has 1 children
2026-07-05 15:12:22 | INFO | Fetching: https://api.gbif.org/v1/species/5743878/children | params={}
2026-07-05 15:12:22 | INFO | Finished: https://api.gbif.org/v1/species/5743878/children | total=1
2026-07-05 15:12:22 | INFO | Fetching: https://api.gbif.org/v1/species/5743878/children | params={}
2026-07-05 15:12:22 | INFO | Finished: https://api.gbif.org/v1/species/5743878/children | total=1
2026-07-05 15:12:22 | INFO | Randomly selected 1/1 children for taxon 5743878
2026-07-05 15:12:22 | INFO | Taxon key 5743878 has 1 children
2026-07-05 15:12:22 | INFO | Fetching: https://api.gbif.org/v1/species/4573120/children | params={}
2026-07-05 15:12:22 | INFO | Finished: https://api.gbif.org/v1/species/4573120/children | total=112
2026-07-05 15:12:22 | INFO | Fetching: https://api.gbif.org/v1/species/4573120/children | params={}
2026-07-05 15:12:23 | INFO | Finished: https://api.gbif.org/v1/species/4573120/children | total=112
2026-07-05 15:12:23 | INFO | Randomly selected 112/112 children for taxon 4573120
2026-07-05 15:12:23 | INFO | Taxon key 4573120 has 112 children
2026-07-05 15:12:23 | INFO | Fetching: https://api.gbif.org/v1/species/6961775/children | params={}
2026-07-05 15:12:23 | INFO | Finished: https://api.gbif.org/v1/species/6961775/children | total=1
2026-07-05 15:12:23 | INFO | Fetching: https://api.gbif.org/v1/species/6961775/children | params={}
2026-07-05 15:12:23 | INFO | Finished: https://api.gbif.org/v1/species/6961775/children | total=1
2026-07-05 15:12:23 | INFO | Randomly selected 1/1 children for taxon 6961775
2026-07-05 15:12:23 | INFO | Taxon key 6961775 has 1 children
2026-07-05 15:12:23 | INFO | Fetching: https://api.gbif.org/v1/species/6961786/children | params={}
2026-07-05 15:12:23 | INFO | Finished: https://api.gbif.org/v1/species/6961786/children | total=1
2026-07-05 15:12:23 | INFO | Fetching: https://api.gbif.org/v1/species/6961786/children | params={}
2026-07-05 15:12:23 | INFO | Finished: https://api.gbif.org/v1/species/6961786/children | total=1
2026-07-05 15:12:23 | INFO | Randomly selected 1/1 children for taxon 6961786
2026-07-05 15:12:23 | INFO | Taxon key 6961786 has 1 children
2026-07-05 15:12:23 | INFO | Fetching: https://api.gbif.org/v1/species/9569505/children | params={}
2026-07-05 15:12:24 | INFO | Finished: https://api.gbif.org/v1/species/9569505/children | total=1
2026-07-05 15:12:24 | INFO | Fetching: https://api.gbif.org/v1/species/9569505/children | params={}
2026-07-05 15:12:24 | INFO | Finished: https://api.gbif.org/v1/species/9569505/children | total=1
2026-07-05 15:12:24 | INFO | Randomly selected 1/1 children for taxon 9569505
2026-07-05 15:12:24 | INFO | Taxon key 9569505 has 1 children
2026-07-05 15:12:24 | INFO | Fetching: https://api.gbif.org/v1/species/6130974/children | params={}
2026-07-05 15:12:24 | INFO | Finished: https://api.gbif.org/v1/species/6130974/children | total=1
2026-07-05 15:12:24 | INFO | Fetching: https://api.gbif.org/v1/species/6130974/children | params={}
2026-07-05 15:12:24 | INFO | Finished: https://api.gbif.org/v1/species/6130974/children | total=1
2026-07-05 15:12:24 | INFO | Randomly selected 1/1 children for taxon 6130974
2026-07-05 15:12:24 | INFO | Taxon key 6130974 has 1 children
2026-07-05 15:12:24 | INFO | Fetching: https://api.gbif.org/v1/species/5737378/children | params={}
2026-07-05 15:12:24 | INFO | Finished: https://api.gbif.org/v1/species/5737378/children | total=2
2026-07-05 15:12:24 | INFO | Fetching: https://api.gbif.org/v1/species/5737378/children | params={}
2026-07-05 15:12:25 | INFO | Finished: https://api.gbif.org/v1/species/5737378/children | total=2
2026-07-05 15:12:25 | INFO | Randomly selected 2/2 children for taxon 5737378
2026-07-05 15:12:25 | INFO | Taxon key 5737378 has 2 children
2026-07-05 15:12:25 | INFO | Fetching: https://api.gbif.org/v1/species/5737376/children | params={}
2026-07-05 15:12:25 | INFO | Finished: https://api.gbif.org/v1/species/5737376/children | total=1
2026-07-05 15:12:25 | INFO | Fetching: https://api.gbif.org/v1/species/5737376/children | params={}
2026-07-05 15:12:25 | INFO | Finished: https://api.gbif.org/v1/species/5737376/children | total=1
2026-07-05 15:12:25 | INFO | Randomly selected 1/1 children for taxon 5737376
2026-07-05 15:12:25 | INFO | Taxon key 5737376 has 1 children
2026-07-05 15:12:25 | INFO | Fetching: https://api.gbif.org/v1/species/4717193/children | params={}
2026-07-05 15:12:25 | INFO | Finished: https://api.gbif.org/v1/species/4717193/children | total=1
2026-07-05 15:12:25 | INFO | Fetching: https://api.gbif.org/v1/species/4717193/children | params={}
2026-07-05 15:12:25 | INFO | Finished: https://api.gbif.org/v1/species/4717193/children | total=1
2026-07-05 15:12:25 | INFO | Randomly selected 1/1 children for taxon 4717193
2026-07-05 15:12:25 | INFO | Taxon key 4717193 has 1 children
2026-07-05 15:12:25 | INFO | Fetching: https://api.gbif.org/v1/species/8156516/children | params={}
2026-07-05 15:12:26 | INFO | Finished: https://api.gbif.org/v1/species/8156516/children | total=24
2026-07-05 15:12:26 | INFO | Fetching: https://api.gbif.org/v1/species/8156516/children | params={}
2026-07-05 15:12:26 | INFO | Finished: https://api.gbif.org/v1/species/8156516/children | total=24
2026-07-05 15:12:26 | INFO | Randomly selected 24/24 children for taxon 8156516
2026-07-05 15:12:26 | INFO | Taxon key 8156516 has 24 children
2026-07-05 15:12:26 | INFO | Fetching: https://api.gbif.org/v1/species/6067133/children | params={}
2026-07-05 15:12:26 | INFO | Finished: https://api.gbif.org/v1/species/6067133/children | total=1
2026-07-05 15:12:26 | INFO | Fetching: https://api.gbif.org/v1/species/6067133/children | params={}
2026-07-05 15:12:26 | INFO | Finished: https://api.gbif.org/v1/species/6067133/children | total=1
2026-07-05 15:12:26 | INFO | Randomly selected 1/1 children for taxon 6067133
2026-07-05 15:12:26 | INFO | Taxon key 6067133 has 1 children
2026-07-05 15:12:26 | INFO | Fetching: https://api.gbif.org/v1/species/6067141/children | params={}
2026-07-05 15:12:26 | INFO | Finished: https://api.gbif.org/v1/species/6067141/children | total=1
2026-07-05 15:12:26 | INFO | Fetching: https://api.gbif.org/v1/species/6067141/children | params={}
2026-07-05 15:12:26 | INFO | Finished: https://api.gbif.org/v1/species/6067141/children | total=1
2026-07-05 15:12:26 | INFO | Randomly selected 1/1 children for taxon 6067141
2026-07-05 15:12:26 | INFO | Taxon key 6067141 has 1 children
2026-07-05 15:12:26 | INFO | Fetching: https://api.gbif.org/v1/species/6067135/children | params={}
2026-07-05 15:12:27 | INFO | Finished: https://api.gbif.org/v1/species/6067135/children | total=2
2026-07-05 15:12:27 | INFO | Fetching: https://api.gbif.org/v1/species/6067135/children | params={}
2026-07-05 15:12:27 | INFO | Finished: https://api.gbif.org/v1/species/6067135/children | total=2
2026-07-05 15:12:27 | INFO | Randomly selected 2/2 children for taxon 6067135
2026-07-05 15:12:27 | INFO | Taxon key 6067135 has 2 children
2026-07-05 15:12:27 | INFO | Fetching: https://api.gbif.org/v1/species/6067104/children | params={}
2026-07-05 15:12:27 | INFO | Finished: https://api.gbif.org/v1/species/6067104/children | total=6
2026-07-05 15:12:27 | INFO | Fetching: https://api.gbif.org/v1/species/6067104/children | params={}
2026-07-05 15:12:27 | INFO | Finished: https://api.gbif.org/v1/species/6067104/children | total=6
2026-07-05 15:12:27 | INFO | Randomly selected 6/6 children for taxon 6067104
2026-07-05 15:12:27 | INFO | Taxon key 6067104 has 6 children
2026-07-05 15:12:27 | INFO | Fetching: https://api.gbif.org/v1/species/6067129/children | params={}
2026-07-05 15:12:27 | INFO | Finished: https://api.gbif.org/v1/species/6067129/children | total=1
2026-07-05 15:12:28 | INFO | Fetching: https://api.gbif.org/v1/species/6067129/children | params={}
2026-07-05 15:12:28 | INFO | Finished: https://api.gbif.org/v1/species/6067129/children | total=1
2026-07-05 15:12:28 | INFO | Randomly selected 1/1 children for taxon 6067129
2026-07-05 15:12:28 | INFO | Taxon key 6067129 has 1 children
2026-07-05 15:12:28 | INFO | Fetching: https://api.gbif.org/v1/species/6067089/children | params={}
2026-07-05 15:12:28 | INFO | Finished: https://api.gbif.org/v1/species/6067089/children | total=1
2026-07-05 15:12:28 | INFO | Fetching: https://api.gbif.org/v1/species/6067089/children | params={}
2026-07-05 15:12:28 | INFO | Finished: https://api.gbif.org/v1/species/6067089/children | total=1
2026-07-05 15:12:28 | INFO | Randomly selected 1/1 children for taxon 6067089
2026-07-05 15:12:28 | INFO | Taxon key 6067089 has 1 children
2026-07-05 15:12:28 | INFO | Fetching: https://api.gbif.org/v1/species/6067122/children | params={}
2026-07-05 15:12:28 | INFO | Finished: https://api.gbif.org/v1/species/6067122/children | total=1
2026-07-05 15:12:28 | INFO | Fetching: https://api.gbif.org/v1/species/6067122/children | params={}
2026-07-05 15:12:28 | INFO | Finished: https://api.gbif.org/v1/species/6067122/children | total=1
2026-07-05 15:12:28 | INFO | Randomly selected 1/1 children for taxon 6067122
2026-07-05 15:12:28 | INFO | Taxon key 6067122 has 1 children
2026-07-05 15:12:28 | INFO | Fetching: https://api.gbif.org/v1/species/6067040/children | params={}
2026-07-05 15:12:29 | INFO | Finished: https://api.gbif.org/v1/species/6067040/children | total=1
2026-07-05 15:12:29 | INFO | Fetching: https://api.gbif.org/v1/species/6067040/children | params={}
2026-07-05 15:12:29 | INFO | Finished: https://api.gbif.org/v1/species/6067040/children | total=1
2026-07-05 15:12:29 | INFO | Randomly selected 1/1 children for taxon 6067040
2026-07-05 15:12:29 | INFO | Taxon key 6067040 has 1 children
2026-07-05 15:12:29 | INFO | Fetching: https://api.gbif.org/v1/species/6067132/children | params={}
2026-07-05 15:12:29 | INFO | Finished: https://api.gbif.org/v1/species/6067132/children | total=1
2026-07-05 15:12:29 | INFO | Fetching: https://api.gbif.org/v1/species/6067132/children | params={}
2026-07-05 15:12:29 | INFO | Finished: https://api.gbif.org/v1/species/6067132/children | total=1
2026-07-05 15:12:29 | INFO | Randomly selected 1/1 children for taxon 6067132
2026-07-05 15:12:29 | INFO | Taxon key 6067132 has 1 children
2026-07-05 15:12:29 | INFO | Fetching: https://api.gbif.org/v1/species/6067140/children | params={}
2026-07-05 15:12:29 | INFO | Finished: https://api.gbif.org/v1/species/6067140/children | total=1
2026-07-05 15:12:29 | INFO | Fetching: https://api.gbif.org/v1/species/6067140/children | params={}
2026-07-05 15:12:30 | INFO | Finished: https://api.gbif.org/v1/species/6067140/children | total=1
2026-07-05 15:12:30 | INFO | Randomly selected 1/1 children for taxon 6067140
2026-07-05 15:12:30 | INFO | Taxon key 6067140 has 1 children
2026-07-05 15:12:30 | INFO | Fetching: https://api.gbif.org/v1/species/6067076/children | params={}
2026-07-05 15:12:30 | INFO | Finished: https://api.gbif.org/v1/species/6067076/children | total=1
2026-07-05 15:12:30 | INFO | Fetching: https://api.gbif.org/v1/species/6067076/children | params={}
2026-07-05 15:12:30 | INFO | Finished: https://api.gbif.org/v1/species/6067076/children | total=1
2026-07-05 15:12:30 | INFO | Randomly selected 1/1 children for taxon 6067076
2026-07-05 15:12:30 | INFO | Taxon key 6067076 has 1 children
2026-07-05 15:12:30 | INFO | Fetching: https://api.gbif.org/v1/species/6067134/children | params={}
2026-07-05 15:12:30 | INFO | Finished: https://api.gbif.org/v1/species/6067134/children | total=1
2026-07-05 15:12:30 | INFO | Fetching: https://api.gbif.org/v1/species/6067134/children | params={}
2026-07-05 15:12:30 | INFO | Finished: https://api.gbif.org/v1/species/6067134/children | total=1
2026-07-05 15:12:30 | INFO | Randomly selected 1/1 children for taxon 6067134
2026-07-05 15:12:30 | INFO | Taxon key 6067134 has 1 children
2026-07-05 15:12:30 | INFO | Fetching: https://api.gbif.org/v1/species/6067056/children | params={}
2026-07-05 15:12:31 | INFO | Finished: https://api.gbif.org/v1/species/6067056/children | total=1
2026-07-05 15:12:31 | INFO | Fetching: https://api.gbif.org/v1/species/6067056/children | params={}
2026-07-05 15:12:31 | INFO | Finished: https://api.gbif.org/v1/species/6067056/children | total=1
2026-07-05 15:12:31 | INFO | Randomly selected 1/1 children for taxon 6067056
2026-07-05 15:12:31 | INFO | Taxon key 6067056 has 1 children
2026-07-05 15:12:31 | INFO | Fetching: https://api.gbif.org/v1/species/4717073/children | params={}
2026-07-05 15:12:31 | INFO | Finished: https://api.gbif.org/v1/species/4717073/children | total=6
2026-07-05 15:12:31 | INFO | Fetching: https://api.gbif.org/v1/species/4717073/children | params={}
2026-07-05 15:12:31 | INFO | Finished: https://api.gbif.org/v1/species/4717073/children | total=6
2026-07-05 15:12:31 | INFO | Randomly selected 6/6 children for taxon 4717073
2026-07-05 15:12:31 | INFO | Taxon key 4717073 has 6 children
2026-07-05 15:12:31 | INFO | Fetching: https://api.gbif.org/v1/species/4407026/children | params={}
2026-07-05 15:12:31 | INFO | Finished: https://api.gbif.org/v1/species/4407026/children | total=168
2026-07-05 15:12:31 | INFO | Fetching: https://api.gbif.org/v1/species/4407026/children | params={}
2026-07-05 15:12:32 | INFO | Finished: https://api.gbif.org/v1/species/4407026/children | total=168
2026-07-05 15:12:32 | INFO | Randomly selected 168/168 children for taxon 4407026
2026-07-05 15:12:32 | INFO | Taxon key 4407026 has 168 children
2026-07-05 15:12:32 | INFO | Fetching: https://api.gbif.org/v1/species/4429749/children | params={}
2026-07-05 15:12:32 | INFO | Finished: https://api.gbif.org/v1/species/4429749/children | total=2
2026-07-05 15:12:32 | INFO | Fetching: https://api.gbif.org/v1/species/4429749/children | params={}
2026-07-05 15:12:32 | INFO | Finished: https://api.gbif.org/v1/species/4429749/children | total=2
2026-07-05 15:12:32 | INFO | Randomly selected 2/2 children for taxon 4429749
2026-07-05 15:12:32 | INFO | Taxon key 4429749 has 2 children
2026-07-05 15:12:32 | INFO | Fetching: https://api.gbif.org/v1/species/4429793/children | params={}
2026-07-05 15:12:32 | INFO | Finished: https://api.gbif.org/v1/species/4429793/children | total=1
2026-07-05 15:12:32 | INFO | Fetching: https://api.gbif.org/v1/species/4429793/children | params={}
2026-07-05 15:12:33 | INFO | Finished: https://api.gbif.org/v1/species/4429793/children | total=1
2026-07-05 15:12:33 | INFO | Randomly selected 1/1 children for taxon 4429793
2026-07-05 15:12:33 | INFO | Taxon key 4429793 has 1 children
2026-07-05 15:12:33 | INFO | Fetching: https://api.gbif.org/v1/species/6066955/children | params={}
2026-07-05 15:12:33 | INFO | Finished: https://api.gbif.org/v1/species/6066955/children | total=2
2026-07-05 15:12:33 | INFO | Fetching: https://api.gbif.org/v1/species/6066955/children | params={}
2026-07-05 15:12:33 | INFO | Finished: https://api.gbif.org/v1/species/6066955/children | total=2
2026-07-05 15:12:33 | INFO | Randomly selected 2/2 children for taxon 6066955
2026-07-05 15:12:33 | INFO | Taxon key 6066955 has 2 children
2026-07-05 15:12:33 | INFO | Fetching: https://api.gbif.org/v1/species/6066988/children | params={}
2026-07-05 15:12:33 | INFO | Finished: https://api.gbif.org/v1/species/6066988/children | total=1
2026-07-05 15:12:33 | INFO | Fetching: https://api.gbif.org/v1/species/6066988/children | params={}
2026-07-05 15:12:33 | INFO | Finished: https://api.gbif.org/v1/species/6066988/children | total=1
2026-07-05 15:12:33 | INFO | Randomly selected 1/1 children for taxon 6066988
2026-07-05 15:12:33 | INFO | Taxon key 6066988 has 1 children
2026-07-05 15:12:33 | INFO | Fetching: https://api.gbif.org/v1/species/6066966/children | params={}
2026-07-05 15:12:33 | INFO | Finished: https://api.gbif.org/v1/species/6066966/children | total=1
2026-07-05 15:12:33 | INFO | Fetching: https://api.gbif.org/v1/species/6066966/children | params={}
2026-07-05 15:12:34 | INFO | Finished: https://api.gbif.org/v1/species/6066966/children | total=1
2026-07-05 15:12:34 | INFO | Randomly selected 1/1 children for taxon 6066966
2026-07-05 15:12:34 | INFO | Taxon key 6066966 has 1 children
2026-07-05 15:12:34 | INFO | Fetching: https://api.gbif.org/v1/species/6066964/children | params={}
2026-07-05 15:12:34 | INFO | Finished: https://api.gbif.org/v1/species/6066964/children | total=1
2026-07-05 15:12:34 | INFO | Fetching: https://api.gbif.org/v1/species/6066964/children | params={}
2026-07-05 15:12:34 | INFO | Finished: https://api.gbif.org/v1/species/6066964/children | total=1
2026-07-05 15:12:34 | INFO | Randomly selected 1/1 children for taxon 6066964
2026-07-05 15:12:34 | INFO | Taxon key 6066964 has 1 children
2026-07-05 15:12:34 | INFO | Fetching: https://api.gbif.org/v1/species/6066980/children | params={}
2026-07-05 15:12:34 | INFO | Finished: https://api.gbif.org/v1/species/6066980/children | total=1
2026-07-05 15:12:34 | INFO | Fetching: https://api.gbif.org/v1/species/6066980/children | params={}
2026-07-05 15:12:34 | INFO | Finished: https://api.gbif.org/v1/species/6066980/children | total=1
2026-07-05 15:12:34 | INFO | Randomly selected 1/1 children for taxon 6066980
2026-07-05 15:12:34 | INFO | Taxon key 6066980 has 1 children
2026-07-05 15:12:34 | INFO | Fetching: https://api.gbif.org/v1/species/4429788/children | params={}
2026-07-05 15:12:34 | INFO | Finished: https://api.gbif.org/v1/species/4429788/children | total=1
2026-07-05 15:12:34 | INFO | Fetching: https://api.gbif.org/v1/species/4429788/children | params={}
2026-07-05 15:12:35 | INFO | Finished: https://api.gbif.org/v1/species/4429788/children | total=1
2026-07-05 15:12:35 | INFO | Randomly selected 1/1 children for taxon 4429788
2026-07-05 15:12:35 | INFO | Taxon key 4429788 has 1 children
2026-07-05 15:12:35 | INFO | Fetching: https://api.gbif.org/v1/species/4429646/children | params={}
2026-07-05 15:12:35 | INFO | Finished: https://api.gbif.org/v1/species/4429646/children | total=1
2026-07-05 15:12:35 | INFO | Fetching: https://api.gbif.org/v1/species/4429646/children | params={}
2026-07-05 15:12:35 | INFO | Finished: https://api.gbif.org/v1/species/4429646/children | total=1
2026-07-05 15:12:35 | INFO | Randomly selected 1/1 children for taxon 4429646
2026-07-05 15:12:35 | INFO | Taxon key 4429646 has 1 children
2026-07-05 15:12:35 | INFO | Fetching: https://api.gbif.org/v1/species/6066962/children | params={}
2026-07-05 15:12:35 | INFO | Finished: https://api.gbif.org/v1/species/6066962/children | total=1
2026-07-05 15:12:35 | INFO | Fetching: https://api.gbif.org/v1/species/6066962/children | params={}
2026-07-05 15:12:35 | INFO | Finished: https://api.gbif.org/v1/species/6066962/children | total=1
2026-07-05 15:12:35 | INFO | Randomly selected 1/1 children for taxon 6066962
2026-07-05 15:12:35 | INFO | Taxon key 6066962 has 1 children
2026-07-05 15:12:35 | INFO | Fetching: https://api.gbif.org/v1/species/6066978/children | params={}
2026-07-05 15:12:36 | INFO | Finished: https://api.gbif.org/v1/species/6066978/children | total=1
2026-07-05 15:12:36 | INFO | Fetching: https://api.gbif.org/v1/species/6066978/children | params={}
2026-07-05 15:12:36 | INFO | Finished: https://api.gbif.org/v1/species/6066978/children | total=1
2026-07-05 15:12:36 | INFO | Randomly selected 1/1 children for taxon 6066978
2026-07-05 15:12:36 | INFO | Taxon key 6066978 has 1 children
2026-07-05 15:12:36 | INFO | Fetching: https://api.gbif.org/v1/species/6066960/children | params={}
2026-07-05 15:12:36 | INFO | Finished: https://api.gbif.org/v1/species/6066960/children | total=1
2026-07-05 15:12:36 | INFO | Fetching: https://api.gbif.org/v1/species/6066960/children | params={}
2026-07-05 15:12:36 | INFO | Finished: https://api.gbif.org/v1/species/6066960/children | total=1
2026-07-05 15:12:36 | INFO | Randomly selected 1/1 children for taxon 6066960
2026-07-05 15:12:36 | INFO | Taxon key 6066960 has 1 children
2026-07-05 15:12:36 | INFO | Fetching: https://api.gbif.org/v1/species/4429770/children | params={}
2026-07-05 15:12:36 | INFO | Finished: https://api.gbif.org/v1/species/4429770/children | total=1
2026-07-05 15:12:36 | INFO | Fetching: https://api.gbif.org/v1/species/4429770/children | params={}
2026-07-05 15:12:36 | INFO | Finished: https://api.gbif.org/v1/species/4429770/children | total=1
2026-07-05 15:12:36 | INFO | Randomly selected 1/1 children for taxon 4429770
2026-07-05 15:12:36 | INFO | Taxon key 4429770 has 1 children
2026-07-05 15:12:36 | INFO | Fetching: https://api.gbif.org/v1/species/6066994/children | params={}
2026-07-05 15:12:37 | INFO | Finished: https://api.gbif.org/v1/species/6066994/children | total=1
2026-07-05 15:12:37 | INFO | Fetching: https://api.gbif.org/v1/species/6066994/children | params={}
2026-07-05 15:12:37 | INFO | Finished: https://api.gbif.org/v1/species/6066994/children | total=1
2026-07-05 15:12:37 | INFO | Randomly selected 1/1 children for taxon 6066994
2026-07-05 15:12:37 | INFO | Taxon key 6066994 has 1 children
2026-07-05 15:12:37 | INFO | Fetching: https://api.gbif.org/v1/species/4429807/children | params={}
2026-07-05 15:12:37 | INFO | Finished: https://api.gbif.org/v1/species/4429807/children | total=1
2026-07-05 15:12:37 | INFO | Fetching: https://api.gbif.org/v1/species/4429807/children | params={}
2026-07-05 15:12:37 | INFO | Finished: https://api.gbif.org/v1/species/4429807/children | total=1
2026-07-05 15:12:37 | INFO | Randomly selected 1/1 children for taxon 4429807
2026-07-05 15:12:37 | INFO | Taxon key 4429807 has 1 children
2026-07-05 15:12:37 | INFO | Fetching: https://api.gbif.org/v1/species/6066974/children | params={}
2026-07-05 15:12:37 | INFO | Finished: https://api.gbif.org/v1/species/6066974/children | total=1
2026-07-05 15:12:37 | INFO | Fetching: https://api.gbif.org/v1/species/6066974/children | params={}
2026-07-05 15:12:37 | INFO | Finished: https://api.gbif.org/v1/species/6066974/children | total=1
2026-07-05 15:12:37 | INFO | Randomly selected 1/1 children for taxon 6066974
2026-07-05 15:12:37 | INFO | Taxon key 6066974 has 1 children
2026-07-05 15:12:37 | INFO | Fetching: https://api.gbif.org/v1/species/6066992/children | params={}
2026-07-05 15:12:38 | INFO | Finished: https://api.gbif.org/v1/species/6066992/children | total=1
2026-07-05 15:12:38 | INFO | Fetching: https://api.gbif.org/v1/species/6066992/children | params={}
2026-07-05 15:12:38 | INFO | Finished: https://api.gbif.org/v1/species/6066992/children | total=1
2026-07-05 15:12:38 | INFO | Randomly selected 1/1 children for taxon 6066992
2026-07-05 15:12:38 | INFO | Taxon key 6066992 has 1 children
2026-07-05 15:12:38 | INFO | Fetching: https://api.gbif.org/v1/species/4429839/children | params={}
2026-07-05 15:12:38 | INFO | Finished: https://api.gbif.org/v1/species/4429839/children | total=1
2026-07-05 15:12:38 | INFO | Fetching: https://api.gbif.org/v1/species/4429839/children | params={}
2026-07-05 15:12:38 | INFO | Finished: https://api.gbif.org/v1/species/4429839/children | total=1
2026-07-05 15:12:38 | INFO | Randomly selected 1/1 children for taxon 4429839
2026-07-05 15:12:38 | INFO | Taxon key 4429839 has 1 children
2026-07-05 15:12:38 | INFO | Fetching: https://api.gbif.org/v1/species/4429700/children | params={}
2026-07-05 15:12:38 | INFO | Finished: https://api.gbif.org/v1/species/4429700/children | total=1
2026-07-05 15:12:38 | INFO | Fetching: https://api.gbif.org/v1/species/4429700/children | params={}
2026-07-05 15:12:39 | INFO | Finished: https://api.gbif.org/v1/species/4429700/children | total=1
2026-07-05 15:12:39 | INFO | Randomly selected 1/1 children for taxon 4429700
2026-07-05 15:12:39 | INFO | Taxon key 4429700 has 1 children
2026-07-05 15:12:39 | INFO | Fetching: https://api.gbif.org/v1/species/4429760/children | params={}
2026-07-05 15:12:39 | INFO | Finished: https://api.gbif.org/v1/species/4429760/children | total=1
2026-07-05 15:12:39 | INFO | Fetching: https://api.gbif.org/v1/species/4429760/children | params={}
2026-07-05 15:12:39 | INFO | Finished: https://api.gbif.org/v1/species/4429760/children | total=1
2026-07-05 15:12:39 | INFO | Randomly selected 1/1 children for taxon 4429760
2026-07-05 15:12:39 | INFO | Taxon key 4429760 has 1 children
2026-07-05 15:12:39 | INFO | Fetching: https://api.gbif.org/v1/species/4429803/children | params={}
2026-07-05 15:12:39 | INFO | Finished: https://api.gbif.org/v1/species/4429803/children | total=1
2026-07-05 15:12:39 | INFO | Fetching: https://api.gbif.org/v1/species/4429803/children | params={}
2026-07-05 15:12:39 | INFO | Finished: https://api.gbif.org/v1/species/4429803/children | total=1
2026-07-05 15:12:39 | INFO | Randomly selected 1/1 children for taxon 4429803
2026-07-05 15:12:39 | INFO | Taxon key 4429803 has 1 children
2026-07-05 15:12:39 | INFO | Fetching: https://api.gbif.org/v1/species/6066970/children | params={}
2026-07-05 15:12:39 | INFO | Finished: https://api.gbif.org/v1/species/6066970/children | total=1
2026-07-05 15:12:39 | INFO | Fetching: https://api.gbif.org/v1/species/6066970/children | params={}
2026-07-05 15:12:40 | INFO | Finished: https://api.gbif.org/v1/species/6066970/children | total=1
2026-07-05 15:12:40 | INFO | Randomly selected 1/1 children for taxon 6066970
2026-07-05 15:12:40 | INFO | Taxon key 6066970 has 1 children
2026-07-05 15:12:40 | INFO | Fetching: https://api.gbif.org/v1/species/6066954/children | params={}
2026-07-05 15:12:40 | INFO | Finished: https://api.gbif.org/v1/species/6066954/children | total=1
2026-07-05 15:12:40 | INFO | Fetching: https://api.gbif.org/v1/species/6066954/children | params={}
2026-07-05 15:12:40 | INFO | Finished: https://api.gbif.org/v1/species/6066954/children | total=1
2026-07-05 15:12:40 | INFO | Randomly selected 1/1 children for taxon 6066954
2026-07-05 15:12:40 | INFO | Taxon key 6066954 has 1 children
2026-07-05 15:12:40 | INFO | Fetching: https://api.gbif.org/v1/species/4429717/children | params={}
2026-07-05 15:12:40 | INFO | Finished: https://api.gbif.org/v1/species/4429717/children | total=1
2026-07-05 15:12:40 | INFO | Fetching: https://api.gbif.org/v1/species/4429717/children | params={}
2026-07-05 15:12:40 | INFO | Finished: https://api.gbif.org/v1/species/4429717/children | total=1
2026-07-05 15:12:40 | INFO | Randomly selected 1/1 children for taxon 4429717
2026-07-05 15:12:40 | INFO | Taxon key 4429717 has 1 children
2026-07-05 15:12:40 | INFO | Fetching: https://api.gbif.org/v1/species/4429718/children | params={}
2026-07-05 15:12:40 | INFO | Finished: https://api.gbif.org/v1/species/4429718/children | total=1
2026-07-05 15:12:40 | INFO | Fetching: https://api.gbif.org/v1/species/4429718/children | params={}
2026-07-05 15:12:41 | INFO | Finished: https://api.gbif.org/v1/species/4429718/children | total=1
2026-07-05 15:12:41 | INFO | Randomly selected 1/1 children for taxon 4429718
2026-07-05 15:12:41 | INFO | Taxon key 4429718 has 1 children
2026-07-05 15:12:41 | INFO | Fetching: https://api.gbif.org/v1/species/6066961/children | params={}
2026-07-05 15:12:41 | INFO | Finished: https://api.gbif.org/v1/species/6066961/children | total=1
2026-07-05 15:12:41 | INFO | Fetching: https://api.gbif.org/v1/species/6066961/children | params={}
2026-07-05 15:12:41 | INFO | Finished: https://api.gbif.org/v1/species/6066961/children | total=1
2026-07-05 15:12:41 | INFO | Randomly selected 1/1 children for taxon 6066961
2026-07-05 15:12:41 | INFO | Taxon key 6066961 has 1 children
2026-07-05 15:12:41 | INFO | Fetching: https://api.gbif.org/v1/species/4406832/children | params={}
2026-07-05 15:12:41 | INFO | Finished: https://api.gbif.org/v1/species/4406832/children | total=1
2026-07-05 15:12:41 | INFO | Fetching: https://api.gbif.org/v1/species/4406832/children | params={}
2026-07-05 15:12:41 | INFO | Finished: https://api.gbif.org/v1/species/4406832/children | total=1
2026-07-05 15:12:41 | INFO | Randomly selected 1/1 children for taxon 4406832
2026-07-05 15:12:41 | INFO | Taxon key 4406832 has 1 children
2026-07-05 15:12:41 | INFO | Fetching: https://api.gbif.org/v1/species/4754/children | params={}
2026-07-05 15:12:42 | INFO | Finished: https://api.gbif.org/v1/species/4754/children | total=263
2026-07-05 15:12:42 | INFO | Fetching: https://api.gbif.org/v1/species/4754/children | params={}
2026-07-05 15:12:42 | INFO | Finished: https://api.gbif.org/v1/species/4754/children | total=263
2026-07-05 15:12:42 | INFO | Randomly selected 200/200 children for taxon 4754
2026-07-05 15:12:42 | INFO | Taxon key 4754 has 200 children
2026-07-05 15:12:42 | INFO | Fetching: https://api.gbif.org/v1/species/9212386/children | params={}
2026-07-05 15:12:43 | INFO | Finished: https://api.gbif.org/v1/species/9212386/children | total=1
2026-07-05 15:12:43 | INFO | Fetching: https://api.gbif.org/v1/species/9212386/children | params={}
2026-07-05 15:12:43 | INFO | Finished: https://api.gbif.org/v1/species/9212386/children | total=1
2026-07-05 15:12:43 | INFO | Randomly selected 1/1 children for taxon 9212386
2026-07-05 15:12:43 | INFO | Taxon key 9212386 has 1 children
2026-07-05 15:12:43 | INFO | Fetching: https://api.gbif.org/v1/species/6758205/children | params={}
2026-07-05 15:12:43 | INFO | Finished: https://api.gbif.org/v1/species/6758205/children | total=1
2026-07-05 15:12:43 | INFO | Fetching: https://api.gbif.org/v1/species/6758205/children | params={}
2026-07-05 15:12:43 | INFO | Finished: https://api.gbif.org/v1/species/6758205/children | total=1
2026-07-05 15:12:43 | INFO | Randomly selected 1/1 children for taxon 6758205
2026-07-05 15:12:43 | INFO | Taxon key 6758205 has 1 children
2026-07-05 15:12:43 | INFO | Fetching: https://api.gbif.org/v1/species/4719745/children | params={}
2026-07-05 15:12:43 | INFO | Finished: https://api.gbif.org/v1/species/4719745/children | total=1
2026-07-05 15:12:43 | INFO | Fetching: https://api.gbif.org/v1/species/4719745/children | params={}
2026-07-05 15:12:43 | INFO | Finished: https://api.gbif.org/v1/species/4719745/children | total=1
2026-07-05 15:12:43 | INFO | Randomly selected 1/1 children for taxon 4719745
2026-07-05 15:12:43 | INFO | Taxon key 4719745 has 1 children
2026-07-05 15:12:43 | INFO | Fetching: https://api.gbif.org/v1/species/4748164/children | params={}
2026-07-05 15:12:44 | INFO | Finished: https://api.gbif.org/v1/species/4748164/children | total=2
2026-07-05 15:12:44 | INFO | Fetching: https://api.gbif.org/v1/species/4748164/children | params={}
2026-07-05 15:12:44 | INFO | Finished: https://api.gbif.org/v1/species/4748164/children | total=2
2026-07-05 15:12:44 | INFO | Randomly selected 2/2 children for taxon 4748164
2026-07-05 15:12:44 | INFO | Taxon key 4748164 has 2 children
2026-07-05 15:12:44 | INFO | Fetching: https://api.gbif.org/v1/species/1039027/children | params={}
2026-07-05 15:12:44 | INFO | Finished: https://api.gbif.org/v1/species/1039027/children | total=41
2026-07-05 15:12:44 | INFO | Fetching: https://api.gbif.org/v1/species/1039027/children | params={}
2026-07-05 15:12:44 | INFO | Finished: https://api.gbif.org/v1/species/1039027/children | total=41
2026-07-05 15:12:44 | INFO | Randomly selected 41/41 children for taxon 1039027
2026-07-05 15:12:44 | INFO | Taxon key 1039027 has 41 children
2026-07-05 15:12:44 | INFO | Fetching: https://api.gbif.org/v1/species/7792422/children | params={}
2026-07-05 15:12:44 | INFO | Finished: https://api.gbif.org/v1/species/7792422/children | total=1
2026-07-05 15:12:44 | INFO | Fetching: https://api.gbif.org/v1/species/7792422/children | params={}
2026-07-05 15:12:45 | INFO | Finished: https://api.gbif.org/v1/species/7792422/children | total=1
2026-07-05 15:12:45 | INFO | Randomly selected 1/1 children for taxon 7792422
2026-07-05 15:12:45 | INFO | Taxon key 7792422 has 1 children
2026-07-05 15:12:45 | INFO | Fetching: https://api.gbif.org/v1/species/3262808/children | params={}
2026-07-05 15:12:45 | INFO | Finished: https://api.gbif.org/v1/species/3262808/children | total=52
2026-07-05 15:12:45 | INFO | Fetching: https://api.gbif.org/v1/species/3262808/children | params={}
2026-07-05 15:12:45 | INFO | Finished: https://api.gbif.org/v1/species/3262808/children | total=52
2026-07-05 15:12:45 | INFO | Randomly selected 52/52 children for taxon 3262808
2026-07-05 15:12:45 | INFO | Taxon key 3262808 has 52 children
2026-07-05 15:12:45 | INFO | Fetching: https://api.gbif.org/v1/species/5811552/children | params={}
2026-07-05 15:12:45 | INFO | Finished: https://api.gbif.org/v1/species/5811552/children | total=2
2026-07-05 15:12:45 | INFO | Fetching: https://api.gbif.org/v1/species/5811552/children | params={}
2026-07-05 15:12:46 | INFO | Finished: https://api.gbif.org/v1/species/5811552/children | total=2
2026-07-05 15:12:46 | INFO | Randomly selected 2/2 children for taxon 5811552
2026-07-05 15:12:46 | INFO | Taxon key 5811552 has 2 children
2026-07-05 15:12:46 | INFO | Fetching: https://api.gbif.org/v1/species/7355603/children | params={}
2026-07-05 15:12:46 | INFO | Finished: https://api.gbif.org/v1/species/7355603/children | total=1
2026-07-05 15:12:46 | INFO | Fetching: https://api.gbif.org/v1/species/7355603/children | params={}
2026-07-05 15:12:46 | INFO | Finished: https://api.gbif.org/v1/species/7355603/children | total=1
2026-07-05 15:12:46 | INFO | Randomly selected 1/1 children for taxon 7355603
2026-07-05 15:12:46 | INFO | Taxon key 7355603 has 1 children
2026-07-05 15:12:46 | INFO | Fetching: https://api.gbif.org/v1/species/6097344/children | params={}
2026-07-05 15:12:46 | INFO | Finished: https://api.gbif.org/v1/species/6097344/children | total=3
2026-07-05 15:12:46 | INFO | Fetching: https://api.gbif.org/v1/species/6097344/children | params={}
2026-07-05 15:12:46 | INFO | Finished: https://api.gbif.org/v1/species/6097344/children | total=3
2026-07-05 15:12:46 | INFO | Randomly selected 3/3 children for taxon 6097344
2026-07-05 15:12:46 | INFO | Taxon key 6097344 has 3 children
2026-07-05 15:12:46 | INFO | Fetching: https://api.gbif.org/v1/species/4769115/children | params={}
2026-07-05 15:12:46 | INFO | Finished: https://api.gbif.org/v1/species/4769115/children | total=1
2026-07-05 15:12:46 | INFO | Fetching: https://api.gbif.org/v1/species/4769115/children | params={}
2026-07-05 15:12:47 | INFO | Finished: https://api.gbif.org/v1/species/4769115/children | total=1
2026-07-05 15:12:47 | INFO | Randomly selected 1/1 children for taxon 4769115
2026-07-05 15:12:47 | INFO | Taxon key 4769115 has 1 children
2026-07-05 15:12:47 | INFO | Fetching: https://api.gbif.org/v1/species/3262804/children | params={}
2026-07-05 15:12:47 | INFO | Finished: https://api.gbif.org/v1/species/3262804/children | total=90
2026-07-05 15:12:47 | INFO | Fetching: https://api.gbif.org/v1/species/3262804/children | params={}
2026-07-05 15:12:47 | INFO | Finished: https://api.gbif.org/v1/species/3262804/children | total=90
2026-07-05 15:12:47 | INFO | Randomly selected 90/90 children for taxon 3262804
2026-07-05 15:12:47 | INFO | Taxon key 3262804 has 90 children
2026-07-05 15:12:47 | INFO | Fetching: https://api.gbif.org/v1/species/4435644/children | params={}
2026-07-05 15:12:48 | INFO | Finished: https://api.gbif.org/v1/species/4435644/children | total=1
2026-07-05 15:12:48 | INFO | Fetching: https://api.gbif.org/v1/species/4435644/children | params={}
2026-07-05 15:12:48 | INFO | Finished: https://api.gbif.org/v1/species/4435644/children | total=1
2026-07-05 15:12:48 | INFO | Randomly selected 1/1 children for taxon 4435644
2026-07-05 15:12:48 | INFO | Taxon key 4435644 has 1 children
2026-07-05 15:12:48 | INFO | Fetching: https://api.gbif.org/v1/species/4435612/children | params={}
2026-07-05 15:12:48 | INFO | Finished: https://api.gbif.org/v1/species/4435612/children | total=2
2026-07-05 15:12:48 | INFO | Fetching: https://api.gbif.org/v1/species/4435612/children | params={}
2026-07-05 15:12:48 | INFO | Finished: https://api.gbif.org/v1/species/4435612/children | total=2
2026-07-05 15:12:48 | INFO | Randomly selected 2/2 children for taxon 4435612
2026-07-05 15:12:48 | INFO | Taxon key 4435612 has 2 children
2026-07-05 15:12:48 | INFO | Fetching: https://api.gbif.org/v1/species/4308847/children | params={}
2026-07-05 15:12:48 | INFO | Finished: https://api.gbif.org/v1/species/4308847/children | total=2
2026-07-05 15:12:48 | INFO | Fetching: https://api.gbif.org/v1/species/4308847/children | params={}
2026-07-05 15:12:48 | INFO | Finished: https://api.gbif.org/v1/species/4308847/children | total=2
2026-07-05 15:12:48 | INFO | Randomly selected 2/2 children for taxon 4308847
2026-07-05 15:12:48 | INFO | Taxon key 4308847 has 2 children
2026-07-05 15:12:48 | INFO | Fetching: https://api.gbif.org/v1/species/10564212/children | params={}
2026-07-05 15:12:49 | INFO | Finished: https://api.gbif.org/v1/species/10564212/children | total=1
2026-07-05 15:12:49 | INFO | Fetching: https://api.gbif.org/v1/species/10564212/children | params={}
2026-07-05 15:12:49 | INFO | Finished: https://api.gbif.org/v1/species/10564212/children | total=1
2026-07-05 15:12:49 | INFO | Randomly selected 1/1 children for taxon 10564212
2026-07-05 15:12:49 | INFO | Taxon key 10564212 has 1 children
2026-07-05 15:12:49 | INFO | Fetching: https://api.gbif.org/v1/species/10181669/children | params={}
2026-07-05 15:12:49 | INFO | Finished: https://api.gbif.org/v1/species/10181669/children | total=1
2026-07-05 15:12:49 | INFO | Fetching: https://api.gbif.org/v1/species/10181669/children | params={}
2026-07-05 15:12:49 | INFO | Finished: https://api.gbif.org/v1/species/10181669/children | total=1
2026-07-05 15:12:49 | INFO | Randomly selected 1/1 children for taxon 10181669
2026-07-05 15:12:49 | INFO | Taxon key 10181669 has 1 children
2026-07-05 15:12:49 | INFO | Fetching: https://api.gbif.org/v1/species/4435638/children | params={}
2026-07-05 15:12:49 | INFO | Finished: https://api.gbif.org/v1/species/4435638/children | total=1
2026-07-05 15:12:49 | INFO | Fetching: https://api.gbif.org/v1/species/4435638/children | params={}
2026-07-05 15:12:50 | INFO | Finished: https://api.gbif.org/v1/species/4435638/children | total=1
2026-07-05 15:12:50 | INFO | Randomly selected 1/1 children for taxon 4435638
2026-07-05 15:12:50 | INFO | Taxon key 4435638 has 1 children
2026-07-05 15:12:50 | INFO | Fetching: https://api.gbif.org/v1/species/4435648/children | params={}
2026-07-05 15:12:50 | INFO | Finished: https://api.gbif.org/v1/species/4435648/children | total=2
2026-07-05 15:12:50 | INFO | Fetching: https://api.gbif.org/v1/species/4435648/children | params={}
2026-07-05 15:12:50 | INFO | Finished: https://api.gbif.org/v1/species/4435648/children | total=2
2026-07-05 15:12:50 | INFO | Randomly selected 2/2 children for taxon 4435648
2026-07-05 15:12:50 | INFO | Taxon key 4435648 has 2 children
2026-07-05 15:12:50 | INFO | Fetching: https://api.gbif.org/v1/species/4435650/children | params={}
2026-07-05 15:12:50 | INFO | Finished: https://api.gbif.org/v1/species/4435650/children | total=1
2026-07-05 15:12:50 | INFO | Fetching: https://api.gbif.org/v1/species/4435650/children | params={}
2026-07-05 15:12:50 | INFO | Finished: https://api.gbif.org/v1/species/4435650/children | total=1
2026-07-05 15:12:50 | INFO | Randomly selected 1/1 children for taxon 4435650
2026-07-05 15:12:50 | INFO | Taxon key 4435650 has 1 children
2026-07-05 15:12:50 | INFO | Fetching: https://api.gbif.org/v1/species/4435609/children | params={}
2026-07-05 15:12:51 | INFO | Finished: https://api.gbif.org/v1/species/4435609/children | total=1
2026-07-05 15:12:51 | INFO | Fetching: https://api.gbif.org/v1/species/4435609/children | params={}
2026-07-05 15:12:51 | INFO | Finished: https://api.gbif.org/v1/species/4435609/children | total=1
2026-07-05 15:12:51 | INFO | Randomly selected 1/1 children for taxon 4435609
2026-07-05 15:12:51 | INFO | Taxon key 4435609 has 1 children
2026-07-05 15:12:51 | INFO | Fetching: https://api.gbif.org/v1/species/4435647/children | params={}
2026-07-05 15:12:51 | INFO | Finished: https://api.gbif.org/v1/species/4435647/children | total=1
2026-07-05 15:12:51 | INFO | Fetching: https://api.gbif.org/v1/species/4435647/children | params={}
2026-07-05 15:12:51 | INFO | Finished: https://api.gbif.org/v1/species/4435647/children | total=1
2026-07-05 15:12:51 | INFO | Randomly selected 1/1 children for taxon 4435647
2026-07-05 15:12:51 | INFO | Taxon key 4435647 has 1 children
2026-07-05 15:12:51 | INFO | Fetching: https://api.gbif.org/v1/species/6994584/children | params={}
2026-07-05 15:12:51 | INFO | Finished: https://api.gbif.org/v1/species/6994584/children | total=1
2026-07-05 15:12:51 | INFO | Fetching: https://api.gbif.org/v1/species/6994584/children | params={}
2026-07-05 15:12:52 | INFO | Finished: https://api.gbif.org/v1/species/6994584/children | total=1
2026-07-05 15:12:52 | INFO | Randomly selected 1/1 children for taxon 6994584
2026-07-05 15:12:52 | INFO | Taxon key 6994584 has 1 children
2026-07-05 15:12:52 | INFO | Fetching: https://api.gbif.org/v1/species/11568106/children | params={}
2026-07-05 15:12:52 | INFO | Finished: https://api.gbif.org/v1/species/11568106/children | total=1
2026-07-05 15:12:52 | INFO | Fetching: https://api.gbif.org/v1/species/11568106/children | params={}
2026-07-05 15:12:52 | INFO | Finished: https://api.gbif.org/v1/species/11568106/children | total=1
2026-07-05 15:12:52 | INFO | Randomly selected 1/1 children for taxon 11568106
2026-07-05 15:12:52 | INFO | Taxon key 11568106 has 1 children
2026-07-05 15:12:52 | INFO | Fetching: https://api.gbif.org/v1/species/4760600/children | params={}
2026-07-05 15:12:52 | INFO | Finished: https://api.gbif.org/v1/species/4760600/children | total=18
2026-07-05 15:12:52 | INFO | Fetching: https://api.gbif.org/v1/species/4760600/children | params={}
2026-07-05 15:12:52 | INFO | Finished: https://api.gbif.org/v1/species/4760600/children | total=18
2026-07-05 15:12:52 | INFO | Randomly selected 18/18 children for taxon 4760600
2026-07-05 15:12:52 | INFO | Taxon key 4760600 has 18 children
2026-07-05 15:12:52 | INFO | Fetching: https://api.gbif.org/v1/species/4407977/children | params={}
2026-07-05 15:12:53 | INFO | Finished: https://api.gbif.org/v1/species/4407977/children | total=2
2026-07-05 15:12:53 | INFO | Fetching: https://api.gbif.org/v1/species/4407977/children | params={}
2026-07-05 15:12:53 | INFO | Finished: https://api.gbif.org/v1/species/4407977/children | total=2
2026-07-05 15:12:53 | INFO | Randomly selected 2/2 children for taxon 4407977
2026-07-05 15:12:53 | INFO | Taxon key 4407977 has 2 children
2026-07-05 15:12:53 | INFO | Fetching: https://api.gbif.org/v1/species/4435658/children | params={}
2026-07-05 15:12:53 | INFO | Finished: https://api.gbif.org/v1/species/4435658/children | total=2
2026-07-05 15:12:53 | INFO | Fetching: https://api.gbif.org/v1/species/4435658/children | params={}
2026-07-05 15:12:53 | INFO | Finished: https://api.gbif.org/v1/species/4435658/children | total=2
2026-07-05 15:12:53 | INFO | Randomly selected 2/2 children for taxon 4435658
2026-07-05 15:12:53 | INFO | Taxon key 4435658 has 2 children
2026-07-05 15:12:53 | INFO | Fetching: https://api.gbif.org/v1/species/4741066/children | params={}
2026-07-05 15:12:53 | INFO | Finished: https://api.gbif.org/v1/species/4741066/children | total=1
2026-07-05 15:12:53 | INFO | Fetching: https://api.gbif.org/v1/species/4741066/children | params={}
2026-07-05 15:12:54 | INFO | Finished: https://api.gbif.org/v1/species/4741066/children | total=1
2026-07-05 15:12:54 | INFO | Randomly selected 1/1 children for taxon 4741066
2026-07-05 15:12:54 | INFO | Taxon key 4741066 has 1 children
2026-07-05 15:12:54 | INFO | Fetching: https://api.gbif.org/v1/species/4435552/children | params={}
2026-07-05 15:12:54 | INFO | Finished: https://api.gbif.org/v1/species/4435552/children | total=33
2026-07-05 15:12:54 | INFO | Fetching: https://api.gbif.org/v1/species/4435552/children | params={}
2026-07-05 15:12:54 | INFO | Finished: https://api.gbif.org/v1/species/4435552/children | total=33
2026-07-05 15:12:54 | INFO | Randomly selected 33/33 children for taxon 4435552
2026-07-05 15:12:54 | INFO | Taxon key 4435552 has 33 children
2026-07-05 15:12:54 | INFO | Fetching: https://api.gbif.org/v1/species/4765296/children | params={}
2026-07-05 15:12:54 | INFO | Finished: https://api.gbif.org/v1/species/4765296/children | total=1
2026-07-05 15:12:54 | INFO | Fetching: https://api.gbif.org/v1/species/4765296/children | params={}
2026-07-05 15:12:54 | INFO | Finished: https://api.gbif.org/v1/species/4765296/children | total=1
2026-07-05 15:12:54 | INFO | Randomly selected 1/1 children for taxon 4765296
2026-07-05 15:12:54 | INFO | Taxon key 4765296 has 1 children
2026-07-05 15:12:54 | INFO | Fetching: https://api.gbif.org/v1/species/4760595/children | params={}
2026-07-05 15:12:55 | INFO | Finished: https://api.gbif.org/v1/species/4760595/children | total=2
2026-07-05 15:12:55 | INFO | Fetching: https://api.gbif.org/v1/species/4760595/children | params={}
2026-07-05 15:12:55 | INFO | Finished: https://api.gbif.org/v1/species/4760595/children | total=2
2026-07-05 15:12:55 | INFO | Randomly selected 2/2 children for taxon 4760595
2026-07-05 15:12:55 | INFO | Taxon key 4760595 has 2 children
2026-07-05 15:12:55 | INFO | Fetching: https://api.gbif.org/v1/species/3262807/children | params={}
2026-07-05 15:12:55 | INFO | Finished: https://api.gbif.org/v1/species/3262807/children | total=1
2026-07-05 15:12:55 | INFO | Fetching: https://api.gbif.org/v1/species/3262807/children | params={}
2026-07-05 15:12:55 | INFO | Finished: https://api.gbif.org/v1/species/3262807/children | total=1
2026-07-05 15:12:55 | INFO | Randomly selected 1/1 children for taxon 3262807
2026-07-05 15:12:55 | INFO | Taxon key 3262807 has 1 children
2026-07-05 15:12:55 | INFO | Fetching: https://api.gbif.org/v1/species/3262806/children | params={}
2026-07-05 15:12:56 | INFO | Finished: https://api.gbif.org/v1/species/3262806/children | total=31
2026-07-05 15:12:56 | INFO | Fetching: https://api.gbif.org/v1/species/3262806/children | params={}
2026-07-05 15:12:56 | INFO | Finished: https://api.gbif.org/v1/species/3262806/children | total=31
2026-07-05 15:12:56 | INFO | Randomly selected 31/31 children for taxon 3262806
2026-07-05 15:12:56 | INFO | Taxon key 3262806 has 31 children
2026-07-05 15:12:56 | INFO | Fetching: https://api.gbif.org/v1/species/7412081/children | params={}
2026-07-05 15:12:56 | INFO | Finished: https://api.gbif.org/v1/species/7412081/children | total=1
2026-07-05 15:12:56 | INFO | Fetching: https://api.gbif.org/v1/species/7412081/children | params={}
2026-07-05 15:12:56 | INFO | Finished: https://api.gbif.org/v1/species/7412081/children | total=1
2026-07-05 15:12:56 | INFO | Randomly selected 1/1 children for taxon 7412081
2026-07-05 15:12:56 | INFO | Taxon key 7412081 has 1 children
2026-07-05 15:12:56 | INFO | Fetching: https://api.gbif.org/v1/species/8096842/children | params={}
2026-07-05 15:12:56 | INFO | Finished: https://api.gbif.org/v1/species/8096842/children | total=1
2026-07-05 15:12:56 | INFO | Fetching: https://api.gbif.org/v1/species/8096842/children | params={}
2026-07-05 15:12:57 | INFO | Finished: https://api.gbif.org/v1/species/8096842/children | total=1
2026-07-05 15:12:57 | INFO | Randomly selected 1/1 children for taxon 8096842
2026-07-05 15:12:57 | INFO | Taxon key 8096842 has 1 children
2026-07-05 15:12:57 | INFO | Fetching: https://api.gbif.org/v1/species/5745889/children | params={}
2026-07-05 15:12:57 | INFO | Finished: https://api.gbif.org/v1/species/5745889/children | total=1
2026-07-05 15:12:57 | INFO | Fetching: https://api.gbif.org/v1/species/5745889/children | params={}
2026-07-05 15:12:57 | INFO | Finished: https://api.gbif.org/v1/species/5745889/children | total=1
2026-07-05 15:12:57 | INFO | Randomly selected 1/1 children for taxon 5745889
2026-07-05 15:12:57 | INFO | Taxon key 5745889 has 1 children
2026-07-05 15:12:57 | INFO | Fetching: https://api.gbif.org/v1/species/7587883/children | params={}
2026-07-05 15:12:57 | INFO | Finished: https://api.gbif.org/v1/species/7587883/children | total=1
2026-07-05 15:12:57 | INFO | Fetching: https://api.gbif.org/v1/species/7587883/children | params={}
2026-07-05 15:12:57 | INFO | Finished: https://api.gbif.org/v1/species/7587883/children | total=1
2026-07-05 15:12:57 | INFO | Randomly selected 1/1 children for taxon 7587883
2026-07-05 15:12:57 | INFO | Taxon key 7587883 has 1 children
2026-07-05 15:12:57 | INFO | Fetching: https://api.gbif.org/v1/species/4405292/children | params={}
2026-07-05 15:12:57 | INFO | Finished: https://api.gbif.org/v1/species/4405292/children | total=7
2026-07-05 15:12:57 | INFO | Fetching: https://api.gbif.org/v1/species/4405292/children | params={}
2026-07-05 15:12:58 | INFO | Finished: https://api.gbif.org/v1/species/4405292/children | total=7
2026-07-05 15:12:58 | INFO | Randomly selected 7/7 children for taxon 4405292
2026-07-05 15:12:58 | INFO | Taxon key 4405292 has 7 children
2026-07-05 15:12:58 | INFO | Fetching: https://api.gbif.org/v1/species/10451740/children | params={}
2026-07-05 15:12:58 | INFO | Finished: https://api.gbif.org/v1/species/10451740/children | total=1
2026-07-05 15:12:58 | INFO | Fetching: https://api.gbif.org/v1/species/10451740/children | params={}
2026-07-05 15:12:58 | INFO | Finished: https://api.gbif.org/v1/species/10451740/children | total=1
2026-07-05 15:12:58 | INFO | Randomly selected 1/1 children for taxon 10451740
2026-07-05 15:12:58 | INFO | Taxon key 10451740 has 1 children
2026-07-05 15:12:58 | INFO | Fetching: https://api.gbif.org/v1/species/4760617/children | params={}
2026-07-05 15:12:58 | INFO | Finished: https://api.gbif.org/v1/species/4760617/children | total=4
2026-07-05 15:12:58 | INFO | Fetching: https://api.gbif.org/v1/species/4760617/children | params={}
2026-07-05 15:12:58 | INFO | Finished: https://api.gbif.org/v1/species/4760617/children | total=4
2026-07-05 15:12:58 | INFO | Randomly selected 4/4 children for taxon 4760617
2026-07-05 15:12:58 | INFO | Taxon key 4760617 has 4 children
2026-07-05 15:12:58 | INFO | Fetching: https://api.gbif.org/v1/species/4747165/children | params={}
2026-07-05 15:12:59 | INFO | Finished: https://api.gbif.org/v1/species/4747165/children | total=1
2026-07-05 15:12:59 | INFO | Fetching: https://api.gbif.org/v1/species/4747165/children | params={}
2026-07-05 15:12:59 | INFO | Finished: https://api.gbif.org/v1/species/4747165/children | total=1
2026-07-05 15:12:59 | INFO | Randomly selected 1/1 children for taxon 4747165
2026-07-05 15:12:59 | INFO | Taxon key 4747165 has 1 children
2026-07-05 15:12:59 | INFO | Fetching: https://api.gbif.org/v1/species/4766003/children | params={}
2026-07-05 15:12:59 | INFO | Finished: https://api.gbif.org/v1/species/4766003/children | total=6
2026-07-05 15:12:59 | INFO | Fetching: https://api.gbif.org/v1/species/4766003/children | params={}
2026-07-05 15:12:59 | INFO | Finished: https://api.gbif.org/v1/species/4766003/children | total=6
2026-07-05 15:12:59 | INFO | Randomly selected 6/6 children for taxon 4766003
2026-07-05 15:12:59 | INFO | Taxon key 4766003 has 6 children
2026-07-05 15:12:59 | INFO | Fetching: https://api.gbif.org/v1/species/10659939/children | params={}
2026-07-05 15:12:59 | INFO | Finished: https://api.gbif.org/v1/species/10659939/children | total=1
2026-07-05 15:12:59 | INFO | Fetching: https://api.gbif.org/v1/species/10659939/children | params={}
2026-07-05 15:12:59 | INFO | Finished: https://api.gbif.org/v1/species/10659939/children | total=1
2026-07-05 15:12:59 | INFO | Randomly selected 1/1 children for taxon 10659939
2026-07-05 15:12:59 | INFO | Taxon key 10659939 has 1 children
2026-07-05 15:12:59 | INFO | Fetching: https://api.gbif.org/v1/species/4721383/children | params={}
2026-07-05 15:13:00 | INFO | Finished: https://api.gbif.org/v1/species/4721383/children | total=1
2026-07-05 15:13:00 | INFO | Fetching: https://api.gbif.org/v1/species/4721383/children | params={}
2026-07-05 15:13:00 | INFO | Finished: https://api.gbif.org/v1/species/4721383/children | total=1
2026-07-05 15:13:00 | INFO | Randomly selected 1/1 children for taxon 4721383
2026-07-05 15:13:00 | INFO | Taxon key 4721383 has 1 children
2026-07-05 15:13:00 | INFO | Fetching: https://api.gbif.org/v1/species/8736602/children | params={}
2026-07-05 15:13:00 | INFO | Finished: https://api.gbif.org/v1/species/8736602/children | total=1
2026-07-05 15:13:00 | INFO | Fetching: https://api.gbif.org/v1/species/8736602/children | params={}
2026-07-05 15:13:00 | INFO | Finished: https://api.gbif.org/v1/species/8736602/children | total=1
2026-07-05 15:13:00 | INFO | Randomly selected 1/1 children for taxon 8736602
2026-07-05 15:13:00 | INFO | Taxon key 8736602 has 1 children
2026-07-05 15:13:00 | INFO | Fetching: https://api.gbif.org/v1/species/4741056/children | params={}
2026-07-05 15:13:00 | INFO | Finished: https://api.gbif.org/v1/species/4741056/children | total=1
2026-07-05 15:13:00 | INFO | Fetching: https://api.gbif.org/v1/species/4741056/children | params={}
2026-07-05 15:13:01 | INFO | Finished: https://api.gbif.org/v1/species/4741056/children | total=1
2026-07-05 15:13:01 | INFO | Randomly selected 1/1 children for taxon 4741056
2026-07-05 15:13:01 | INFO | Taxon key 4741056 has 1 children
2026-07-05 15:13:01 | INFO | Fetching: https://api.gbif.org/v1/species/4405092/children | params={}
2026-07-05 15:13:01 | INFO | Finished: https://api.gbif.org/v1/species/4405092/children | total=12
2026-07-05 15:13:01 | INFO | Fetching: https://api.gbif.org/v1/species/4405092/children | params={}
2026-07-05 15:13:01 | INFO | Finished: https://api.gbif.org/v1/species/4405092/children | total=12
2026-07-05 15:13:01 | INFO | Randomly selected 12/12 children for taxon 4405092
2026-07-05 15:13:01 | INFO | Taxon key 4405092 has 12 children
2026-07-05 15:13:01 | INFO | Fetching: https://api.gbif.org/v1/species/4435651/children | params={}
2026-07-05 15:13:01 | INFO | Finished: https://api.gbif.org/v1/species/4435651/children | total=1
2026-07-05 15:13:01 | INFO | Fetching: https://api.gbif.org/v1/species/4435651/children | params={}
2026-07-05 15:13:01 | INFO | Finished: https://api.gbif.org/v1/species/4435651/children | total=1
2026-07-05 15:13:01 | INFO | Randomly selected 1/1 children for taxon 4435651
2026-07-05 15:13:01 | INFO | Taxon key 4435651 has 1 children
2026-07-05 15:13:01 | INFO | Fetching: https://api.gbif.org/v1/species/4435448/children | params={}
2026-07-05 15:13:02 | INFO | Finished: https://api.gbif.org/v1/species/4435448/children | total=3
2026-07-05 15:13:02 | INFO | Fetching: https://api.gbif.org/v1/species/4435448/children | params={}
2026-07-05 15:13:02 | INFO | Finished: https://api.gbif.org/v1/species/4435448/children | total=3
2026-07-05 15:13:02 | INFO | Randomly selected 3/3 children for taxon 4435448
2026-07-05 15:13:02 | INFO | Taxon key 4435448 has 3 children
2026-07-05 15:13:02 | INFO | Fetching: https://api.gbif.org/v1/species/4435449/children | params={}
2026-07-05 15:13:02 | INFO | Finished: https://api.gbif.org/v1/species/4435449/children | total=1
2026-07-05 15:13:02 | INFO | Fetching: https://api.gbif.org/v1/species/4435449/children | params={}
2026-07-05 15:13:02 | INFO | Finished: https://api.gbif.org/v1/species/4435449/children | total=1
2026-07-05 15:13:02 | INFO | Randomly selected 1/1 children for taxon 4435449
2026-07-05 15:13:02 | INFO | Taxon key 4435449 has 1 children
2026-07-05 15:13:02 | INFO | Fetching: https://api.gbif.org/v1/species/8883669/children | params={}
2026-07-05 15:13:02 | INFO | Finished: https://api.gbif.org/v1/species/8883669/children | total=1
2026-07-05 15:13:02 | INFO | Fetching: https://api.gbif.org/v1/species/8883669/children | params={}
2026-07-05 15:13:02 | INFO | Finished: https://api.gbif.org/v1/species/8883669/children | total=1
2026-07-05 15:13:02 | INFO | Randomly selected 1/1 children for taxon 8883669
2026-07-05 15:13:02 | INFO | Taxon key 8883669 has 1 children
2026-07-05 15:13:02 | INFO | Fetching: https://api.gbif.org/v1/species/9245686/children | params={}
2026-07-05 15:13:03 | INFO | Finished: https://api.gbif.org/v1/species/9245686/children | total=4
2026-07-05 15:13:03 | INFO | Fetching: https://api.gbif.org/v1/species/9245686/children | params={}
2026-07-05 15:13:03 | INFO | Finished: https://api.gbif.org/v1/species/9245686/children | total=4
2026-07-05 15:13:03 | INFO | Randomly selected 4/4 children for taxon 9245686
2026-07-05 15:13:03 | INFO | Taxon key 9245686 has 4 children
2026-07-05 15:13:03 | INFO | Fetching: https://api.gbif.org/v1/species/4760938/children | params={}
2026-07-05 15:13:03 | INFO | Finished: https://api.gbif.org/v1/species/4760938/children | total=8
2026-07-05 15:13:03 | INFO | Fetching: https://api.gbif.org/v1/species/4760938/children | params={}
2026-07-05 15:13:03 | INFO | Finished: https://api.gbif.org/v1/species/4760938/children | total=8
2026-07-05 15:13:03 | INFO | Randomly selected 8/8 children for taxon 4760938
2026-07-05 15:13:03 | INFO | Taxon key 4760938 has 8 children
2026-07-05 15:13:03 | INFO | Fetching: https://api.gbif.org/v1/species/4760676/children | params={}
2026-07-05 15:13:03 | INFO | Finished: https://api.gbif.org/v1/species/4760676/children | total=1
2026-07-05 15:13:03 | INFO | Fetching: https://api.gbif.org/v1/species/4760676/children | params={}
2026-07-05 15:13:04 | INFO | Finished: https://api.gbif.org/v1/species/4760676/children | total=1
2026-07-05 15:13:04 | INFO | Randomly selected 1/1 children for taxon 4760676
2026-07-05 15:13:04 | INFO | Taxon key 4760676 has 1 children
2026-07-05 15:13:04 | INFO | Fetching: https://api.gbif.org/v1/species/10854563/children | params={}
2026-07-05 15:13:04 | INFO | Finished: https://api.gbif.org/v1/species/10854563/children | total=2
2026-07-05 15:13:04 | INFO | Fetching: https://api.gbif.org/v1/species/10854563/children | params={}
2026-07-05 15:13:04 | INFO | Finished: https://api.gbif.org/v1/species/10854563/children | total=2
2026-07-05 15:13:04 | INFO | Randomly selected 2/2 children for taxon 10854563
2026-07-05 15:13:04 | INFO | Taxon key 10854563 has 2 children
2026-07-05 15:13:04 | INFO | Fetching: https://api.gbif.org/v1/species/4760697/children | params={}
2026-07-05 15:13:04 | INFO | Finished: https://api.gbif.org/v1/species/4760697/children | total=7
2026-07-05 15:13:04 | INFO | Fetching: https://api.gbif.org/v1/species/4760697/children | params={}
2026-07-05 15:13:04 | INFO | Finished: https://api.gbif.org/v1/species/4760697/children | total=7
2026-07-05 15:13:04 | INFO | Randomly selected 7/7 children for taxon 4760697
2026-07-05 15:13:04 | INFO | Taxon key 4760697 has 7 children
2026-07-05 15:13:04 | INFO | Fetching: https://api.gbif.org/v1/species/9056688/children | params={}
2026-07-05 15:13:05 | INFO | Finished: https://api.gbif.org/v1/species/9056688/children | total=26
2026-07-05 15:13:05 | INFO | Fetching: https://api.gbif.org/v1/species/9056688/children | params={}
2026-07-05 15:13:05 | INFO | Finished: https://api.gbif.org/v1/species/9056688/children | total=26
2026-07-05 15:13:05 | INFO | Randomly selected 26/26 children for taxon 9056688
2026-07-05 15:13:05 | INFO | Taxon key 9056688 has 26 children
2026-07-05 15:13:05 | INFO | Fetching: https://api.gbif.org/v1/species/4435558/children | params={}
2026-07-05 15:13:05 | INFO | Finished: https://api.gbif.org/v1/species/4435558/children | total=1
2026-07-05 15:13:05 | INFO | Fetching: https://api.gbif.org/v1/species/4435558/children | params={}
2026-07-05 15:13:05 | INFO | Finished: https://api.gbif.org/v1/species/4435558/children | total=1
2026-07-05 15:13:05 | INFO | Randomly selected 1/1 children for taxon 4435558
2026-07-05 15:13:05 | INFO | Taxon key 4435558 has 1 children
2026-07-05 15:13:05 | INFO | Fetching: https://api.gbif.org/v1/species/4435560/children | params={}
2026-07-05 15:13:05 | INFO | Finished: https://api.gbif.org/v1/species/4435560/children | total=1
2026-07-05 15:13:05 | INFO | Fetching: https://api.gbif.org/v1/species/4435560/children | params={}
2026-07-05 15:13:06 | INFO | Finished: https://api.gbif.org/v1/species/4435560/children | total=1
2026-07-05 15:13:06 | INFO | Randomly selected 1/1 children for taxon 4435560
2026-07-05 15:13:06 | INFO | Taxon key 4435560 has 1 children
2026-07-05 15:13:06 | INFO | Fetching: https://api.gbif.org/v1/species/3261602/children | params={}
2026-07-05 15:13:06 | INFO | Finished: https://api.gbif.org/v1/species/3261602/children | total=1
2026-07-05 15:13:06 | INFO | Fetching: https://api.gbif.org/v1/species/3261602/children | params={}
2026-07-05 15:13:06 | INFO | Finished: https://api.gbif.org/v1/species/3261602/children | total=1
2026-07-05 15:13:06 | INFO | Randomly selected 1/1 children for taxon 3261602
2026-07-05 15:13:06 | INFO | Taxon key 3261602 has 1 children
2026-07-05 15:13:06 | INFO | Fetching: https://api.gbif.org/v1/species/1039031/children | params={}
2026-07-05 15:13:06 | INFO | Finished: https://api.gbif.org/v1/species/1039031/children | total=14
2026-07-05 15:13:06 | INFO | Fetching: https://api.gbif.org/v1/species/1039031/children | params={}
2026-07-05 15:13:06 | INFO | Finished: https://api.gbif.org/v1/species/1039031/children | total=14
2026-07-05 15:13:06 | INFO | Randomly selected 14/14 children for taxon 1039031
2026-07-05 15:13:06 | INFO | Taxon key 1039031 has 14 children
2026-07-05 15:13:06 | INFO | Fetching: https://api.gbif.org/v1/species/4765106/children | params={}
2026-07-05 15:13:07 | INFO | Finished: https://api.gbif.org/v1/species/4765106/children | total=2
2026-07-05 15:13:07 | INFO | Fetching: https://api.gbif.org/v1/species/4765106/children | params={}
2026-07-05 15:13:07 | INFO | Finished: https://api.gbif.org/v1/species/4765106/children | total=2
2026-07-05 15:13:07 | INFO | Randomly selected 2/2 children for taxon 4765106
2026-07-05 15:13:07 | INFO | Taxon key 4765106 has 2 children
2026-07-05 15:13:07 | INFO | Fetching: https://api.gbif.org/v1/species/9057238/children | params={}
2026-07-05 15:13:07 | INFO | Finished: https://api.gbif.org/v1/species/9057238/children | total=1
2026-07-05 15:13:07 | INFO | Fetching: https://api.gbif.org/v1/species/9057238/children | params={}
2026-07-05 15:13:07 | INFO | Finished: https://api.gbif.org/v1/species/9057238/children | total=1
2026-07-05 15:13:07 | INFO | Randomly selected 1/1 children for taxon 9057238
2026-07-05 15:13:07 | INFO | Taxon key 9057238 has 1 children
2026-07-05 15:13:07 | INFO | Fetching: https://api.gbif.org/v1/species/8915977/children | params={}
2026-07-05 15:13:07 | INFO | Finished: https://api.gbif.org/v1/species/8915977/children | total=3
2026-07-05 15:13:07 | INFO | Fetching: https://api.gbif.org/v1/species/8915977/children | params={}
2026-07-05 15:13:08 | INFO | Finished: https://api.gbif.org/v1/species/8915977/children | total=3
2026-07-05 15:13:08 | INFO | Randomly selected 3/3 children for taxon 8915977
2026-07-05 15:13:08 | INFO | Taxon key 8915977 has 3 children
2026-07-05 15:13:08 | INFO | Fetching: https://api.gbif.org/v1/species/4573558/children | params={}
2026-07-05 15:13:08 | INFO | Finished: https://api.gbif.org/v1/species/4573558/children | total=2
2026-07-05 15:13:08 | INFO | Fetching: https://api.gbif.org/v1/species/4573558/children | params={}
2026-07-05 15:13:08 | INFO | Finished: https://api.gbif.org/v1/species/4573558/children | total=2
2026-07-05 15:13:08 | INFO | Randomly selected 2/2 children for taxon 4573558
2026-07-05 15:13:08 | INFO | Taxon key 4573558 has 2 children
2026-07-05 15:13:08 | INFO | Fetching: https://api.gbif.org/v1/species/4572856/children | params={}
2026-07-05 15:13:08 | INFO | Finished: https://api.gbif.org/v1/species/4572856/children | total=17
2026-07-05 15:13:08 | INFO | Fetching: https://api.gbif.org/v1/species/4572856/children | params={}
2026-07-05 15:13:08 | INFO | Finished: https://api.gbif.org/v1/species/4572856/children | total=17
2026-07-05 15:13:08 | INFO | Randomly selected 17/17 children for taxon 4572856
2026-07-05 15:13:08 | INFO | Taxon key 4572856 has 17 children
2026-07-05 15:13:08 | INFO | Fetching: https://api.gbif.org/v1/species/4747764/children | params={}
2026-07-05 15:13:09 | INFO | Finished: https://api.gbif.org/v1/species/4747764/children | total=1
2026-07-05 15:13:09 | INFO | Fetching: https://api.gbif.org/v1/species/4747764/children | params={}
2026-07-05 15:13:09 | INFO | Finished: https://api.gbif.org/v1/species/4747764/children | total=1
2026-07-05 15:13:09 | INFO | Randomly selected 1/1 children for taxon 4747764
2026-07-05 15:13:09 | INFO | Taxon key 4747764 has 1 children
2026-07-05 15:13:09 | INFO | Fetching: https://api.gbif.org/v1/species/4760622/children | params={}
2026-07-05 15:13:09 | INFO | Finished: https://api.gbif.org/v1/species/4760622/children | total=13
2026-07-05 15:13:09 | INFO | Fetching: https://api.gbif.org/v1/species/4760622/children | params={}
2026-07-05 15:13:09 | INFO | Finished: https://api.gbif.org/v1/species/4760622/children | total=13
2026-07-05 15:13:09 | INFO | Randomly selected 13/13 children for taxon 4760622
2026-07-05 15:13:09 | INFO | Taxon key 4760622 has 13 children
2026-07-05 15:13:09 | INFO | Fetching: https://api.gbif.org/v1/species/4760662/children | params={}
2026-07-05 15:13:09 | INFO | Finished: https://api.gbif.org/v1/species/4760662/children | total=1
2026-07-05 15:13:09 | INFO | Fetching: https://api.gbif.org/v1/species/4760662/children | params={}
2026-07-05 15:13:10 | INFO | Finished: https://api.gbif.org/v1/species/4760662/children | total=1
2026-07-05 15:13:10 | INFO | Randomly selected 1/1 children for taxon 4760662
2026-07-05 15:13:10 | INFO | Taxon key 4760662 has 1 children
2026-07-05 15:13:10 | INFO | Fetching: https://api.gbif.org/v1/species/4760656/children | params={}
2026-07-05 15:13:10 | INFO | Finished: https://api.gbif.org/v1/species/4760656/children | total=108
2026-07-05 15:13:10 | INFO | Fetching: https://api.gbif.org/v1/species/4760656/children | params={}
2026-07-05 15:13:10 | INFO | Finished: https://api.gbif.org/v1/species/4760656/children | total=108
2026-07-05 15:13:10 | INFO | Randomly selected 108/108 children for taxon 4760656
2026-07-05 15:13:10 | INFO | Taxon key 4760656 has 108 children
2026-07-05 15:13:10 | INFO | Fetching: https://api.gbif.org/v1/species/10769408/children | params={}
2026-07-05 15:13:11 | INFO | Finished: https://api.gbif.org/v1/species/10769408/children | total=4
2026-07-05 15:13:11 | INFO | Fetching: https://api.gbif.org/v1/species/10769408/children | params={}
2026-07-05 15:13:11 | INFO | Finished: https://api.gbif.org/v1/species/10769408/children | total=4
2026-07-05 15:13:11 | INFO | Randomly selected 4/4 children for taxon 10769408
2026-07-05 15:13:11 | INFO | Taxon key 10769408 has 4 children
2026-07-05 15:13:11 | INFO | Fetching: https://api.gbif.org/v1/species/11566218/children | params={}
2026-07-05 15:13:11 | INFO | Finished: https://api.gbif.org/v1/species/11566218/children | total=1
2026-07-05 15:13:11 | INFO | Fetching: https://api.gbif.org/v1/species/11566218/children | params={}
2026-07-05 15:13:11 | INFO | Finished: https://api.gbif.org/v1/species/11566218/children | total=1
2026-07-05 15:13:11 | INFO | Randomly selected 1/1 children for taxon 11566218
2026-07-05 15:13:11 | INFO | Taxon key 11566218 has 1 children
2026-07-05 15:13:11 | INFO | Fetching: https://api.gbif.org/v1/species/9487136/children | params={}
2026-07-05 15:13:11 | INFO | Finished: https://api.gbif.org/v1/species/9487136/children | total=8
2026-07-05 15:13:11 | INFO | Fetching: https://api.gbif.org/v1/species/9487136/children | params={}
2026-07-05 15:13:12 | INFO | Finished: https://api.gbif.org/v1/species/9487136/children | total=8
2026-07-05 15:13:12 | INFO | Randomly selected 8/8 children for taxon 9487136
2026-07-05 15:13:12 | INFO | Taxon key 9487136 has 8 children
2026-07-05 15:13:12 | INFO | Fetching: https://api.gbif.org/v1/species/4435716/children | params={}
2026-07-05 15:13:12 | INFO | Finished: https://api.gbif.org/v1/species/4435716/children | total=1
2026-07-05 15:13:12 | INFO | Fetching: https://api.gbif.org/v1/species/4435716/children | params={}
2026-07-05 15:13:12 | INFO | Finished: https://api.gbif.org/v1/species/4435716/children | total=1
2026-07-05 15:13:12 | INFO | Randomly selected 1/1 children for taxon 4435716
2026-07-05 15:13:12 | INFO | Taxon key 4435716 has 1 children
2026-07-05 15:13:12 | INFO | Fetching: https://api.gbif.org/v1/species/4764633/children | params={}
2026-07-05 15:13:12 | INFO | Finished: https://api.gbif.org/v1/species/4764633/children | total=1
2026-07-05 15:13:12 | INFO | Fetching: https://api.gbif.org/v1/species/4764633/children | params={}
2026-07-05 15:13:12 | INFO | Finished: https://api.gbif.org/v1/species/4764633/children | total=1
2026-07-05 15:13:12 | INFO | Randomly selected 1/1 children for taxon 4764633
2026-07-05 15:13:12 | INFO | Taxon key 4764633 has 1 children
2026-07-05 15:13:12 | INFO | Fetching: https://api.gbif.org/v1/species/10335578/children | params={}
2026-07-05 15:13:12 | INFO | Finished: https://api.gbif.org/v1/species/10335578/children | total=2
2026-07-05 15:13:12 | INFO | Fetching: https://api.gbif.org/v1/species/10335578/children | params={}
2026-07-05 15:13:13 | INFO | Finished: https://api.gbif.org/v1/species/10335578/children | total=2
2026-07-05 15:13:13 | INFO | Randomly selected 2/2 children for taxon 10335578
2026-07-05 15:13:13 | INFO | Taxon key 10335578 has 2 children
2026-07-05 15:13:13 | INFO | Fetching: https://api.gbif.org/v1/species/10117511/children | params={}
2026-07-05 15:13:13 | INFO | Finished: https://api.gbif.org/v1/species/10117511/children | total=1
2026-07-05 15:13:13 | INFO | Fetching: https://api.gbif.org/v1/species/10117511/children | params={}
2026-07-05 15:13:13 | INFO | Finished: https://api.gbif.org/v1/species/10117511/children | total=1
2026-07-05 15:13:13 | INFO | Randomly selected 1/1 children for taxon 10117511
2026-07-05 15:13:13 | INFO | Taxon key 10117511 has 1 children
2026-07-05 15:13:13 | INFO | Fetching: https://api.gbif.org/v1/species/4577222/children | params={}
2026-07-05 15:13:13 | INFO | Finished: https://api.gbif.org/v1/species/4577222/children | total=1
2026-07-05 15:13:13 | INFO | Fetching: https://api.gbif.org/v1/species/4577222/children | params={}
2026-07-05 15:13:14 | INFO | Finished: https://api.gbif.org/v1/species/4577222/children | total=1
2026-07-05 15:13:14 | INFO | Randomly selected 1/1 children for taxon 4577222
2026-07-05 15:13:14 | INFO | Taxon key 4577222 has 1 children
2026-07-05 15:13:14 | INFO | Fetching: https://api.gbif.org/v1/species/4760613/children | params={}
2026-07-05 15:13:14 | INFO | Finished: https://api.gbif.org/v1/species/4760613/children | total=3
2026-07-05 15:13:14 | INFO | Fetching: https://api.gbif.org/v1/species/4760613/children | params={}
2026-07-05 15:13:14 | INFO | Finished: https://api.gbif.org/v1/species/4760613/children | total=3
2026-07-05 15:13:14 | INFO | Randomly selected 3/3 children for taxon 4760613
2026-07-05 15:13:14 | INFO | Taxon key 4760613 has 3 children
2026-07-05 15:13:14 | INFO | Fetching: https://api.gbif.org/v1/species/4760603/children | params={}
2026-07-05 15:13:14 | INFO | Finished: https://api.gbif.org/v1/species/4760603/children | total=1
2026-07-05 15:13:14 | INFO | Fetching: https://api.gbif.org/v1/species/4760603/children | params={}
2026-07-05 15:13:14 | INFO | Finished: https://api.gbif.org/v1/species/4760603/children | total=1
2026-07-05 15:13:14 | INFO | Randomly selected 1/1 children for taxon 4760603
2026-07-05 15:13:14 | INFO | Taxon key 4760603 has 1 children
2026-07-05 15:13:14 | INFO | Fetching: https://api.gbif.org/v1/species/4760593/children | params={}
2026-07-05 15:13:15 | INFO | Finished: https://api.gbif.org/v1/species/4760593/children | total=1
2026-07-05 15:13:15 | INFO | Fetching: https://api.gbif.org/v1/species/4760593/children | params={}
2026-07-05 15:13:15 | INFO | Finished: https://api.gbif.org/v1/species/4760593/children | total=1
2026-07-05 15:13:15 | INFO | Randomly selected 1/1 children for taxon 4760593
2026-07-05 15:13:15 | INFO | Taxon key 4760593 has 1 children
2026-07-05 15:13:15 | INFO | Fetching: https://api.gbif.org/v1/species/8900737/children | params={}
2026-07-05 15:13:15 | INFO | Finished: https://api.gbif.org/v1/species/8900737/children | total=2
2026-07-05 15:13:15 | INFO | Fetching: https://api.gbif.org/v1/species/8900737/children | params={}
2026-07-05 15:13:15 | INFO | Finished: https://api.gbif.org/v1/species/8900737/children | total=2
2026-07-05 15:13:15 | INFO | Randomly selected 2/2 children for taxon 8900737
2026-07-05 15:13:15 | INFO | Taxon key 8900737 has 2 children
2026-07-05 15:13:15 | INFO | Fetching: https://api.gbif.org/v1/species/4760602/children | params={}
2026-07-05 15:13:15 | INFO | Finished: https://api.gbif.org/v1/species/4760602/children | total=3
2026-07-05 15:13:15 | INFO | Fetching: https://api.gbif.org/v1/species/4760602/children | params={}
2026-07-05 15:13:16 | INFO | Finished: https://api.gbif.org/v1/species/4760602/children | total=3
2026-07-05 15:13:16 | INFO | Randomly selected 3/3 children for taxon 4760602
2026-07-05 15:13:16 | INFO | Taxon key 4760602 has 3 children
2026-07-05 15:13:16 | INFO | Fetching: https://api.gbif.org/v1/species/4435579/children | params={}
2026-07-05 15:13:16 | INFO | Finished: https://api.gbif.org/v1/species/4435579/children | total=5
2026-07-05 15:13:16 | INFO | Fetching: https://api.gbif.org/v1/species/4435579/children | params={}
2026-07-05 15:13:16 | INFO | Finished: https://api.gbif.org/v1/species/4435579/children | total=5
2026-07-05 15:13:16 | INFO | Randomly selected 5/5 children for taxon 4435579
2026-07-05 15:13:16 | INFO | Taxon key 4435579 has 5 children
2026-07-05 15:13:16 | INFO | Fetching: https://api.gbif.org/v1/species/4435580/children | params={}
2026-07-05 15:13:16 | INFO | Finished: https://api.gbif.org/v1/species/4435580/children | total=1
2026-07-05 15:13:16 | INFO | Fetching: https://api.gbif.org/v1/species/4435580/children | params={}
2026-07-05 15:13:16 | INFO | Finished: https://api.gbif.org/v1/species/4435580/children | total=1
2026-07-05 15:13:16 | INFO | Randomly selected 1/1 children for taxon 4435580
2026-07-05 15:13:16 | INFO | Taxon key 4435580 has 1 children
2026-07-05 15:13:16 | INFO | Fetching: https://api.gbif.org/v1/species/4760520/children | params={}
2026-07-05 15:13:17 | INFO | Finished: https://api.gbif.org/v1/species/4760520/children | total=3
2026-07-05 15:13:17 | INFO | Fetching: https://api.gbif.org/v1/species/4760520/children | params={}
2026-07-05 15:13:17 | INFO | Finished: https://api.gbif.org/v1/species/4760520/children | total=3
2026-07-05 15:13:17 | INFO | Randomly selected 3/3 children for taxon 4760520
2026-07-05 15:13:17 | INFO | Taxon key 4760520 has 3 children
2026-07-05 15:13:17 | INFO | Fetching: https://api.gbif.org/v1/species/10433604/children | params={}
2026-07-05 15:13:17 | INFO | Finished: https://api.gbif.org/v1/species/10433604/children | total=2
2026-07-05 15:13:17 | INFO | Fetching: https://api.gbif.org/v1/species/10433604/children | params={}
2026-07-05 15:13:17 | INFO | Finished: https://api.gbif.org/v1/species/10433604/children | total=2
2026-07-05 15:13:17 | INFO | Randomly selected 2/2 children for taxon 10433604
2026-07-05 15:13:17 | INFO | Taxon key 10433604 has 2 children
2026-07-05 15:13:17 | INFO | Fetching: https://api.gbif.org/v1/species/7592428/children | params={}
2026-07-05 15:13:17 | INFO | Finished: https://api.gbif.org/v1/species/7592428/children | total=19
2026-07-05 15:13:17 | INFO | Fetching: https://api.gbif.org/v1/species/7592428/children | params={}
2026-07-05 15:13:18 | INFO | Finished: https://api.gbif.org/v1/species/7592428/children | total=19
2026-07-05 15:13:18 | INFO | Randomly selected 19/19 children for taxon 7592428
2026-07-05 15:13:18 | INFO | Taxon key 7592428 has 19 children
2026-07-05 15:13:18 | INFO | Fetching: https://api.gbif.org/v1/species/1039035/children | params={}
2026-07-05 15:13:18 | INFO | Finished: https://api.gbif.org/v1/species/1039035/children | total=275
2026-07-05 15:13:18 | INFO | Fetching: https://api.gbif.org/v1/species/1039035/children | params={}
2026-07-05 15:13:19 | INFO | Finished: https://api.gbif.org/v1/species/1039035/children | total=275
2026-07-05 15:13:19 | INFO | Randomly selected 200/200 children for taxon 1039035
2026-07-05 15:13:19 | INFO | Taxon key 1039035 has 200 children
2026-07-05 15:13:19 | INFO | Fetching: https://api.gbif.org/v1/species/4435736/children | params={}
2026-07-05 15:13:19 | INFO | Finished: https://api.gbif.org/v1/species/4435736/children | total=2
2026-07-05 15:13:19 | INFO | Fetching: https://api.gbif.org/v1/species/4435736/children | params={}
2026-07-05 15:13:19 | INFO | Finished: https://api.gbif.org/v1/species/4435736/children | total=2
2026-07-05 15:13:19 | INFO | Randomly selected 2/2 children for taxon 4435736
2026-07-05 15:13:19 | INFO | Taxon key 4435736 has 2 children
2026-07-05 15:13:19 | INFO | Fetching: https://api.gbif.org/v1/species/4435859/children | params={}
2026-07-05 15:13:19 | INFO | Finished: https://api.gbif.org/v1/species/4435859/children | total=3
2026-07-05 15:13:19 | INFO | Fetching: https://api.gbif.org/v1/species/4435859/children | params={}
2026-07-05 15:13:19 | INFO | Finished: https://api.gbif.org/v1/species/4435859/children | total=3
2026-07-05 15:13:19 | INFO | Randomly selected 3/3 children for taxon 4435859
2026-07-05 15:13:19 | INFO | Taxon key 4435859 has 3 children
2026-07-05 15:13:19 | INFO | Fetching: https://api.gbif.org/v1/species/4435781/children | params={}
2026-07-05 15:13:20 | INFO | Finished: https://api.gbif.org/v1/species/4435781/children | total=1
2026-07-05 15:13:20 | INFO | Fetching: https://api.gbif.org/v1/species/4435781/children | params={}
2026-07-05 15:13:20 | INFO | Finished: https://api.gbif.org/v1/species/4435781/children | total=1
2026-07-05 15:13:20 | INFO | Randomly selected 1/1 children for taxon 4435781
2026-07-05 15:13:20 | INFO | Taxon key 4435781 has 1 children
2026-07-05 15:13:20 | INFO | Fetching: https://api.gbif.org/v1/species/4435795/children | params={}
2026-07-05 15:13:20 | INFO | Finished: https://api.gbif.org/v1/species/4435795/children | total=1
2026-07-05 15:13:20 | INFO | Fetching: https://api.gbif.org/v1/species/4435795/children | params={}
2026-07-05 15:13:20 | INFO | Finished: https://api.gbif.org/v1/species/4435795/children | total=1
2026-07-05 15:13:20 | INFO | Randomly selected 1/1 children for taxon 4435795
2026-07-05 15:13:20 | INFO | Taxon key 4435795 has 1 children
2026-07-05 15:13:20 | INFO | Fetching: https://api.gbif.org/v1/species/4435725/children | params={}
2026-07-05 15:13:20 | INFO | Finished: https://api.gbif.org/v1/species/4435725/children | total=2
2026-07-05 15:13:20 | INFO | Fetching: https://api.gbif.org/v1/species/4435725/children | params={}
2026-07-05 15:13:21 | INFO | Finished: https://api.gbif.org/v1/species/4435725/children | total=2
2026-07-05 15:13:21 | INFO | Randomly selected 2/2 children for taxon 4435725
2026-07-05 15:13:21 | INFO | Taxon key 4435725 has 2 children
2026-07-05 15:13:21 | INFO | Fetching: https://api.gbif.org/v1/species/4741338/children | params={}
2026-07-05 15:13:21 | INFO | Finished: https://api.gbif.org/v1/species/4741338/children | total=1
2026-07-05 15:13:21 | INFO | Fetching: https://api.gbif.org/v1/species/4741338/children | params={}
2026-07-05 15:13:21 | INFO | Finished: https://api.gbif.org/v1/species/4741338/children | total=1
2026-07-05 15:13:21 | INFO | Randomly selected 1/1 children for taxon 4741338
2026-07-05 15:13:21 | INFO | Taxon key 4741338 has 1 children
2026-07-05 15:13:21 | INFO | Fetching: https://api.gbif.org/v1/species/9008587/children | params={}
2026-07-05 15:13:21 | INFO | Finished: https://api.gbif.org/v1/species/9008587/children | total=8
2026-07-05 15:13:21 | INFO | Fetching: https://api.gbif.org/v1/species/9008587/children | params={}
2026-07-05 15:13:21 | INFO | Finished: https://api.gbif.org/v1/species/9008587/children | total=8
2026-07-05 15:13:21 | INFO | Randomly selected 8/8 children for taxon 9008587
2026-07-05 15:13:21 | INFO | Taxon key 9008587 has 8 children
2026-07-05 15:13:21 | INFO | Fetching: https://api.gbif.org/v1/species/4760688/children | params={}
2026-07-05 15:13:22 | INFO | Finished: https://api.gbif.org/v1/species/4760688/children | total=2
2026-07-05 15:13:22 | INFO | Fetching: https://api.gbif.org/v1/species/4760688/children | params={}
2026-07-05 15:13:22 | INFO | Finished: https://api.gbif.org/v1/species/4760688/children | total=2
2026-07-05 15:13:22 | INFO | Randomly selected 2/2 children for taxon 4760688
2026-07-05 15:13:22 | INFO | Taxon key 4760688 has 2 children
2026-07-05 15:13:22 | INFO | Fetching: https://api.gbif.org/v1/species/4769137/children | params={}
2026-07-05 15:13:22 | INFO | Finished: https://api.gbif.org/v1/species/4769137/children | total=3
2026-07-05 15:13:22 | INFO | Fetching: https://api.gbif.org/v1/species/4769137/children | params={}
2026-07-05 15:13:22 | INFO | Finished: https://api.gbif.org/v1/species/4769137/children | total=3
2026-07-05 15:13:22 | INFO | Randomly selected 3/3 children for taxon 4769137
2026-07-05 15:13:22 | INFO | Taxon key 4769137 has 3 children
2026-07-05 15:13:22 | INFO | Fetching: https://api.gbif.org/v1/species/11499125/children | params={}
2026-07-05 15:13:22 | INFO | Finished: https://api.gbif.org/v1/species/11499125/children | total=1
2026-07-05 15:13:22 | INFO | Fetching: https://api.gbif.org/v1/species/11499125/children | params={}
2026-07-05 15:13:22 | INFO | Finished: https://api.gbif.org/v1/species/11499125/children | total=1
2026-07-05 15:13:22 | INFO | Randomly selected 1/1 children for taxon 11499125
2026-07-05 15:13:22 | INFO | Taxon key 11499125 has 1 children
2026-07-05 15:13:22 | INFO | Fetching: https://api.gbif.org/v1/species/4760651/children | params={}
2026-07-05 15:13:23 | INFO | Finished: https://api.gbif.org/v1/species/4760651/children | total=5
2026-07-05 15:13:23 | INFO | Fetching: https://api.gbif.org/v1/species/4760651/children | params={}
2026-07-05 15:13:23 | INFO | Finished: https://api.gbif.org/v1/species/4760651/children | total=5
2026-07-05 15:13:23 | INFO | Randomly selected 5/5 children for taxon 4760651
2026-07-05 15:13:23 | INFO | Taxon key 4760651 has 5 children
2026-07-05 15:13:23 | INFO | Fetching: https://api.gbif.org/v1/species/4435702/children | params={}
2026-07-05 15:13:23 | INFO | Finished: https://api.gbif.org/v1/species/4435702/children | total=1
2026-07-05 15:13:23 | INFO | Fetching: https://api.gbif.org/v1/species/4435702/children | params={}
2026-07-05 15:13:23 | INFO | Finished: https://api.gbif.org/v1/species/4435702/children | total=1
2026-07-05 15:13:23 | INFO | Randomly selected 1/1 children for taxon 4435702
2026-07-05 15:13:23 | INFO | Taxon key 4435702 has 1 children
2026-07-05 15:13:23 | INFO | Fetching: https://api.gbif.org/v1/species/4435703/children | params={}
2026-07-05 15:13:23 | INFO | Finished: https://api.gbif.org/v1/species/4435703/children | total=1
2026-07-05 15:13:23 | INFO | Fetching: https://api.gbif.org/v1/species/4435703/children | params={}
2026-07-05 15:13:24 | INFO | Finished: https://api.gbif.org/v1/species/4435703/children | total=1
2026-07-05 15:13:24 | INFO | Randomly selected 1/1 children for taxon 4435703
2026-07-05 15:13:24 | INFO | Taxon key 4435703 has 1 children
2026-07-05 15:13:24 | INFO | Fetching: https://api.gbif.org/v1/species/4760605/children | params={}
2026-07-05 15:13:24 | INFO | Finished: https://api.gbif.org/v1/species/4760605/children | total=1
2026-07-05 15:13:24 | INFO | Fetching: https://api.gbif.org/v1/species/4760605/children | params={}
2026-07-05 15:13:24 | INFO | Finished: https://api.gbif.org/v1/species/4760605/children | total=1
2026-07-05 15:13:24 | INFO | Randomly selected 1/1 children for taxon 4760605
2026-07-05 15:13:24 | INFO | Taxon key 4760605 has 1 children
2026-07-05 15:13:24 | INFO | Fetching: https://api.gbif.org/v1/species/4760463/children | params={}
2026-07-05 15:13:24 | INFO | Finished: https://api.gbif.org/v1/species/4760463/children | total=1
2026-07-05 15:13:24 | INFO | Fetching: https://api.gbif.org/v1/species/4760463/children | params={}
2026-07-05 15:13:24 | INFO | Finished: https://api.gbif.org/v1/species/4760463/children | total=1
2026-07-05 15:13:24 | INFO | Randomly selected 1/1 children for taxon 4760463
2026-07-05 15:13:24 | INFO | Taxon key 4760463 has 1 children
2026-07-05 15:13:24 | INFO | Fetching: https://api.gbif.org/v1/species/1039038/children | params={}
2026-07-05 15:13:24 | INFO | Finished: https://api.gbif.org/v1/species/1039038/children | total=1
2026-07-05 15:13:24 | INFO | Fetching: https://api.gbif.org/v1/species/1039038/children | params={}
2026-07-05 15:13:25 | INFO | Finished: https://api.gbif.org/v1/species/1039038/children | total=1
2026-07-05 15:13:25 | INFO | Randomly selected 1/1 children for taxon 1039038
2026-07-05 15:13:25 | INFO | Taxon key 1039038 has 1 children
2026-07-05 15:13:25 | INFO | Fetching: https://api.gbif.org/v1/species/4746431/children | params={}
2026-07-05 15:13:25 | INFO | Finished: https://api.gbif.org/v1/species/4746431/children | total=14
2026-07-05 15:13:25 | INFO | Fetching: https://api.gbif.org/v1/species/4746431/children | params={}
2026-07-05 15:13:25 | INFO | Finished: https://api.gbif.org/v1/species/4746431/children | total=14
2026-07-05 15:13:25 | INFO | Randomly selected 14/14 children for taxon 4746431
2026-07-05 15:13:25 | INFO | Taxon key 4746431 has 14 children
2026-07-05 15:13:25 | INFO | Fetching: https://api.gbif.org/v1/species/4717434/children | params={}
2026-07-05 15:13:25 | INFO | Finished: https://api.gbif.org/v1/species/4717434/children | total=1
2026-07-05 15:13:25 | INFO | Fetching: https://api.gbif.org/v1/species/4717434/children | params={}
2026-07-05 15:13:26 | INFO | Finished: https://api.gbif.org/v1/species/4717434/children | total=1
2026-07-05 15:13:26 | INFO | Randomly selected 1/1 children for taxon 4717434
2026-07-05 15:13:26 | INFO | Taxon key 4717434 has 1 children
2026-07-05 15:13:26 | INFO | Fetching: https://api.gbif.org/v1/species/4407997/children | params={}
2026-07-05 15:13:26 | INFO | Finished: https://api.gbif.org/v1/species/4407997/children | total=13
2026-07-05 15:13:26 | INFO | Fetching: https://api.gbif.org/v1/species/4407997/children | params={}
2026-07-05 15:13:26 | INFO | Finished: https://api.gbif.org/v1/species/4407997/children | total=13
2026-07-05 15:13:26 | INFO | Randomly selected 13/13 children for taxon 4407997
2026-07-05 15:13:26 | INFO | Taxon key 4407997 has 13 children
2026-07-05 15:13:26 | INFO | Fetching: https://api.gbif.org/v1/species/4435584/children | params={}
2026-07-05 15:13:26 | INFO | Finished: https://api.gbif.org/v1/species/4435584/children | total=3
2026-07-05 15:13:26 | INFO | Fetching: https://api.gbif.org/v1/species/4435584/children | params={}
2026-07-05 15:13:26 | INFO | Finished: https://api.gbif.org/v1/species/4435584/children | total=3
2026-07-05 15:13:26 | INFO | Randomly selected 3/3 children for taxon 4435584
2026-07-05 15:13:26 | INFO | Taxon key 4435584 has 3 children
2026-07-05 15:13:26 | INFO | Fetching: https://api.gbif.org/v1/species/4761512/children | params={}
2026-07-05 15:13:26 | INFO | Finished: https://api.gbif.org/v1/species/4761512/children | total=1
2026-07-05 15:13:26 | INFO | Fetching: https://api.gbif.org/v1/species/4761512/children | params={}
2026-07-05 15:13:27 | INFO | Finished: https://api.gbif.org/v1/species/4761512/children | total=1
2026-07-05 15:13:27 | INFO | Randomly selected 1/1 children for taxon 4761512
2026-07-05 15:13:27 | INFO | Taxon key 4761512 has 1 children
2026-07-05 15:13:27 | INFO | Fetching: https://api.gbif.org/v1/species/4760690/children | params={}
2026-07-05 15:13:27 | INFO | Finished: https://api.gbif.org/v1/species/4760690/children | total=1
2026-07-05 15:13:27 | INFO | Fetching: https://api.gbif.org/v1/species/4760690/children | params={}
2026-07-05 15:13:27 | INFO | Finished: https://api.gbif.org/v1/species/4760690/children | total=1
2026-07-05 15:13:27 | INFO | Randomly selected 1/1 children for taxon 4760690
2026-07-05 15:13:27 | INFO | Taxon key 4760690 has 1 children
2026-07-05 15:13:27 | INFO | Fetching: https://api.gbif.org/v1/species/10600049/children | params={}
2026-07-05 15:13:27 | INFO | Finished: https://api.gbif.org/v1/species/10600049/children | total=1
2026-07-05 15:13:27 | INFO | Fetching: https://api.gbif.org/v1/species/10600049/children | params={}
2026-07-05 15:13:27 | INFO | Finished: https://api.gbif.org/v1/species/10600049/children | total=1
2026-07-05 15:13:27 | INFO | Randomly selected 1/1 children for taxon 10600049
2026-07-05 15:13:27 | INFO | Taxon key 10600049 has 1 children
2026-07-05 15:13:27 | INFO | Fetching: https://api.gbif.org/v1/species/8950723/children | params={}
2026-07-05 15:13:28 | INFO | Finished: https://api.gbif.org/v1/species/8950723/children | total=1
2026-07-05 15:13:28 | INFO | Fetching: https://api.gbif.org/v1/species/8950723/children | params={}
2026-07-05 15:13:28 | INFO | Finished: https://api.gbif.org/v1/species/8950723/children | total=1
2026-07-05 15:13:28 | INFO | Randomly selected 1/1 children for taxon 8950723
2026-07-05 15:13:28 | INFO | Taxon key 8950723 has 1 children
2026-07-05 15:13:28 | INFO | Fetching: https://api.gbif.org/v1/species/4761745/children | params={}
2026-07-05 15:13:28 | INFO | Finished: https://api.gbif.org/v1/species/4761745/children | total=1
2026-07-05 15:13:28 | INFO | Fetching: https://api.gbif.org/v1/species/4761745/children | params={}
2026-07-05 15:13:28 | INFO | Finished: https://api.gbif.org/v1/species/4761745/children | total=1
2026-07-05 15:13:28 | INFO | Randomly selected 1/1 children for taxon 4761745
2026-07-05 15:13:28 | INFO | Taxon key 4761745 has 1 children
2026-07-05 15:13:28 | INFO | Fetching: https://api.gbif.org/v1/species/4765829/children | params={}
2026-07-05 15:13:28 | INFO | Finished: https://api.gbif.org/v1/species/4765829/children | total=1
2026-07-05 15:13:28 | INFO | Fetching: https://api.gbif.org/v1/species/4765829/children | params={}
2026-07-05 15:13:29 | INFO | Finished: https://api.gbif.org/v1/species/4765829/children | total=1
2026-07-05 15:13:29 | INFO | Randomly selected 1/1 children for taxon 4765829
2026-07-05 15:13:29 | INFO | Taxon key 4765829 has 1 children
2026-07-05 15:13:29 | INFO | Fetching: https://api.gbif.org/v1/species/4765679/children | params={}
2026-07-05 15:13:29 | INFO | Finished: https://api.gbif.org/v1/species/4765679/children | total=1
2026-07-05 15:13:29 | INFO | Fetching: https://api.gbif.org/v1/species/4765679/children | params={}
2026-07-05 15:13:29 | INFO | Finished: https://api.gbif.org/v1/species/4765679/children | total=1
2026-07-05 15:13:29 | INFO | Randomly selected 1/1 children for taxon 4765679
2026-07-05 15:13:29 | INFO | Taxon key 4765679 has 1 children
2026-07-05 15:13:29 | INFO | Fetching: https://api.gbif.org/v1/species/1039029/children | params={}
2026-07-05 15:13:29 | INFO | Finished: https://api.gbif.org/v1/species/1039029/children | total=79
2026-07-05 15:13:29 | INFO | Fetching: https://api.gbif.org/v1/species/1039029/children | params={}
2026-07-05 15:13:30 | INFO | Finished: https://api.gbif.org/v1/species/1039029/children | total=79
2026-07-05 15:13:30 | INFO | Randomly selected 79/79 children for taxon 1039029
2026-07-05 15:13:30 | INFO | Taxon key 1039029 has 79 children
2026-07-05 15:13:30 | INFO | Fetching: https://api.gbif.org/v1/species/4435453/children | params={}
2026-07-05 15:13:30 | INFO | Finished: https://api.gbif.org/v1/species/4435453/children | total=2
2026-07-05 15:13:30 | INFO | Fetching: https://api.gbif.org/v1/species/4435453/children | params={}
2026-07-05 15:13:30 | INFO | Finished: https://api.gbif.org/v1/species/4435453/children | total=2
2026-07-05 15:13:30 | INFO | Randomly selected 2/2 children for taxon 4435453
2026-07-05 15:13:30 | INFO | Taxon key 4435453 has 2 children
2026-07-05 15:13:30 | INFO | Fetching: https://api.gbif.org/v1/species/4763709/children | params={}
2026-07-05 15:13:30 | INFO | Finished: https://api.gbif.org/v1/species/4763709/children | total=1
2026-07-05 15:13:30 | INFO | Fetching: https://api.gbif.org/v1/species/4763709/children | params={}
2026-07-05 15:13:30 | INFO | Finished: https://api.gbif.org/v1/species/4763709/children | total=1
2026-07-05 15:13:30 | INFO | Randomly selected 1/1 children for taxon 4763709
2026-07-05 15:13:30 | INFO | Taxon key 4763709 has 1 children
2026-07-05 15:13:30 | INFO | Fetching: https://api.gbif.org/v1/species/7838/children | params={}
2026-07-05 15:13:31 | INFO | Finished: https://api.gbif.org/v1/species/7838/children | total=666
2026-07-05 15:13:31 | INFO | Fetching: https://api.gbif.org/v1/species/7838/children | params={}
2026-07-05 15:13:32 | INFO | Finished: https://api.gbif.org/v1/species/7838/children | total=666
2026-07-05 15:13:32 | INFO | Randomly selected 200/200 children for taxon 7838
2026-07-05 15:13:32 | INFO | Taxon key 7838 has 200 children
2026-07-05 15:13:32 | INFO | Fetching: https://api.gbif.org/v1/species/4721612/children | params={}
2026-07-05 15:13:32 | INFO | Finished: https://api.gbif.org/v1/species/4721612/children | total=6
2026-07-05 15:13:32 | INFO | Fetching: https://api.gbif.org/v1/species/4721612/children | params={}
2026-07-05 15:13:32 | INFO | Finished: https://api.gbif.org/v1/species/4721612/children | total=6
2026-07-05 15:13:32 | INFO | Randomly selected 6/6 children for taxon 4721612
2026-07-05 15:13:32 | INFO | Taxon key 4721612 has 6 children
2026-07-05 15:13:32 | INFO | Fetching: https://api.gbif.org/v1/species/4716138/children | params={}
2026-07-05 15:13:32 | INFO | Finished: https://api.gbif.org/v1/species/4716138/children | total=2
2026-07-05 15:13:32 | INFO | Fetching: https://api.gbif.org/v1/species/4716138/children | params={}
2026-07-05 15:13:33 | INFO | Finished: https://api.gbif.org/v1/species/4716138/children | total=2
2026-07-05 15:13:33 | INFO | Randomly selected 2/2 children for taxon 4716138
2026-07-05 15:13:33 | INFO | Taxon key 4716138 has 2 children
2026-07-05 15:13:33 | INFO | Fetching: https://api.gbif.org/v1/species/4713721/children | params={}
2026-07-05 15:13:33 | INFO | Finished: https://api.gbif.org/v1/species/4713721/children | total=26
2026-07-05 15:13:33 | INFO | Fetching: https://api.gbif.org/v1/species/4713721/children | params={}
2026-07-05 15:13:33 | INFO | Finished: https://api.gbif.org/v1/species/4713721/children | total=26
2026-07-05 15:13:33 | INFO | Randomly selected 26/26 children for taxon 4713721
2026-07-05 15:13:33 | INFO | Taxon key 4713721 has 26 children
2026-07-05 15:13:33 | INFO | Fetching: https://api.gbif.org/v1/species/4717765/children | params={}
2026-07-05 15:13:33 | INFO | Finished: https://api.gbif.org/v1/species/4717765/children | total=7
2026-07-05 15:13:33 | INFO | Fetching: https://api.gbif.org/v1/species/4717765/children | params={}
2026-07-05 15:13:33 | INFO | Finished: https://api.gbif.org/v1/species/4717765/children | total=7
2026-07-05 15:13:33 | INFO | Randomly selected 7/7 children for taxon 4717765
2026-07-05 15:13:33 | INFO | Taxon key 4717765 has 7 children
2026-07-05 15:13:33 | INFO | Fetching: https://api.gbif.org/v1/species/3263208/children | params={}
2026-07-05 15:13:34 | INFO | Finished: https://api.gbif.org/v1/species/3263208/children | total=23
2026-07-05 15:13:34 | INFO | Fetching: https://api.gbif.org/v1/species/3263208/children | params={}
2026-07-05 15:13:34 | INFO | Finished: https://api.gbif.org/v1/species/3263208/children | total=23
2026-07-05 15:13:34 | INFO | Randomly selected 23/23 children for taxon 3263208
2026-07-05 15:13:34 | INFO | Taxon key 3263208 has 23 children
2026-07-05 15:13:34 | INFO | Fetching: https://api.gbif.org/v1/species/11828936/children | params={}
2026-07-05 15:13:34 | INFO | Finished: https://api.gbif.org/v1/species/11828936/children | total=1
2026-07-05 15:13:34 | INFO | Fetching: https://api.gbif.org/v1/species/11828936/children | params={}
2026-07-05 15:13:34 | INFO | Finished: https://api.gbif.org/v1/species/11828936/children | total=1
2026-07-05 15:13:34 | INFO | Randomly selected 1/1 children for taxon 11828936
2026-07-05 15:13:34 | INFO | Taxon key 11828936 has 1 children
2026-07-05 15:13:34 | INFO | Fetching: https://api.gbif.org/v1/species/4308824/children | params={}
2026-07-05 15:13:35 | INFO | Finished: https://api.gbif.org/v1/species/4308824/children | total=51
2026-07-05 15:13:35 | INFO | Fetching: https://api.gbif.org/v1/species/4308824/children | params={}
2026-07-05 15:13:35 | INFO | Finished: https://api.gbif.org/v1/species/4308824/children | total=51
2026-07-05 15:13:35 | INFO | Randomly selected 51/51 children for taxon 4308824
2026-07-05 15:13:35 | INFO | Taxon key 4308824 has 51 children
2026-07-05 15:13:35 | INFO | Fetching: https://api.gbif.org/v1/species/4449366/children | params={}
2026-07-05 15:13:35 | INFO | Finished: https://api.gbif.org/v1/species/4449366/children | total=1
2026-07-05 15:13:35 | INFO | Fetching: https://api.gbif.org/v1/species/4449366/children | params={}
2026-07-05 15:13:35 | INFO | Finished: https://api.gbif.org/v1/species/4449366/children | total=1
2026-07-05 15:13:35 | INFO | Randomly selected 1/1 children for taxon 4449366
2026-07-05 15:13:35 | INFO | Taxon key 4449366 has 1 children
2026-07-05 15:13:35 | INFO | Fetching: https://api.gbif.org/v1/species/4449380/children | params={}
2026-07-05 15:13:36 | INFO | Finished: https://api.gbif.org/v1/species/4449380/children | total=1
2026-07-05 15:13:36 | INFO | Fetching: https://api.gbif.org/v1/species/4449380/children | params={}
2026-07-05 15:13:36 | INFO | Finished: https://api.gbif.org/v1/species/4449380/children | total=1
2026-07-05 15:13:36 | INFO | Randomly selected 1/1 children for taxon 4449380
2026-07-05 15:13:36 | INFO | Taxon key 4449380 has 1 children
2026-07-05 15:13:36 | INFO | Fetching: https://api.gbif.org/v1/species/12237549/children | params={}
2026-07-05 15:13:36 | INFO | Finished: https://api.gbif.org/v1/species/12237549/children | total=1
2026-07-05 15:13:36 | INFO | Fetching: https://api.gbif.org/v1/species/12237549/children | params={}
2026-07-05 15:13:36 | INFO | Finished: https://api.gbif.org/v1/species/12237549/children | total=1
2026-07-05 15:13:36 | INFO | Randomly selected 1/1 children for taxon 12237549
2026-07-05 15:13:36 | INFO | Taxon key 12237549 has 1 children
2026-07-05 15:13:36 | INFO | Fetching: https://api.gbif.org/v1/species/8403484/children | params={}
2026-07-05 15:13:36 | INFO | Finished: https://api.gbif.org/v1/species/8403484/children | total=2
2026-07-05 15:13:36 | INFO | Fetching: https://api.gbif.org/v1/species/8403484/children | params={}
2026-07-05 15:13:37 | INFO | Finished: https://api.gbif.org/v1/species/8403484/children | total=2
2026-07-05 15:13:37 | INFO | Randomly selected 2/2 children for taxon 8403484
2026-07-05 15:13:37 | INFO | Taxon key 8403484 has 2 children
2026-07-05 15:13:37 | INFO | Fetching: https://api.gbif.org/v1/species/4449375/children | params={}
2026-07-05 15:13:37 | INFO | Finished: https://api.gbif.org/v1/species/4449375/children | total=1
2026-07-05 15:13:37 | INFO | Fetching: https://api.gbif.org/v1/species/4449375/children | params={}
2026-07-05 15:13:37 | INFO | Finished: https://api.gbif.org/v1/species/4449375/children | total=1
2026-07-05 15:13:37 | INFO | Randomly selected 1/1 children for taxon 4449375
2026-07-05 15:13:37 | INFO | Taxon key 4449375 has 1 children
2026-07-05 15:13:37 | INFO | Fetching: https://api.gbif.org/v1/species/4449367/children | params={}
2026-07-05 15:13:37 | INFO | Finished: https://api.gbif.org/v1/species/4449367/children | total=1
2026-07-05 15:13:37 | INFO | Fetching: https://api.gbif.org/v1/species/4449367/children | params={}
2026-07-05 15:13:37 | INFO | Finished: https://api.gbif.org/v1/species/4449367/children | total=1
2026-07-05 15:13:37 | INFO | Randomly selected 1/1 children for taxon 4449367
2026-07-05 15:13:37 | INFO | Taxon key 4449367 has 1 children
2026-07-05 15:13:37 | INFO | Fetching: https://api.gbif.org/v1/species/4407401/children | params={}
2026-07-05 15:13:38 | INFO | Finished: https://api.gbif.org/v1/species/4407401/children | total=1
2026-07-05 15:13:38 | INFO | Fetching: https://api.gbif.org/v1/species/4407401/children | params={}
2026-07-05 15:13:38 | INFO | Finished: https://api.gbif.org/v1/species/4407401/children | total=1
2026-07-05 15:13:38 | INFO | Randomly selected 1/1 children for taxon 4407401
2026-07-05 15:13:38 | INFO | Taxon key 4407401 has 1 children
2026-07-05 15:13:38 | INFO | Fetching: https://api.gbif.org/v1/species/3263135/children | params={}
2026-07-05 15:13:38 | INFO | Finished: https://api.gbif.org/v1/species/3263135/children | total=5
2026-07-05 15:13:38 | INFO | Fetching: https://api.gbif.org/v1/species/3263135/children | params={}
2026-07-05 15:13:38 | INFO | Finished: https://api.gbif.org/v1/species/3263135/children | total=5
2026-07-05 15:13:38 | INFO | Randomly selected 5/5 children for taxon 3263135
2026-07-05 15:13:38 | INFO | Taxon key 3263135 has 5 children
2026-07-05 15:13:38 | INFO | Fetching: https://api.gbif.org/v1/species/5716418/children | params={}
2026-07-05 15:13:38 | INFO | Finished: https://api.gbif.org/v1/species/5716418/children | total=1
2026-07-05 15:13:38 | INFO | Fetching: https://api.gbif.org/v1/species/5716418/children | params={}
2026-07-05 15:13:38 | INFO | Finished: https://api.gbif.org/v1/species/5716418/children | total=1
2026-07-05 15:13:38 | INFO | Randomly selected 1/1 children for taxon 5716418
2026-07-05 15:13:38 | INFO | Taxon key 5716418 has 1 children
2026-07-05 15:13:38 | INFO | Fetching: https://api.gbif.org/v1/species/4717343/children | params={}
2026-07-05 15:13:39 | INFO | Finished: https://api.gbif.org/v1/species/4717343/children | total=1
2026-07-05 15:13:39 | INFO | Fetching: https://api.gbif.org/v1/species/4717343/children | params={}
2026-07-05 15:13:39 | INFO | Finished: https://api.gbif.org/v1/species/4717343/children | total=1
2026-07-05 15:13:39 | INFO | Randomly selected 1/1 children for taxon 4717343
2026-07-05 15:13:39 | INFO | Taxon key 4717343 has 1 children
2026-07-05 15:13:39 | INFO | Fetching: https://api.gbif.org/v1/species/4713771/children | params={}
2026-07-05 15:13:39 | INFO | Finished: https://api.gbif.org/v1/species/4713771/children | total=5
2026-07-05 15:13:39 | INFO | Fetching: https://api.gbif.org/v1/species/4713771/children | params={}
2026-07-05 15:13:39 | INFO | Finished: https://api.gbif.org/v1/species/4713771/children | total=5
2026-07-05 15:13:39 | INFO | Randomly selected 5/5 children for taxon 4713771
2026-07-05 15:13:39 | INFO | Taxon key 4713771 has 5 children
2026-07-05 15:13:39 | INFO | Fetching: https://api.gbif.org/v1/species/4713757/children | params={}
2026-07-05 15:13:40 | INFO | Finished: https://api.gbif.org/v1/species/4713757/children | total=4
2026-07-05 15:13:40 | INFO | Fetching: https://api.gbif.org/v1/species/4713757/children | params={}
2026-07-05 15:13:40 | INFO | Finished: https://api.gbif.org/v1/species/4713757/children | total=4
2026-07-05 15:13:40 | INFO | Randomly selected 4/4 children for taxon 4713757
2026-07-05 15:13:40 | INFO | Taxon key 4713757 has 4 children
2026-07-05 15:13:40 | INFO | Fetching: https://api.gbif.org/v1/species/4713784/children | params={}
2026-07-05 15:13:40 | INFO | Finished: https://api.gbif.org/v1/species/4713784/children | total=6
2026-07-05 15:13:40 | INFO | Fetching: https://api.gbif.org/v1/species/4713784/children | params={}
2026-07-05 15:13:40 | INFO | Finished: https://api.gbif.org/v1/species/4713784/children | total=6
2026-07-05 15:13:40 | INFO | Randomly selected 6/6 children for taxon 4713784
2026-07-05 15:13:40 | INFO | Taxon key 4713784 has 6 children
2026-07-05 15:13:40 | INFO | Fetching: https://api.gbif.org/v1/species/7003780/children | params={}
2026-07-05 15:13:40 | INFO | Finished: https://api.gbif.org/v1/species/7003780/children | total=1
2026-07-05 15:13:40 | INFO | Fetching: https://api.gbif.org/v1/species/7003780/children | params={}
2026-07-05 15:13:41 | INFO | Finished: https://api.gbif.org/v1/species/7003780/children | total=1
2026-07-05 15:13:41 | INFO | Randomly selected 1/1 children for taxon 7003780
2026-07-05 15:13:41 | INFO | Taxon key 7003780 has 1 children
2026-07-05 15:13:41 | INFO | Fetching: https://api.gbif.org/v1/species/9491242/children | params={}
2026-07-05 15:13:41 | INFO | Finished: https://api.gbif.org/v1/species/9491242/children | total=1
2026-07-05 15:13:41 | INFO | Fetching: https://api.gbif.org/v1/species/9491242/children | params={}
2026-07-05 15:13:41 | INFO | Finished: https://api.gbif.org/v1/species/9491242/children | total=1
2026-07-05 15:13:41 | INFO | Randomly selected 1/1 children for taxon 9491242
2026-07-05 15:13:41 | INFO | Taxon key 9491242 has 1 children
2026-07-05 15:13:41 | INFO | Fetching: https://api.gbif.org/v1/species/4765212/children | params={}
2026-07-05 15:13:41 | INFO | Finished: https://api.gbif.org/v1/species/4765212/children | total=5
2026-07-05 15:13:41 | INFO | Fetching: https://api.gbif.org/v1/species/4765212/children | params={}
2026-07-05 15:13:41 | INFO | Finished: https://api.gbif.org/v1/species/4765212/children | total=5
2026-07-05 15:13:41 | INFO | Randomly selected 5/5 children for taxon 4765212
2026-07-05 15:13:41 | INFO | Taxon key 4765212 has 5 children
2026-07-05 15:13:41 | INFO | Fetching: https://api.gbif.org/v1/species/11922940/children | params={}
2026-07-05 15:13:41 | INFO | Finished: https://api.gbif.org/v1/species/11922940/children | total=1
2026-07-05 15:13:41 | INFO | Fetching: https://api.gbif.org/v1/species/11922940/children | params={}
2026-07-05 15:13:42 | INFO | Finished: https://api.gbif.org/v1/species/11922940/children | total=1
2026-07-05 15:13:42 | INFO | Randomly selected 1/1 children for taxon 11922940
2026-07-05 15:13:42 | INFO | Taxon key 11922940 has 1 children
2026-07-05 15:13:42 | INFO | Fetching: https://api.gbif.org/v1/species/4404292/children | params={}
2026-07-05 15:13:42 | INFO | Finished: https://api.gbif.org/v1/species/4404292/children | total=16
2026-07-05 15:13:42 | INFO | Fetching: https://api.gbif.org/v1/species/4404292/children | params={}
2026-07-05 15:13:42 | INFO | Finished: https://api.gbif.org/v1/species/4404292/children | total=16
2026-07-05 15:13:42 | INFO | Randomly selected 16/16 children for taxon 4404292
2026-07-05 15:13:42 | INFO | Taxon key 4404292 has 16 children
2026-07-05 15:13:42 | INFO | Fetching: https://api.gbif.org/v1/species/4449417/children | params={}
2026-07-05 15:13:42 | INFO | Finished: https://api.gbif.org/v1/species/4449417/children | total=2
2026-07-05 15:13:42 | INFO | Fetching: https://api.gbif.org/v1/species/4449417/children | params={}
2026-07-05 15:13:43 | INFO | Finished: https://api.gbif.org/v1/species/4449417/children | total=2
2026-07-05 15:13:43 | INFO | Randomly selected 2/2 children for taxon 4449417
2026-07-05 15:13:43 | INFO | Taxon key 4449417 has 2 children
2026-07-05 15:13:43 | INFO | Fetching: https://api.gbif.org/v1/species/4449422/children | params={}
2026-07-05 15:13:43 | INFO | Finished: https://api.gbif.org/v1/species/4449422/children | total=2
2026-07-05 15:13:43 | INFO | Fetching: https://api.gbif.org/v1/species/4449422/children | params={}
2026-07-05 15:13:43 | INFO | Finished: https://api.gbif.org/v1/species/4449422/children | total=2
2026-07-05 15:13:43 | INFO | Randomly selected 2/2 children for taxon 4449422
2026-07-05 15:13:43 | INFO | Taxon key 4449422 has 2 children
2026-07-05 15:13:43 | INFO | Fetching: https://api.gbif.org/v1/species/4449414/children | params={}
2026-07-05 15:13:43 | INFO | Finished: https://api.gbif.org/v1/species/4449414/children | total=1
2026-07-05 15:13:43 | INFO | Fetching: https://api.gbif.org/v1/species/4449414/children | params={}
2026-07-05 15:13:43 | INFO | Finished: https://api.gbif.org/v1/species/4449414/children | total=1
2026-07-05 15:13:43 | INFO | Randomly selected 1/1 children for taxon 4449414
2026-07-05 15:13:43 | INFO | Taxon key 4449414 has 1 children
2026-07-05 15:13:43 | INFO | Fetching: https://api.gbif.org/v1/species/4449412/children | params={}
2026-07-05 15:13:44 | INFO | Finished: https://api.gbif.org/v1/species/4449412/children | total=1
2026-07-05 15:13:44 | INFO | Fetching: https://api.gbif.org/v1/species/4449412/children | params={}
2026-07-05 15:13:44 | INFO | Finished: https://api.gbif.org/v1/species/4449412/children | total=1
2026-07-05 15:13:44 | INFO | Randomly selected 1/1 children for taxon 4449412
2026-07-05 15:13:44 | INFO | Taxon key 4449412 has 1 children
2026-07-05 15:13:44 | INFO | Fetching: https://api.gbif.org/v1/species/4449407/children | params={}
2026-07-05 15:13:44 | INFO | Finished: https://api.gbif.org/v1/species/4449407/children | total=2
2026-07-05 15:13:44 | INFO | Fetching: https://api.gbif.org/v1/species/4449407/children | params={}
2026-07-05 15:13:44 | INFO | Finished: https://api.gbif.org/v1/species/4449407/children | total=2
2026-07-05 15:13:44 | INFO | Randomly selected 2/2 children for taxon 4449407
2026-07-05 15:13:44 | INFO | Taxon key 4449407 has 2 children
2026-07-05 15:13:44 | INFO | Fetching: https://api.gbif.org/v1/species/4713760/children | params={}
2026-07-05 15:13:44 | INFO | Finished: https://api.gbif.org/v1/species/4713760/children | total=8
2026-07-05 15:13:44 | INFO | Fetching: https://api.gbif.org/v1/species/4713760/children | params={}
2026-07-05 15:13:45 | INFO | Finished: https://api.gbif.org/v1/species/4713760/children | total=8
2026-07-05 15:13:45 | INFO | Randomly selected 8/8 children for taxon 4713760
2026-07-05 15:13:45 | INFO | Taxon key 4713760 has 8 children
2026-07-05 15:13:45 | INFO | Fetching: https://api.gbif.org/v1/species/4713770/children | params={}
2026-07-05 15:13:45 | INFO | Finished: https://api.gbif.org/v1/species/4713770/children | total=18
2026-07-05 15:13:45 | INFO | Fetching: https://api.gbif.org/v1/species/4713770/children | params={}
2026-07-05 15:13:45 | INFO | Finished: https://api.gbif.org/v1/species/4713770/children | total=18
2026-07-05 15:13:45 | INFO | Randomly selected 18/18 children for taxon 4713770
2026-07-05 15:13:45 | INFO | Taxon key 4713770 has 18 children
2026-07-05 15:13:45 | INFO | Fetching: https://api.gbif.org/v1/species/7614413/children | params={}
2026-07-05 15:13:45 | INFO | Finished: https://api.gbif.org/v1/species/7614413/children | total=1
2026-07-05 15:13:45 | INFO | Fetching: https://api.gbif.org/v1/species/7614413/children | params={}
2026-07-05 15:13:45 | INFO | Finished: https://api.gbif.org/v1/species/7614413/children | total=1
2026-07-05 15:13:45 | INFO | Randomly selected 1/1 children for taxon 7614413
2026-07-05 15:13:45 | INFO | Taxon key 7614413 has 1 children
2026-07-05 15:13:45 | INFO | Fetching: https://api.gbif.org/v1/species/7574229/children | params={}
2026-07-05 15:13:46 | INFO | Finished: https://api.gbif.org/v1/species/7574229/children | total=1
2026-07-05 15:13:46 | INFO | Fetching: https://api.gbif.org/v1/species/7574229/children | params={}
2026-07-05 15:13:46 | INFO | Finished: https://api.gbif.org/v1/species/7574229/children | total=1
2026-07-05 15:13:46 | INFO | Randomly selected 1/1 children for taxon 7574229
2026-07-05 15:13:46 | INFO | Taxon key 7574229 has 1 children
2026-07-05 15:13:46 | INFO | Fetching: https://api.gbif.org/v1/species/7385965/children | params={}
2026-07-05 15:13:46 | INFO | Finished: https://api.gbif.org/v1/species/7385965/children | total=1
2026-07-05 15:13:46 | INFO | Fetching: https://api.gbif.org/v1/species/7385965/children | params={}
2026-07-05 15:13:46 | INFO | Finished: https://api.gbif.org/v1/species/7385965/children | total=1
2026-07-05 15:13:46 | INFO | Randomly selected 1/1 children for taxon 7385965
2026-07-05 15:13:46 | INFO | Taxon key 7385965 has 1 children
2026-07-05 15:13:46 | INFO | Fetching: https://api.gbif.org/v1/species/10046684/children | params={}
2026-07-05 15:13:46 | INFO | Finished: https://api.gbif.org/v1/species/10046684/children | total=1
2026-07-05 15:13:46 | INFO | Fetching: https://api.gbif.org/v1/species/10046684/children | params={}
2026-07-05 15:13:46 | INFO | Finished: https://api.gbif.org/v1/species/10046684/children | total=1
2026-07-05 15:13:46 | INFO | Randomly selected 1/1 children for taxon 10046684
2026-07-05 15:13:46 | INFO | Taxon key 10046684 has 1 children
2026-07-05 15:13:46 | INFO | Fetching: https://api.gbif.org/v1/species/7805784/children | params={}
2026-07-05 15:13:47 | INFO | Finished: https://api.gbif.org/v1/species/7805784/children | total=7
2026-07-05 15:13:47 | INFO | Fetching: https://api.gbif.org/v1/species/7805784/children | params={}
2026-07-05 15:13:47 | INFO | Finished: https://api.gbif.org/v1/species/7805784/children | total=7
2026-07-05 15:13:47 | INFO | Randomly selected 7/7 children for taxon 7805784
2026-07-05 15:13:47 | INFO | Taxon key 7805784 has 7 children
2026-07-05 15:13:47 | INFO | Fetching: https://api.gbif.org/v1/species/10740045/children | params={}
2026-07-05 15:13:47 | INFO | Finished: https://api.gbif.org/v1/species/10740045/children | total=2
2026-07-05 15:13:47 | INFO | Fetching: https://api.gbif.org/v1/species/10740045/children | params={}
2026-07-05 15:13:47 | INFO | Finished: https://api.gbif.org/v1/species/10740045/children | total=2
2026-07-05 15:13:47 | INFO | Randomly selected 2/2 children for taxon 10740045
2026-07-05 15:13:47 | INFO | Taxon key 10740045 has 2 children
2026-07-05 15:13:47 | INFO | Fetching: https://api.gbif.org/v1/species/10315044/children | params={}
2026-07-05 15:13:47 | INFO | Finished: https://api.gbif.org/v1/species/10315044/children | total=2
2026-07-05 15:13:47 | INFO | Fetching: https://api.gbif.org/v1/species/10315044/children | params={}
2026-07-05 15:13:48 | INFO | Finished: https://api.gbif.org/v1/species/10315044/children | total=2
2026-07-05 15:13:48 | INFO | Randomly selected 2/2 children for taxon 10315044
2026-07-05 15:13:48 | INFO | Taxon key 10315044 has 2 children
2026-07-05 15:13:48 | INFO | Fetching: https://api.gbif.org/v1/species/4407763/children | params={}
2026-07-05 15:13:48 | INFO | Finished: https://api.gbif.org/v1/species/4407763/children | total=2
2026-07-05 15:13:48 | INFO | Fetching: https://api.gbif.org/v1/species/4407763/children | params={}
2026-07-05 15:13:48 | INFO | Finished: https://api.gbif.org/v1/species/4407763/children | total=2
2026-07-05 15:13:48 | INFO | Randomly selected 2/2 children for taxon 4407763
2026-07-05 15:13:48 | INFO | Taxon key 4407763 has 2 children
2026-07-05 15:13:48 | INFO | Fetching: https://api.gbif.org/v1/species/4449428/children | params={}
2026-07-05 15:13:48 | INFO | Finished: https://api.gbif.org/v1/species/4449428/children | total=3
2026-07-05 15:13:48 | INFO | Fetching: https://api.gbif.org/v1/species/4449428/children | params={}
2026-07-05 15:13:48 | INFO | Finished: https://api.gbif.org/v1/species/4449428/children | total=3
2026-07-05 15:13:48 | INFO | Randomly selected 3/3 children for taxon 4449428
2026-07-05 15:13:48 | INFO | Taxon key 4449428 has 3 children
2026-07-05 15:13:48 | INFO | Fetching: https://api.gbif.org/v1/species/4718017/children | params={}
2026-07-05 15:13:48 | INFO | Finished: https://api.gbif.org/v1/species/4718017/children | total=1
2026-07-05 15:13:48 | INFO | Fetching: https://api.gbif.org/v1/species/4718017/children | params={}
2026-07-05 15:13:49 | INFO | Finished: https://api.gbif.org/v1/species/4718017/children | total=1
2026-07-05 15:13:49 | INFO | Randomly selected 1/1 children for taxon 4718017
2026-07-05 15:13:49 | INFO | Taxon key 4718017 has 1 children
2026-07-05 15:13:49 | INFO | Fetching: https://api.gbif.org/v1/species/4719770/children | params={}
2026-07-05 15:13:49 | INFO | Finished: https://api.gbif.org/v1/species/4719770/children | total=1
2026-07-05 15:13:49 | INFO | Fetching: https://api.gbif.org/v1/species/4719770/children | params={}
2026-07-05 15:13:49 | INFO | Finished: https://api.gbif.org/v1/species/4719770/children | total=1
2026-07-05 15:13:49 | INFO | Randomly selected 1/1 children for taxon 4719770
2026-07-05 15:13:49 | INFO | Taxon key 4719770 has 1 children
2026-07-05 15:13:49 | INFO | Fetching: https://api.gbif.org/v1/species/4713738/children | params={}
2026-07-05 15:13:49 | INFO | Finished: https://api.gbif.org/v1/species/4713738/children | total=1
2026-07-05 15:13:49 | INFO | Fetching: https://api.gbif.org/v1/species/4713738/children | params={}
2026-07-05 15:13:49 | INFO | Finished: https://api.gbif.org/v1/species/4713738/children | total=1
2026-07-05 15:13:49 | INFO | Randomly selected 1/1 children for taxon 4713738
2026-07-05 15:13:49 | INFO | Taxon key 4713738 has 1 children
2026-07-05 15:13:49 | INFO | Fetching: https://api.gbif.org/v1/species/7558938/children | params={}
2026-07-05 15:13:50 | INFO | Finished: https://api.gbif.org/v1/species/7558938/children | total=1
2026-07-05 15:13:50 | INFO | Fetching: https://api.gbif.org/v1/species/7558938/children | params={}
2026-07-05 15:13:50 | INFO | Finished: https://api.gbif.org/v1/species/7558938/children | total=1
2026-07-05 15:13:50 | INFO | Randomly selected 1/1 children for taxon 7558938
2026-07-05 15:13:50 | INFO | Taxon key 7558938 has 1 children
2026-07-05 15:13:50 | INFO | Fetching: https://api.gbif.org/v1/species/11158593/children | params={}
2026-07-05 15:13:50 | INFO | Finished: https://api.gbif.org/v1/species/11158593/children | total=1
2026-07-05 15:13:50 | INFO | Fetching: https://api.gbif.org/v1/species/11158593/children | params={}
2026-07-05 15:13:50 | INFO | Finished: https://api.gbif.org/v1/species/11158593/children | total=1
2026-07-05 15:13:50 | INFO | Randomly selected 1/1 children for taxon 11158593
2026-07-05 15:13:50 | INFO | Taxon key 11158593 has 1 children
2026-07-05 15:13:50 | INFO | Fetching: https://api.gbif.org/v1/species/1161879/children | params={}
2026-07-05 15:13:50 | INFO | Finished: https://api.gbif.org/v1/species/1161879/children | total=6
2026-07-05 15:13:50 | INFO | Fetching: https://api.gbif.org/v1/species/1161879/children | params={}
2026-07-05 15:13:50 | INFO | Finished: https://api.gbif.org/v1/species/1161879/children | total=6
2026-07-05 15:13:50 | INFO | Randomly selected 6/6 children for taxon 1161879
2026-07-05 15:13:50 | INFO | Taxon key 1161879 has 6 children
2026-07-05 15:13:50 | INFO | Fetching: https://api.gbif.org/v1/species/1161882/children | params={}
2026-07-05 15:13:51 | INFO | Finished: https://api.gbif.org/v1/species/1161882/children | total=1
2026-07-05 15:13:51 | INFO | Fetching: https://api.gbif.org/v1/species/1161882/children | params={}
2026-07-05 15:13:51 | INFO | Finished: https://api.gbif.org/v1/species/1161882/children | total=1
2026-07-05 15:13:51 | INFO | Randomly selected 1/1 children for taxon 1161882
2026-07-05 15:13:51 | INFO | Taxon key 1161882 has 1 children
2026-07-05 15:13:51 | INFO | Fetching: https://api.gbif.org/v1/species/4713699/children | params={}
2026-07-05 15:13:51 | INFO | Finished: https://api.gbif.org/v1/species/4713699/children | total=3
2026-07-05 15:13:51 | INFO | Fetching: https://api.gbif.org/v1/species/4713699/children | params={}
2026-07-05 15:13:51 | INFO | Finished: https://api.gbif.org/v1/species/4713699/children | total=3
2026-07-05 15:13:51 | INFO | Randomly selected 3/3 children for taxon 4713699
2026-07-05 15:13:51 | INFO | Taxon key 4713699 has 3 children
2026-07-05 15:13:51 | INFO | Fetching: https://api.gbif.org/v1/species/8248390/children | params={}
2026-07-05 15:13:52 | INFO | Finished: https://api.gbif.org/v1/species/8248390/children | total=1
2026-07-05 15:13:52 | INFO | Fetching: https://api.gbif.org/v1/species/8248390/children | params={}
2026-07-05 15:13:52 | INFO | Finished: https://api.gbif.org/v1/species/8248390/children | total=1
2026-07-05 15:13:52 | INFO | Randomly selected 1/1 children for taxon 8248390
2026-07-05 15:13:52 | INFO | Taxon key 8248390 has 1 children
2026-07-05 15:13:52 | INFO | Fetching: https://api.gbif.org/v1/species/4713698/children | params={}
2026-07-05 15:13:52 | INFO | Finished: https://api.gbif.org/v1/species/4713698/children | total=3
2026-07-05 15:13:52 | INFO | Fetching: https://api.gbif.org/v1/species/4713698/children | params={}
2026-07-05 15:13:52 | INFO | Finished: https://api.gbif.org/v1/species/4713698/children | total=3
2026-07-05 15:13:52 | INFO | Randomly selected 3/3 children for taxon 4713698
2026-07-05 15:13:52 | INFO | Taxon key 4713698 has 3 children
2026-07-05 15:13:52 | INFO | Fetching: https://api.gbif.org/v1/species/4760233/children | params={}
2026-07-05 15:13:52 | INFO | Finished: https://api.gbif.org/v1/species/4760233/children | total=7
2026-07-05 15:13:52 | INFO | Fetching: https://api.gbif.org/v1/species/4760233/children | params={}
2026-07-05 15:13:53 | INFO | Finished: https://api.gbif.org/v1/species/4760233/children | total=7
2026-07-05 15:13:53 | INFO | Randomly selected 7/7 children for taxon 4760233
2026-07-05 15:13:53 | INFO | Taxon key 4760233 has 7 children
2026-07-05 15:13:53 | INFO | Fetching: https://api.gbif.org/v1/species/3263138/children | params={}
2026-07-05 15:13:53 | INFO | Finished: https://api.gbif.org/v1/species/3263138/children | total=97
2026-07-05 15:13:53 | INFO | Fetching: https://api.gbif.org/v1/species/3263138/children | params={}
2026-07-05 15:13:53 | INFO | Finished: https://api.gbif.org/v1/species/3263138/children | total=97
2026-07-05 15:13:53 | INFO | Randomly selected 97/97 children for taxon 3263138
2026-07-05 15:13:53 | INFO | Taxon key 3263138 has 97 children
2026-07-05 15:13:53 | INFO | Fetching: https://api.gbif.org/v1/species/4449929/children | params={}
2026-07-05 15:13:53 | INFO | Finished: https://api.gbif.org/v1/species/4449929/children | total=2
2026-07-05 15:13:53 | INFO | Fetching: https://api.gbif.org/v1/species/4449929/children | params={}
2026-07-05 15:13:54 | INFO | Finished: https://api.gbif.org/v1/species/4449929/children | total=2
2026-07-05 15:13:54 | INFO | Randomly selected 2/2 children for taxon 4449929
2026-07-05 15:13:54 | INFO | Taxon key 4449929 has 2 children
2026-07-05 15:13:54 | INFO | Fetching: https://api.gbif.org/v1/species/4449999/children | params={}
2026-07-05 15:13:54 | INFO | Finished: https://api.gbif.org/v1/species/4449999/children | total=1
2026-07-05 15:13:54 | INFO | Fetching: https://api.gbif.org/v1/species/4449999/children | params={}
2026-07-05 15:13:54 | INFO | Finished: https://api.gbif.org/v1/species/4449999/children | total=1
2026-07-05 15:13:54 | INFO | Randomly selected 1/1 children for taxon 4449999
2026-07-05 15:13:54 | INFO | Taxon key 4449999 has 1 children
2026-07-05 15:13:54 | INFO | Fetching: https://api.gbif.org/v1/species/4449883/children | params={}
2026-07-05 15:13:54 | INFO | Finished: https://api.gbif.org/v1/species/4449883/children | total=2
2026-07-05 15:13:54 | INFO | Fetching: https://api.gbif.org/v1/species/4449883/children | params={}
2026-07-05 15:13:54 | INFO | Finished: https://api.gbif.org/v1/species/4449883/children | total=2
2026-07-05 15:13:54 | INFO | Randomly selected 2/2 children for taxon 4449883
2026-07-05 15:13:54 | INFO | Taxon key 4449883 has 2 children
2026-07-05 15:13:54 | INFO | Fetching: https://api.gbif.org/v1/species/4449975/children | params={}
2026-07-05 15:13:55 | INFO | Finished: https://api.gbif.org/v1/species/4449975/children | total=3
2026-07-05 15:13:55 | INFO | Fetching: https://api.gbif.org/v1/species/4449975/children | params={}
2026-07-05 15:13:55 | INFO | Finished: https://api.gbif.org/v1/species/4449975/children | total=3
2026-07-05 15:13:55 | INFO | Randomly selected 3/3 children for taxon 4449975
2026-07-05 15:13:55 | INFO | Taxon key 4449975 has 3 children
2026-07-05 15:13:55 | INFO | Fetching: https://api.gbif.org/v1/species/4449963/children | params={}
2026-07-05 15:13:55 | INFO | Finished: https://api.gbif.org/v1/species/4449963/children | total=1
2026-07-05 15:13:55 | INFO | Fetching: https://api.gbif.org/v1/species/4449963/children | params={}
2026-07-05 15:13:55 | INFO | Finished: https://api.gbif.org/v1/species/4449963/children | total=1
2026-07-05 15:13:55 | INFO | Randomly selected 1/1 children for taxon 4449963
2026-07-05 15:13:55 | INFO | Taxon key 4449963 has 1 children
2026-07-05 15:13:55 | INFO | Fetching: https://api.gbif.org/v1/species/10610466/children | params={}
2026-07-05 15:13:55 | INFO | Finished: https://api.gbif.org/v1/species/10610466/children | total=1
2026-07-05 15:13:55 | INFO | Fetching: https://api.gbif.org/v1/species/10610466/children | params={}
2026-07-05 15:13:55 | INFO | Finished: https://api.gbif.org/v1/species/10610466/children | total=1
2026-07-05 15:13:55 | INFO | Randomly selected 1/1 children for taxon 10610466
2026-07-05 15:13:55 | INFO | Taxon key 10610466 has 1 children
2026-07-05 15:13:55 | INFO | Fetching: https://api.gbif.org/v1/species/4449948/children | params={}
2026-07-05 15:13:56 | INFO | Finished: https://api.gbif.org/v1/species/4449948/children | total=4
2026-07-05 15:13:56 | INFO | Fetching: https://api.gbif.org/v1/species/4449948/children | params={}
2026-07-05 15:13:56 | INFO | Finished: https://api.gbif.org/v1/species/4449948/children | total=4
2026-07-05 15:13:56 | INFO | Randomly selected 4/4 children for taxon 4449948
2026-07-05 15:13:56 | INFO | Taxon key 4449948 has 4 children
2026-07-05 15:13:56 | INFO | Fetching: https://api.gbif.org/v1/species/4449995/children | params={}
2026-07-05 15:13:56 | INFO | Finished: https://api.gbif.org/v1/species/4449995/children | total=1
2026-07-05 15:13:56 | INFO | Fetching: https://api.gbif.org/v1/species/4449995/children | params={}
2026-07-05 15:13:56 | INFO | Finished: https://api.gbif.org/v1/species/4449995/children | total=1
2026-07-05 15:13:56 | INFO | Randomly selected 1/1 children for taxon 4449995
2026-07-05 15:13:56 | INFO | Taxon key 4449995 has 1 children
2026-07-05 15:13:56 | INFO | Fetching: https://api.gbif.org/v1/species/4449928/children | params={}
2026-07-05 15:13:56 | INFO | Finished: https://api.gbif.org/v1/species/4449928/children | total=1
2026-07-05 15:13:56 | INFO | Fetching: https://api.gbif.org/v1/species/4449928/children | params={}
2026-07-05 15:13:57 | INFO | Finished: https://api.gbif.org/v1/species/4449928/children | total=1
2026-07-05 15:13:57 | INFO | Randomly selected 1/1 children for taxon 4449928
2026-07-05 15:13:57 | INFO | Taxon key 4449928 has 1 children
2026-07-05 15:13:57 | INFO | Fetching: https://api.gbif.org/v1/species/4449906/children | params={}
2026-07-05 15:13:57 | INFO | Finished: https://api.gbif.org/v1/species/4449906/children | total=1
2026-07-05 15:13:57 | INFO | Fetching: https://api.gbif.org/v1/species/4449906/children | params={}
2026-07-05 15:13:57 | INFO | Finished: https://api.gbif.org/v1/species/4449906/children | total=1
2026-07-05 15:13:57 | INFO | Randomly selected 1/1 children for taxon 4449906
2026-07-05 15:13:57 | INFO | Taxon key 4449906 has 1 children
2026-07-05 15:13:57 | INFO | Fetching: https://api.gbif.org/v1/species/4449867/children | params={}
2026-07-05 15:13:57 | INFO | Finished: https://api.gbif.org/v1/species/4449867/children | total=1
2026-07-05 15:13:57 | INFO | Fetching: https://api.gbif.org/v1/species/4449867/children | params={}
2026-07-05 15:13:57 | INFO | Finished: https://api.gbif.org/v1/species/4449867/children | total=1
2026-07-05 15:13:57 | INFO | Randomly selected 1/1 children for taxon 4449867
2026-07-05 15:13:57 | INFO | Taxon key 4449867 has 1 children
2026-07-05 15:13:57 | INFO | Fetching: https://api.gbif.org/v1/species/4449870/children | params={}
2026-07-05 15:13:57 | INFO | Finished: https://api.gbif.org/v1/species/4449870/children | total=2
2026-07-05 15:13:57 | INFO | Fetching: https://api.gbif.org/v1/species/4449870/children | params={}
2026-07-05 15:13:58 | INFO | Finished: https://api.gbif.org/v1/species/4449870/children | total=2
2026-07-05 15:13:58 | INFO | Randomly selected 2/2 children for taxon 4449870
2026-07-05 15:13:58 | INFO | Taxon key 4449870 has 2 children
2026-07-05 15:13:58 | INFO | Fetching: https://api.gbif.org/v1/species/4449988/children | params={}
2026-07-05 15:13:58 | INFO | Finished: https://api.gbif.org/v1/species/4449988/children | total=1
2026-07-05 15:13:58 | INFO | Fetching: https://api.gbif.org/v1/species/4449988/children | params={}
2026-07-05 15:13:58 | INFO | Finished: https://api.gbif.org/v1/species/4449988/children | total=1
2026-07-05 15:13:58 | INFO | Randomly selected 1/1 children for taxon 4449988
2026-07-05 15:13:58 | INFO | Taxon key 4449988 has 1 children
2026-07-05 15:13:58 | INFO | Fetching: https://api.gbif.org/v1/species/4449953/children | params={}
2026-07-05 15:13:58 | INFO | Finished: https://api.gbif.org/v1/species/4449953/children | total=1
2026-07-05 15:13:58 | INFO | Fetching: https://api.gbif.org/v1/species/4449953/children | params={}
2026-07-05 15:13:58 | INFO | Finished: https://api.gbif.org/v1/species/4449953/children | total=1
2026-07-05 15:13:58 | INFO | Randomly selected 1/1 children for taxon 4449953
2026-07-05 15:13:58 | INFO | Taxon key 4449953 has 1 children
2026-07-05 15:13:58 | INFO | Fetching: https://api.gbif.org/v1/species/9849505/children | params={}
2026-07-05 15:13:59 | INFO | Finished: https://api.gbif.org/v1/species/9849505/children | total=1
2026-07-05 15:13:59 | INFO | Fetching: https://api.gbif.org/v1/species/9849505/children | params={}
2026-07-05 15:13:59 | INFO | Finished: https://api.gbif.org/v1/species/9849505/children | total=1
2026-07-05 15:13:59 | INFO | Randomly selected 1/1 children for taxon 9849505
2026-07-05 15:13:59 | INFO | Taxon key 9849505 has 1 children
2026-07-05 15:13:59 | INFO | Fetching: https://api.gbif.org/v1/species/7847/children | params={}
2026-07-05 15:13:59 | INFO | Finished: https://api.gbif.org/v1/species/7847/children | total=8
2026-07-05 15:13:59 | INFO | Fetching: https://api.gbif.org/v1/species/7847/children | params={}
2026-07-05 15:13:59 | INFO | Finished: https://api.gbif.org/v1/species/7847/children | total=8
2026-07-05 15:13:59 | INFO | Randomly selected 8/8 children for taxon 7847
2026-07-05 15:13:59 | INFO | Taxon key 7847 has 8 children
2026-07-05 15:13:59 | INFO | Fetching: https://api.gbif.org/v1/species/1032936/children | params={}
2026-07-05 15:13:59 | INFO | Finished: https://api.gbif.org/v1/species/1032936/children | total=13
2026-07-05 15:13:59 | INFO | Fetching: https://api.gbif.org/v1/species/1032936/children | params={}
2026-07-05 15:14:00 | INFO | Finished: https://api.gbif.org/v1/species/1032936/children | total=13
2026-07-05 15:14:00 | INFO | Randomly selected 13/13 children for taxon 1032936
2026-07-05 15:14:00 | INFO | Taxon key 1032936 has 13 children
2026-07-05 15:14:00 | INFO | Fetching: https://api.gbif.org/v1/species/7345984/children | params={}
2026-07-05 15:14:00 | INFO | Finished: https://api.gbif.org/v1/species/7345984/children | total=2
2026-07-05 15:14:00 | INFO | Fetching: https://api.gbif.org/v1/species/7345984/children | params={}
2026-07-05 15:14:00 | INFO | Finished: https://api.gbif.org/v1/species/7345984/children | total=2
2026-07-05 15:14:00 | INFO | Randomly selected 2/2 children for taxon 7345984
2026-07-05 15:14:00 | INFO | Taxon key 7345984 has 2 children
2026-07-05 15:14:00 | INFO | Fetching: https://api.gbif.org/v1/species/3262738/children | params={}
2026-07-05 15:14:00 | INFO | Finished: https://api.gbif.org/v1/species/3262738/children | total=4
2026-07-05 15:14:00 | INFO | Fetching: https://api.gbif.org/v1/species/3262738/children | params={}
2026-07-05 15:14:00 | INFO | Finished: https://api.gbif.org/v1/species/3262738/children | total=4
2026-07-05 15:14:00 | INFO | Randomly selected 4/4 children for taxon 3262738
2026-07-05 15:14:00 | INFO | Taxon key 3262738 has 4 children
2026-07-05 15:14:00 | INFO | Fetching: https://api.gbif.org/v1/species/4718424/children | params={}
2026-07-05 15:14:01 | INFO | Finished: https://api.gbif.org/v1/species/4718424/children | total=1
2026-07-05 15:14:01 | INFO | Fetching: https://api.gbif.org/v1/species/4718424/children | params={}
2026-07-05 15:14:01 | INFO | Finished: https://api.gbif.org/v1/species/4718424/children | total=1
2026-07-05 15:14:01 | INFO | Randomly selected 1/1 children for taxon 4718424
2026-07-05 15:14:01 | INFO | Taxon key 4718424 has 1 children
2026-07-05 15:14:01 | INFO | Fetching: https://api.gbif.org/v1/species/3260770/children | params={}
2026-07-05 15:14:01 | INFO | Finished: https://api.gbif.org/v1/species/3260770/children | total=13
2026-07-05 15:14:01 | INFO | Fetching: https://api.gbif.org/v1/species/3260770/children | params={}
2026-07-05 15:14:01 | INFO | Finished: https://api.gbif.org/v1/species/3260770/children | total=13
2026-07-05 15:14:01 | INFO | Randomly selected 13/13 children for taxon 3260770
2026-07-05 15:14:01 | INFO | Taxon key 3260770 has 13 children
2026-07-05 15:14:01 | INFO | Fetching: https://api.gbif.org/v1/species/4405597/children | params={}
2026-07-05 15:14:01 | INFO | Finished: https://api.gbif.org/v1/species/4405597/children | total=2
2026-07-05 15:14:01 | INFO | Fetching: https://api.gbif.org/v1/species/4405597/children | params={}
2026-07-05 15:14:02 | INFO | Finished: https://api.gbif.org/v1/species/4405597/children | total=2
2026-07-05 15:14:02 | INFO | Randomly selected 2/2 children for taxon 4405597
2026-07-05 15:14:02 | INFO | Taxon key 4405597 has 2 children
2026-07-05 15:14:02 | INFO | Fetching: https://api.gbif.org/v1/species/4242/children | params={}
2026-07-05 15:14:02 | INFO | Finished: https://api.gbif.org/v1/species/4242/children | total=20
2026-07-05 15:14:02 | INFO | Fetching: https://api.gbif.org/v1/species/4242/children | params={}
2026-07-05 15:14:02 | INFO | Finished: https://api.gbif.org/v1/species/4242/children | total=20
2026-07-05 15:14:02 | INFO | Randomly selected 20/20 children for taxon 4242
2026-07-05 15:14:02 | INFO | Taxon key 4242 has 20 children
2026-07-05 15:14:02 | INFO | Fetching: https://api.gbif.org/v1/species/1071569/children | params={}
2026-07-05 15:14:02 | INFO | Finished: https://api.gbif.org/v1/species/1071569/children | total=63
2026-07-05 15:14:02 | INFO | Fetching: https://api.gbif.org/v1/species/1071569/children | params={}
2026-07-05 15:14:03 | INFO | Finished: https://api.gbif.org/v1/species/1071569/children | total=63
2026-07-05 15:14:03 | INFO | Randomly selected 63/63 children for taxon 1071569
2026-07-05 15:14:03 | INFO | Taxon key 1071569 has 63 children
2026-07-05 15:14:03 | INFO | Fetching: https://api.gbif.org/v1/species/1071651/children | params={}
2026-07-05 15:14:03 | INFO | Finished: https://api.gbif.org/v1/species/1071651/children | total=2
2026-07-05 15:14:03 | INFO | Fetching: https://api.gbif.org/v1/species/1071651/children | params={}
2026-07-05 15:14:03 | INFO | Finished: https://api.gbif.org/v1/species/1071651/children | total=2
2026-07-05 15:14:03 | INFO | Randomly selected 2/2 children for taxon 1071651
2026-07-05 15:14:03 | INFO | Taxon key 1071651 has 2 children
2026-07-05 15:14:03 | INFO | Fetching: https://api.gbif.org/v1/species/1071604/children | params={}
2026-07-05 15:14:03 | INFO | Finished: https://api.gbif.org/v1/species/1071604/children | total=2
2026-07-05 15:14:03 | INFO | Fetching: https://api.gbif.org/v1/species/1071604/children | params={}
2026-07-05 15:14:04 | INFO | Finished: https://api.gbif.org/v1/species/1071604/children | total=2
2026-07-05 15:14:04 | INFO | Randomly selected 2/2 children for taxon 1071604
2026-07-05 15:14:04 | INFO | Taxon key 1071604 has 2 children
2026-07-05 15:14:04 | INFO | Fetching: https://api.gbif.org/v1/species/1071664/children | params={}
2026-07-05 15:14:04 | INFO | Finished: https://api.gbif.org/v1/species/1071664/children | total=2
2026-07-05 15:14:04 | INFO | Fetching: https://api.gbif.org/v1/species/1071664/children | params={}
2026-07-05 15:14:04 | INFO | Finished: https://api.gbif.org/v1/species/1071664/children | total=2
2026-07-05 15:14:04 | INFO | Randomly selected 2/2 children for taxon 1071664
2026-07-05 15:14:04 | INFO | Taxon key 1071664 has 2 children
2026-07-05 15:14:04 | INFO | Fetching: https://api.gbif.org/v1/species/1071578/children | params={}
2026-07-05 15:14:04 | INFO | Finished: https://api.gbif.org/v1/species/1071578/children | total=1
2026-07-05 15:14:04 | INFO | Fetching: https://api.gbif.org/v1/species/1071578/children | params={}
2026-07-05 15:14:04 | INFO | Finished: https://api.gbif.org/v1/species/1071578/children | total=1
2026-07-05 15:14:04 | INFO | Randomly selected 1/1 children for taxon 1071578
2026-07-05 15:14:04 | INFO | Taxon key 1071578 has 1 children
2026-07-05 15:14:04 | INFO | Fetching: https://api.gbif.org/v1/species/1071570/children | params={}
2026-07-05 15:14:04 | INFO | Finished: https://api.gbif.org/v1/species/1071570/children | total=2
2026-07-05 15:14:04 | INFO | Fetching: https://api.gbif.org/v1/species/1071570/children | params={}
2026-07-05 15:14:05 | INFO | Finished: https://api.gbif.org/v1/species/1071570/children | total=2
2026-07-05 15:14:05 | INFO | Randomly selected 2/2 children for taxon 1071570
2026-07-05 15:14:05 | INFO | Taxon key 1071570 has 2 children
2026-07-05 15:14:05 | INFO | Fetching: https://api.gbif.org/v1/species/1071602/children | params={}
2026-07-05 15:14:05 | INFO | Finished: https://api.gbif.org/v1/species/1071602/children | total=2
2026-07-05 15:14:05 | INFO | Fetching: https://api.gbif.org/v1/species/1071602/children | params={}
2026-07-05 15:14:05 | INFO | Finished: https://api.gbif.org/v1/species/1071602/children | total=2
2026-07-05 15:14:05 | INFO | Randomly selected 2/2 children for taxon 1071602
2026-07-05 15:14:05 | INFO | Taxon key 1071602 has 2 children
2026-07-05 15:14:05 | INFO | Fetching: https://api.gbif.org/v1/species/1071621/children | params={}
2026-07-05 15:14:05 | INFO | Finished: https://api.gbif.org/v1/species/1071621/children | total=1
2026-07-05 15:14:05 | INFO | Fetching: https://api.gbif.org/v1/species/1071621/children | params={}
2026-07-05 15:14:05 | INFO | Finished: https://api.gbif.org/v1/species/1071621/children | total=1
2026-07-05 15:14:05 | INFO | Randomly selected 1/1 children for taxon 1071621
2026-07-05 15:14:05 | INFO | Taxon key 1071621 has 1 children
2026-07-05 15:14:05 | INFO | Fetching: https://api.gbif.org/v1/species/1071630/children | params={}
2026-07-05 15:14:06 | INFO | Finished: https://api.gbif.org/v1/species/1071630/children | total=1
2026-07-05 15:14:06 | INFO | Fetching: https://api.gbif.org/v1/species/1071630/children | params={}
2026-07-05 15:14:06 | INFO | Finished: https://api.gbif.org/v1/species/1071630/children | total=1
2026-07-05 15:14:06 | INFO | Randomly selected 1/1 children for taxon 1071630
2026-07-05 15:14:06 | INFO | Taxon key 1071630 has 1 children
2026-07-05 15:14:06 | INFO | Fetching: https://api.gbif.org/v1/species/1071671/children | params={}
2026-07-05 15:14:06 | INFO | Finished: https://api.gbif.org/v1/species/1071671/children | total=2
2026-07-05 15:14:06 | INFO | Fetching: https://api.gbif.org/v1/species/1071671/children | params={}
2026-07-05 15:14:06 | INFO | Finished: https://api.gbif.org/v1/species/1071671/children | total=2
2026-07-05 15:14:06 | INFO | Randomly selected 2/2 children for taxon 1071671
2026-07-05 15:14:06 | INFO | Taxon key 1071671 has 2 children
2026-07-05 15:14:06 | INFO | Fetching: https://api.gbif.org/v1/species/10843574/children | params={}
2026-07-05 15:14:06 | INFO | Finished: https://api.gbif.org/v1/species/10843574/children | total=2
2026-07-05 15:14:06 | INFO | Fetching: https://api.gbif.org/v1/species/10843574/children | params={}
2026-07-05 15:14:06 | INFO | Finished: https://api.gbif.org/v1/species/10843574/children | total=2
2026-07-05 15:14:06 | INFO | Randomly selected 2/2 children for taxon 10843574
2026-07-05 15:14:06 | INFO | Taxon key 10843574 has 2 children
2026-07-05 15:14:06 | INFO | Fetching: https://api.gbif.org/v1/species/8444429/children | params={}
2026-07-05 15:14:07 | INFO | Finished: https://api.gbif.org/v1/species/8444429/children | total=4
2026-07-05 15:14:07 | INFO | Fetching: https://api.gbif.org/v1/species/8444429/children | params={}
2026-07-05 15:14:07 | INFO | Finished: https://api.gbif.org/v1/species/8444429/children | total=4
2026-07-05 15:14:07 | INFO | Randomly selected 4/4 children for taxon 8444429
2026-07-05 15:14:07 | INFO | Taxon key 8444429 has 4 children
2026-07-05 15:14:07 | INFO | Fetching: https://api.gbif.org/v1/species/8472000/children | params={}
2026-07-05 15:14:07 | INFO | Finished: https://api.gbif.org/v1/species/8472000/children | total=2
2026-07-05 15:14:07 | INFO | Fetching: https://api.gbif.org/v1/species/8472000/children | params={}
2026-07-05 15:14:07 | INFO | Finished: https://api.gbif.org/v1/species/8472000/children | total=2
2026-07-05 15:14:07 | INFO | Randomly selected 2/2 children for taxon 8472000
2026-07-05 15:14:07 | INFO | Taxon key 8472000 has 2 children
2026-07-05 15:14:07 | INFO | Fetching: https://api.gbif.org/v1/species/7908966/children | params={}
2026-07-05 15:14:07 | INFO | Finished: https://api.gbif.org/v1/species/7908966/children | total=7
2026-07-05 15:14:07 | INFO | Fetching: https://api.gbif.org/v1/species/7908966/children | params={}
2026-07-05 15:14:08 | INFO | Finished: https://api.gbif.org/v1/species/7908966/children | total=7
2026-07-05 15:14:08 | INFO | Randomly selected 7/7 children for taxon 7908966
2026-07-05 15:14:08 | INFO | Taxon key 7908966 has 7 children
2026-07-05 15:14:08 | INFO | Fetching: https://api.gbif.org/v1/species/1071849/children | params={}
2026-07-05 15:14:08 | INFO | Finished: https://api.gbif.org/v1/species/1071849/children | total=10
2026-07-05 15:14:08 | INFO | Fetching: https://api.gbif.org/v1/species/1071849/children | params={}
2026-07-05 15:14:08 | INFO | Finished: https://api.gbif.org/v1/species/1071849/children | total=10
2026-07-05 15:14:08 | INFO | Randomly selected 10/10 children for taxon 1071849
2026-07-05 15:14:08 | INFO | Taxon key 1071849 has 10 children
2026-07-05 15:14:08 | INFO | Fetching: https://api.gbif.org/v1/species/1071854/children | params={}
2026-07-05 15:14:08 | INFO | Finished: https://api.gbif.org/v1/species/1071854/children | total=1
2026-07-05 15:14:08 | INFO | Fetching: https://api.gbif.org/v1/species/1071854/children | params={}
2026-07-05 15:14:08 | INFO | Finished: https://api.gbif.org/v1/species/1071854/children | total=1
2026-07-05 15:14:08 | INFO | Randomly selected 1/1 children for taxon 1071854
2026-07-05 15:14:08 | INFO | Taxon key 1071854 has 1 children
2026-07-05 15:14:08 | INFO | Fetching: https://api.gbif.org/v1/species/1071933/children | params={}
2026-07-05 15:14:09 | INFO | Finished: https://api.gbif.org/v1/species/1071933/children | total=36
2026-07-05 15:14:09 | INFO | Fetching: https://api.gbif.org/v1/species/1071933/children | params={}
2026-07-05 15:14:09 | INFO | Finished: https://api.gbif.org/v1/species/1071933/children | total=36
2026-07-05 15:14:09 | INFO | Randomly selected 36/36 children for taxon 1071933
2026-07-05 15:14:09 | INFO | Taxon key 1071933 has 36 children
2026-07-05 15:14:09 | INFO | Fetching: https://api.gbif.org/v1/species/1071934/children | params={}
2026-07-05 15:14:09 | INFO | Finished: https://api.gbif.org/v1/species/1071934/children | total=2
2026-07-05 15:14:09 | INFO | Fetching: https://api.gbif.org/v1/species/1071934/children | params={}
2026-07-05 15:14:09 | INFO | Finished: https://api.gbif.org/v1/species/1071934/children | total=2
2026-07-05 15:14:09 | INFO | Randomly selected 2/2 children for taxon 1071934
2026-07-05 15:14:09 | INFO | Taxon key 1071934 has 2 children
2026-07-05 15:14:09 | INFO | Fetching: https://api.gbif.org/v1/species/1071970/children | params={}
2026-07-05 15:14:10 | INFO | Finished: https://api.gbif.org/v1/species/1071970/children | total=2
2026-07-05 15:14:10 | INFO | Fetching: https://api.gbif.org/v1/species/1071970/children | params={}
2026-07-05 15:14:10 | INFO | Finished: https://api.gbif.org/v1/species/1071970/children | total=2
2026-07-05 15:14:10 | INFO | Randomly selected 2/2 children for taxon 1071970
2026-07-05 15:14:10 | INFO | Taxon key 1071970 has 2 children
2026-07-05 15:14:10 | INFO | Fetching: https://api.gbif.org/v1/species/1071984/children | params={}
2026-07-05 15:14:10 | INFO | Finished: https://api.gbif.org/v1/species/1071984/children | total=3
2026-07-05 15:14:10 | INFO | Fetching: https://api.gbif.org/v1/species/1071984/children | params={}
2026-07-05 15:14:10 | INFO | Finished: https://api.gbif.org/v1/species/1071984/children | total=3
2026-07-05 15:14:10 | INFO | Randomly selected 3/3 children for taxon 1071984
2026-07-05 15:14:10 | INFO | Taxon key 1071984 has 3 children
2026-07-05 15:14:10 | INFO | Fetching: https://api.gbif.org/v1/species/1071948/children | params={}
2026-07-05 15:14:10 | INFO | Finished: https://api.gbif.org/v1/species/1071948/children | total=2
2026-07-05 15:14:10 | INFO | Fetching: https://api.gbif.org/v1/species/1071948/children | params={}
2026-07-05 15:14:11 | INFO | Finished: https://api.gbif.org/v1/species/1071948/children | total=2
2026-07-05 15:14:11 | INFO | Randomly selected 2/2 children for taxon 1071948
2026-07-05 15:14:11 | INFO | Taxon key 1071948 has 2 children
2026-07-05 15:14:11 | INFO | Fetching: https://api.gbif.org/v1/species/1071981/children | params={}
2026-07-05 15:14:11 | INFO | Finished: https://api.gbif.org/v1/species/1071981/children | total=2
2026-07-05 15:14:11 | INFO | Fetching: https://api.gbif.org/v1/species/1071981/children | params={}
2026-07-05 15:14:11 | INFO | Finished: https://api.gbif.org/v1/species/1071981/children | total=2
2026-07-05 15:14:11 | INFO | Randomly selected 2/2 children for taxon 1071981
2026-07-05 15:14:11 | INFO | Taxon key 1071981 has 2 children
2026-07-05 15:14:11 | INFO | Fetching: https://api.gbif.org/v1/species/1071959/children | params={}
2026-07-05 15:14:11 | INFO | Finished: https://api.gbif.org/v1/species/1071959/children | total=2
2026-07-05 15:14:11 | INFO | Fetching: https://api.gbif.org/v1/species/1071959/children | params={}
2026-07-05 15:14:11 | INFO | Finished: https://api.gbif.org/v1/species/1071959/children | total=2
2026-07-05 15:14:11 | INFO | Randomly selected 2/2 children for taxon 1071959
2026-07-05 15:14:11 | INFO | Taxon key 1071959 has 2 children
2026-07-05 15:14:11 | INFO | Fetching: https://api.gbif.org/v1/species/1071693/children | params={}
2026-07-05 15:14:12 | INFO | Finished: https://api.gbif.org/v1/species/1071693/children | total=55
2026-07-05 15:14:12 | INFO | Fetching: https://api.gbif.org/v1/species/1071693/children | params={}
2026-07-05 15:14:12 | INFO | Finished: https://api.gbif.org/v1/species/1071693/children | total=55
2026-07-05 15:14:12 | INFO | Randomly selected 55/55 children for taxon 1071693
2026-07-05 15:14:12 | INFO | Taxon key 1071693 has 55 children
2026-07-05 15:14:12 | INFO | Fetching: https://api.gbif.org/v1/species/4994480/children | params={}
2026-07-05 15:14:12 | INFO | Finished: https://api.gbif.org/v1/species/4994480/children | total=3
2026-07-05 15:14:12 | INFO | Fetching: https://api.gbif.org/v1/species/4994480/children | params={}
2026-07-05 15:14:12 | INFO | Finished: https://api.gbif.org/v1/species/4994480/children | total=3
2026-07-05 15:14:12 | INFO | Randomly selected 3/3 children for taxon 4994480
2026-07-05 15:14:12 | INFO | Taxon key 4994480 has 3 children
2026-07-05 15:14:12 | INFO | Fetching: https://api.gbif.org/v1/species/4994486/children | params={}
2026-07-05 15:14:13 | INFO | Finished: https://api.gbif.org/v1/species/4994486/children | total=2
2026-07-05 15:14:13 | INFO | Fetching: https://api.gbif.org/v1/species/4994486/children | params={}
2026-07-05 15:14:13 | INFO | Finished: https://api.gbif.org/v1/species/4994486/children | total=2
2026-07-05 15:14:13 | INFO | Randomly selected 2/2 children for taxon 4994486
2026-07-05 15:14:13 | INFO | Taxon key 4994486 has 2 children
2026-07-05 15:14:13 | INFO | Fetching: https://api.gbif.org/v1/species/4994496/children | params={}
2026-07-05 15:14:13 | INFO | Finished: https://api.gbif.org/v1/species/4994496/children | total=2
2026-07-05 15:14:13 | INFO | Fetching: https://api.gbif.org/v1/species/4994496/children | params={}
2026-07-05 15:14:13 | INFO | Finished: https://api.gbif.org/v1/species/4994496/children | total=2
2026-07-05 15:14:13 | INFO | Randomly selected 2/2 children for taxon 4994496
2026-07-05 15:14:13 | INFO | Taxon key 4994496 has 2 children
2026-07-05 15:14:13 | INFO | Fetching: https://api.gbif.org/v1/species/4994546/children | params={}
2026-07-05 15:14:14 | INFO | Finished: https://api.gbif.org/v1/species/4994546/children | total=3
2026-07-05 15:14:14 | INFO | Fetching: https://api.gbif.org/v1/species/4994546/children | params={}
2026-07-05 15:14:14 | INFO | Finished: https://api.gbif.org/v1/species/4994546/children | total=3
2026-07-05 15:14:14 | INFO | Randomly selected 3/3 children for taxon 4994546
2026-07-05 15:14:14 | INFO | Taxon key 4994546 has 3 children
2026-07-05 15:14:14 | INFO | Fetching: https://api.gbif.org/v1/species/4994524/children | params={}
2026-07-05 15:14:14 | INFO | Finished: https://api.gbif.org/v1/species/4994524/children | total=2
2026-07-05 15:14:14 | INFO | Fetching: https://api.gbif.org/v1/species/4994524/children | params={}
2026-07-05 15:14:14 | INFO | Finished: https://api.gbif.org/v1/species/4994524/children | total=2
2026-07-05 15:14:14 | INFO | Randomly selected 2/2 children for taxon 4994524
2026-07-05 15:14:14 | INFO | Taxon key 4994524 has 2 children
2026-07-05 15:14:14 | INFO | Fetching: https://api.gbif.org/v1/species/4994513/children | params={}
2026-07-05 15:14:14 | INFO | Finished: https://api.gbif.org/v1/species/4994513/children | total=3
2026-07-05 15:14:14 | INFO | Fetching: https://api.gbif.org/v1/species/4994513/children | params={}
2026-07-05 15:14:15 | INFO | Finished: https://api.gbif.org/v1/species/4994513/children | total=3
2026-07-05 15:14:15 | INFO | Randomly selected 3/3 children for taxon 4994513
2026-07-05 15:14:15 | INFO | Taxon key 4994513 has 3 children
2026-07-05 15:14:15 | INFO | Fetching: https://api.gbif.org/v1/species/4994444/children | params={}
2026-07-05 15:14:15 | INFO | Finished: https://api.gbif.org/v1/species/4994444/children | total=2
2026-07-05 15:14:15 | INFO | Fetching: https://api.gbif.org/v1/species/4994444/children | params={}
2026-07-05 15:14:15 | INFO | Finished: https://api.gbif.org/v1/species/4994444/children | total=2
2026-07-05 15:14:15 | INFO | Randomly selected 2/2 children for taxon 4994444
2026-07-05 15:14:15 | INFO | Taxon key 4994444 has 2 children
2026-07-05 15:14:15 | INFO | Fetching: https://api.gbif.org/v1/species/4994532/children | params={}
2026-07-05 15:14:15 | INFO | Finished: https://api.gbif.org/v1/species/4994532/children | total=4
2026-07-05 15:14:15 | INFO | Fetching: https://api.gbif.org/v1/species/4994532/children | params={}
2026-07-05 15:14:16 | INFO | Finished: https://api.gbif.org/v1/species/4994532/children | total=4
2026-07-05 15:14:16 | INFO | Randomly selected 4/4 children for taxon 4994532
2026-07-05 15:14:16 | INFO | Taxon key 4994532 has 4 children
2026-07-05 15:14:16 | INFO | Fetching: https://api.gbif.org/v1/species/8442608/children | params={}
2026-07-05 15:14:16 | INFO | Finished: https://api.gbif.org/v1/species/8442608/children | total=4
2026-07-05 15:14:16 | INFO | Fetching: https://api.gbif.org/v1/species/8442608/children | params={}
2026-07-05 15:14:16 | INFO | Finished: https://api.gbif.org/v1/species/8442608/children | total=4
2026-07-05 15:14:16 | INFO | Randomly selected 4/4 children for taxon 8442608
2026-07-05 15:14:16 | INFO | Taxon key 8442608 has 4 children
2026-07-05 15:14:16 | INFO | Fetching: https://api.gbif.org/v1/species/8644505/children | params={}
2026-07-05 15:14:16 | INFO | Finished: https://api.gbif.org/v1/species/8644505/children | total=6
2026-07-05 15:14:16 | INFO | Fetching: https://api.gbif.org/v1/species/8644505/children | params={}
2026-07-05 15:14:16 | INFO | Finished: https://api.gbif.org/v1/species/8644505/children | total=6
2026-07-05 15:14:16 | INFO | Randomly selected 6/6 children for taxon 8644505
2026-07-05 15:14:16 | INFO | Taxon key 8644505 has 6 children
2026-07-05 15:14:16 | INFO | Fetching: https://api.gbif.org/v1/species/1071563/children | params={}
2026-07-05 15:14:16 | INFO | Finished: https://api.gbif.org/v1/species/1071563/children | total=1
2026-07-05 15:14:16 | INFO | Fetching: https://api.gbif.org/v1/species/1071563/children | params={}
2026-07-05 15:14:17 | INFO | Finished: https://api.gbif.org/v1/species/1071563/children | total=1
2026-07-05 15:14:17 | INFO | Randomly selected 1/1 children for taxon 1071563
2026-07-05 15:14:17 | INFO | Taxon key 1071563 has 1 children
2026-07-05 15:14:17 | INFO | Fetching: https://api.gbif.org/v1/species/7988841/children | params={}
2026-07-05 15:14:17 | INFO | Finished: https://api.gbif.org/v1/species/7988841/children | total=2
2026-07-05 15:14:17 | INFO | Fetching: https://api.gbif.org/v1/species/7988841/children | params={}
2026-07-05 15:14:17 | INFO | Finished: https://api.gbif.org/v1/species/7988841/children | total=2
2026-07-05 15:14:17 | INFO | Randomly selected 2/2 children for taxon 7988841
2026-07-05 15:14:17 | INFO | Taxon key 7988841 has 2 children
2026-07-05 15:14:17 | INFO | Fetching: https://api.gbif.org/v1/species/1071864/children | params={}
2026-07-05 15:14:17 | INFO | Finished: https://api.gbif.org/v1/species/1071864/children | total=51
2026-07-05 15:14:17 | INFO | Fetching: https://api.gbif.org/v1/species/1071864/children | params={}
2026-07-05 15:14:18 | INFO | Finished: https://api.gbif.org/v1/species/1071864/children | total=51
2026-07-05 15:14:18 | INFO | Randomly selected 51/51 children for taxon 1071864
2026-07-05 15:14:18 | INFO | Taxon key 1071864 has 51 children
2026-07-05 15:14:18 | INFO | Fetching: https://api.gbif.org/v1/species/1071878/children | params={}
2026-07-05 15:14:18 | INFO | Finished: https://api.gbif.org/v1/species/1071878/children | total=3
2026-07-05 15:14:18 | INFO | Fetching: https://api.gbif.org/v1/species/1071878/children | params={}
2026-07-05 15:14:18 | INFO | Finished: https://api.gbif.org/v1/species/1071878/children | total=3
2026-07-05 15:14:18 | INFO | Randomly selected 3/3 children for taxon 1071878
2026-07-05 15:14:18 | INFO | Taxon key 1071878 has 3 children
2026-07-05 15:14:18 | INFO | Fetching: https://api.gbif.org/v1/species/7851/children | params={}
2026-07-05 15:14:18 | INFO | Finished: https://api.gbif.org/v1/species/7851/children | total=3
2026-07-05 15:14:18 | INFO | Fetching: https://api.gbif.org/v1/species/7851/children | params={}
2026-07-05 15:14:18 | INFO | Finished: https://api.gbif.org/v1/species/7851/children | total=3
2026-07-05 15:14:18 | INFO | Randomly selected 3/3 children for taxon 7851
2026-07-05 15:14:18 | INFO | Taxon key 7851 has 3 children
2026-07-05 15:14:18 | INFO | Fetching: https://api.gbif.org/v1/species/1043796/children | params={}
2026-07-05 15:14:19 | INFO | Finished: https://api.gbif.org/v1/species/1043796/children | total=6
2026-07-05 15:14:19 | INFO | Fetching: https://api.gbif.org/v1/species/1043796/children | params={}
2026-07-05 15:14:19 | INFO | Finished: https://api.gbif.org/v1/species/1043796/children | total=6
2026-07-05 15:14:19 | INFO | Randomly selected 6/6 children for taxon 1043796
2026-07-05 15:14:19 | INFO | Taxon key 1043796 has 6 children
2026-07-05 15:14:19 | INFO | Fetching: https://api.gbif.org/v1/species/9351939/children | params={}
2026-07-05 15:14:19 | INFO | Finished: https://api.gbif.org/v1/species/9351939/children | total=1
2026-07-05 15:14:19 | INFO | Fetching: https://api.gbif.org/v1/species/9351939/children | params={}
2026-07-05 15:14:19 | INFO | Finished: https://api.gbif.org/v1/species/9351939/children | total=1
2026-07-05 15:14:19 | INFO | Randomly selected 1/1 children for taxon 9351939
2026-07-05 15:14:19 | INFO | Taxon key 9351939 has 1 children
2026-07-05 15:14:19 | INFO | Fetching: https://api.gbif.org/v1/species/4717658/children | params={}
2026-07-05 15:14:19 | INFO | Finished: https://api.gbif.org/v1/species/4717658/children | total=1
2026-07-05 15:14:19 | INFO | Fetching: https://api.gbif.org/v1/species/4717658/children | params={}
2026-07-05 15:14:20 | INFO | Finished: https://api.gbif.org/v1/species/4717658/children | total=1
2026-07-05 15:14:20 | INFO | Randomly selected 1/1 children for taxon 4717658
2026-07-05 15:14:20 | INFO | Taxon key 4717658 has 1 children
2026-07-05 15:14:20 | INFO | Fetching: https://api.gbif.org/v1/species/4765117/children | params={}
2026-07-05 15:14:20 | INFO | Finished: https://api.gbif.org/v1/species/4765117/children | total=4
2026-07-05 15:14:20 | INFO | Fetching: https://api.gbif.org/v1/species/4765117/children | params={}
2026-07-05 15:14:20 | INFO | Finished: https://api.gbif.org/v1/species/4765117/children | total=4
2026-07-05 15:14:20 | INFO | Randomly selected 4/4 children for taxon 4765117
2026-07-05 15:14:20 | INFO | Taxon key 4765117 has 4 children
2026-07-05 15:14:20 | INFO | Fetching: https://api.gbif.org/v1/species/4740/children | params={}
2026-07-05 15:14:20 | INFO | Finished: https://api.gbif.org/v1/species/4740/children | total=44
2026-07-05 15:14:20 | INFO | Fetching: https://api.gbif.org/v1/species/4740/children | params={}
2026-07-05 15:14:21 | INFO | Finished: https://api.gbif.org/v1/species/4740/children | total=44
2026-07-05 15:14:21 | INFO | Randomly selected 44/44 children for taxon 4740
2026-07-05 15:14:21 | INFO | Taxon key 4740 has 44 children
2026-07-05 15:14:21 | INFO | Fetching: https://api.gbif.org/v1/species/9265112/children | params={}
2026-07-05 15:14:21 | INFO | Finished: https://api.gbif.org/v1/species/9265112/children | total=6
2026-07-05 15:14:21 | INFO | Fetching: https://api.gbif.org/v1/species/9265112/children | params={}
2026-07-05 15:14:21 | INFO | Finished: https://api.gbif.org/v1/species/9265112/children | total=6
2026-07-05 15:14:21 | INFO | Randomly selected 6/6 children for taxon 9265112
2026-07-05 15:14:21 | INFO | Taxon key 9265112 has 6 children
2026-07-05 15:14:21 | INFO | Fetching: https://api.gbif.org/v1/species/1047282/children | params={}
2026-07-05 15:14:21 | INFO | Finished: https://api.gbif.org/v1/species/1047282/children | total=102
2026-07-05 15:14:21 | INFO | Fetching: https://api.gbif.org/v1/species/1047282/children | params={}
2026-07-05 15:14:22 | INFO | Finished: https://api.gbif.org/v1/species/1047282/children | total=102
2026-07-05 15:14:22 | INFO | Randomly selected 102/102 children for taxon 1047282
2026-07-05 15:14:22 | INFO | Taxon key 1047282 has 102 children
2026-07-05 15:14:22 | INFO | Fetching: https://api.gbif.org/v1/species/4460850/children | params={}
2026-07-05 15:14:22 | INFO | Finished: https://api.gbif.org/v1/species/4460850/children | total=1
2026-07-05 15:14:22 | INFO | Fetching: https://api.gbif.org/v1/species/4460850/children | params={}
2026-07-05 15:14:22 | INFO | Finished: https://api.gbif.org/v1/species/4460850/children | total=1
2026-07-05 15:14:22 | INFO | Randomly selected 1/1 children for taxon 4460850
2026-07-05 15:14:22 | INFO | Taxon key 4460850 has 1 children
2026-07-05 15:14:22 | INFO | Fetching: https://api.gbif.org/v1/species/1047283/children | params={}
2026-07-05 15:14:22 | INFO | Finished: https://api.gbif.org/v1/species/1047283/children | total=1
2026-07-05 15:14:22 | INFO | Fetching: https://api.gbif.org/v1/species/1047283/children | params={}
2026-07-05 15:14:22 | INFO | Finished: https://api.gbif.org/v1/species/1047283/children | total=1
2026-07-05 15:14:22 | INFO | Randomly selected 1/1 children for taxon 1047283
2026-07-05 15:14:22 | INFO | Taxon key 1047283 has 1 children
2026-07-05 15:14:22 | INFO | Fetching: https://api.gbif.org/v1/species/6949933/children | params={}
2026-07-05 15:14:22 | INFO | Finished: https://api.gbif.org/v1/species/6949933/children | total=1
2026-07-05 15:14:22 | INFO | Fetching: https://api.gbif.org/v1/species/6949933/children | params={}
2026-07-05 15:14:23 | INFO | Finished: https://api.gbif.org/v1/species/6949933/children | total=1
2026-07-05 15:14:23 | INFO | Randomly selected 1/1 children for taxon 6949933
2026-07-05 15:14:23 | INFO | Taxon key 6949933 has 1 children
2026-07-05 15:14:23 | INFO | Fetching: https://api.gbif.org/v1/species/5736929/children | params={}
2026-07-05 15:14:23 | INFO | Finished: https://api.gbif.org/v1/species/5736929/children | total=2
2026-07-05 15:14:23 | INFO | Fetching: https://api.gbif.org/v1/species/5736929/children | params={}
2026-07-05 15:14:23 | INFO | Finished: https://api.gbif.org/v1/species/5736929/children | total=2
2026-07-05 15:14:23 | INFO | Randomly selected 2/2 children for taxon 5736929
2026-07-05 15:14:23 | INFO | Taxon key 5736929 has 2 children
2026-07-05 15:14:23 | INFO | Fetching: https://api.gbif.org/v1/species/4460852/children | params={}
2026-07-05 15:14:23 | INFO | Finished: https://api.gbif.org/v1/species/4460852/children | total=1
2026-07-05 15:14:23 | INFO | Fetching: https://api.gbif.org/v1/species/4460852/children | params={}
2026-07-05 15:14:23 | INFO | Finished: https://api.gbif.org/v1/species/4460852/children | total=1
2026-07-05 15:14:23 | INFO | Randomly selected 1/1 children for taxon 4460852
2026-07-05 15:14:23 | INFO | Taxon key 4460852 has 1 children
2026-07-05 15:14:23 | INFO | Fetching: https://api.gbif.org/v1/species/3263196/children | params={}
2026-07-05 15:14:24 | INFO | Finished: https://api.gbif.org/v1/species/3263196/children | total=53
2026-07-05 15:14:24 | INFO | Fetching: https://api.gbif.org/v1/species/3263196/children | params={}
2026-07-05 15:14:24 | INFO | Finished: https://api.gbif.org/v1/species/3263196/children | total=53
2026-07-05 15:14:24 | INFO | Randomly selected 53/53 children for taxon 3263196
2026-07-05 15:14:24 | INFO | Taxon key 3263196 has 53 children
2026-07-05 15:14:24 | INFO | Fetching: https://api.gbif.org/v1/species/4741679/children | params={}
2026-07-05 15:14:24 | INFO | Finished: https://api.gbif.org/v1/species/4741679/children | total=23
2026-07-05 15:14:24 | INFO | Fetching: https://api.gbif.org/v1/species/4741679/children | params={}
2026-07-05 15:14:24 | INFO | Finished: https://api.gbif.org/v1/species/4741679/children | total=23
2026-07-05 15:14:24 | INFO | Randomly selected 23/23 children for taxon 4741679
2026-07-05 15:14:24 | INFO | Taxon key 4741679 has 23 children
2026-07-05 15:14:24 | INFO | Fetching: https://api.gbif.org/v1/species/4746094/children | params={}
2026-07-05 15:14:25 | INFO | Finished: https://api.gbif.org/v1/species/4746094/children | total=1
2026-07-05 15:14:25 | INFO | Fetching: https://api.gbif.org/v1/species/4746094/children | params={}
2026-07-05 15:14:25 | INFO | Finished: https://api.gbif.org/v1/species/4746094/children | total=1
2026-07-05 15:14:25 | INFO | Randomly selected 1/1 children for taxon 4746094
2026-07-05 15:14:25 | INFO | Taxon key 4746094 has 1 children
2026-07-05 15:14:25 | INFO | Fetching: https://api.gbif.org/v1/species/7005334/children | params={}
2026-07-05 15:14:25 | INFO | Finished: https://api.gbif.org/v1/species/7005334/children | total=1
2026-07-05 15:14:25 | INFO | Fetching: https://api.gbif.org/v1/species/7005334/children | params={}
2026-07-05 15:14:25 | INFO | Finished: https://api.gbif.org/v1/species/7005334/children | total=1
2026-07-05 15:14:25 | INFO | Randomly selected 1/1 children for taxon 7005334
2026-07-05 15:14:25 | INFO | Taxon key 7005334 has 1 children
2026-07-05 15:14:25 | INFO | Fetching: https://api.gbif.org/v1/species/4725775/children | params={}
2026-07-05 15:14:26 | INFO | Finished: https://api.gbif.org/v1/species/4725775/children | total=47
2026-07-05 15:14:26 | INFO | Fetching: https://api.gbif.org/v1/species/4725775/children | params={}
2026-07-05 15:14:26 | INFO | Finished: https://api.gbif.org/v1/species/4725775/children | total=47
2026-07-05 15:14:26 | INFO | Randomly selected 47/47 children for taxon 4725775
2026-07-05 15:14:26 | INFO | Taxon key 4725775 has 47 children
2026-07-05 15:14:26 | INFO | Fetching: https://api.gbif.org/v1/species/4739882/children | params={}
2026-07-05 15:14:26 | INFO | Finished: https://api.gbif.org/v1/species/4739882/children | total=4
2026-07-05 15:14:26 | INFO | Fetching: https://api.gbif.org/v1/species/4739882/children | params={}
2026-07-05 15:14:26 | INFO | Finished: https://api.gbif.org/v1/species/4739882/children | total=4
2026-07-05 15:14:26 | INFO | Randomly selected 4/4 children for taxon 4739882
2026-07-05 15:14:26 | INFO | Taxon key 4739882 has 4 children
2026-07-05 15:14:26 | INFO | Fetching: https://api.gbif.org/v1/species/4572442/children | params={}
2026-07-05 15:14:26 | INFO | Finished: https://api.gbif.org/v1/species/4572442/children | total=1
2026-07-05 15:14:26 | INFO | Fetching: https://api.gbif.org/v1/species/4572442/children | params={}
2026-07-05 15:14:27 | INFO | Finished: https://api.gbif.org/v1/species/4572442/children | total=1
2026-07-05 15:14:27 | INFO | Randomly selected 1/1 children for taxon 4572442
2026-07-05 15:14:27 | INFO | Taxon key 4572442 has 1 children
2026-07-05 15:14:27 | INFO | Fetching: https://api.gbif.org/v1/species/1047291/children | params={}
2026-07-05 15:14:27 | INFO | Finished: https://api.gbif.org/v1/species/1047291/children | total=2
2026-07-05 15:14:27 | INFO | Fetching: https://api.gbif.org/v1/species/1047291/children | params={}
2026-07-05 15:14:27 | INFO | Finished: https://api.gbif.org/v1/species/1047291/children | total=2
2026-07-05 15:14:27 | INFO | Randomly selected 2/2 children for taxon 1047291
2026-07-05 15:14:27 | INFO | Taxon key 1047291 has 2 children
2026-07-05 15:14:27 | INFO | Fetching: https://api.gbif.org/v1/species/4763811/children | params={}
2026-07-05 15:14:27 | INFO | Finished: https://api.gbif.org/v1/species/4763811/children | total=1
2026-07-05 15:14:27 | INFO | Fetching: https://api.gbif.org/v1/species/4763811/children | params={}
2026-07-05 15:14:27 | INFO | Finished: https://api.gbif.org/v1/species/4763811/children | total=1
2026-07-05 15:14:27 | INFO | Randomly selected 1/1 children for taxon 4763811
2026-07-05 15:14:27 | INFO | Taxon key 4763811 has 1 children
2026-07-05 15:14:27 | INFO | Fetching: https://api.gbif.org/v1/species/7005330/children | params={}
2026-07-05 15:14:28 | INFO | Finished: https://api.gbif.org/v1/species/7005330/children | total=1
2026-07-05 15:14:28 | INFO | Fetching: https://api.gbif.org/v1/species/7005330/children | params={}
2026-07-05 15:14:28 | INFO | Finished: https://api.gbif.org/v1/species/7005330/children | total=1
2026-07-05 15:14:28 | INFO | Randomly selected 1/1 children for taxon 7005330
2026-07-05 15:14:28 | INFO | Taxon key 7005330 has 1 children
2026-07-05 15:14:28 | INFO | Fetching: https://api.gbif.org/v1/species/4765351/children | params={}
2026-07-05 15:14:28 | INFO | Finished: https://api.gbif.org/v1/species/4765351/children | total=1
2026-07-05 15:14:28 | INFO | Fetching: https://api.gbif.org/v1/species/4765351/children | params={}
2026-07-05 15:14:28 | INFO | Finished: https://api.gbif.org/v1/species/4765351/children | total=1
2026-07-05 15:14:28 | INFO | Randomly selected 1/1 children for taxon 4765351
2026-07-05 15:14:28 | INFO | Taxon key 4765351 has 1 children
2026-07-05 15:14:28 | INFO | Fetching: https://api.gbif.org/v1/species/7005331/children | params={}
2026-07-05 15:14:28 | INFO | Finished: https://api.gbif.org/v1/species/7005331/children | total=1
2026-07-05 15:14:28 | INFO | Fetching: https://api.gbif.org/v1/species/7005331/children | params={}
2026-07-05 15:14:28 | INFO | Finished: https://api.gbif.org/v1/species/7005331/children | total=1
2026-07-05 15:14:28 | INFO | Randomly selected 1/1 children for taxon 7005331
2026-07-05 15:14:28 | INFO | Taxon key 7005331 has 1 children
2026-07-05 15:14:28 | INFO | Fetching: https://api.gbif.org/v1/species/3263197/children | params={}
2026-07-05 15:14:29 | INFO | Finished: https://api.gbif.org/v1/species/3263197/children | total=46
2026-07-05 15:14:29 | INFO | Fetching: https://api.gbif.org/v1/species/3263197/children | params={}
2026-07-05 15:14:29 | INFO | Finished: https://api.gbif.org/v1/species/3263197/children | total=46
2026-07-05 15:14:29 | INFO | Randomly selected 46/46 children for taxon 3263197
2026-07-05 15:14:29 | INFO | Taxon key 3263197 has 46 children
2026-07-05 15:14:29 | INFO | Fetching: https://api.gbif.org/v1/species/4748139/children | params={}
2026-07-05 15:14:29 | INFO | Finished: https://api.gbif.org/v1/species/4748139/children | total=147
2026-07-05 15:14:29 | INFO | Fetching: https://api.gbif.org/v1/species/4748139/children | params={}
2026-07-05 15:14:30 | INFO | Finished: https://api.gbif.org/v1/species/4748139/children | total=147
2026-07-05 15:14:30 | INFO | Randomly selected 147/147 children for taxon 4748139
2026-07-05 15:14:30 | INFO | Taxon key 4748139 has 147 children
2026-07-05 15:14:30 | INFO | Fetching: https://api.gbif.org/v1/species/10781067/children | params={}
2026-07-05 15:14:30 | INFO | Finished: https://api.gbif.org/v1/species/10781067/children | total=1
2026-07-05 15:14:30 | INFO | Fetching: https://api.gbif.org/v1/species/10781067/children | params={}
2026-07-05 15:14:30 | INFO | Finished: https://api.gbif.org/v1/species/10781067/children | total=1
2026-07-05 15:14:30 | INFO | Randomly selected 1/1 children for taxon 10781067
2026-07-05 15:14:30 | INFO | Taxon key 10781067 has 1 children
2026-07-05 15:14:30 | INFO | Fetching: https://api.gbif.org/v1/species/9447403/children | params={}
2026-07-05 15:14:30 | INFO | Finished: https://api.gbif.org/v1/species/9447403/children | total=17
2026-07-05 15:14:30 | INFO | Fetching: https://api.gbif.org/v1/species/9447403/children | params={}
2026-07-05 15:14:31 | INFO | Finished: https://api.gbif.org/v1/species/9447403/children | total=17
2026-07-05 15:14:31 | INFO | Randomly selected 17/17 children for taxon 9447403
2026-07-05 15:14:31 | INFO | Taxon key 9447403 has 17 children
2026-07-05 15:14:31 | INFO | Fetching: https://api.gbif.org/v1/species/4737039/children | params={}
2026-07-05 15:14:31 | INFO | Finished: https://api.gbif.org/v1/species/4737039/children | total=35
2026-07-05 15:14:31 | INFO | Fetching: https://api.gbif.org/v1/species/4737039/children | params={}
2026-07-05 15:14:31 | INFO | Finished: https://api.gbif.org/v1/species/4737039/children | total=35
2026-07-05 15:14:31 | INFO | Randomly selected 35/35 children for taxon 4737039
2026-07-05 15:14:31 | INFO | Taxon key 4737039 has 35 children
2026-07-05 15:14:31 | INFO | Fetching: https://api.gbif.org/v1/species/7005384/children | params={}
2026-07-05 15:14:31 | INFO | Finished: https://api.gbif.org/v1/species/7005384/children | total=1
2026-07-05 15:14:31 | INFO | Fetching: https://api.gbif.org/v1/species/7005384/children | params={}
2026-07-05 15:14:31 | INFO | Finished: https://api.gbif.org/v1/species/7005384/children | total=1
2026-07-05 15:14:31 | INFO | Randomly selected 1/1 children for taxon 7005384
2026-07-05 15:14:31 | INFO | Taxon key 7005384 has 1 children
2026-07-05 15:14:31 | INFO | Fetching: https://api.gbif.org/v1/species/11523284/children | params={}
2026-07-05 15:14:32 | INFO | Finished: https://api.gbif.org/v1/species/11523284/children | total=1
2026-07-05 15:14:32 | INFO | Fetching: https://api.gbif.org/v1/species/11523284/children | params={}
2026-07-05 15:14:32 | INFO | Finished: https://api.gbif.org/v1/species/11523284/children | total=1
2026-07-05 15:14:32 | INFO | Randomly selected 1/1 children for taxon 11523284
2026-07-05 15:14:32 | INFO | Taxon key 11523284 has 1 children
2026-07-05 15:14:32 | INFO | Fetching: https://api.gbif.org/v1/species/7005446/children | params={}
2026-07-05 15:14:32 | INFO | Finished: https://api.gbif.org/v1/species/7005446/children | total=29
2026-07-05 15:14:32 | INFO | Fetching: https://api.gbif.org/v1/species/7005446/children | params={}
2026-07-05 15:14:32 | INFO | Finished: https://api.gbif.org/v1/species/7005446/children | total=29
2026-07-05 15:14:32 | INFO | Randomly selected 29/29 children for taxon 7005446
2026-07-05 15:14:32 | INFO | Taxon key 7005446 has 29 children
2026-07-05 15:14:32 | INFO | Fetching: https://api.gbif.org/v1/species/4731385/children | params={}
2026-07-05 15:14:33 | INFO | Finished: https://api.gbif.org/v1/species/4731385/children | total=6
2026-07-05 15:14:33 | INFO | Fetching: https://api.gbif.org/v1/species/4731385/children | params={}
2026-07-05 15:14:33 | INFO | Finished: https://api.gbif.org/v1/species/4731385/children | total=6
2026-07-05 15:14:33 | INFO | Randomly selected 6/6 children for taxon 4731385
2026-07-05 15:14:33 | INFO | Taxon key 4731385 has 6 children
2026-07-05 15:14:33 | INFO | Fetching: https://api.gbif.org/v1/species/4743175/children | params={}
2026-07-05 15:14:33 | INFO | Finished: https://api.gbif.org/v1/species/4743175/children | total=2
2026-07-05 15:14:33 | INFO | Fetching: https://api.gbif.org/v1/species/4743175/children | params={}
2026-07-05 15:14:33 | INFO | Finished: https://api.gbif.org/v1/species/4743175/children | total=2
2026-07-05 15:14:33 | INFO | Randomly selected 2/2 children for taxon 4743175
2026-07-05 15:14:33 | INFO | Taxon key 4743175 has 2 children
2026-07-05 15:14:33 | INFO | Fetching: https://api.gbif.org/v1/species/7005603/children | params={}
2026-07-05 15:14:34 | INFO | Finished: https://api.gbif.org/v1/species/7005603/children | total=4
2026-07-05 15:14:34 | INFO | Fetching: https://api.gbif.org/v1/species/7005603/children | params={}
2026-07-05 15:14:34 | INFO | Finished: https://api.gbif.org/v1/species/7005603/children | total=4
2026-07-05 15:14:34 | INFO | Randomly selected 4/4 children for taxon 7005603
2026-07-05 15:14:34 | INFO | Taxon key 7005603 has 4 children
2026-07-05 15:14:34 | INFO | Fetching: https://api.gbif.org/v1/species/7005335/children | params={}
2026-07-05 15:14:34 | INFO | Finished: https://api.gbif.org/v1/species/7005335/children | total=3
2026-07-05 15:14:34 | INFO | Fetching: https://api.gbif.org/v1/species/7005335/children | params={}
2026-07-05 15:14:34 | INFO | Finished: https://api.gbif.org/v1/species/7005335/children | total=3
2026-07-05 15:14:34 | INFO | Randomly selected 3/3 children for taxon 7005335
2026-07-05 15:14:34 | INFO | Taxon key 7005335 has 3 children
2026-07-05 15:14:34 | INFO | Fetching: https://api.gbif.org/v1/species/4718362/children | params={}
2026-07-05 15:14:34 | INFO | Finished: https://api.gbif.org/v1/species/4718362/children | total=1
2026-07-05 15:14:34 | INFO | Fetching: https://api.gbif.org/v1/species/4718362/children | params={}
2026-07-05 15:14:34 | INFO | Finished: https://api.gbif.org/v1/species/4718362/children | total=1
2026-07-05 15:14:34 | INFO | Randomly selected 1/1 children for taxon 4718362
2026-07-05 15:14:34 | INFO | Taxon key 4718362 has 1 children
2026-07-05 15:14:34 | INFO | Fetching: https://api.gbif.org/v1/species/4755282/children | params={}
2026-07-05 15:14:35 | INFO | Finished: https://api.gbif.org/v1/species/4755282/children | total=1
2026-07-05 15:14:35 | INFO | Fetching: https://api.gbif.org/v1/species/4755282/children | params={}
2026-07-05 15:14:35 | INFO | Finished: https://api.gbif.org/v1/species/4755282/children | total=1
2026-07-05 15:14:35 | INFO | Randomly selected 1/1 children for taxon 4755282
2026-07-05 15:14:35 | INFO | Taxon key 4755282 has 1 children
2026-07-05 15:14:35 | INFO | Fetching: https://api.gbif.org/v1/species/4736073/children | params={}
2026-07-05 15:14:35 | INFO | Finished: https://api.gbif.org/v1/species/4736073/children | total=2
2026-07-05 15:14:35 | INFO | Fetching: https://api.gbif.org/v1/species/4736073/children | params={}
2026-07-05 15:14:35 | INFO | Finished: https://api.gbif.org/v1/species/4736073/children | total=2
2026-07-05 15:14:35 | INFO | Randomly selected 2/2 children for taxon 4736073
2026-07-05 15:14:35 | INFO | Taxon key 4736073 has 2 children
2026-07-05 15:14:35 | INFO | Fetching: https://api.gbif.org/v1/species/4716240/children | params={}
2026-07-05 15:14:35 | INFO | Finished: https://api.gbif.org/v1/species/4716240/children | total=1
2026-07-05 15:14:35 | INFO | Fetching: https://api.gbif.org/v1/species/4716240/children | params={}
2026-07-05 15:14:36 | INFO | Finished: https://api.gbif.org/v1/species/4716240/children | total=1
2026-07-05 15:14:36 | INFO | Randomly selected 1/1 children for taxon 4716240
2026-07-05 15:14:36 | INFO | Taxon key 4716240 has 1 children
2026-07-05 15:14:36 | INFO | Fetching: https://api.gbif.org/v1/species/4747267/children | params={}
2026-07-05 15:14:36 | INFO | Finished: https://api.gbif.org/v1/species/4747267/children | total=1
2026-07-05 15:14:36 | INFO | Fetching: https://api.gbif.org/v1/species/4747267/children | params={}
2026-07-05 15:14:36 | INFO | Finished: https://api.gbif.org/v1/species/4747267/children | total=1
2026-07-05 15:14:36 | INFO | Randomly selected 1/1 children for taxon 4747267
2026-07-05 15:14:36 | INFO | Taxon key 4747267 has 1 children
2026-07-05 15:14:36 | INFO | Fetching: https://api.gbif.org/v1/species/4761351/children | params={}
2026-07-05 15:14:36 | INFO | Finished: https://api.gbif.org/v1/species/4761351/children | total=18
2026-07-05 15:14:36 | INFO | Fetching: https://api.gbif.org/v1/species/4761351/children | params={}
2026-07-05 15:14:36 | INFO | Finished: https://api.gbif.org/v1/species/4761351/children | total=18
2026-07-05 15:14:36 | INFO | Randomly selected 18/18 children for taxon 4761351
2026-07-05 15:14:36 | INFO | Taxon key 4761351 has 18 children
2026-07-05 15:14:36 | INFO | Fetching: https://api.gbif.org/v1/species/4748141/children | params={}
2026-07-05 15:14:37 | INFO | Finished: https://api.gbif.org/v1/species/4748141/children | total=54
2026-07-05 15:14:37 | INFO | Fetching: https://api.gbif.org/v1/species/4748141/children | params={}
2026-07-05 15:14:37 | INFO | Finished: https://api.gbif.org/v1/species/4748141/children | total=54
2026-07-05 15:14:37 | INFO | Randomly selected 54/54 children for taxon 4748141
2026-07-05 15:14:37 | INFO | Taxon key 4748141 has 54 children
2026-07-05 15:14:37 | INFO | Fetching: https://api.gbif.org/v1/species/7849/children | params={}
2026-07-05 15:14:37 | INFO | Finished: https://api.gbif.org/v1/species/7849/children | total=286
2026-07-05 15:14:37 | INFO | Fetching: https://api.gbif.org/v1/species/7849/children | params={}
2026-07-05 15:14:38 | INFO | Finished: https://api.gbif.org/v1/species/7849/children | total=286
2026-07-05 15:14:38 | INFO | Randomly selected 200/200 children for taxon 7849
2026-07-05 15:14:38 | INFO | Taxon key 7849 has 200 children
2026-07-05 15:14:38 | INFO | Fetching: https://api.gbif.org/v1/species/8747401/children | params={}
2026-07-05 15:14:38 | INFO | Finished: https://api.gbif.org/v1/species/8747401/children | total=4
2026-07-05 15:14:38 | INFO | Fetching: https://api.gbif.org/v1/species/8747401/children | params={}
2026-07-05 15:14:38 | INFO | Finished: https://api.gbif.org/v1/species/8747401/children | total=4
2026-07-05 15:14:38 | INFO | Randomly selected 4/4 children for taxon 8747401
2026-07-05 15:14:38 | INFO | Taxon key 8747401 has 4 children
2026-07-05 15:14:38 | INFO | Fetching: https://api.gbif.org/v1/species/11863160/children | params={}
2026-07-05 15:14:38 | INFO | Finished: https://api.gbif.org/v1/species/11863160/children | total=4
2026-07-05 15:14:38 | INFO | Fetching: https://api.gbif.org/v1/species/11863160/children | params={}
2026-07-05 15:14:39 | INFO | Finished: https://api.gbif.org/v1/species/11863160/children | total=4
2026-07-05 15:14:39 | INFO | Randomly selected 4/4 children for taxon 11863160
2026-07-05 15:14:39 | INFO | Taxon key 11863160 has 4 children
2026-07-05 15:14:39 | INFO | Fetching: https://api.gbif.org/v1/species/8580963/children | params={}
2026-07-05 15:14:39 | INFO | Finished: https://api.gbif.org/v1/species/8580963/children | total=43
2026-07-05 15:14:39 | INFO | Fetching: https://api.gbif.org/v1/species/8580963/children | params={}
2026-07-05 15:14:39 | INFO | Finished: https://api.gbif.org/v1/species/8580963/children | total=43
2026-07-05 15:14:39 | INFO | Randomly selected 43/43 children for taxon 8580963
2026-07-05 15:14:39 | INFO | Taxon key 8580963 has 43 children
2026-07-05 15:14:39 | INFO | Fetching: https://api.gbif.org/v1/species/8636116/children | params={}
2026-07-05 15:14:39 | INFO | Finished: https://api.gbif.org/v1/species/8636116/children | total=3
2026-07-05 15:14:39 | INFO | Fetching: https://api.gbif.org/v1/species/8636116/children | params={}
2026-07-05 15:14:40 | INFO | Finished: https://api.gbif.org/v1/species/8636116/children | total=3
2026-07-05 15:14:40 | INFO | Randomly selected 3/3 children for taxon 8636116
2026-07-05 15:14:40 | INFO | Taxon key 8636116 has 3 children
2026-07-05 15:14:40 | INFO | Fetching: https://api.gbif.org/v1/species/4762919/children | params={}
2026-07-05 15:14:40 | INFO | Finished: https://api.gbif.org/v1/species/4762919/children | total=6
2026-07-05 15:14:40 | INFO | Fetching: https://api.gbif.org/v1/species/4762919/children | params={}
2026-07-05 15:14:40 | INFO | Finished: https://api.gbif.org/v1/species/4762919/children | total=6
2026-07-05 15:14:40 | INFO | Randomly selected 6/6 children for taxon 4762919
2026-07-05 15:14:40 | INFO | Taxon key 4762919 has 6 children
2026-07-05 15:14:40 | INFO | Fetching: https://api.gbif.org/v1/species/9393405/children | params={}
2026-07-05 15:14:40 | INFO | Finished: https://api.gbif.org/v1/species/9393405/children | total=1
2026-07-05 15:14:40 | INFO | Fetching: https://api.gbif.org/v1/species/9393405/children | params={}
2026-07-05 15:14:40 | INFO | Finished: https://api.gbif.org/v1/species/9393405/children | total=1
2026-07-05 15:14:40 | INFO | Randomly selected 1/1 children for taxon 9393405
2026-07-05 15:14:40 | INFO | Taxon key 9393405 has 1 children
2026-07-05 15:14:40 | INFO | Fetching: https://api.gbif.org/v1/species/4762704/children | params={}
2026-07-05 15:14:40 | INFO | Finished: https://api.gbif.org/v1/species/4762704/children | total=4
2026-07-05 15:14:40 | INFO | Fetching: https://api.gbif.org/v1/species/4762704/children | params={}
2026-07-05 15:14:41 | INFO | Finished: https://api.gbif.org/v1/species/4762704/children | total=4
2026-07-05 15:14:41 | INFO | Randomly selected 4/4 children for taxon 4762704
2026-07-05 15:14:41 | INFO | Taxon key 4762704 has 4 children
2026-07-05 15:14:41 | INFO | Fetching: https://api.gbif.org/v1/species/4735156/children | params={}
2026-07-05 15:14:41 | INFO | Finished: https://api.gbif.org/v1/species/4735156/children | total=2
2026-07-05 15:14:41 | INFO | Fetching: https://api.gbif.org/v1/species/4735156/children | params={}
2026-07-05 15:14:41 | INFO | Finished: https://api.gbif.org/v1/species/4735156/children | total=2
2026-07-05 15:14:41 | INFO | Randomly selected 2/2 children for taxon 4735156
2026-07-05 15:14:41 | INFO | Taxon key 4735156 has 2 children
2026-07-05 15:14:41 | INFO | Fetching: https://api.gbif.org/v1/species/1161928/children | params={}
2026-07-05 15:14:41 | INFO | Finished: https://api.gbif.org/v1/species/1161928/children | total=112
2026-07-05 15:14:41 | INFO | Fetching: https://api.gbif.org/v1/species/1161928/children | params={}
2026-07-05 15:14:42 | INFO | Finished: https://api.gbif.org/v1/species/1161928/children | total=112
2026-07-05 15:14:42 | INFO | Randomly selected 112/112 children for taxon 1161928
2026-07-05 15:14:42 | INFO | Taxon key 1161928 has 112 children
2026-07-05 15:14:42 | INFO | Fetching: https://api.gbif.org/v1/species/8661075/children | params={}
2026-07-05 15:14:42 | INFO | Finished: https://api.gbif.org/v1/species/8661075/children | total=1
2026-07-05 15:14:42 | INFO | Fetching: https://api.gbif.org/v1/species/8661075/children | params={}
2026-07-05 15:14:42 | INFO | Finished: https://api.gbif.org/v1/species/8661075/children | total=1
2026-07-05 15:14:42 | INFO | Randomly selected 1/1 children for taxon 8661075
2026-07-05 15:14:42 | INFO | Taxon key 8661075 has 1 children
2026-07-05 15:14:42 | INFO | Fetching: https://api.gbif.org/v1/species/1161931/children | params={}
2026-07-05 15:14:42 | INFO | Finished: https://api.gbif.org/v1/species/1161931/children | total=1
2026-07-05 15:14:42 | INFO | Fetching: https://api.gbif.org/v1/species/1161931/children | params={}
2026-07-05 15:14:43 | INFO | Finished: https://api.gbif.org/v1/species/1161931/children | total=1
2026-07-05 15:14:43 | INFO | Randomly selected 1/1 children for taxon 1161931
2026-07-05 15:14:43 | INFO | Taxon key 1161931 has 1 children
2026-07-05 15:14:43 | INFO | Fetching: https://api.gbif.org/v1/species/4428230/children | params={}
2026-07-05 15:14:43 | INFO | Finished: https://api.gbif.org/v1/species/4428230/children | total=1
2026-07-05 15:14:43 | INFO | Fetching: https://api.gbif.org/v1/species/4428230/children | params={}
2026-07-05 15:14:43 | INFO | Finished: https://api.gbif.org/v1/species/4428230/children | total=1
2026-07-05 15:14:43 | INFO | Randomly selected 1/1 children for taxon 4428230
2026-07-05 15:14:43 | INFO | Taxon key 4428230 has 1 children
2026-07-05 15:14:43 | INFO | Fetching: https://api.gbif.org/v1/species/4762749/children | params={}
2026-07-05 15:14:43 | INFO | Finished: https://api.gbif.org/v1/species/4762749/children | total=1
2026-07-05 15:14:43 | INFO | Fetching: https://api.gbif.org/v1/species/4762749/children | params={}
2026-07-05 15:14:43 | INFO | Finished: https://api.gbif.org/v1/species/4762749/children | total=1
2026-07-05 15:14:43 | INFO | Randomly selected 1/1 children for taxon 4762749
2026-07-05 15:14:43 | INFO | Taxon key 4762749 has 1 children
2026-07-05 15:14:43 | INFO | Fetching: https://api.gbif.org/v1/species/4762717/children | params={}
2026-07-05 15:14:44 | INFO | Finished: https://api.gbif.org/v1/species/4762717/children | total=3
2026-07-05 15:14:44 | INFO | Fetching: https://api.gbif.org/v1/species/4762717/children | params={}
2026-07-05 15:14:44 | INFO | Finished: https://api.gbif.org/v1/species/4762717/children | total=3
2026-07-05 15:14:44 | INFO | Randomly selected 3/3 children for taxon 4762717
2026-07-05 15:14:44 | INFO | Taxon key 4762717 has 3 children
2026-07-05 15:14:44 | INFO | Fetching: https://api.gbif.org/v1/species/8676223/children | params={}
2026-07-05 15:14:44 | INFO | Finished: https://api.gbif.org/v1/species/8676223/children | total=1
2026-07-05 15:14:44 | INFO | Fetching: https://api.gbif.org/v1/species/8676223/children | params={}
2026-07-05 15:14:44 | INFO | Finished: https://api.gbif.org/v1/species/8676223/children | total=1
2026-07-05 15:14:44 | INFO | Randomly selected 1/1 children for taxon 8676223
2026-07-05 15:14:44 | INFO | Taxon key 8676223 has 1 children
2026-07-05 15:14:44 | INFO | Fetching: https://api.gbif.org/v1/species/9579471/children | params={}
2026-07-05 15:14:44 | INFO | Finished: https://api.gbif.org/v1/species/9579471/children | total=1
2026-07-05 15:14:44 | INFO | Fetching: https://api.gbif.org/v1/species/9579471/children | params={}
2026-07-05 15:14:45 | INFO | Finished: https://api.gbif.org/v1/species/9579471/children | total=1
2026-07-05 15:14:45 | INFO | Randomly selected 1/1 children for taxon 9579471
2026-07-05 15:14:45 | INFO | Taxon key 9579471 has 1 children
2026-07-05 15:14:45 | INFO | Fetching: https://api.gbif.org/v1/species/9574609/children | params={}
2026-07-05 15:14:45 | INFO | Finished: https://api.gbif.org/v1/species/9574609/children | total=41
2026-07-05 15:14:45 | INFO | Fetching: https://api.gbif.org/v1/species/9574609/children | params={}
2026-07-05 15:14:45 | INFO | Finished: https://api.gbif.org/v1/species/9574609/children | total=41
2026-07-05 15:14:45 | INFO | Randomly selected 41/41 children for taxon 9574609
2026-07-05 15:14:45 | INFO | Taxon key 9574609 has 41 children
2026-07-05 15:14:45 | INFO | Fetching: https://api.gbif.org/v1/species/9246645/children | params={}
2026-07-05 15:14:45 | INFO | Finished: https://api.gbif.org/v1/species/9246645/children | total=1
2026-07-05 15:14:45 | INFO | Fetching: https://api.gbif.org/v1/species/9246645/children | params={}
2026-07-05 15:14:46 | INFO | Finished: https://api.gbif.org/v1/species/9246645/children | total=1
2026-07-05 15:14:46 | INFO | Randomly selected 1/1 children for taxon 9246645
2026-07-05 15:14:46 | INFO | Taxon key 9246645 has 1 children
2026-07-05 15:14:46 | INFO | Fetching: https://api.gbif.org/v1/species/4745271/children | params={}
2026-07-05 15:14:46 | INFO | Finished: https://api.gbif.org/v1/species/4745271/children | total=1
2026-07-05 15:14:46 | INFO | Fetching: https://api.gbif.org/v1/species/4745271/children | params={}
2026-07-05 15:14:46 | INFO | Finished: https://api.gbif.org/v1/species/4745271/children | total=1
2026-07-05 15:14:46 | INFO | Randomly selected 1/1 children for taxon 4745271
2026-07-05 15:14:46 | INFO | Taxon key 4745271 has 1 children
2026-07-05 15:14:46 | INFO | Fetching: https://api.gbif.org/v1/species/4762702/children | params={}
2026-07-05 15:14:46 | INFO | Finished: https://api.gbif.org/v1/species/4762702/children | total=14
2026-07-05 15:14:46 | INFO | Fetching: https://api.gbif.org/v1/species/4762702/children | params={}
2026-07-05 15:14:46 | INFO | Finished: https://api.gbif.org/v1/species/4762702/children | total=14
2026-07-05 15:14:46 | INFO | Randomly selected 14/14 children for taxon 4762702
2026-07-05 15:14:46 | INFO | Taxon key 4762702 has 14 children
2026-07-05 15:14:46 | INFO | Fetching: https://api.gbif.org/v1/species/4762718/children | params={}
2026-07-05 15:14:47 | INFO | Finished: https://api.gbif.org/v1/species/4762718/children | total=6
2026-07-05 15:14:47 | INFO | Fetching: https://api.gbif.org/v1/species/4762718/children | params={}
2026-07-05 15:14:47 | INFO | Finished: https://api.gbif.org/v1/species/4762718/children | total=6
2026-07-05 15:14:47 | INFO | Randomly selected 6/6 children for taxon 4762718
2026-07-05 15:14:47 | INFO | Taxon key 4762718 has 6 children
2026-07-05 15:14:47 | INFO | Fetching: https://api.gbif.org/v1/species/4763525/children | params={}
2026-07-05 15:14:47 | INFO | Finished: https://api.gbif.org/v1/species/4763525/children | total=1
2026-07-05 15:14:47 | INFO | Fetching: https://api.gbif.org/v1/species/4763525/children | params={}
2026-07-05 15:14:47 | INFO | Finished: https://api.gbif.org/v1/species/4763525/children | total=1
2026-07-05 15:14:47 | INFO | Randomly selected 1/1 children for taxon 4763525
2026-07-05 15:14:47 | INFO | Taxon key 4763525 has 1 children
2026-07-05 15:14:47 | INFO | Fetching: https://api.gbif.org/v1/species/3262544/children | params={}
2026-07-05 15:14:47 | INFO | Finished: https://api.gbif.org/v1/species/3262544/children | total=1
2026-07-05 15:14:47 | INFO | Fetching: https://api.gbif.org/v1/species/3262544/children | params={}
2026-07-05 15:14:48 | INFO | Finished: https://api.gbif.org/v1/species/3262544/children | total=1
2026-07-05 15:14:48 | INFO | Randomly selected 1/1 children for taxon 3262544
2026-07-05 15:14:48 | INFO | Taxon key 3262544 has 1 children
2026-07-05 15:14:48 | INFO | Fetching: https://api.gbif.org/v1/species/8871226/children | params={}
2026-07-05 15:14:48 | INFO | Finished: https://api.gbif.org/v1/species/8871226/children | total=8
2026-07-05 15:14:48 | INFO | Fetching: https://api.gbif.org/v1/species/8871226/children | params={}
2026-07-05 15:14:48 | INFO | Finished: https://api.gbif.org/v1/species/8871226/children | total=8
2026-07-05 15:14:48 | INFO | Randomly selected 8/8 children for taxon 8871226
2026-07-05 15:14:48 | INFO | Taxon key 8871226 has 8 children
2026-07-05 15:14:48 | INFO | Fetching: https://api.gbif.org/v1/species/4762752/children | params={}
2026-07-05 15:14:48 | INFO | Finished: https://api.gbif.org/v1/species/4762752/children | total=1
2026-07-05 15:14:48 | INFO | Fetching: https://api.gbif.org/v1/species/4762752/children | params={}
2026-07-05 15:14:48 | INFO | Finished: https://api.gbif.org/v1/species/4762752/children | total=1
2026-07-05 15:14:48 | INFO | Randomly selected 1/1 children for taxon 4762752
2026-07-05 15:14:48 | INFO | Taxon key 4762752 has 1 children
2026-07-05 15:14:48 | INFO | Fetching: https://api.gbif.org/v1/species/9082357/children | params={}
2026-07-05 15:14:48 | INFO | Finished: https://api.gbif.org/v1/species/9082357/children | total=1
2026-07-05 15:14:48 | INFO | Fetching: https://api.gbif.org/v1/species/9082357/children | params={}
2026-07-05 15:14:49 | INFO | Finished: https://api.gbif.org/v1/species/9082357/children | total=1
2026-07-05 15:14:49 | INFO | Randomly selected 1/1 children for taxon 9082357
2026-07-05 15:14:49 | INFO | Taxon key 9082357 has 1 children
2026-07-05 15:14:49 | INFO | Fetching: https://api.gbif.org/v1/species/4762706/children | params={}
2026-07-05 15:14:49 | INFO | Finished: https://api.gbif.org/v1/species/4762706/children | total=1
2026-07-05 15:14:49 | INFO | Fetching: https://api.gbif.org/v1/species/4762706/children | params={}
2026-07-05 15:14:49 | INFO | Finished: https://api.gbif.org/v1/species/4762706/children | total=1
2026-07-05 15:14:49 | INFO | Randomly selected 1/1 children for taxon 4762706
2026-07-05 15:14:49 | INFO | Taxon key 4762706 has 1 children
2026-07-05 15:14:49 | INFO | Fetching: https://api.gbif.org/v1/species/4762716/children | params={}
2026-07-05 15:14:49 | INFO | Finished: https://api.gbif.org/v1/species/4762716/children | total=1
2026-07-05 15:14:49 | INFO | Fetching: https://api.gbif.org/v1/species/4762716/children | params={}
2026-07-05 15:14:49 | INFO | Finished: https://api.gbif.org/v1/species/4762716/children | total=1
2026-07-05 15:14:49 | INFO | Randomly selected 1/1 children for taxon 4762716
2026-07-05 15:14:49 | INFO | Taxon key 4762716 has 1 children
2026-07-05 15:14:49 | INFO | Fetching: https://api.gbif.org/v1/species/11373866/children | params={}
2026-07-05 15:14:50 | INFO | Finished: https://api.gbif.org/v1/species/11373866/children | total=1
2026-07-05 15:14:50 | INFO | Fetching: https://api.gbif.org/v1/species/11373866/children | params={}
2026-07-05 15:14:50 | INFO | Finished: https://api.gbif.org/v1/species/11373866/children | total=1
2026-07-05 15:14:50 | INFO | Randomly selected 1/1 children for taxon 11373866
2026-07-05 15:14:50 | INFO | Taxon key 11373866 has 1 children
2026-07-05 15:14:50 | INFO | Fetching: https://api.gbif.org/v1/species/4762751/children | params={}
2026-07-05 15:14:50 | INFO | Finished: https://api.gbif.org/v1/species/4762751/children | total=3
2026-07-05 15:14:50 | INFO | Fetching: https://api.gbif.org/v1/species/4762751/children | params={}
2026-07-05 15:14:50 | INFO | Finished: https://api.gbif.org/v1/species/4762751/children | total=3
2026-07-05 15:14:50 | INFO | Randomly selected 3/3 children for taxon 4762751
2026-07-05 15:14:50 | INFO | Taxon key 4762751 has 3 children
2026-07-05 15:14:50 | INFO | Fetching: https://api.gbif.org/v1/species/4747804/children | params={}
2026-07-05 15:14:50 | INFO | Finished: https://api.gbif.org/v1/species/4747804/children | total=5
2026-07-05 15:14:50 | INFO | Fetching: https://api.gbif.org/v1/species/4747804/children | params={}
2026-07-05 15:14:51 | INFO | Finished: https://api.gbif.org/v1/species/4747804/children | total=5
2026-07-05 15:14:51 | INFO | Randomly selected 5/5 children for taxon 4747804
2026-07-05 15:14:51 | INFO | Taxon key 4747804 has 5 children
2026-07-05 15:14:51 | INFO | Fetching: https://api.gbif.org/v1/species/1161923/children | params={}
2026-07-05 15:14:51 | INFO | Finished: https://api.gbif.org/v1/species/1161923/children | total=24
2026-07-05 15:14:51 | INFO | Fetching: https://api.gbif.org/v1/species/1161923/children | params={}
2026-07-05 15:14:51 | INFO | Finished: https://api.gbif.org/v1/species/1161923/children | total=24
2026-07-05 15:14:51 | INFO | Randomly selected 24/24 children for taxon 1161923
2026-07-05 15:14:51 | INFO | Taxon key 1161923 has 24 children
2026-07-05 15:14:51 | INFO | Fetching: https://api.gbif.org/v1/species/8742298/children | params={}
2026-07-05 15:14:51 | INFO | Finished: https://api.gbif.org/v1/species/8742298/children | total=1
2026-07-05 15:14:51 | INFO | Fetching: https://api.gbif.org/v1/species/8742298/children | params={}
2026-07-05 15:14:52 | INFO | Finished: https://api.gbif.org/v1/species/8742298/children | total=1
2026-07-05 15:14:52 | INFO | Randomly selected 1/1 children for taxon 8742298
2026-07-05 15:14:52 | INFO | Taxon key 8742298 has 1 children
2026-07-05 15:14:52 | INFO | Fetching: https://api.gbif.org/v1/species/4762700/children | params={}
2026-07-05 15:14:52 | INFO | Finished: https://api.gbif.org/v1/species/4762700/children | total=1
2026-07-05 15:14:52 | INFO | Fetching: https://api.gbif.org/v1/species/4762700/children | params={}
2026-07-05 15:14:52 | INFO | Finished: https://api.gbif.org/v1/species/4762700/children | total=1
2026-07-05 15:14:52 | INFO | Randomly selected 1/1 children for taxon 4762700
2026-07-05 15:14:52 | INFO | Taxon key 4762700 has 1 children
2026-07-05 15:14:52 | INFO | Fetching: https://api.gbif.org/v1/species/4762696/children | params={}
2026-07-05 15:14:52 | INFO | Finished: https://api.gbif.org/v1/species/4762696/children | total=22
2026-07-05 15:14:52 | INFO | Fetching: https://api.gbif.org/v1/species/4762696/children | params={}
2026-07-05 15:14:53 | INFO | Finished: https://api.gbif.org/v1/species/4762696/children | total=22
2026-07-05 15:14:53 | INFO | Randomly selected 22/22 children for taxon 4762696
2026-07-05 15:14:53 | INFO | Taxon key 4762696 has 22 children
2026-07-05 15:14:53 | INFO | Fetching: https://api.gbif.org/v1/species/4765221/children | params={}
2026-07-05 15:14:53 | INFO | Finished: https://api.gbif.org/v1/species/4765221/children | total=1
2026-07-05 15:14:53 | INFO | Fetching: https://api.gbif.org/v1/species/4765221/children | params={}
2026-07-05 15:14:53 | INFO | Finished: https://api.gbif.org/v1/species/4765221/children | total=1
2026-07-05 15:14:53 | INFO | Randomly selected 1/1 children for taxon 4765221
2026-07-05 15:14:53 | INFO | Taxon key 4765221 has 1 children
2026-07-05 15:14:53 | INFO | Fetching: https://api.gbif.org/v1/species/4407175/children | params={}
2026-07-05 15:14:53 | INFO | Finished: https://api.gbif.org/v1/species/4407175/children | total=107
2026-07-05 15:14:53 | INFO | Fetching: https://api.gbif.org/v1/species/4407175/children | params={}
2026-07-05 15:14:54 | INFO | Finished: https://api.gbif.org/v1/species/4407175/children | total=107
2026-07-05 15:14:54 | INFO | Randomly selected 107/107 children for taxon 4407175
2026-07-05 15:14:54 | INFO | Taxon key 4407175 has 107 children
2026-07-05 15:14:54 | INFO | Fetching: https://api.gbif.org/v1/species/6131336/children | params={}
2026-07-05 15:14:54 | INFO | Finished: https://api.gbif.org/v1/species/6131336/children | total=1
2026-07-05 15:14:54 | INFO | Fetching: https://api.gbif.org/v1/species/6131336/children | params={}
2026-07-05 15:14:54 | INFO | Finished: https://api.gbif.org/v1/species/6131336/children | total=1
2026-07-05 15:14:54 | INFO | Randomly selected 1/1 children for taxon 6131336
2026-07-05 15:14:54 | INFO | Taxon key 6131336 has 1 children
2026-07-05 15:14:54 | INFO | Fetching: https://api.gbif.org/v1/species/4428217/children | params={}
2026-07-05 15:14:54 | INFO | Finished: https://api.gbif.org/v1/species/4428217/children | total=1
2026-07-05 15:14:54 | INFO | Fetching: https://api.gbif.org/v1/species/4428217/children | params={}
2026-07-05 15:14:54 | INFO | Finished: https://api.gbif.org/v1/species/4428217/children | total=1
2026-07-05 15:14:54 | INFO | Randomly selected 1/1 children for taxon 4428217
2026-07-05 15:14:54 | INFO | Taxon key 4428217 has 1 children
2026-07-05 15:14:54 | INFO | Fetching: https://api.gbif.org/v1/species/8483286/children | params={}
2026-07-05 15:14:55 | INFO | Finished: https://api.gbif.org/v1/species/8483286/children | total=39
2026-07-05 15:14:55 | INFO | Fetching: https://api.gbif.org/v1/species/8483286/children | params={}
2026-07-05 15:14:55 | INFO | Finished: https://api.gbif.org/v1/species/8483286/children | total=39
2026-07-05 15:14:55 | INFO | Randomly selected 39/39 children for taxon 8483286
2026-07-05 15:14:55 | INFO | Taxon key 8483286 has 39 children
2026-07-05 15:14:55 | INFO | Fetching: https://api.gbif.org/v1/species/4716660/children | params={}
2026-07-05 15:14:55 | INFO | Finished: https://api.gbif.org/v1/species/4716660/children | total=27
2026-07-05 15:14:55 | INFO | Fetching: https://api.gbif.org/v1/species/4716660/children | params={}
2026-07-05 15:14:56 | INFO | Finished: https://api.gbif.org/v1/species/4716660/children | total=27
2026-07-05 15:14:56 | INFO | Randomly selected 27/27 children for taxon 4716660
2026-07-05 15:14:56 | INFO | Taxon key 4716660 has 27 children
2026-07-05 15:14:56 | INFO | Fetching: https://api.gbif.org/v1/species/4746762/children | params={}
2026-07-05 15:14:56 | INFO | Finished: https://api.gbif.org/v1/species/4746762/children | total=1
2026-07-05 15:14:56 | INFO | Fetching: https://api.gbif.org/v1/species/4746762/children | params={}
2026-07-05 15:14:56 | INFO | Finished: https://api.gbif.org/v1/species/4746762/children | total=1
2026-07-05 15:14:56 | INFO | Randomly selected 1/1 children for taxon 4746762
2026-07-05 15:14:56 | INFO | Taxon key 4746762 has 1 children
2026-07-05 15:14:56 | INFO | Fetching: https://api.gbif.org/v1/species/10188889/children | params={}
2026-07-05 15:14:56 | INFO | Finished: https://api.gbif.org/v1/species/10188889/children | total=16
2026-07-05 15:14:56 | INFO | Fetching: https://api.gbif.org/v1/species/10188889/children | params={}
2026-07-05 15:14:57 | INFO | Finished: https://api.gbif.org/v1/species/10188889/children | total=16
2026-07-05 15:14:57 | INFO | Randomly selected 16/16 children for taxon 10188889
2026-07-05 15:14:57 | INFO | Taxon key 10188889 has 16 children
2026-07-05 15:14:57 | INFO | Fetching: https://api.gbif.org/v1/species/4760186/children | params={}
2026-07-05 15:14:57 | INFO | Finished: https://api.gbif.org/v1/species/4760186/children | total=1
2026-07-05 15:14:57 | INFO | Fetching: https://api.gbif.org/v1/species/4760186/children | params={}
2026-07-05 15:14:57 | INFO | Finished: https://api.gbif.org/v1/species/4760186/children | total=1
2026-07-05 15:14:57 | INFO | Randomly selected 1/1 children for taxon 4760186
2026-07-05 15:14:57 | INFO | Taxon key 4760186 has 1 children
2026-07-05 15:14:57 | INFO | Fetching: https://api.gbif.org/v1/species/1161942/children | params={}
2026-07-05 15:14:57 | INFO | Finished: https://api.gbif.org/v1/species/1161942/children | total=32
2026-07-05 15:14:57 | INFO | Fetching: https://api.gbif.org/v1/species/1161942/children | params={}
2026-07-05 15:14:57 | INFO | Finished: https://api.gbif.org/v1/species/1161942/children | total=32
2026-07-05 15:14:57 | INFO | Randomly selected 32/32 children for taxon 1161942
2026-07-05 15:14:57 | INFO | Taxon key 1161942 has 32 children
2026-07-05 15:14:57 | INFO | Fetching: https://api.gbif.org/v1/species/1161943/children | params={}
2026-07-05 15:14:58 | INFO | Finished: https://api.gbif.org/v1/species/1161943/children | total=1
2026-07-05 15:14:58 | INFO | Fetching: https://api.gbif.org/v1/species/1161943/children | params={}
2026-07-05 15:14:58 | INFO | Finished: https://api.gbif.org/v1/species/1161943/children | total=1
2026-07-05 15:14:58 | INFO | Randomly selected 1/1 children for taxon 1161943
2026-07-05 15:14:58 | INFO | Taxon key 1161943 has 1 children
2026-07-05 15:14:58 | INFO | Fetching: https://api.gbif.org/v1/species/1161945/children | params={}
2026-07-05 15:14:58 | INFO | Finished: https://api.gbif.org/v1/species/1161945/children | total=1
2026-07-05 15:14:58 | INFO | Fetching: https://api.gbif.org/v1/species/1161945/children | params={}
2026-07-05 15:14:58 | INFO | Finished: https://api.gbif.org/v1/species/1161945/children | total=1
2026-07-05 15:14:58 | INFO | Randomly selected 1/1 children for taxon 1161945
2026-07-05 15:14:58 | INFO | Taxon key 1161945 has 1 children
2026-07-05 15:14:58 | INFO | Fetching: https://api.gbif.org/v1/species/1161944/children | params={}
2026-07-05 15:14:58 | INFO | Finished: https://api.gbif.org/v1/species/1161944/children | total=1
2026-07-05 15:14:58 | INFO | Fetching: https://api.gbif.org/v1/species/1161944/children | params={}
2026-07-05 15:14:58 | INFO | Finished: https://api.gbif.org/v1/species/1161944/children | total=1
2026-07-05 15:14:58 | INFO | Randomly selected 1/1 children for taxon 1161944
2026-07-05 15:14:58 | INFO | Taxon key 1161944 has 1 children
2026-07-05 15:14:58 | INFO | Fetching: https://api.gbif.org/v1/species/10071262/children | params={}
2026-07-05 15:14:59 | INFO | Finished: https://api.gbif.org/v1/species/10071262/children | total=1
2026-07-05 15:14:59 | INFO | Fetching: https://api.gbif.org/v1/species/10071262/children | params={}
2026-07-05 15:14:59 | INFO | Finished: https://api.gbif.org/v1/species/10071262/children | total=1
2026-07-05 15:14:59 | INFO | Randomly selected 1/1 children for taxon 10071262
2026-07-05 15:14:59 | INFO | Taxon key 10071262 has 1 children
2026-07-05 15:14:59 | INFO | Fetching: https://api.gbif.org/v1/species/10216581/children | params={}
2026-07-05 15:14:59 | INFO | Finished: https://api.gbif.org/v1/species/10216581/children | total=1
2026-07-05 15:14:59 | INFO | Fetching: https://api.gbif.org/v1/species/10216581/children | params={}
2026-07-05 15:14:59 | INFO | Finished: https://api.gbif.org/v1/species/10216581/children | total=1
2026-07-05 15:14:59 | INFO | Randomly selected 1/1 children for taxon 10216581
2026-07-05 15:14:59 | INFO | Taxon key 10216581 has 1 children
2026-07-05 15:14:59 | INFO | Fetching: https://api.gbif.org/v1/species/5007531/children | params={}
2026-07-05 15:15:00 | INFO | Finished: https://api.gbif.org/v1/species/5007531/children | total=216
2026-07-05 15:15:00 | INFO | Fetching: https://api.gbif.org/v1/species/5007531/children | params={}
2026-07-05 15:15:00 | INFO | Finished: https://api.gbif.org/v1/species/5007531/children | total=216
2026-07-05 15:15:00 | INFO | Randomly selected 200/200 children for taxon 5007531
2026-07-05 15:15:00 | INFO | Taxon key 5007531 has 200 children
2026-07-05 15:15:00 | INFO | Fetching: https://api.gbif.org/v1/species/5007542/children | params={}
2026-07-05 15:15:00 | INFO | Finished: https://api.gbif.org/v1/species/5007542/children | total=1
2026-07-05 15:15:00 | INFO | Fetching: https://api.gbif.org/v1/species/5007542/children | params={}
2026-07-05 15:15:00 | INFO | Finished: https://api.gbif.org/v1/species/5007542/children | total=1
2026-07-05 15:15:00 | INFO | Randomly selected 1/1 children for taxon 5007542
2026-07-05 15:15:00 | INFO | Taxon key 5007542 has 1 children
2026-07-05 15:15:00 | INFO | Fetching: https://api.gbif.org/v1/species/6948790/children | params={}
2026-07-05 15:15:01 | INFO | Finished: https://api.gbif.org/v1/species/6948790/children | total=1
2026-07-05 15:15:01 | INFO | Fetching: https://api.gbif.org/v1/species/6948790/children | params={}
2026-07-05 15:15:01 | INFO | Finished: https://api.gbif.org/v1/species/6948790/children | total=1
2026-07-05 15:15:01 | INFO | Randomly selected 1/1 children for taxon 6948790
2026-07-05 15:15:01 | INFO | Taxon key 6948790 has 1 children
2026-07-05 15:15:01 | INFO | Fetching: https://api.gbif.org/v1/species/5007534/children | params={}
2026-07-05 15:15:01 | INFO | Finished: https://api.gbif.org/v1/species/5007534/children | total=1
2026-07-05 15:15:01 | INFO | Fetching: https://api.gbif.org/v1/species/5007534/children | params={}
2026-07-05 15:15:01 | INFO | Finished: https://api.gbif.org/v1/species/5007534/children | total=1
2026-07-05 15:15:01 | INFO | Randomly selected 1/1 children for taxon 5007534
2026-07-05 15:15:01 | INFO | Taxon key 5007534 has 1 children
2026-07-05 15:15:01 | INFO | Fetching: https://api.gbif.org/v1/species/5007539/children | params={}
2026-07-05 15:15:01 | INFO | Finished: https://api.gbif.org/v1/species/5007539/children | total=5
2026-07-05 15:15:01 | INFO | Fetching: https://api.gbif.org/v1/species/5007539/children | params={}
2026-07-05 15:15:02 | INFO | Finished: https://api.gbif.org/v1/species/5007539/children | total=5
2026-07-05 15:15:02 | INFO | Randomly selected 5/5 children for taxon 5007539
2026-07-05 15:15:02 | INFO | Taxon key 5007539 has 5 children
2026-07-05 15:15:02 | INFO | Fetching: https://api.gbif.org/v1/species/6948650/children | params={}
2026-07-05 15:15:02 | INFO | Finished: https://api.gbif.org/v1/species/6948650/children | total=1
2026-07-05 15:15:02 | INFO | Fetching: https://api.gbif.org/v1/species/6948650/children | params={}
2026-07-05 15:15:02 | INFO | Finished: https://api.gbif.org/v1/species/6948650/children | total=1
2026-07-05 15:15:02 | INFO | Randomly selected 1/1 children for taxon 6948650
2026-07-05 15:15:02 | INFO | Taxon key 6948650 has 1 children
2026-07-05 15:15:02 | INFO | Fetching: https://api.gbif.org/v1/species/5007548/children | params={}
2026-07-05 15:15:02 | INFO | Finished: https://api.gbif.org/v1/species/5007548/children | total=1
2026-07-05 15:15:02 | INFO | Fetching: https://api.gbif.org/v1/species/5007548/children | params={}
2026-07-05 15:15:02 | INFO | Finished: https://api.gbif.org/v1/species/5007548/children | total=1
2026-07-05 15:15:02 | INFO | Randomly selected 1/1 children for taxon 5007548
2026-07-05 15:15:02 | INFO | Taxon key 5007548 has 1 children
2026-07-05 15:15:02 | INFO | Fetching: https://api.gbif.org/v1/species/5007549/children | params={}
2026-07-05 15:15:02 | INFO | Finished: https://api.gbif.org/v1/species/5007549/children | total=2
2026-07-05 15:15:02 | INFO | Fetching: https://api.gbif.org/v1/species/5007549/children | params={}
2026-07-05 15:15:03 | INFO | Finished: https://api.gbif.org/v1/species/5007549/children | total=2
2026-07-05 15:15:03 | INFO | Randomly selected 2/2 children for taxon 5007549
2026-07-05 15:15:03 | INFO | Taxon key 5007549 has 2 children
2026-07-05 15:15:03 | INFO | Fetching: https://api.gbif.org/v1/species/5007550/children | params={}
2026-07-05 15:15:03 | INFO | Finished: https://api.gbif.org/v1/species/5007550/children | total=1
2026-07-05 15:15:03 | INFO | Fetching: https://api.gbif.org/v1/species/5007550/children | params={}
2026-07-05 15:15:03 | INFO | Finished: https://api.gbif.org/v1/species/5007550/children | total=1
2026-07-05 15:15:03 | INFO | Randomly selected 1/1 children for taxon 5007550
2026-07-05 15:15:03 | INFO | Taxon key 5007550 has 1 children
2026-07-05 15:15:03 | INFO | Fetching: https://api.gbif.org/v1/species/5007532/children | params={}
2026-07-05 15:15:03 | INFO | Finished: https://api.gbif.org/v1/species/5007532/children | total=1
2026-07-05 15:15:03 | INFO | Fetching: https://api.gbif.org/v1/species/5007532/children | params={}
2026-07-05 15:15:03 | INFO | Finished: https://api.gbif.org/v1/species/5007532/children | total=1
2026-07-05 15:15:03 | INFO | Randomly selected 1/1 children for taxon 5007532
2026-07-05 15:15:03 | INFO | Taxon key 5007532 has 1 children
2026-07-05 15:15:03 | INFO | Fetching: https://api.gbif.org/v1/species/4762725/children | params={}
2026-07-05 15:15:04 | INFO | Finished: https://api.gbif.org/v1/species/4762725/children | total=1
2026-07-05 15:15:04 | INFO | Fetching: https://api.gbif.org/v1/species/4762725/children | params={}
2026-07-05 15:15:04 | INFO | Finished: https://api.gbif.org/v1/species/4762725/children | total=1
2026-07-05 15:15:04 | INFO | Randomly selected 1/1 children for taxon 4762725
2026-07-05 15:15:04 | INFO | Taxon key 4762725 has 1 children
2026-07-05 15:15:04 | INFO | Fetching: https://api.gbif.org/v1/species/8655918/children | params={}
2026-07-05 15:15:04 | INFO | Finished: https://api.gbif.org/v1/species/8655918/children | total=6
2026-07-05 15:15:04 | INFO | Fetching: https://api.gbif.org/v1/species/8655918/children | params={}
2026-07-05 15:15:04 | INFO | Finished: https://api.gbif.org/v1/species/8655918/children | total=6
2026-07-05 15:15:04 | INFO | Randomly selected 6/6 children for taxon 8655918
2026-07-05 15:15:04 | INFO | Taxon key 8655918 has 6 children
2026-07-05 15:15:04 | INFO | Fetching: https://api.gbif.org/v1/species/8809180/children | params={}
2026-07-05 15:15:04 | INFO | Finished: https://api.gbif.org/v1/species/8809180/children | total=1
2026-07-05 15:15:04 | INFO | Fetching: https://api.gbif.org/v1/species/8809180/children | params={}
2026-07-05 15:15:04 | INFO | Finished: https://api.gbif.org/v1/species/8809180/children | total=1
2026-07-05 15:15:04 | INFO | Randomly selected 1/1 children for taxon 8809180
2026-07-05 15:15:04 | INFO | Taxon key 8809180 has 1 children
2026-07-05 15:15:04 | INFO | Fetching: https://api.gbif.org/v1/species/8998939/children | params={}
2026-07-05 15:15:05 | INFO | Finished: https://api.gbif.org/v1/species/8998939/children | total=1
2026-07-05 15:15:05 | INFO | Fetching: https://api.gbif.org/v1/species/8998939/children | params={}
2026-07-05 15:15:05 | INFO | Finished: https://api.gbif.org/v1/species/8998939/children | total=1
2026-07-05 15:15:05 | INFO | Randomly selected 1/1 children for taxon 8998939
2026-07-05 15:15:05 | INFO | Taxon key 8998939 has 1 children
2026-07-05 15:15:05 | INFO | Fetching: https://api.gbif.org/v1/species/4762697/children | params={}
2026-07-05 15:15:05 | INFO | Finished: https://api.gbif.org/v1/species/4762697/children | total=16
2026-07-05 15:15:05 | INFO | Fetching: https://api.gbif.org/v1/species/4762697/children | params={}
2026-07-05 15:15:05 | INFO | Finished: https://api.gbif.org/v1/species/4762697/children | total=16
2026-07-05 15:15:05 | INFO | Randomly selected 16/16 children for taxon 4762697
2026-07-05 15:15:05 | INFO | Taxon key 4762697 has 16 children
2026-07-05 15:15:05 | INFO | Fetching: https://api.gbif.org/v1/species/8774635/children | params={}
2026-07-05 15:15:06 | INFO | Finished: https://api.gbif.org/v1/species/8774635/children | total=1
2026-07-05 15:15:06 | INFO | Fetching: https://api.gbif.org/v1/species/8774635/children | params={}
2026-07-05 15:15:06 | INFO | Finished: https://api.gbif.org/v1/species/8774635/children | total=1
2026-07-05 15:15:06 | INFO | Randomly selected 1/1 children for taxon 8774635
2026-07-05 15:15:06 | INFO | Taxon key 8774635 has 1 children
2026-07-05 15:15:06 | INFO | Fetching: https://api.gbif.org/v1/species/10221945/children | params={}
2026-07-05 15:15:06 | INFO | Finished: https://api.gbif.org/v1/species/10221945/children | total=1
2026-07-05 15:15:06 | INFO | Fetching: https://api.gbif.org/v1/species/10221945/children | params={}
2026-07-05 15:15:06 | INFO | Finished: https://api.gbif.org/v1/species/10221945/children | total=1
2026-07-05 15:15:06 | INFO | Randomly selected 1/1 children for taxon 10221945
2026-07-05 15:15:06 | INFO | Taxon key 10221945 has 1 children
2026-07-05 15:15:06 | INFO | Fetching: https://api.gbif.org/v1/species/4762698/children | params={}
2026-07-05 15:15:06 | INFO | Finished: https://api.gbif.org/v1/species/4762698/children | total=1
2026-07-05 15:15:06 | INFO | Fetching: https://api.gbif.org/v1/species/4762698/children | params={}
2026-07-05 15:15:07 | INFO | Finished: https://api.gbif.org/v1/species/4762698/children | total=1
2026-07-05 15:15:07 | INFO | Randomly selected 1/1 children for taxon 4762698
2026-07-05 15:15:07 | INFO | Taxon key 4762698 has 1 children
2026-07-05 15:15:07 | INFO | Fetching: https://api.gbif.org/v1/species/9218751/children | params={}
2026-07-05 15:15:07 | INFO | Finished: https://api.gbif.org/v1/species/9218751/children | total=11
2026-07-05 15:15:07 | INFO | Fetching: https://api.gbif.org/v1/species/9218751/children | params={}
2026-07-05 15:15:07 | INFO | Finished: https://api.gbif.org/v1/species/9218751/children | total=11
2026-07-05 15:15:07 | INFO | Randomly selected 11/11 children for taxon 9218751
2026-07-05 15:15:07 | INFO | Taxon key 9218751 has 11 children
2026-07-05 15:15:07 | INFO | Fetching: https://api.gbif.org/v1/species/4575425/children | params={}
2026-07-05 15:15:07 | INFO | Finished: https://api.gbif.org/v1/species/4575425/children | total=23
2026-07-05 15:15:07 | INFO | Fetching: https://api.gbif.org/v1/species/4575425/children | params={}
2026-07-05 15:15:08 | INFO | Finished: https://api.gbif.org/v1/species/4575425/children | total=23
2026-07-05 15:15:08 | INFO | Randomly selected 23/23 children for taxon 4575425
2026-07-05 15:15:08 | INFO | Taxon key 4575425 has 23 children
2026-07-05 15:15:08 | INFO | Fetching: https://api.gbif.org/v1/species/9788949/children | params={}
2026-07-05 15:15:08 | INFO | Finished: https://api.gbif.org/v1/species/9788949/children | total=1
2026-07-05 15:15:08 | INFO | Fetching: https://api.gbif.org/v1/species/9788949/children | params={}
2026-07-05 15:15:08 | INFO | Finished: https://api.gbif.org/v1/species/9788949/children | total=1
2026-07-05 15:15:08 | INFO | Randomly selected 1/1 children for taxon 9788949
2026-07-05 15:15:08 | INFO | Taxon key 9788949 has 1 children
2026-07-05 15:15:08 | INFO | Fetching: https://api.gbif.org/v1/species/4762703/children | params={}
2026-07-05 15:15:08 | INFO | Finished: https://api.gbif.org/v1/species/4762703/children | total=5
2026-07-05 15:15:08 | INFO | Fetching: https://api.gbif.org/v1/species/4762703/children | params={}
2026-07-05 15:15:09 | INFO | Finished: https://api.gbif.org/v1/species/4762703/children | total=5
2026-07-05 15:15:09 | INFO | Randomly selected 5/5 children for taxon 4762703
2026-07-05 15:15:09 | INFO | Taxon key 4762703 has 5 children
2026-07-05 15:15:09 | INFO | Fetching: https://api.gbif.org/v1/species/9256561/children | params={}
2026-07-05 15:15:09 | INFO | Finished: https://api.gbif.org/v1/species/9256561/children | total=1
2026-07-05 15:15:09 | INFO | Fetching: https://api.gbif.org/v1/species/9256561/children | params={}
2026-07-05 15:15:09 | INFO | Finished: https://api.gbif.org/v1/species/9256561/children | total=1
2026-07-05 15:15:09 | INFO | Randomly selected 1/1 children for taxon 9256561
2026-07-05 15:15:09 | INFO | Taxon key 9256561 has 1 children
2026-07-05 15:15:09 | INFO | Fetching: https://api.gbif.org/v1/species/9341786/children | params={}
2026-07-05 15:15:09 | INFO | Finished: https://api.gbif.org/v1/species/9341786/children | total=1
2026-07-05 15:15:09 | INFO | Fetching: https://api.gbif.org/v1/species/9341786/children | params={}
2026-07-05 15:15:09 | INFO | Finished: https://api.gbif.org/v1/species/9341786/children | total=1
2026-07-05 15:15:09 | INFO | Randomly selected 1/1 children for taxon 9341786
2026-07-05 15:15:09 | INFO | Taxon key 9341786 has 1 children
2026-07-05 15:15:09 | INFO | Fetching: https://api.gbif.org/v1/species/8768546/children | params={}
2026-07-05 15:15:09 | INFO | Finished: https://api.gbif.org/v1/species/8768546/children | total=3
2026-07-05 15:15:09 | INFO | Fetching: https://api.gbif.org/v1/species/8768546/children | params={}
2026-07-05 15:15:10 | INFO | Finished: https://api.gbif.org/v1/species/8768546/children | total=3
2026-07-05 15:15:10 | INFO | Randomly selected 3/3 children for taxon 8768546
2026-07-05 15:15:10 | INFO | Taxon key 8768546 has 3 children
2026-07-05 15:15:10 | INFO | Fetching: https://api.gbif.org/v1/species/8176576/children | params={}
2026-07-05 15:15:10 | INFO | Finished: https://api.gbif.org/v1/species/8176576/children | total=1
2026-07-05 15:15:10 | INFO | Fetching: https://api.gbif.org/v1/species/8176576/children | params={}
2026-07-05 15:15:10 | INFO | Finished: https://api.gbif.org/v1/species/8176576/children | total=1
2026-07-05 15:15:10 | INFO | Randomly selected 1/1 children for taxon 8176576
2026-07-05 15:15:10 | INFO | Taxon key 8176576 has 1 children
2026-07-05 15:15:10 | INFO | Fetching: https://api.gbif.org/v1/species/8604691/children | params={}
2026-07-05 15:15:10 | INFO | Finished: https://api.gbif.org/v1/species/8604691/children | total=1
2026-07-05 15:15:10 | INFO | Fetching: https://api.gbif.org/v1/species/8604691/children | params={}
2026-07-05 15:15:10 | INFO | Finished: https://api.gbif.org/v1/species/8604691/children | total=1
2026-07-05 15:15:10 | INFO | Randomly selected 1/1 children for taxon 8604691
2026-07-05 15:15:10 | INFO | Taxon key 8604691 has 1 children
2026-07-05 15:15:10 | INFO | Fetching: https://api.gbif.org/v1/species/10568247/children | params={}
2026-07-05 15:15:11 | INFO | Finished: https://api.gbif.org/v1/species/10568247/children | total=1
2026-07-05 15:15:11 | INFO | Fetching: https://api.gbif.org/v1/species/10568247/children | params={}
2026-07-05 15:15:11 | INFO | Finished: https://api.gbif.org/v1/species/10568247/children | total=1
2026-07-05 15:15:11 | INFO | Randomly selected 1/1 children for taxon 10568247
2026-07-05 15:15:11 | INFO | Taxon key 10568247 has 1 children
2026-07-05 15:15:11 | INFO | Fetching: https://api.gbif.org/v1/species/7837/children | params={}
2026-07-05 15:15:11 | INFO | Finished: https://api.gbif.org/v1/species/7837/children | total=25
2026-07-05 15:15:11 | INFO | Fetching: https://api.gbif.org/v1/species/7837/children | params={}
2026-07-05 15:15:11 | INFO | Finished: https://api.gbif.org/v1/species/7837/children | total=25
2026-07-05 15:15:11 | INFO | Randomly selected 25/25 children for taxon 7837
2026-07-05 15:15:11 | INFO | Taxon key 7837 has 25 children
2026-07-05 15:15:11 | INFO | Fetching: https://api.gbif.org/v1/species/1034616/children | params={}
2026-07-05 15:15:11 | INFO | Finished: https://api.gbif.org/v1/species/1034616/children | total=1
2026-07-05 15:15:11 | INFO | Fetching: https://api.gbif.org/v1/species/1034616/children | params={}
2026-07-05 15:15:12 | INFO | Finished: https://api.gbif.org/v1/species/1034616/children | total=1
2026-07-05 15:15:12 | INFO | Randomly selected 1/1 children for taxon 1034616
2026-07-05 15:15:12 | INFO | Taxon key 1034616 has 1 children
2026-07-05 15:15:12 | INFO | Fetching: https://api.gbif.org/v1/species/1034596/children | params={}
2026-07-05 15:15:12 | INFO | Finished: https://api.gbif.org/v1/species/1034596/children | total=6
2026-07-05 15:15:12 | INFO | Fetching: https://api.gbif.org/v1/species/1034596/children | params={}
2026-07-05 15:15:12 | INFO | Finished: https://api.gbif.org/v1/species/1034596/children | total=6
2026-07-05 15:15:12 | INFO | Randomly selected 6/6 children for taxon 1034596
2026-07-05 15:15:12 | INFO | Taxon key 1034596 has 6 children
2026-07-05 15:15:12 | INFO | Fetching: https://api.gbif.org/v1/species/1034618/children | params={}
2026-07-05 15:15:12 | INFO | Finished: https://api.gbif.org/v1/species/1034618/children | total=1
2026-07-05 15:15:12 | INFO | Fetching: https://api.gbif.org/v1/species/1034618/children | params={}
2026-07-05 15:15:12 | INFO | Finished: https://api.gbif.org/v1/species/1034618/children | total=1
2026-07-05 15:15:12 | INFO | Randomly selected 1/1 children for taxon 1034618
2026-07-05 15:15:12 | INFO | Taxon key 1034618 has 1 children
2026-07-05 15:15:12 | INFO | Fetching: https://api.gbif.org/v1/species/4713886/children | params={}
2026-07-05 15:15:13 | INFO | Finished: https://api.gbif.org/v1/species/4713886/children | total=1
2026-07-05 15:15:13 | INFO | Fetching: https://api.gbif.org/v1/species/4713886/children | params={}
2026-07-05 15:15:13 | INFO | Finished: https://api.gbif.org/v1/species/4713886/children | total=1
2026-07-05 15:15:13 | INFO | Randomly selected 1/1 children for taxon 4713886
2026-07-05 15:15:13 | INFO | Taxon key 4713886 has 1 children
2026-07-05 15:15:13 | INFO | Fetching: https://api.gbif.org/v1/species/1034636/children | params={}
2026-07-05 15:15:13 | INFO | Finished: https://api.gbif.org/v1/species/1034636/children | total=5
2026-07-05 15:15:13 | INFO | Fetching: https://api.gbif.org/v1/species/1034636/children | params={}
2026-07-05 15:15:13 | INFO | Finished: https://api.gbif.org/v1/species/1034636/children | total=5
2026-07-05 15:15:13 | INFO | Randomly selected 5/5 children for taxon 1034636
2026-07-05 15:15:13 | INFO | Taxon key 1034636 has 5 children
2026-07-05 15:15:13 | INFO | Fetching: https://api.gbif.org/v1/species/1034574/children | params={}
2026-07-05 15:15:13 | INFO | Finished: https://api.gbif.org/v1/species/1034574/children | total=22
2026-07-05 15:15:13 | INFO | Fetching: https://api.gbif.org/v1/species/1034574/children | params={}
2026-07-05 15:15:14 | INFO | Finished: https://api.gbif.org/v1/species/1034574/children | total=22
2026-07-05 15:15:14 | INFO | Randomly selected 22/22 children for taxon 1034574
2026-07-05 15:15:14 | INFO | Taxon key 1034574 has 22 children
2026-07-05 15:15:14 | INFO | Fetching: https://api.gbif.org/v1/species/1034600/children | params={}
2026-07-05 15:15:14 | INFO | Finished: https://api.gbif.org/v1/species/1034600/children | total=7
2026-07-05 15:15:14 | INFO | Fetching: https://api.gbif.org/v1/species/1034600/children | params={}
2026-07-05 15:15:14 | INFO | Finished: https://api.gbif.org/v1/species/1034600/children | total=7
2026-07-05 15:15:14 | INFO | Randomly selected 7/7 children for taxon 1034600
2026-07-05 15:15:14 | INFO | Taxon key 1034600 has 7 children
2026-07-05 15:15:14 | INFO | Fetching: https://api.gbif.org/v1/species/1034603/children | params={}
2026-07-05 15:15:14 | INFO | Finished: https://api.gbif.org/v1/species/1034603/children | total=1
2026-07-05 15:15:14 | INFO | Fetching: https://api.gbif.org/v1/species/1034603/children | params={}
2026-07-05 15:15:14 | INFO | Finished: https://api.gbif.org/v1/species/1034603/children | total=1
2026-07-05 15:15:14 | INFO | Randomly selected 1/1 children for taxon 1034603
2026-07-05 15:15:14 | INFO | Taxon key 1034603 has 1 children
2026-07-05 15:15:14 | INFO | Fetching: https://api.gbif.org/v1/species/10775871/children | params={}
2026-07-05 15:15:15 | INFO | Finished: https://api.gbif.org/v1/species/10775871/children | total=1
2026-07-05 15:15:15 | INFO | Fetching: https://api.gbif.org/v1/species/10775871/children | params={}
2026-07-05 15:15:15 | INFO | Finished: https://api.gbif.org/v1/species/10775871/children | total=1
2026-07-05 15:15:15 | INFO | Randomly selected 1/1 children for taxon 10775871
2026-07-05 15:15:15 | INFO | Taxon key 10775871 has 1 children
2026-07-05 15:15:15 | INFO | Fetching: https://api.gbif.org/v1/species/1034632/children | params={}
2026-07-05 15:15:15 | INFO | Finished: https://api.gbif.org/v1/species/1034632/children | total=2
2026-07-05 15:15:15 | INFO | Fetching: https://api.gbif.org/v1/species/1034632/children | params={}
2026-07-05 15:15:15 | INFO | Finished: https://api.gbif.org/v1/species/1034632/children | total=2
2026-07-05 15:15:15 | INFO | Randomly selected 2/2 children for taxon 1034632
2026-07-05 15:15:15 | INFO | Taxon key 1034632 has 2 children
2026-07-05 15:15:15 | INFO | Fetching: https://api.gbif.org/v1/species/9788545/children | params={}
2026-07-05 15:15:15 | INFO | Finished: https://api.gbif.org/v1/species/9788545/children | total=1
2026-07-05 15:15:15 | INFO | Fetching: https://api.gbif.org/v1/species/9788545/children | params={}
2026-07-05 15:15:16 | INFO | Finished: https://api.gbif.org/v1/species/9788545/children | total=1
2026-07-05 15:15:16 | INFO | Randomly selected 1/1 children for taxon 9788545
2026-07-05 15:15:16 | INFO | Taxon key 9788545 has 1 children
2026-07-05 15:15:16 | INFO | Fetching: https://api.gbif.org/v1/species/1034609/children | params={}
2026-07-05 15:15:16 | INFO | Finished: https://api.gbif.org/v1/species/1034609/children | total=1
2026-07-05 15:15:16 | INFO | Fetching: https://api.gbif.org/v1/species/1034609/children | params={}
2026-07-05 15:15:16 | INFO | Finished: https://api.gbif.org/v1/species/1034609/children | total=1
2026-07-05 15:15:16 | INFO | Randomly selected 1/1 children for taxon 1034609
2026-07-05 15:15:16 | INFO | Taxon key 1034609 has 1 children
2026-07-05 15:15:16 | INFO | Fetching: https://api.gbif.org/v1/species/1034613/children | params={}
2026-07-05 15:15:16 | INFO | Finished: https://api.gbif.org/v1/species/1034613/children | total=1
2026-07-05 15:15:16 | INFO | Fetching: https://api.gbif.org/v1/species/1034613/children | params={}
2026-07-05 15:15:16 | INFO | Finished: https://api.gbif.org/v1/species/1034613/children | total=1
2026-07-05 15:15:16 | INFO | Randomly selected 1/1 children for taxon 1034613
2026-07-05 15:15:16 | INFO | Taxon key 1034613 has 1 children
2026-07-05 15:15:16 | INFO | Fetching: https://api.gbif.org/v1/species/1034605/children | params={}
2026-07-05 15:15:17 | INFO | Finished: https://api.gbif.org/v1/species/1034605/children | total=2
2026-07-05 15:15:17 | INFO | Fetching: https://api.gbif.org/v1/species/1034605/children | params={}
2026-07-05 15:15:17 | INFO | Finished: https://api.gbif.org/v1/species/1034605/children | total=2
2026-07-05 15:15:17 | INFO | Randomly selected 2/2 children for taxon 1034605
2026-07-05 15:15:17 | INFO | Taxon key 1034605 has 2 children
2026-07-05 15:15:17 | INFO | Fetching: https://api.gbif.org/v1/species/1034606/children | params={}
2026-07-05 15:15:17 | INFO | Finished: https://api.gbif.org/v1/species/1034606/children | total=1
2026-07-05 15:15:17 | INFO | Fetching: https://api.gbif.org/v1/species/1034606/children | params={}
2026-07-05 15:15:17 | INFO | Finished: https://api.gbif.org/v1/species/1034606/children | total=1
2026-07-05 15:15:17 | INFO | Randomly selected 1/1 children for taxon 1034606
2026-07-05 15:15:17 | INFO | Taxon key 1034606 has 1 children
2026-07-05 15:15:17 | INFO | Fetching: https://api.gbif.org/v1/species/1034642/children | params={}
2026-07-05 15:15:17 | INFO | Finished: https://api.gbif.org/v1/species/1034642/children | total=2
2026-07-05 15:15:17 | INFO | Fetching: https://api.gbif.org/v1/species/1034642/children | params={}
2026-07-05 15:15:17 | INFO | Finished: https://api.gbif.org/v1/species/1034642/children | total=2
2026-07-05 15:15:17 | INFO | Randomly selected 2/2 children for taxon 1034642
2026-07-05 15:15:17 | INFO | Taxon key 1034642 has 2 children
2026-07-05 15:15:17 | INFO | Fetching: https://api.gbif.org/v1/species/1034645/children | params={}
2026-07-05 15:15:18 | INFO | Finished: https://api.gbif.org/v1/species/1034645/children | total=17
2026-07-05 15:15:18 | INFO | Fetching: https://api.gbif.org/v1/species/1034645/children | params={}
2026-07-05 15:15:18 | INFO | Finished: https://api.gbif.org/v1/species/1034645/children | total=17
2026-07-05 15:15:18 | INFO | Randomly selected 17/17 children for taxon 1034645
2026-07-05 15:15:18 | INFO | Taxon key 1034645 has 17 children
2026-07-05 15:15:18 | INFO | Fetching: https://api.gbif.org/v1/species/1034658/children | params={}
2026-07-05 15:15:18 | INFO | Finished: https://api.gbif.org/v1/species/1034658/children | total=1
2026-07-05 15:15:18 | INFO | Fetching: https://api.gbif.org/v1/species/1034658/children | params={}
2026-07-05 15:15:19 | INFO | Finished: https://api.gbif.org/v1/species/1034658/children | total=1
2026-07-05 15:15:19 | INFO | Randomly selected 1/1 children for taxon 1034658
2026-07-05 15:15:19 | INFO | Taxon key 1034658 has 1 children
2026-07-05 15:15:19 | INFO | Fetching: https://api.gbif.org/v1/species/5736799/children | params={}
2026-07-05 15:15:19 | INFO | Finished: https://api.gbif.org/v1/species/5736799/children | total=1
2026-07-05 15:15:19 | INFO | Fetching: https://api.gbif.org/v1/species/5736799/children | params={}
2026-07-05 15:15:19 | INFO | Finished: https://api.gbif.org/v1/species/5736799/children | total=1
2026-07-05 15:15:19 | INFO | Randomly selected 1/1 children for taxon 5736799
2026-07-05 15:15:19 | INFO | Taxon key 5736799 has 1 children
2026-07-05 15:15:19 | INFO | Fetching: https://api.gbif.org/v1/species/1034621/children | params={}
2026-07-05 15:15:19 | INFO | Finished: https://api.gbif.org/v1/species/1034621/children | total=5
2026-07-05 15:15:19 | INFO | Fetching: https://api.gbif.org/v1/species/1034621/children | params={}
2026-07-05 15:15:19 | INFO | Finished: https://api.gbif.org/v1/species/1034621/children | total=5
2026-07-05 15:15:19 | INFO | Randomly selected 5/5 children for taxon 1034621
2026-07-05 15:15:19 | INFO | Taxon key 1034621 has 5 children
2026-07-05 15:15:19 | INFO | Fetching: https://api.gbif.org/v1/species/4716986/children | params={}
2026-07-05 15:15:20 | INFO | Finished: https://api.gbif.org/v1/species/4716986/children | total=1
2026-07-05 15:15:20 | INFO | Fetching: https://api.gbif.org/v1/species/4716986/children | params={}
2026-07-05 15:15:20 | INFO | Finished: https://api.gbif.org/v1/species/4716986/children | total=1
2026-07-05 15:15:20 | INFO | Randomly selected 1/1 children for taxon 4716986
2026-07-05 15:15:20 | INFO | Taxon key 4716986 has 1 children
2026-07-05 15:15:20 | INFO | Fetching: https://api.gbif.org/v1/species/9667665/children | params={}
2026-07-05 15:15:20 | INFO | Finished: https://api.gbif.org/v1/species/9667665/children | total=1
2026-07-05 15:15:20 | INFO | Fetching: https://api.gbif.org/v1/species/9667665/children | params={}
2026-07-05 15:15:20 | INFO | Finished: https://api.gbif.org/v1/species/9667665/children | total=1
2026-07-05 15:15:20 | INFO | Randomly selected 1/1 children for taxon 9667665
2026-07-05 15:15:20 | INFO | Taxon key 9667665 has 1 children
2026-07-05 15:15:20 | INFO | Fetching: https://api.gbif.org/v1/species/4237/children | params={}
2026-07-05 15:15:20 | INFO | Finished: https://api.gbif.org/v1/species/4237/children | total=88
2026-07-05 15:15:20 | INFO | Fetching: https://api.gbif.org/v1/species/4237/children | params={}
2026-07-05 15:15:21 | INFO | Finished: https://api.gbif.org/v1/species/4237/children | total=88
2026-07-05 15:15:21 | INFO | Randomly selected 88/88 children for taxon 4237
2026-07-05 15:15:21 | INFO | Taxon key 4237 has 88 children
2026-07-05 15:15:21 | INFO | Fetching: https://api.gbif.org/v1/species/6942257/children | params={}
2026-07-05 15:15:21 | INFO | Finished: https://api.gbif.org/v1/species/6942257/children | total=1
2026-07-05 15:15:21 | INFO | Fetching: https://api.gbif.org/v1/species/6942257/children | params={}
2026-07-05 15:15:21 | INFO | Finished: https://api.gbif.org/v1/species/6942257/children | total=1
2026-07-05 15:15:21 | INFO | Randomly selected 1/1 children for taxon 6942257
2026-07-05 15:15:21 | INFO | Taxon key 6942257 has 1 children
2026-07-05 15:15:21 | INFO | Fetching: https://api.gbif.org/v1/species/4290985/children | params={}
2026-07-05 15:15:21 | INFO | Finished: https://api.gbif.org/v1/species/4290985/children | total=1
2026-07-05 15:15:21 | INFO | Fetching: https://api.gbif.org/v1/species/4290985/children | params={}
2026-07-05 15:15:21 | INFO | Finished: https://api.gbif.org/v1/species/4290985/children | total=1
2026-07-05 15:15:21 | INFO | Randomly selected 1/1 children for taxon 4290985
2026-07-05 15:15:21 | INFO | Taxon key 4290985 has 1 children
2026-07-05 15:15:21 | INFO | Fetching: https://api.gbif.org/v1/species/6942328/children | params={}
2026-07-05 15:15:22 | INFO | Finished: https://api.gbif.org/v1/species/6942328/children | total=1
2026-07-05 15:15:22 | INFO | Fetching: https://api.gbif.org/v1/species/6942328/children | params={}
2026-07-05 15:15:22 | INFO | Finished: https://api.gbif.org/v1/species/6942328/children | total=1
2026-07-05 15:15:22 | INFO | Randomly selected 1/1 children for taxon 6942328
2026-07-05 15:15:22 | INFO | Taxon key 6942328 has 1 children
2026-07-05 15:15:22 | INFO | Fetching: https://api.gbif.org/v1/species/12194124/children | params={}
2026-07-05 15:15:22 | INFO | Finished: https://api.gbif.org/v1/species/12194124/children | total=1
2026-07-05 15:15:22 | INFO | Fetching: https://api.gbif.org/v1/species/12194124/children | params={}
2026-07-05 15:15:22 | INFO | Finished: https://api.gbif.org/v1/species/12194124/children | total=1
2026-07-05 15:15:22 | INFO | Randomly selected 1/1 children for taxon 12194124
2026-07-05 15:15:22 | INFO | Taxon key 12194124 has 1 children
2026-07-05 15:15:22 | INFO | Fetching: https://api.gbif.org/v1/species/12266198/children | params={}
2026-07-05 15:15:22 | INFO | Finished: https://api.gbif.org/v1/species/12266198/children | total=1
2026-07-05 15:15:22 | INFO | Fetching: https://api.gbif.org/v1/species/12266198/children | params={}
2026-07-05 15:15:23 | INFO | Finished: https://api.gbif.org/v1/species/12266198/children | total=1
2026-07-05 15:15:23 | INFO | Randomly selected 1/1 children for taxon 12266198
2026-07-05 15:15:23 | INFO | Taxon key 12266198 has 1 children
2026-07-05 15:15:23 | INFO | Fetching: https://api.gbif.org/v1/species/8693236/children | params={}
2026-07-05 15:15:23 | INFO | Finished: https://api.gbif.org/v1/species/8693236/children | total=3
2026-07-05 15:15:23 | INFO | Fetching: https://api.gbif.org/v1/species/8693236/children | params={}
2026-07-05 15:15:23 | INFO | Finished: https://api.gbif.org/v1/species/8693236/children | total=3
2026-07-05 15:15:23 | INFO | Randomly selected 3/3 children for taxon 8693236
2026-07-05 15:15:23 | INFO | Taxon key 8693236 has 3 children
2026-07-05 15:15:23 | INFO | Fetching: https://api.gbif.org/v1/species/4290998/children | params={}
2026-07-05 15:15:23 | INFO | Finished: https://api.gbif.org/v1/species/4290998/children | total=8
2026-07-05 15:15:23 | INFO | Fetching: https://api.gbif.org/v1/species/4290998/children | params={}
2026-07-05 15:15:23 | INFO | Finished: https://api.gbif.org/v1/species/4290998/children | total=8
2026-07-05 15:15:23 | INFO | Randomly selected 8/8 children for taxon 4290998
2026-07-05 15:15:23 | INFO | Taxon key 4290998 has 8 children
2026-07-05 15:15:23 | INFO | Fetching: https://api.gbif.org/v1/species/4291012/children | params={}
2026-07-05 15:15:24 | INFO | Finished: https://api.gbif.org/v1/species/4291012/children | total=6
2026-07-05 15:15:24 | INFO | Fetching: https://api.gbif.org/v1/species/4291012/children | params={}
2026-07-05 15:15:24 | INFO | Finished: https://api.gbif.org/v1/species/4291012/children | total=6
2026-07-05 15:15:24 | INFO | Randomly selected 6/6 children for taxon 4291012
2026-07-05 15:15:24 | INFO | Taxon key 4291012 has 6 children
2026-07-05 15:15:24 | INFO | Fetching: https://api.gbif.org/v1/species/1163062/children | params={}
2026-07-05 15:15:24 | INFO | Finished: https://api.gbif.org/v1/species/1163062/children | total=4
2026-07-05 15:15:24 | INFO | Fetching: https://api.gbif.org/v1/species/1163062/children | params={}
2026-07-05 15:15:24 | INFO | Finished: https://api.gbif.org/v1/species/1163062/children | total=4
2026-07-05 15:15:24 | INFO | Randomly selected 4/4 children for taxon 1163062
2026-07-05 15:15:24 | INFO | Taxon key 1163062 has 4 children
2026-07-05 15:15:24 | INFO | Fetching: https://api.gbif.org/v1/species/4746711/children | params={}
2026-07-05 15:15:24 | INFO | Finished: https://api.gbif.org/v1/species/4746711/children | total=1
2026-07-05 15:15:24 | INFO | Fetching: https://api.gbif.org/v1/species/4746711/children | params={}
2026-07-05 15:15:25 | INFO | Finished: https://api.gbif.org/v1/species/4746711/children | total=1
2026-07-05 15:15:25 | INFO | Randomly selected 1/1 children for taxon 4746711
2026-07-05 15:15:25 | INFO | Taxon key 4746711 has 1 children
2026-07-05 15:15:25 | INFO | Fetching: https://api.gbif.org/v1/species/1163131/children | params={}
2026-07-05 15:15:25 | INFO | Finished: https://api.gbif.org/v1/species/1163131/children | total=43
2026-07-05 15:15:25 | INFO | Fetching: https://api.gbif.org/v1/species/1163131/children | params={}
2026-07-05 15:15:25 | INFO | Finished: https://api.gbif.org/v1/species/1163131/children | total=43
2026-07-05 15:15:25 | INFO | Randomly selected 43/43 children for taxon 1163131
2026-07-05 15:15:25 | INFO | Taxon key 1163131 has 43 children
2026-07-05 15:15:25 | INFO | Fetching: https://api.gbif.org/v1/species/9578340/children | params={}
2026-07-05 15:15:25 | INFO | Finished: https://api.gbif.org/v1/species/9578340/children | total=1
2026-07-05 15:15:25 | INFO | Fetching: https://api.gbif.org/v1/species/9578340/children | params={}
2026-07-05 15:15:26 | INFO | Finished: https://api.gbif.org/v1/species/9578340/children | total=1
2026-07-05 15:15:26 | INFO | Randomly selected 1/1 children for taxon 9578340
2026-07-05 15:15:26 | INFO | Taxon key 9578340 has 1 children
2026-07-05 15:15:26 | INFO | Fetching: https://api.gbif.org/v1/species/1162919/children | params={}
2026-07-05 15:15:26 | INFO | Finished: https://api.gbif.org/v1/species/1162919/children | total=131
2026-07-05 15:15:26 | INFO | Fetching: https://api.gbif.org/v1/species/1162919/children | params={}
2026-07-05 15:15:26 | INFO | Finished: https://api.gbif.org/v1/species/1162919/children | total=131
2026-07-05 15:15:26 | INFO | Randomly selected 131/131 children for taxon 1162919
2026-07-05 15:15:26 | INFO | Taxon key 1162919 has 131 children
2026-07-05 15:15:26 | INFO | Fetching: https://api.gbif.org/v1/species/1163051/children | params={}
2026-07-05 15:15:27 | INFO | Finished: https://api.gbif.org/v1/species/1163051/children | total=270
2026-07-05 15:15:27 | INFO | Fetching: https://api.gbif.org/v1/species/1163051/children | params={}
2026-07-05 15:15:27 | INFO | Finished: https://api.gbif.org/v1/species/1163051/children | total=270
2026-07-05 15:15:27 | INFO | Randomly selected 200/200 children for taxon 1163051
2026-07-05 15:15:27 | INFO | Taxon key 1163051 has 200 children
2026-07-05 15:15:27 | INFO | Fetching: https://api.gbif.org/v1/species/4290895/children | params={}
2026-07-05 15:15:27 | INFO | Finished: https://api.gbif.org/v1/species/4290895/children | total=2
2026-07-05 15:15:27 | INFO | Fetching: https://api.gbif.org/v1/species/4290895/children | params={}
2026-07-05 15:15:28 | INFO | Finished: https://api.gbif.org/v1/species/4290895/children | total=2
2026-07-05 15:15:28 | INFO | Randomly selected 2/2 children for taxon 4290895
2026-07-05 15:15:28 | INFO | Taxon key 4290895 has 2 children
2026-07-05 15:15:28 | INFO | Fetching: https://api.gbif.org/v1/species/4290876/children | params={}
2026-07-05 15:15:28 | INFO | Finished: https://api.gbif.org/v1/species/4290876/children | total=2
2026-07-05 15:15:28 | INFO | Fetching: https://api.gbif.org/v1/species/4290876/children | params={}
2026-07-05 15:15:28 | INFO | Finished: https://api.gbif.org/v1/species/4290876/children | total=2
2026-07-05 15:15:28 | INFO | Randomly selected 2/2 children for taxon 4290876
2026-07-05 15:15:28 | INFO | Taxon key 4290876 has 2 children
2026-07-05 15:15:28 | INFO | Fetching: https://api.gbif.org/v1/species/4290949/children | params={}
2026-07-05 15:15:28 | INFO | Finished: https://api.gbif.org/v1/species/4290949/children | total=3
2026-07-05 15:15:28 | INFO | Fetching: https://api.gbif.org/v1/species/4290949/children | params={}
2026-07-05 15:15:28 | INFO | Finished: https://api.gbif.org/v1/species/4290949/children | total=3
2026-07-05 15:15:28 | INFO | Randomly selected 3/3 children for taxon 4290949
2026-07-05 15:15:28 | INFO | Taxon key 4290949 has 3 children
2026-07-05 15:15:28 | INFO | Fetching: https://api.gbif.org/v1/species/4290865/children | params={}
2026-07-05 15:15:29 | INFO | Finished: https://api.gbif.org/v1/species/4290865/children | total=2
2026-07-05 15:15:29 | INFO | Fetching: https://api.gbif.org/v1/species/4290865/children | params={}
2026-07-05 15:15:29 | INFO | Finished: https://api.gbif.org/v1/species/4290865/children | total=2
2026-07-05 15:15:29 | INFO | Randomly selected 2/2 children for taxon 4290865
2026-07-05 15:15:29 | INFO | Taxon key 4290865 has 2 children
2026-07-05 15:15:29 | INFO | Fetching: https://api.gbif.org/v1/species/4290979/children | params={}
2026-07-05 15:15:29 | INFO | Finished: https://api.gbif.org/v1/species/4290979/children | total=2
2026-07-05 15:15:29 | INFO | Fetching: https://api.gbif.org/v1/species/4290979/children | params={}
2026-07-05 15:15:29 | INFO | Finished: https://api.gbif.org/v1/species/4290979/children | total=2
2026-07-05 15:15:29 | INFO | Randomly selected 2/2 children for taxon 4290979
2026-07-05 15:15:29 | INFO | Taxon key 4290979 has 2 children
2026-07-05 15:15:29 | INFO | Fetching: https://api.gbif.org/v1/species/4290843/children | params={}
2026-07-05 15:15:29 | INFO | Finished: https://api.gbif.org/v1/species/4290843/children | total=2
2026-07-05 15:15:29 | INFO | Fetching: https://api.gbif.org/v1/species/4290843/children | params={}
2026-07-05 15:15:30 | INFO | Finished: https://api.gbif.org/v1/species/4290843/children | total=2
2026-07-05 15:15:30 | INFO | Randomly selected 2/2 children for taxon 4290843
2026-07-05 15:15:30 | INFO | Taxon key 4290843 has 2 children
2026-07-05 15:15:30 | INFO | Fetching: https://api.gbif.org/v1/species/4290807/children | params={}
2026-07-05 15:15:30 | INFO | Finished: https://api.gbif.org/v1/species/4290807/children | total=4
2026-07-05 15:15:30 | INFO | Fetching: https://api.gbif.org/v1/species/4290807/children | params={}
2026-07-05 15:15:30 | INFO | Finished: https://api.gbif.org/v1/species/4290807/children | total=4
2026-07-05 15:15:30 | INFO | Randomly selected 4/4 children for taxon 4290807
2026-07-05 15:15:30 | INFO | Taxon key 4290807 has 4 children
2026-07-05 15:15:30 | INFO | Fetching: https://api.gbif.org/v1/species/4290796/children | params={}
2026-07-05 15:15:30 | INFO | Finished: https://api.gbif.org/v1/species/4290796/children | total=4
2026-07-05 15:15:30 | INFO | Fetching: https://api.gbif.org/v1/species/4290796/children | params={}
2026-07-05 15:15:30 | INFO | Finished: https://api.gbif.org/v1/species/4290796/children | total=4
2026-07-05 15:15:30 | INFO | Randomly selected 4/4 children for taxon 4290796
2026-07-05 15:15:30 | INFO | Taxon key 4290796 has 4 children
2026-07-05 15:15:30 | INFO | Fetching: https://api.gbif.org/v1/species/6942323/children | params={}
2026-07-05 15:15:30 | INFO | Finished: https://api.gbif.org/v1/species/6942323/children | total=1
2026-07-05 15:15:30 | INFO | Fetching: https://api.gbif.org/v1/species/6942323/children | params={}
2026-07-05 15:15:31 | INFO | Finished: https://api.gbif.org/v1/species/6942323/children | total=1
2026-07-05 15:15:31 | INFO | Randomly selected 1/1 children for taxon 6942323
2026-07-05 15:15:31 | INFO | Taxon key 6942323 has 1 children
2026-07-05 15:15:31 | INFO | Fetching: https://api.gbif.org/v1/species/9307201/children | params={}
2026-07-05 15:15:31 | INFO | Finished: https://api.gbif.org/v1/species/9307201/children | total=1
2026-07-05 15:15:31 | INFO | Fetching: https://api.gbif.org/v1/species/9307201/children | params={}
2026-07-05 15:15:31 | INFO | Finished: https://api.gbif.org/v1/species/9307201/children | total=1
2026-07-05 15:15:31 | INFO | Randomly selected 1/1 children for taxon 9307201
2026-07-05 15:15:31 | INFO | Taxon key 9307201 has 1 children
2026-07-05 15:15:31 | INFO | Fetching: https://api.gbif.org/v1/species/8455389/children | params={}
2026-07-05 15:15:31 | INFO | Finished: https://api.gbif.org/v1/species/8455389/children | total=1
2026-07-05 15:15:31 | INFO | Fetching: https://api.gbif.org/v1/species/8455389/children | params={}
2026-07-05 15:15:31 | INFO | Finished: https://api.gbif.org/v1/species/8455389/children | total=1
2026-07-05 15:15:31 | INFO | Randomly selected 1/1 children for taxon 8455389
2026-07-05 15:15:31 | INFO | Taxon key 8455389 has 1 children
2026-07-05 15:15:31 | INFO | Fetching: https://api.gbif.org/v1/species/3261128/children | params={}
2026-07-05 15:15:32 | INFO | Finished: https://api.gbif.org/v1/species/3261128/children | total=1
2026-07-05 15:15:32 | INFO | Fetching: https://api.gbif.org/v1/species/3261128/children | params={}
2026-07-05 15:15:32 | INFO | Finished: https://api.gbif.org/v1/species/3261128/children | total=1
2026-07-05 15:15:32 | INFO | Randomly selected 1/1 children for taxon 3261128
2026-07-05 15:15:32 | INFO | Taxon key 3261128 has 1 children
2026-07-05 15:15:32 | INFO | Fetching: https://api.gbif.org/v1/species/4290987/children | params={}
2026-07-05 15:15:32 | INFO | Finished: https://api.gbif.org/v1/species/4290987/children | total=10
2026-07-05 15:15:32 | INFO | Fetching: https://api.gbif.org/v1/species/4290987/children | params={}
2026-07-05 15:15:32 | INFO | Finished: https://api.gbif.org/v1/species/4290987/children | total=10
2026-07-05 15:15:32 | INFO | Randomly selected 10/10 children for taxon 4290987
2026-07-05 15:15:32 | INFO | Taxon key 4290987 has 10 children
2026-07-05 15:15:32 | INFO | Fetching: https://api.gbif.org/v1/species/1162900/children | params={}
2026-07-05 15:15:32 | INFO | Finished: https://api.gbif.org/v1/species/1162900/children | total=4
2026-07-05 15:15:32 | INFO | Fetching: https://api.gbif.org/v1/species/1162900/children | params={}
2026-07-05 15:15:32 | INFO | Finished: https://api.gbif.org/v1/species/1162900/children | total=4
2026-07-05 15:15:32 | INFO | Randomly selected 4/4 children for taxon 1162900
2026-07-05 15:15:32 | INFO | Taxon key 1162900 has 4 children
2026-07-05 15:15:32 | INFO | Fetching: https://api.gbif.org/v1/species/8578370/children | params={}
2026-07-05 15:15:33 | INFO | Finished: https://api.gbif.org/v1/species/8578370/children | total=1
2026-07-05 15:15:33 | INFO | Fetching: https://api.gbif.org/v1/species/8578370/children | params={}
2026-07-05 15:15:33 | INFO | Finished: https://api.gbif.org/v1/species/8578370/children | total=1
2026-07-05 15:15:33 | INFO | Randomly selected 1/1 children for taxon 8578370
2026-07-05 15:15:33 | INFO | Taxon key 8578370 has 1 children
2026-07-05 15:15:33 | INFO | Fetching: https://api.gbif.org/v1/species/4290995/children | params={}
2026-07-05 15:15:33 | INFO | Finished: https://api.gbif.org/v1/species/4290995/children | total=1
2026-07-05 15:15:33 | INFO | Fetching: https://api.gbif.org/v1/species/4290995/children | params={}
2026-07-05 15:15:33 | INFO | Finished: https://api.gbif.org/v1/species/4290995/children | total=1
2026-07-05 15:15:33 | INFO | Randomly selected 1/1 children for taxon 4290995
2026-07-05 15:15:33 | INFO | Taxon key 4290995 has 1 children
2026-07-05 15:15:33 | INFO | Fetching: https://api.gbif.org/v1/species/1163156/children | params={}
2026-07-05 15:15:33 | INFO | Finished: https://api.gbif.org/v1/species/1163156/children | total=21
2026-07-05 15:15:33 | INFO | Fetching: https://api.gbif.org/v1/species/1163156/children | params={}
2026-07-05 15:15:34 | INFO | Finished: https://api.gbif.org/v1/species/1163156/children | total=21
2026-07-05 15:15:34 | INFO | Randomly selected 21/21 children for taxon 1163156
2026-07-05 15:15:34 | INFO | Taxon key 1163156 has 21 children
2026-07-05 15:15:34 | INFO | Fetching: https://api.gbif.org/v1/species/9306369/children | params={}
2026-07-05 15:15:34 | INFO | Finished: https://api.gbif.org/v1/species/9306369/children | total=1
2026-07-05 15:15:34 | INFO | Fetching: https://api.gbif.org/v1/species/9306369/children | params={}
2026-07-05 15:15:34 | INFO | Finished: https://api.gbif.org/v1/species/9306369/children | total=1
2026-07-05 15:15:34 | INFO | Randomly selected 1/1 children for taxon 9306369
2026-07-05 15:15:34 | INFO | Taxon key 9306369 has 1 children
2026-07-05 15:15:34 | INFO | Fetching: https://api.gbif.org/v1/species/4290999/children | params={}
2026-07-05 15:15:34 | INFO | Finished: https://api.gbif.org/v1/species/4290999/children | total=1
2026-07-05 15:15:34 | INFO | Fetching: https://api.gbif.org/v1/species/4290999/children | params={}
2026-07-05 15:15:35 | INFO | Finished: https://api.gbif.org/v1/species/4290999/children | total=1
2026-07-05 15:15:35 | INFO | Randomly selected 1/1 children for taxon 4290999
2026-07-05 15:15:35 | INFO | Taxon key 4290999 has 1 children
2026-07-05 15:15:35 | INFO | Fetching: https://api.gbif.org/v1/species/4290994/children | params={}
2026-07-05 15:15:35 | INFO | Finished: https://api.gbif.org/v1/species/4290994/children | total=4
2026-07-05 15:15:35 | INFO | Fetching: https://api.gbif.org/v1/species/4290994/children | params={}
2026-07-05 15:15:35 | INFO | Finished: https://api.gbif.org/v1/species/4290994/children | total=4
2026-07-05 15:15:35 | INFO | Randomly selected 4/4 children for taxon 4290994
2026-07-05 15:15:35 | INFO | Taxon key 4290994 has 4 children
2026-07-05 15:15:35 | INFO | Fetching: https://api.gbif.org/v1/species/6942327/children | params={}
2026-07-05 15:15:35 | INFO | Finished: https://api.gbif.org/v1/species/6942327/children | total=1
2026-07-05 15:15:35 | INFO | Fetching: https://api.gbif.org/v1/species/6942327/children | params={}
2026-07-05 15:15:35 | INFO | Finished: https://api.gbif.org/v1/species/6942327/children | total=1
2026-07-05 15:15:35 | INFO | Randomly selected 1/1 children for taxon 6942327
2026-07-05 15:15:35 | INFO | Taxon key 6942327 has 1 children
2026-07-05 15:15:35 | INFO | Fetching: https://api.gbif.org/v1/species/1162908/children | params={}
2026-07-05 15:15:36 | INFO | Finished: https://api.gbif.org/v1/species/1162908/children | total=11
2026-07-05 15:15:36 | INFO | Fetching: https://api.gbif.org/v1/species/1162908/children | params={}
2026-07-05 15:15:36 | INFO | Finished: https://api.gbif.org/v1/species/1162908/children | total=11
2026-07-05 15:15:36 | INFO | Randomly selected 11/11 children for taxon 1162908
2026-07-05 15:15:36 | INFO | Taxon key 1162908 has 11 children
2026-07-05 15:15:36 | INFO | Fetching: https://api.gbif.org/v1/species/7545766/children | params={}
2026-07-05 15:15:36 | INFO | Finished: https://api.gbif.org/v1/species/7545766/children | total=32
2026-07-05 15:15:36 | INFO | Fetching: https://api.gbif.org/v1/species/7545766/children | params={}
2026-07-05 15:15:36 | INFO | Finished: https://api.gbif.org/v1/species/7545766/children | total=32
2026-07-05 15:15:36 | INFO | Randomly selected 32/32 children for taxon 7545766
2026-07-05 15:15:36 | INFO | Taxon key 7545766 has 32 children
2026-07-05 15:15:36 | INFO | Fetching: https://api.gbif.org/v1/species/6942398/children | params={}
2026-07-05 15:15:37 | INFO | Finished: https://api.gbif.org/v1/species/6942398/children | total=1
2026-07-05 15:15:37 | INFO | Fetching: https://api.gbif.org/v1/species/6942398/children | params={}
2026-07-05 15:15:37 | INFO | Finished: https://api.gbif.org/v1/species/6942398/children | total=1
2026-07-05 15:15:37 | INFO | Randomly selected 1/1 children for taxon 6942398
2026-07-05 15:15:37 | INFO | Taxon key 6942398 has 1 children
2026-07-05 15:15:37 | INFO | Fetching: https://api.gbif.org/v1/species/9344121/children | params={}
2026-07-05 15:15:37 | INFO | Finished: https://api.gbif.org/v1/species/9344121/children | total=2
2026-07-05 15:15:37 | INFO | Fetching: https://api.gbif.org/v1/species/9344121/children | params={}
2026-07-05 15:15:37 | INFO | Finished: https://api.gbif.org/v1/species/9344121/children | total=2
2026-07-05 15:15:37 | INFO | Randomly selected 2/2 children for taxon 9344121
2026-07-05 15:15:37 | INFO | Taxon key 9344121 has 2 children
2026-07-05 15:15:37 | INFO | Fetching: https://api.gbif.org/v1/species/8676067/children | params={}
2026-07-05 15:15:38 | INFO | Finished: https://api.gbif.org/v1/species/8676067/children | total=14
2026-07-05 15:15:38 | INFO | Fetching: https://api.gbif.org/v1/species/8676067/children | params={}
2026-07-05 15:15:38 | INFO | Finished: https://api.gbif.org/v1/species/8676067/children | total=14
2026-07-05 15:15:38 | INFO | Randomly selected 14/14 children for taxon 8676067
2026-07-05 15:15:38 | INFO | Taxon key 8676067 has 14 children
2026-07-05 15:15:38 | INFO | Fetching: https://api.gbif.org/v1/species/3260412/children | params={}
2026-07-05 15:15:38 | INFO | Finished: https://api.gbif.org/v1/species/3260412/children | total=2
2026-07-05 15:15:38 | INFO | Fetching: https://api.gbif.org/v1/species/3260412/children | params={}
2026-07-05 15:15:38 | INFO | Finished: https://api.gbif.org/v1/species/3260412/children | total=2
2026-07-05 15:15:38 | INFO | Randomly selected 2/2 children for taxon 3260412
2026-07-05 15:15:38 | INFO | Taxon key 3260412 has 2 children
2026-07-05 15:15:38 | INFO | Fetching: https://api.gbif.org/v1/species/1163087/children | params={}
2026-07-05 15:15:38 | INFO | Finished: https://api.gbif.org/v1/species/1163087/children | total=2
2026-07-05 15:15:38 | INFO | Fetching: https://api.gbif.org/v1/species/1163087/children | params={}
2026-07-05 15:15:39 | INFO | Finished: https://api.gbif.org/v1/species/1163087/children | total=2
2026-07-05 15:15:39 | INFO | Randomly selected 2/2 children for taxon 1163087
2026-07-05 15:15:39 | INFO | Taxon key 1163087 has 2 children
2026-07-05 15:15:39 | INFO | Fetching: https://api.gbif.org/v1/species/4291006/children | params={}
2026-07-05 15:15:39 | INFO | Finished: https://api.gbif.org/v1/species/4291006/children | total=2
2026-07-05 15:15:39 | INFO | Fetching: https://api.gbif.org/v1/species/4291006/children | params={}
2026-07-05 15:15:39 | INFO | Finished: https://api.gbif.org/v1/species/4291006/children | total=2
2026-07-05 15:15:39 | INFO | Randomly selected 2/2 children for taxon 4291006
2026-07-05 15:15:39 | INFO | Taxon key 4291006 has 2 children
2026-07-05 15:15:39 | INFO | Fetching: https://api.gbif.org/v1/species/1163191/children | params={}
2026-07-05 15:15:39 | INFO | Finished: https://api.gbif.org/v1/species/1163191/children | total=9
2026-07-05 15:15:39 | INFO | Fetching: https://api.gbif.org/v1/species/1163191/children | params={}
2026-07-05 15:15:39 | INFO | Finished: https://api.gbif.org/v1/species/1163191/children | total=9
2026-07-05 15:15:39 | INFO | Randomly selected 9/9 children for taxon 1163191
2026-07-05 15:15:39 | INFO | Taxon key 1163191 has 9 children
2026-07-05 15:15:39 | INFO | Fetching: https://api.gbif.org/v1/species/4290990/children | params={}
2026-07-05 15:15:40 | INFO | Finished: https://api.gbif.org/v1/species/4290990/children | total=4
2026-07-05 15:15:40 | INFO | Fetching: https://api.gbif.org/v1/species/4290990/children | params={}
2026-07-05 15:15:40 | INFO | Finished: https://api.gbif.org/v1/species/4290990/children | total=4
2026-07-05 15:15:40 | INFO | Randomly selected 4/4 children for taxon 4290990
2026-07-05 15:15:40 | INFO | Taxon key 4290990 has 4 children
2026-07-05 15:15:40 | INFO | Fetching: https://api.gbif.org/v1/species/1163117/children | params={}
2026-07-05 15:15:40 | INFO | Finished: https://api.gbif.org/v1/species/1163117/children | total=15
2026-07-05 15:15:40 | INFO | Fetching: https://api.gbif.org/v1/species/1163117/children | params={}
2026-07-05 15:15:40 | INFO | Finished: https://api.gbif.org/v1/species/1163117/children | total=15
2026-07-05 15:15:40 | INFO | Randomly selected 15/15 children for taxon 1163117
2026-07-05 15:15:40 | INFO | Taxon key 1163117 has 15 children
2026-07-05 15:15:40 | INFO | Fetching: https://api.gbif.org/v1/species/4290988/children | params={}
2026-07-05 15:15:40 | INFO | Finished: https://api.gbif.org/v1/species/4290988/children | total=1
2026-07-05 15:15:40 | INFO | Fetching: https://api.gbif.org/v1/species/4290988/children | params={}
2026-07-05 15:15:41 | INFO | Finished: https://api.gbif.org/v1/species/4290988/children | total=1
2026-07-05 15:15:41 | INFO | Randomly selected 1/1 children for taxon 4290988
2026-07-05 15:15:41 | INFO | Taxon key 4290988 has 1 children
2026-07-05 15:15:41 | INFO | Fetching: https://api.gbif.org/v1/species/4291010/children | params={}
2026-07-05 15:15:41 | INFO | Finished: https://api.gbif.org/v1/species/4291010/children | total=1
2026-07-05 15:15:41 | INFO | Fetching: https://api.gbif.org/v1/species/4291010/children | params={}
2026-07-05 15:15:41 | INFO | Finished: https://api.gbif.org/v1/species/4291010/children | total=1
2026-07-05 15:15:41 | INFO | Randomly selected 1/1 children for taxon 4291010
2026-07-05 15:15:41 | INFO | Taxon key 4291010 has 1 children
2026-07-05 15:15:41 | INFO | Fetching: https://api.gbif.org/v1/species/4747738/children | params={}
2026-07-05 15:15:41 | INFO | Finished: https://api.gbif.org/v1/species/4747738/children | total=1
2026-07-05 15:15:41 | INFO | Fetching: https://api.gbif.org/v1/species/4747738/children | params={}
2026-07-05 15:15:41 | INFO | Finished: https://api.gbif.org/v1/species/4747738/children | total=1
2026-07-05 15:15:41 | INFO | Randomly selected 1/1 children for taxon 4747738
2026-07-05 15:15:41 | INFO | Taxon key 4747738 has 1 children
2026-07-05 15:15:41 | INFO | Fetching: https://api.gbif.org/v1/species/8539887/children | params={}
2026-07-05 15:15:41 | INFO | Finished: https://api.gbif.org/v1/species/8539887/children | total=2
2026-07-05 15:15:41 | INFO | Fetching: https://api.gbif.org/v1/species/8539887/children | params={}
2026-07-05 15:15:42 | INFO | Finished: https://api.gbif.org/v1/species/8539887/children | total=2
2026-07-05 15:15:42 | INFO | Randomly selected 2/2 children for taxon 8539887
2026-07-05 15:15:42 | INFO | Taxon key 8539887 has 2 children
2026-07-05 15:15:42 | INFO | Fetching: https://api.gbif.org/v1/species/7882913/children | params={}
2026-07-05 15:15:42 | INFO | Finished: https://api.gbif.org/v1/species/7882913/children | total=6
2026-07-05 15:15:42 | INFO | Fetching: https://api.gbif.org/v1/species/7882913/children | params={}
2026-07-05 15:15:42 | INFO | Finished: https://api.gbif.org/v1/species/7882913/children | total=6
2026-07-05 15:15:42 | INFO | Randomly selected 6/6 children for taxon 7882913
2026-07-05 15:15:42 | INFO | Taxon key 7882913 has 6 children
2026-07-05 15:15:42 | INFO | Fetching: https://api.gbif.org/v1/species/4766089/children | params={}
2026-07-05 15:15:42 | INFO | Finished: https://api.gbif.org/v1/species/4766089/children | total=1
2026-07-05 15:15:42 | INFO | Fetching: https://api.gbif.org/v1/species/4766089/children | params={}
2026-07-05 15:15:43 | INFO | Finished: https://api.gbif.org/v1/species/4766089/children | total=1
2026-07-05 15:15:43 | INFO | Randomly selected 1/1 children for taxon 4766089
2026-07-05 15:15:43 | INFO | Taxon key 4766089 has 1 children
2026-07-05 15:15:43 | INFO | Fetching: https://api.gbif.org/v1/species/1163178/children | params={}
2026-07-05 15:15:43 | INFO | Finished: https://api.gbif.org/v1/species/1163178/children | total=13
2026-07-05 15:15:43 | INFO | Fetching: https://api.gbif.org/v1/species/1163178/children | params={}
2026-07-05 15:15:44 | INFO | Finished: https://api.gbif.org/v1/species/1163178/children | total=13
2026-07-05 15:15:44 | INFO | Randomly selected 13/13 children for taxon 1163178
2026-07-05 15:15:44 | INFO | Taxon key 1163178 has 13 children
2026-07-05 15:15:44 | INFO | Fetching: https://api.gbif.org/v1/species/1163182/children | params={}
2026-07-05 15:15:44 | INFO | Finished: https://api.gbif.org/v1/species/1163182/children | total=1
2026-07-05 15:15:44 | INFO | Fetching: https://api.gbif.org/v1/species/1163182/children | params={}
2026-07-05 15:15:44 | INFO | Finished: https://api.gbif.org/v1/species/1163182/children | total=1
2026-07-05 15:15:44 | INFO | Randomly selected 1/1 children for taxon 1163182
2026-07-05 15:15:44 | INFO | Taxon key 1163182 has 1 children
2026-07-05 15:15:44 | INFO | Fetching: https://api.gbif.org/v1/species/4747735/children | params={}
2026-07-05 15:15:45 | INFO | Finished: https://api.gbif.org/v1/species/4747735/children | total=1
2026-07-05 15:15:45 | INFO | Fetching: https://api.gbif.org/v1/species/4747735/children | params={}
2026-07-05 15:15:45 | INFO | Finished: https://api.gbif.org/v1/species/4747735/children | total=1
2026-07-05 15:15:45 | INFO | Randomly selected 1/1 children for taxon 4747735
2026-07-05 15:15:45 | INFO | Taxon key 4747735 has 1 children
2026-07-05 15:15:45 | INFO | Fetching: https://api.gbif.org/v1/species/1163114/children | params={}
2026-07-05 15:15:45 | INFO | Finished: https://api.gbif.org/v1/species/1163114/children | total=4
2026-07-05 15:15:45 | INFO | Fetching: https://api.gbif.org/v1/species/1163114/children | params={}
2026-07-05 15:15:45 | INFO | Finished: https://api.gbif.org/v1/species/1163114/children | total=4
2026-07-05 15:15:45 | INFO | Randomly selected 4/4 children for taxon 1163114
2026-07-05 15:15:45 | INFO | Taxon key 1163114 has 4 children
2026-07-05 15:15:45 | INFO | Fetching: https://api.gbif.org/v1/species/4290984/children | params={}
2026-07-05 15:15:45 | INFO | Finished: https://api.gbif.org/v1/species/4290984/children | total=1
2026-07-05 15:15:45 | INFO | Fetching: https://api.gbif.org/v1/species/4290984/children | params={}
2026-07-05 15:15:46 | INFO | Finished: https://api.gbif.org/v1/species/4290984/children | total=1
2026-07-05 15:15:46 | INFO | Randomly selected 1/1 children for taxon 4290984
2026-07-05 15:15:46 | INFO | Taxon key 4290984 has 1 children
2026-07-05 15:15:46 | INFO | Fetching: https://api.gbif.org/v1/species/10353073/children | params={}
2026-07-05 15:15:46 | INFO | Finished: https://api.gbif.org/v1/species/10353073/children | total=2
2026-07-05 15:15:46 | INFO | Fetching: https://api.gbif.org/v1/species/10353073/children | params={}
2026-07-05 15:15:46 | INFO | Finished: https://api.gbif.org/v1/species/10353073/children | total=2
2026-07-05 15:15:46 | INFO | Randomly selected 2/2 children for taxon 10353073
2026-07-05 15:15:46 | INFO | Taxon key 10353073 has 2 children
2026-07-05 15:15:46 | INFO | Fetching: https://api.gbif.org/v1/species/3263126/children | params={}
2026-07-05 15:15:46 | INFO | Finished: https://api.gbif.org/v1/species/3263126/children | total=1
2026-07-05 15:15:46 | INFO | Fetching: https://api.gbif.org/v1/species/3263126/children | params={}
2026-07-05 15:15:46 | INFO | Finished: https://api.gbif.org/v1/species/3263126/children | total=1
2026-07-05 15:15:46 | INFO | Randomly selected 1/1 children for taxon 3263126
2026-07-05 15:15:46 | INFO | Taxon key 3263126 has 1 children
2026-07-05 15:15:46 | INFO | Fetching: https://api.gbif.org/v1/species/7927895/children | params={}
2026-07-05 15:15:47 | INFO | Finished: https://api.gbif.org/v1/species/7927895/children | total=111
2026-07-05 15:15:47 | INFO | Fetching: https://api.gbif.org/v1/species/7927895/children | params={}
2026-07-05 15:15:47 | INFO | Finished: https://api.gbif.org/v1/species/7927895/children | total=111
2026-07-05 15:15:47 | INFO | Randomly selected 111/111 children for taxon 7927895
2026-07-05 15:15:47 | INFO | Taxon key 7927895 has 111 children
2026-07-05 15:15:47 | INFO | Fetching: https://api.gbif.org/v1/species/4291019/children | params={}
2026-07-05 15:15:47 | INFO | Finished: https://api.gbif.org/v1/species/4291019/children | total=3
2026-07-05 15:15:47 | INFO | Fetching: https://api.gbif.org/v1/species/4291019/children | params={}
2026-07-05 15:15:48 | INFO | Finished: https://api.gbif.org/v1/species/4291019/children | total=3
2026-07-05 15:15:48 | INFO | Randomly selected 3/3 children for taxon 4291019
2026-07-05 15:15:48 | INFO | Taxon key 4291019 has 3 children
2026-07-05 15:15:48 | INFO | Fetching: https://api.gbif.org/v1/species/6942449/children | params={}
2026-07-05 15:15:48 | INFO | Finished: https://api.gbif.org/v1/species/6942449/children | total=1
2026-07-05 15:15:48 | INFO | Fetching: https://api.gbif.org/v1/species/6942449/children | params={}
2026-07-05 15:15:48 | INFO | Finished: https://api.gbif.org/v1/species/6942449/children | total=1
2026-07-05 15:15:48 | INFO | Randomly selected 1/1 children for taxon 6942449
2026-07-05 15:15:48 | INFO | Taxon key 6942449 has 1 children
2026-07-05 15:15:48 | INFO | Fetching: https://api.gbif.org/v1/species/6942470/children | params={}
2026-07-05 15:15:48 | INFO | Finished: https://api.gbif.org/v1/species/6942470/children | total=1
2026-07-05 15:15:48 | INFO | Fetching: https://api.gbif.org/v1/species/6942470/children | params={}
2026-07-05 15:15:48 | INFO | Finished: https://api.gbif.org/v1/species/6942470/children | total=1
2026-07-05 15:15:48 | INFO | Randomly selected 1/1 children for taxon 6942470
2026-07-05 15:15:48 | INFO | Taxon key 6942470 has 1 children
2026-07-05 15:15:48 | INFO | Fetching: https://api.gbif.org/v1/species/4290997/children | params={}
2026-07-05 15:15:49 | INFO | Finished: https://api.gbif.org/v1/species/4290997/children | total=2
2026-07-05 15:15:49 | INFO | Fetching: https://api.gbif.org/v1/species/4290997/children | params={}
2026-07-05 15:15:49 | INFO | Finished: https://api.gbif.org/v1/species/4290997/children | total=2
2026-07-05 15:15:49 | INFO | Randomly selected 2/2 children for taxon 4290997
2026-07-05 15:15:49 | INFO | Taxon key 4290997 has 2 children
2026-07-05 15:15:49 | INFO | Fetching: https://api.gbif.org/v1/species/4291008/children | params={}
2026-07-05 15:15:49 | INFO | Finished: https://api.gbif.org/v1/species/4291008/children | total=1
2026-07-05 15:15:49 | INFO | Fetching: https://api.gbif.org/v1/species/4291008/children | params={}
2026-07-05 15:15:49 | INFO | Finished: https://api.gbif.org/v1/species/4291008/children | total=1
2026-07-05 15:15:49 | INFO | Randomly selected 1/1 children for taxon 4291008
2026-07-05 15:15:49 | INFO | Taxon key 4291008 has 1 children
2026-07-05 15:15:49 | INFO | Fetching: https://api.gbif.org/v1/species/9461005/children | params={}
2026-07-05 15:15:49 | INFO | Finished: https://api.gbif.org/v1/species/9461005/children | total=1
2026-07-05 15:15:49 | INFO | Fetching: https://api.gbif.org/v1/species/9461005/children | params={}
2026-07-05 15:15:50 | INFO | Finished: https://api.gbif.org/v1/species/9461005/children | total=1
2026-07-05 15:15:50 | INFO | Randomly selected 1/1 children for taxon 9461005
2026-07-05 15:15:50 | INFO | Taxon key 9461005 has 1 children
2026-07-05 15:15:50 | INFO | Fetching: https://api.gbif.org/v1/species/3261127/children | params={}
2026-07-05 15:15:50 | INFO | Finished: https://api.gbif.org/v1/species/3261127/children | total=3
2026-07-05 15:15:50 | INFO | Fetching: https://api.gbif.org/v1/species/3261127/children | params={}
2026-07-05 15:15:50 | INFO | Finished: https://api.gbif.org/v1/species/3261127/children | total=3
2026-07-05 15:15:50 | INFO | Randomly selected 3/3 children for taxon 3261127
2026-07-05 15:15:50 | INFO | Taxon key 3261127 has 3 children
2026-07-05 15:15:50 | INFO | Fetching: https://api.gbif.org/v1/species/4291004/children | params={}
2026-07-05 15:15:50 | INFO | Finished: https://api.gbif.org/v1/species/4291004/children | total=9
2026-07-05 15:15:50 | INFO | Fetching: https://api.gbif.org/v1/species/4291004/children | params={}
2026-07-05 15:15:50 | INFO | Finished: https://api.gbif.org/v1/species/4291004/children | total=9
2026-07-05 15:15:50 | INFO | Randomly selected 9/9 children for taxon 4291004
2026-07-05 15:15:50 | INFO | Taxon key 4291004 has 9 children
2026-07-05 15:15:50 | INFO | Fetching: https://api.gbif.org/v1/species/4291014/children | params={}
2026-07-05 15:15:50 | INFO | Finished: https://api.gbif.org/v1/species/4291014/children | total=1
2026-07-05 15:15:50 | INFO | Fetching: https://api.gbif.org/v1/species/4291014/children | params={}
2026-07-05 15:15:51 | INFO | Finished: https://api.gbif.org/v1/species/4291014/children | total=1
2026-07-05 15:15:51 | INFO | Randomly selected 1/1 children for taxon 4291014
2026-07-05 15:15:51 | INFO | Taxon key 4291014 has 1 children
2026-07-05 15:15:51 | INFO | Fetching: https://api.gbif.org/v1/species/4290986/children | params={}
2026-07-05 15:15:51 | INFO | Finished: https://api.gbif.org/v1/species/4290986/children | total=1
2026-07-05 15:15:51 | INFO | Fetching: https://api.gbif.org/v1/species/4290986/children | params={}
2026-07-05 15:15:51 | INFO | Finished: https://api.gbif.org/v1/species/4290986/children | total=1
2026-07-05 15:15:51 | INFO | Randomly selected 1/1 children for taxon 4290986
2026-07-05 15:15:51 | INFO | Taxon key 4290986 has 1 children
2026-07-05 15:15:51 | INFO | Fetching: https://api.gbif.org/v1/species/7796646/children | params={}
2026-07-05 15:15:51 | INFO | Finished: https://api.gbif.org/v1/species/7796646/children | total=3
2026-07-05 15:15:51 | INFO | Fetching: https://api.gbif.org/v1/species/7796646/children | params={}
2026-07-05 15:15:51 | INFO | Finished: https://api.gbif.org/v1/species/7796646/children | total=3
2026-07-05 15:15:52 | INFO | Randomly selected 3/3 children for taxon 7796646
2026-07-05 15:15:52 | INFO | Taxon key 7796646 has 3 children
2026-07-05 15:15:52 | INFO | Fetching: https://api.gbif.org/v1/species/4291001/children | params={}
2026-07-05 15:15:52 | INFO | Finished: https://api.gbif.org/v1/species/4291001/children | total=1
2026-07-05 15:15:52 | INFO | Fetching: https://api.gbif.org/v1/species/4291001/children | params={}
2026-07-05 15:15:52 | INFO | Finished: https://api.gbif.org/v1/species/4291001/children | total=1
2026-07-05 15:15:52 | INFO | Randomly selected 1/1 children for taxon 4291001
2026-07-05 15:15:52 | INFO | Taxon key 4291001 has 1 children
2026-07-05 15:15:52 | INFO | Fetching: https://api.gbif.org/v1/species/8544047/children | params={}
2026-07-05 15:15:52 | INFO | Finished: https://api.gbif.org/v1/species/8544047/children | total=6
2026-07-05 15:15:52 | INFO | Fetching: https://api.gbif.org/v1/species/8544047/children | params={}
2026-07-05 15:15:52 | INFO | Finished: https://api.gbif.org/v1/species/8544047/children | total=6
2026-07-05 15:15:52 | INFO | Randomly selected 6/6 children for taxon 8544047
2026-07-05 15:15:52 | INFO | Taxon key 8544047 has 6 children
2026-07-05 15:15:52 | INFO | Fetching: https://api.gbif.org/v1/species/6942461/children | params={}
2026-07-05 15:15:52 | INFO | Finished: https://api.gbif.org/v1/species/6942461/children | total=1
2026-07-05 15:15:52 | INFO | Fetching: https://api.gbif.org/v1/species/6942461/children | params={}
2026-07-05 15:15:53 | INFO | Finished: https://api.gbif.org/v1/species/6942461/children | total=1
2026-07-05 15:15:53 | INFO | Randomly selected 1/1 children for taxon 6942461
2026-07-05 15:15:53 | INFO | Taxon key 6942461 has 1 children
2026-07-05 15:15:53 | INFO | Fetching: https://api.gbif.org/v1/species/1163060/children | params={}
2026-07-05 15:15:53 | INFO | Finished: https://api.gbif.org/v1/species/1163060/children | total=2
2026-07-05 15:15:53 | INFO | Fetching: https://api.gbif.org/v1/species/1163060/children | params={}
2026-07-05 15:15:53 | INFO | Finished: https://api.gbif.org/v1/species/1163060/children | total=2
2026-07-05 15:15:53 | INFO | Randomly selected 2/2 children for taxon 1163060
2026-07-05 15:15:53 | INFO | Taxon key 1163060 has 2 children
2026-07-05 15:15:53 | INFO | Fetching: https://api.gbif.org/v1/species/4291017/children | params={}
2026-07-05 15:15:53 | INFO | Finished: https://api.gbif.org/v1/species/4291017/children | total=1
2026-07-05 15:15:53 | INFO | Fetching: https://api.gbif.org/v1/species/4291017/children | params={}
2026-07-05 15:15:53 | INFO | Finished: https://api.gbif.org/v1/species/4291017/children | total=1
2026-07-05 15:15:53 | INFO | Randomly selected 1/1 children for taxon 4291017
2026-07-05 15:15:53 | INFO | Taxon key 4291017 has 1 children
2026-07-05 15:15:53 | INFO | Fetching: https://api.gbif.org/v1/species/1163082/children | params={}
2026-07-05 15:15:54 | INFO | Finished: https://api.gbif.org/v1/species/1163082/children | total=2
2026-07-05 15:15:54 | INFO | Fetching: https://api.gbif.org/v1/species/1163082/children | params={}
2026-07-05 15:15:54 | INFO | Finished: https://api.gbif.org/v1/species/1163082/children | total=2
2026-07-05 15:15:54 | INFO | Randomly selected 2/2 children for taxon 1163082
2026-07-05 15:15:54 | INFO | Taxon key 1163082 has 2 children
2026-07-05 15:15:54 | INFO | Fetching: https://api.gbif.org/v1/species/4290989/children | params={}
2026-07-05 15:15:54 | INFO | Finished: https://api.gbif.org/v1/species/4290989/children | total=2
2026-07-05 15:15:54 | INFO | Fetching: https://api.gbif.org/v1/species/4290989/children | params={}
2026-07-05 15:15:54 | INFO | Finished: https://api.gbif.org/v1/species/4290989/children | total=2
2026-07-05 15:15:54 | INFO | Randomly selected 2/2 children for taxon 4290989
2026-07-05 15:15:54 | INFO | Taxon key 4290989 has 2 children
2026-07-05 15:15:54 | INFO | Fetching: https://api.gbif.org/v1/species/4721536/children | params={}
2026-07-05 15:15:54 | INFO | Finished: https://api.gbif.org/v1/species/4721536/children | total=1
2026-07-05 15:15:54 | INFO | Fetching: https://api.gbif.org/v1/species/4721536/children | params={}
2026-07-05 15:15:55 | INFO | Finished: https://api.gbif.org/v1/species/4721536/children | total=1
2026-07-05 15:15:55 | INFO | Randomly selected 1/1 children for taxon 4721536
2026-07-05 15:15:55 | INFO | Taxon key 4721536 has 1 children
2026-07-05 15:15:55 | INFO | Fetching: https://api.gbif.org/v1/species/7826/children | params={}
2026-07-05 15:15:55 | INFO | Finished: https://api.gbif.org/v1/species/7826/children | total=185
2026-07-05 15:15:55 | INFO | Fetching: https://api.gbif.org/v1/species/7826/children | params={}
2026-07-05 15:15:55 | INFO | Finished: https://api.gbif.org/v1/species/7826/children | total=185
2026-07-05 15:15:55 | INFO | Randomly selected 185/185 children for taxon 7826
2026-07-05 15:15:55 | INFO | Taxon key 7826 has 185 children
2026-07-05 15:15:55 | INFO | Fetching: https://api.gbif.org/v1/species/6968525/children | params={}
2026-07-05 15:15:56 | INFO | Finished: https://api.gbif.org/v1/species/6968525/children | total=15
2026-07-05 15:15:56 | INFO | Fetching: https://api.gbif.org/v1/species/6968525/children | params={}
2026-07-05 15:15:56 | INFO | Finished: https://api.gbif.org/v1/species/6968525/children | total=15
2026-07-05 15:15:56 | INFO | Randomly selected 15/15 children for taxon 6968525
2026-07-05 15:15:56 | INFO | Taxon key 6968525 has 15 children
2026-07-05 15:15:56 | INFO | Fetching: https://api.gbif.org/v1/species/1033627/children | params={}
2026-07-05 15:15:56 | INFO | Finished: https://api.gbif.org/v1/species/1033627/children | total=28
2026-07-05 15:15:56 | INFO | Fetching: https://api.gbif.org/v1/species/1033627/children | params={}
2026-07-05 15:15:56 | INFO | Finished: https://api.gbif.org/v1/species/1033627/children | total=28
2026-07-05 15:15:56 | INFO | Randomly selected 28/28 children for taxon 1033627
2026-07-05 15:15:56 | INFO | Taxon key 1033627 has 28 children
2026-07-05 15:15:56 | INFO | Fetching: https://api.gbif.org/v1/species/6968246/children | params={}
2026-07-05 15:15:57 | INFO | Finished: https://api.gbif.org/v1/species/6968246/children | total=2
2026-07-05 15:15:57 | INFO | Fetching: https://api.gbif.org/v1/species/6968246/children | params={}
2026-07-05 15:15:57 | INFO | Finished: https://api.gbif.org/v1/species/6968246/children | total=2
2026-07-05 15:15:57 | INFO | Randomly selected 2/2 children for taxon 6968246
2026-07-05 15:15:57 | INFO | Taxon key 6968246 has 2 children
2026-07-05 15:15:57 | INFO | Fetching: https://api.gbif.org/v1/species/4764790/children | params={}
2026-07-05 15:15:57 | INFO | Finished: https://api.gbif.org/v1/species/4764790/children | total=1
2026-07-05 15:15:57 | INFO | Fetching: https://api.gbif.org/v1/species/4764790/children | params={}
2026-07-05 15:15:57 | INFO | Finished: https://api.gbif.org/v1/species/4764790/children | total=1
2026-07-05 15:15:57 | INFO | Randomly selected 1/1 children for taxon 4764790
2026-07-05 15:15:57 | INFO | Taxon key 4764790 has 1 children
2026-07-05 15:15:57 | INFO | Fetching: https://api.gbif.org/v1/species/4748284/children | params={}
2026-07-05 15:15:57 | INFO | Finished: https://api.gbif.org/v1/species/4748284/children | total=15
2026-07-05 15:15:57 | INFO | Fetching: https://api.gbif.org/v1/species/4748284/children | params={}
2026-07-05 15:15:58 | INFO | Finished: https://api.gbif.org/v1/species/4748284/children | total=15
2026-07-05 15:15:58 | INFO | Randomly selected 15/15 children for taxon 4748284
2026-07-05 15:15:58 | INFO | Taxon key 4748284 has 15 children
2026-07-05 15:15:58 | INFO | Fetching: https://api.gbif.org/v1/species/4719384/children | params={}
2026-07-05 15:15:58 | INFO | Finished: https://api.gbif.org/v1/species/4719384/children | total=7
2026-07-05 15:15:58 | INFO | Fetching: https://api.gbif.org/v1/species/4719384/children | params={}
2026-07-05 15:15:58 | INFO | Finished: https://api.gbif.org/v1/species/4719384/children | total=7
2026-07-05 15:15:58 | INFO | Randomly selected 7/7 children for taxon 4719384
2026-07-05 15:15:58 | INFO | Taxon key 4719384 has 7 children
2026-07-05 15:15:58 | INFO | Fetching: https://api.gbif.org/v1/species/6967640/children | params={}
2026-07-05 15:15:58 | INFO | Finished: https://api.gbif.org/v1/species/6967640/children | total=2
2026-07-05 15:15:58 | INFO | Fetching: https://api.gbif.org/v1/species/6967640/children | params={}
2026-07-05 15:15:58 | INFO | Finished: https://api.gbif.org/v1/species/6967640/children | total=2
2026-07-05 15:15:58 | INFO | Randomly selected 2/2 children for taxon 6967640
2026-07-05 15:15:58 | INFO | Taxon key 6967640 has 2 children
2026-07-05 15:15:58 | INFO | Fetching: https://api.gbif.org/v1/species/6967641/children | params={}
2026-07-05 15:15:59 | INFO | Finished: https://api.gbif.org/v1/species/6967641/children | total=2
2026-07-05 15:15:59 | INFO | Fetching: https://api.gbif.org/v1/species/6967641/children | params={}
2026-07-05 15:15:59 | INFO | Finished: https://api.gbif.org/v1/species/6967641/children | total=2
2026-07-05 15:15:59 | INFO | Randomly selected 2/2 children for taxon 6967641
2026-07-05 15:15:59 | INFO | Taxon key 6967641 has 2 children
2026-07-05 15:15:59 | INFO | Fetching: https://api.gbif.org/v1/species/4747751/children | params={}
2026-07-05 15:15:59 | INFO | Finished: https://api.gbif.org/v1/species/4747751/children | total=1
2026-07-05 15:15:59 | INFO | Fetching: https://api.gbif.org/v1/species/4747751/children | params={}
2026-07-05 15:15:59 | INFO | Finished: https://api.gbif.org/v1/species/4747751/children | total=1
2026-07-05 15:15:59 | INFO | Randomly selected 1/1 children for taxon 4747751
2026-07-05 15:15:59 | INFO | Taxon key 4747751 has 1 children
2026-07-05 15:15:59 | INFO | Fetching: https://api.gbif.org/v1/species/9809439/children | params={}
2026-07-05 15:15:59 | INFO | Finished: https://api.gbif.org/v1/species/9809439/children | total=3
2026-07-05 15:15:59 | INFO | Fetching: https://api.gbif.org/v1/species/9809439/children | params={}
2026-07-05 15:16:00 | INFO | Finished: https://api.gbif.org/v1/species/9809439/children | total=3
2026-07-05 15:16:00 | INFO | Randomly selected 3/3 children for taxon 9809439
2026-07-05 15:16:00 | INFO | Taxon key 9809439 has 3 children
2026-07-05 15:16:00 | INFO | Fetching: https://api.gbif.org/v1/species/4762807/children | params={}
2026-07-05 15:16:00 | INFO | Finished: https://api.gbif.org/v1/species/4762807/children | total=1
2026-07-05 15:16:00 | INFO | Fetching: https://api.gbif.org/v1/species/4762807/children | params={}
2026-07-05 15:16:00 | INFO | Finished: https://api.gbif.org/v1/species/4762807/children | total=1
2026-07-05 15:16:00 | INFO | Randomly selected 1/1 children for taxon 4762807
2026-07-05 15:16:00 | INFO | Taxon key 4762807 has 1 children
2026-07-05 15:16:00 | INFO | Fetching: https://api.gbif.org/v1/species/4737027/children | params={}
2026-07-05 15:16:00 | INFO | Finished: https://api.gbif.org/v1/species/4737027/children | total=1
2026-07-05 15:16:00 | INFO | Fetching: https://api.gbif.org/v1/species/4737027/children | params={}
2026-07-05 15:16:01 | INFO | Finished: https://api.gbif.org/v1/species/4737027/children | total=1
2026-07-05 15:16:01 | INFO | Randomly selected 1/1 children for taxon 4737027
2026-07-05 15:16:01 | INFO | Taxon key 4737027 has 1 children
2026-07-05 15:16:01 | INFO | Fetching: https://api.gbif.org/v1/species/4760412/children | params={}
2026-07-05 15:16:01 | INFO | Finished: https://api.gbif.org/v1/species/4760412/children | total=1
2026-07-05 15:16:01 | INFO | Fetching: https://api.gbif.org/v1/species/4760412/children | params={}
2026-07-05 15:16:01 | INFO | Finished: https://api.gbif.org/v1/species/4760412/children | total=1
2026-07-05 15:16:01 | INFO | Randomly selected 1/1 children for taxon 4760412
2026-07-05 15:16:01 | INFO | Taxon key 4760412 has 1 children
2026-07-05 15:16:01 | INFO | Fetching: https://api.gbif.org/v1/species/4719802/children | params={}
2026-07-05 15:16:01 | INFO | Finished: https://api.gbif.org/v1/species/4719802/children | total=1
2026-07-05 15:16:01 | INFO | Fetching: https://api.gbif.org/v1/species/4719802/children | params={}
2026-07-05 15:16:01 | INFO | Finished: https://api.gbif.org/v1/species/4719802/children | total=1
2026-07-05 15:16:01 | INFO | Randomly selected 1/1 children for taxon 4719802
2026-07-05 15:16:01 | INFO | Taxon key 4719802 has 1 children
2026-07-05 15:16:01 | INFO | Fetching: https://api.gbif.org/v1/species/4747712/children | params={}
2026-07-05 15:16:02 | INFO | Finished: https://api.gbif.org/v1/species/4747712/children | total=1
2026-07-05 15:16:02 | INFO | Fetching: https://api.gbif.org/v1/species/4747712/children | params={}
2026-07-05 15:16:02 | INFO | Finished: https://api.gbif.org/v1/species/4747712/children | total=1
2026-07-05 15:16:02 | INFO | Randomly selected 1/1 children for taxon 4747712
2026-07-05 15:16:02 | INFO | Taxon key 4747712 has 1 children
2026-07-05 15:16:02 | INFO | Fetching: https://api.gbif.org/v1/species/4719112/children | params={}
2026-07-05 15:16:02 | INFO | Finished: https://api.gbif.org/v1/species/4719112/children | total=1
2026-07-05 15:16:02 | INFO | Fetching: https://api.gbif.org/v1/species/4719112/children | params={}
2026-07-05 15:16:02 | INFO | Finished: https://api.gbif.org/v1/species/4719112/children | total=1
2026-07-05 15:16:02 | INFO | Randomly selected 1/1 children for taxon 4719112
2026-07-05 15:16:02 | INFO | Taxon key 4719112 has 1 children
2026-07-05 15:16:02 | INFO | Fetching: https://api.gbif.org/v1/species/4719100/children | params={}
2026-07-05 15:16:02 | INFO | Finished: https://api.gbif.org/v1/species/4719100/children | total=5
2026-07-05 15:16:02 | INFO | Fetching: https://api.gbif.org/v1/species/4719100/children | params={}
2026-07-05 15:16:03 | INFO | Finished: https://api.gbif.org/v1/species/4719100/children | total=5
2026-07-05 15:16:03 | INFO | Randomly selected 5/5 children for taxon 4719100
2026-07-05 15:16:03 | INFO | Taxon key 4719100 has 5 children
2026-07-05 15:16:03 | INFO | Fetching: https://api.gbif.org/v1/species/4742825/children | params={}
2026-07-05 15:16:03 | INFO | Finished: https://api.gbif.org/v1/species/4742825/children | total=2
2026-07-05 15:16:03 | INFO | Fetching: https://api.gbif.org/v1/species/4742825/children | params={}
2026-07-05 15:16:03 | INFO | Finished: https://api.gbif.org/v1/species/4742825/children | total=2
2026-07-05 15:16:03 | INFO | Randomly selected 2/2 children for taxon 4742825
2026-07-05 15:16:03 | INFO | Taxon key 4742825 has 2 children
2026-07-05 15:16:03 | INFO | Fetching: https://api.gbif.org/v1/species/4719037/children | params={}
2026-07-05 15:16:03 | INFO | Finished: https://api.gbif.org/v1/species/4719037/children | total=15
2026-07-05 15:16:03 | INFO | Fetching: https://api.gbif.org/v1/species/4719037/children | params={}
2026-07-05 15:16:03 | INFO | Finished: https://api.gbif.org/v1/species/4719037/children | total=15
2026-07-05 15:16:03 | INFO | Randomly selected 15/15 children for taxon 4719037
2026-07-05 15:16:03 | INFO | Taxon key 4719037 has 15 children
2026-07-05 15:16:03 | INFO | Fetching: https://api.gbif.org/v1/species/1033553/children | params={}
2026-07-05 15:16:04 | INFO | Finished: https://api.gbif.org/v1/species/1033553/children | total=184
2026-07-05 15:16:04 | INFO | Fetching: https://api.gbif.org/v1/species/1033553/children | params={}
2026-07-05 15:16:04 | INFO | Finished: https://api.gbif.org/v1/species/1033553/children | total=184
2026-07-05 15:16:04 | INFO | Randomly selected 184/184 children for taxon 1033553
2026-07-05 15:16:04 | INFO | Taxon key 1033553 has 184 children
2026-07-05 15:16:04 | INFO | Fetching: https://api.gbif.org/v1/species/6967587/children | params={}
2026-07-05 15:16:04 | INFO | Finished: https://api.gbif.org/v1/species/6967587/children | total=2
2026-07-05 15:16:04 | INFO | Fetching: https://api.gbif.org/v1/species/6967587/children | params={}
2026-07-05 15:16:05 | INFO | Finished: https://api.gbif.org/v1/species/6967587/children | total=2
2026-07-05 15:16:05 | INFO | Randomly selected 2/2 children for taxon 6967587
2026-07-05 15:16:05 | INFO | Taxon key 6967587 has 2 children
2026-07-05 15:16:05 | INFO | Fetching: https://api.gbif.org/v1/species/1033565/children | params={}
2026-07-05 15:16:05 | INFO | Finished: https://api.gbif.org/v1/species/1033565/children | total=1
2026-07-05 15:16:05 | INFO | Fetching: https://api.gbif.org/v1/species/1033565/children | params={}
2026-07-05 15:16:05 | INFO | Finished: https://api.gbif.org/v1/species/1033565/children | total=1
2026-07-05 15:16:05 | INFO | Randomly selected 1/1 children for taxon 1033565
2026-07-05 15:16:05 | INFO | Taxon key 1033565 has 1 children
2026-07-05 15:16:05 | INFO | Fetching: https://api.gbif.org/v1/species/6967496/children | params={}
2026-07-05 15:16:05 | INFO | Finished: https://api.gbif.org/v1/species/6967496/children | total=1
2026-07-05 15:16:05 | INFO | Fetching: https://api.gbif.org/v1/species/6967496/children | params={}
2026-07-05 15:16:05 | INFO | Finished: https://api.gbif.org/v1/species/6967496/children | total=1
2026-07-05 15:16:05 | INFO | Randomly selected 1/1 children for taxon 6967496
2026-07-05 15:16:05 | INFO | Taxon key 6967496 has 1 children
2026-07-05 15:16:05 | INFO | Fetching: https://api.gbif.org/v1/species/1033579/children | params={}
2026-07-05 15:16:05 | INFO | Finished: https://api.gbif.org/v1/species/1033579/children | total=6
2026-07-05 15:16:05 | INFO | Fetching: https://api.gbif.org/v1/species/1033579/children | params={}
2026-07-05 15:16:06 | INFO | Finished: https://api.gbif.org/v1/species/1033579/children | total=6
2026-07-05 15:16:06 | INFO | Randomly selected 6/6 children for taxon 1033579
2026-07-05 15:16:06 | INFO | Taxon key 1033579 has 6 children
2026-07-05 15:16:06 | INFO | Fetching: https://api.gbif.org/v1/species/4427753/children | params={}
2026-07-05 15:16:06 | INFO | Finished: https://api.gbif.org/v1/species/4427753/children | total=2
2026-07-05 15:16:06 | INFO | Fetching: https://api.gbif.org/v1/species/4427753/children | params={}
2026-07-05 15:16:06 | INFO | Finished: https://api.gbif.org/v1/species/4427753/children | total=2
2026-07-05 15:16:06 | INFO | Randomly selected 2/2 children for taxon 4427753
2026-07-05 15:16:06 | INFO | Taxon key 4427753 has 2 children
2026-07-05 15:16:06 | INFO | Fetching: https://api.gbif.org/v1/species/4427754/children | params={}
2026-07-05 15:16:06 | INFO | Finished: https://api.gbif.org/v1/species/4427754/children | total=1
2026-07-05 15:16:06 | INFO | Fetching: https://api.gbif.org/v1/species/4427754/children | params={}
2026-07-05 15:16:06 | INFO | Finished: https://api.gbif.org/v1/species/4427754/children | total=1
2026-07-05 15:16:06 | INFO | Randomly selected 1/1 children for taxon 4427754
2026-07-05 15:16:06 | INFO | Taxon key 4427754 has 1 children
2026-07-05 15:16:06 | INFO | Fetching: https://api.gbif.org/v1/species/4768889/children | params={}
2026-07-05 15:16:07 | INFO | Finished: https://api.gbif.org/v1/species/4768889/children | total=14
2026-07-05 15:16:07 | INFO | Fetching: https://api.gbif.org/v1/species/4768889/children | params={}
2026-07-05 15:16:07 | INFO | Finished: https://api.gbif.org/v1/species/4768889/children | total=14
2026-07-05 15:16:07 | INFO | Randomly selected 14/14 children for taxon 4768889
2026-07-05 15:16:07 | INFO | Taxon key 4768889 has 14 children
2026-07-05 15:16:07 | INFO | Fetching: https://api.gbif.org/v1/species/4726175/children | params={}
2026-07-05 15:16:07 | INFO | Finished: https://api.gbif.org/v1/species/4726175/children | total=4
2026-07-05 15:16:07 | INFO | Fetching: https://api.gbif.org/v1/species/4726175/children | params={}
2026-07-05 15:16:07 | INFO | Finished: https://api.gbif.org/v1/species/4726175/children | total=4
2026-07-05 15:16:07 | INFO | Randomly selected 4/4 children for taxon 4726175
2026-07-05 15:16:07 | INFO | Taxon key 4726175 has 4 children
2026-07-05 15:16:07 | INFO | Fetching: https://api.gbif.org/v1/species/11418641/children | params={}
2026-07-05 15:16:08 | INFO | Finished: https://api.gbif.org/v1/species/11418641/children | total=2
2026-07-05 15:16:08 | INFO | Fetching: https://api.gbif.org/v1/species/11418641/children | params={}
2026-07-05 15:16:08 | INFO | Finished: https://api.gbif.org/v1/species/11418641/children | total=2
2026-07-05 15:16:08 | INFO | Randomly selected 2/2 children for taxon 11418641
2026-07-05 15:16:08 | INFO | Taxon key 11418641 has 2 children
2026-07-05 15:16:08 | INFO | Fetching: https://api.gbif.org/v1/species/4743138/children | params={}
2026-07-05 15:16:08 | INFO | Finished: https://api.gbif.org/v1/species/4743138/children | total=3
2026-07-05 15:16:08 | INFO | Fetching: https://api.gbif.org/v1/species/4743138/children | params={}
2026-07-05 15:16:08 | INFO | Finished: https://api.gbif.org/v1/species/4743138/children | total=3
2026-07-05 15:16:08 | INFO | Randomly selected 3/3 children for taxon 4743138
2026-07-05 15:16:08 | INFO | Taxon key 4743138 has 3 children
2026-07-05 15:16:08 | INFO | Fetching: https://api.gbif.org/v1/species/4573394/children | params={}
2026-07-05 15:16:08 | INFO | Finished: https://api.gbif.org/v1/species/4573394/children | total=1
2026-07-05 15:16:08 | INFO | Fetching: https://api.gbif.org/v1/species/4573394/children | params={}
2026-07-05 15:16:08 | INFO | Finished: https://api.gbif.org/v1/species/4573394/children | total=1
2026-07-05 15:16:08 | INFO | Randomly selected 1/1 children for taxon 4573394
2026-07-05 15:16:08 | INFO | Taxon key 4573394 has 1 children
2026-07-05 15:16:08 | INFO | Fetching: https://api.gbif.org/v1/species/1033599/children | params={}
2026-07-05 15:16:09 | INFO | Finished: https://api.gbif.org/v1/species/1033599/children | total=20
2026-07-05 15:16:09 | INFO | Fetching: https://api.gbif.org/v1/species/1033599/children | params={}
2026-07-05 15:16:09 | INFO | Finished: https://api.gbif.org/v1/species/1033599/children | total=20
2026-07-05 15:16:09 | INFO | Randomly selected 20/20 children for taxon 1033599
2026-07-05 15:16:09 | INFO | Taxon key 1033599 has 20 children
2026-07-05 15:16:09 | INFO | Fetching: https://api.gbif.org/v1/species/4719118/children | params={}
2026-07-05 15:16:09 | INFO | Finished: https://api.gbif.org/v1/species/4719118/children | total=1
2026-07-05 15:16:09 | INFO | Fetching: https://api.gbif.org/v1/species/4719118/children | params={}
2026-07-05 15:16:09 | INFO | Finished: https://api.gbif.org/v1/species/4719118/children | total=1
2026-07-05 15:16:09 | INFO | Randomly selected 1/1 children for taxon 4719118
2026-07-05 15:16:09 | INFO | Taxon key 4719118 has 1 children
2026-07-05 15:16:09 | INFO | Fetching: https://api.gbif.org/v1/species/4719122/children | params={}
2026-07-05 15:16:10 | INFO | Finished: https://api.gbif.org/v1/species/4719122/children | total=2
2026-07-05 15:16:10 | INFO | Fetching: https://api.gbif.org/v1/species/4719122/children | params={}
2026-07-05 15:16:10 | INFO | Finished: https://api.gbif.org/v1/species/4719122/children | total=2
2026-07-05 15:16:10 | INFO | Randomly selected 2/2 children for taxon 4719122
2026-07-05 15:16:10 | INFO | Taxon key 4719122 has 2 children
2026-07-05 15:16:10 | INFO | Fetching: https://api.gbif.org/v1/species/11670985/children | params={}
2026-07-05 15:16:10 | INFO | Finished: https://api.gbif.org/v1/species/11670985/children | total=5
2026-07-05 15:16:10 | INFO | Fetching: https://api.gbif.org/v1/species/11670985/children | params={}
2026-07-05 15:16:10 | INFO | Finished: https://api.gbif.org/v1/species/11670985/children | total=5
2026-07-05 15:16:10 | INFO | Randomly selected 5/5 children for taxon 11670985
2026-07-05 15:16:10 | INFO | Taxon key 11670985 has 5 children
2026-07-05 15:16:10 | INFO | Fetching: https://api.gbif.org/v1/species/11423981/children | params={}
2026-07-05 15:16:11 | INFO | Finished: https://api.gbif.org/v1/species/11423981/children | total=2
2026-07-05 15:16:11 | INFO | Fetching: https://api.gbif.org/v1/species/11423981/children | params={}
2026-07-05 15:16:11 | INFO | Finished: https://api.gbif.org/v1/species/11423981/children | total=2
2026-07-05 15:16:11 | INFO | Randomly selected 2/2 children for taxon 11423981
2026-07-05 15:16:11 | INFO | Taxon key 11423981 has 2 children
2026-07-05 15:16:11 | INFO | Fetching: https://api.gbif.org/v1/species/11795879/children | params={}
2026-07-05 15:16:11 | INFO | Finished: https://api.gbif.org/v1/species/11795879/children | total=1
2026-07-05 15:16:11 | INFO | Fetching: https://api.gbif.org/v1/species/11795879/children | params={}
2026-07-05 15:16:11 | INFO | Finished: https://api.gbif.org/v1/species/11795879/children | total=1
2026-07-05 15:16:11 | INFO | Randomly selected 1/1 children for taxon 11795879
2026-07-05 15:16:11 | INFO | Taxon key 11795879 has 1 children
2026-07-05 15:16:11 | INFO | Fetching: https://api.gbif.org/v1/species/11576862/children | params={}
2026-07-05 15:16:11 | INFO | Finished: https://api.gbif.org/v1/species/11576862/children | total=1
2026-07-05 15:16:11 | INFO | Fetching: https://api.gbif.org/v1/species/11576862/children | params={}
2026-07-05 15:16:12 | INFO | Finished: https://api.gbif.org/v1/species/11576862/children | total=1
2026-07-05 15:16:12 | INFO | Randomly selected 1/1 children for taxon 11576862
2026-07-05 15:16:12 | INFO | Taxon key 11576862 has 1 children
2026-07-05 15:16:12 | INFO | Fetching: https://api.gbif.org/v1/species/11643152/children | params={}
2026-07-05 15:16:12 | INFO | Finished: https://api.gbif.org/v1/species/11643152/children | total=1
2026-07-05 15:16:12 | INFO | Fetching: https://api.gbif.org/v1/species/11643152/children | params={}
2026-07-05 15:16:12 | INFO | Finished: https://api.gbif.org/v1/species/11643152/children | total=1
2026-07-05 15:16:12 | INFO | Randomly selected 1/1 children for taxon 11643152
2026-07-05 15:16:12 | INFO | Taxon key 11643152 has 1 children
2026-07-05 15:16:12 | INFO | Fetching: https://api.gbif.org/v1/species/4717941/children | params={}
2026-07-05 15:16:12 | INFO | Finished: https://api.gbif.org/v1/species/4717941/children | total=2
2026-07-05 15:16:12 | INFO | Fetching: https://api.gbif.org/v1/species/4717941/children | params={}
2026-07-05 15:16:12 | INFO | Finished: https://api.gbif.org/v1/species/4717941/children | total=2
2026-07-05 15:16:12 | INFO | Randomly selected 2/2 children for taxon 4717941
2026-07-05 15:16:12 | INFO | Taxon key 4717941 has 2 children
2026-07-05 15:16:12 | INFO | Fetching: https://api.gbif.org/v1/species/4766109/children | params={}
2026-07-05 15:16:13 | INFO | Finished: https://api.gbif.org/v1/species/4766109/children | total=2
2026-07-05 15:16:13 | INFO | Fetching: https://api.gbif.org/v1/species/4766109/children | params={}
2026-07-05 15:16:13 | INFO | Finished: https://api.gbif.org/v1/species/4766109/children | total=2
2026-07-05 15:16:13 | INFO | Randomly selected 2/2 children for taxon 4766109
2026-07-05 15:16:13 | INFO | Taxon key 4766109 has 2 children
2026-07-05 15:16:13 | INFO | Fetching: https://api.gbif.org/v1/species/6967940/children | params={}
2026-07-05 15:16:13 | INFO | Finished: https://api.gbif.org/v1/species/6967940/children | total=1
2026-07-05 15:16:13 | INFO | Fetching: https://api.gbif.org/v1/species/6967940/children | params={}
2026-07-05 15:16:13 | INFO | Finished: https://api.gbif.org/v1/species/6967940/children | total=1
2026-07-05 15:16:13 | INFO | Randomly selected 1/1 children for taxon 6967940
2026-07-05 15:16:13 | INFO | Taxon key 6967940 has 1 children
2026-07-05 15:16:13 | INFO | Fetching: https://api.gbif.org/v1/species/4406357/children | params={}
2026-07-05 15:16:13 | INFO | Finished: https://api.gbif.org/v1/species/4406357/children | total=10
2026-07-05 15:16:13 | INFO | Fetching: https://api.gbif.org/v1/species/4406357/children | params={}
2026-07-05 15:16:14 | INFO | Finished: https://api.gbif.org/v1/species/4406357/children | total=10
2026-07-05 15:16:14 | INFO | Randomly selected 10/10 children for taxon 4406357
2026-07-05 15:16:14 | INFO | Taxon key 4406357 has 10 children
2026-07-05 15:16:14 | INFO | Fetching: https://api.gbif.org/v1/species/4427749/children | params={}
2026-07-05 15:16:14 | INFO | Finished: https://api.gbif.org/v1/species/4427749/children | total=1
2026-07-05 15:16:14 | INFO | Fetching: https://api.gbif.org/v1/species/4427749/children | params={}
2026-07-05 15:16:14 | INFO | Finished: https://api.gbif.org/v1/species/4427749/children | total=1
2026-07-05 15:16:14 | INFO | Randomly selected 1/1 children for taxon 4427749
2026-07-05 15:16:14 | INFO | Taxon key 4427749 has 1 children
2026-07-05 15:16:14 | INFO | Fetching: https://api.gbif.org/v1/species/9596591/children | params={}
2026-07-05 15:16:14 | INFO | Finished: https://api.gbif.org/v1/species/9596591/children | total=1
2026-07-05 15:16:14 | INFO | Fetching: https://api.gbif.org/v1/species/9596591/children | params={}
2026-07-05 15:16:14 | INFO | Finished: https://api.gbif.org/v1/species/9596591/children | total=1
2026-07-05 15:16:14 | INFO | Randomly selected 1/1 children for taxon 9596591
2026-07-05 15:16:14 | INFO | Taxon key 9596591 has 1 children
2026-07-05 15:16:14 | INFO | Fetching: https://api.gbif.org/v1/species/4427752/children | params={}
2026-07-05 15:16:15 | INFO | Finished: https://api.gbif.org/v1/species/4427752/children | total=1
2026-07-05 15:16:15 | INFO | Fetching: https://api.gbif.org/v1/species/4427752/children | params={}
2026-07-05 15:16:15 | INFO | Finished: https://api.gbif.org/v1/species/4427752/children | total=1
2026-07-05 15:16:15 | INFO | Randomly selected 1/1 children for taxon 4427752
2026-07-05 15:16:15 | INFO | Taxon key 4427752 has 1 children
2026-07-05 15:16:15 | INFO | Fetching: https://api.gbif.org/v1/species/4427746/children | params={}
2026-07-05 15:16:15 | INFO | Finished: https://api.gbif.org/v1/species/4427746/children | total=2
2026-07-05 15:16:15 | INFO | Fetching: https://api.gbif.org/v1/species/4427746/children | params={}
2026-07-05 15:16:15 | INFO | Finished: https://api.gbif.org/v1/species/4427746/children | total=2
2026-07-05 15:16:15 | INFO | Randomly selected 2/2 children for taxon 4427746
2026-07-05 15:16:15 | INFO | Taxon key 4427746 has 2 children
2026-07-05 15:16:15 | INFO | Fetching: https://api.gbif.org/v1/species/4718057/children | params={}
2026-07-05 15:16:15 | INFO | Finished: https://api.gbif.org/v1/species/4718057/children | total=1
2026-07-05 15:16:15 | INFO | Fetching: https://api.gbif.org/v1/species/4718057/children | params={}
2026-07-05 15:16:15 | INFO | Finished: https://api.gbif.org/v1/species/4718057/children | total=1
2026-07-05 15:16:15 | INFO | Randomly selected 1/1 children for taxon 4718057
2026-07-05 15:16:15 | INFO | Taxon key 4718057 has 1 children
2026-07-05 15:16:15 | INFO | Fetching: https://api.gbif.org/v1/species/1033625/children | params={}
2026-07-05 15:16:16 | INFO | Finished: https://api.gbif.org/v1/species/1033625/children | total=1
2026-07-05 15:16:16 | INFO | Fetching: https://api.gbif.org/v1/species/1033625/children | params={}
2026-07-05 15:16:16 | INFO | Finished: https://api.gbif.org/v1/species/1033625/children | total=1
2026-07-05 15:16:16 | INFO | Randomly selected 1/1 children for taxon 1033625
2026-07-05 15:16:16 | INFO | Taxon key 1033625 has 1 children
2026-07-05 15:16:16 | INFO | Fetching: https://api.gbif.org/v1/species/4748048/children | params={}
2026-07-05 15:16:16 | INFO | Finished: https://api.gbif.org/v1/species/4748048/children | total=12
2026-07-05 15:16:16 | INFO | Fetching: https://api.gbif.org/v1/species/4748048/children | params={}
2026-07-05 15:16:16 | INFO | Finished: https://api.gbif.org/v1/species/4748048/children | total=12
2026-07-05 15:16:16 | INFO | Randomly selected 12/12 children for taxon 4748048
2026-07-05 15:16:16 | INFO | Taxon key 4748048 has 12 children
2026-07-05 15:16:16 | INFO | Fetching: https://api.gbif.org/v1/species/6967393/children | params={}
2026-07-05 15:16:16 | INFO | Finished: https://api.gbif.org/v1/species/6967393/children | total=2
2026-07-05 15:16:16 | INFO | Fetching: https://api.gbif.org/v1/species/6967393/children | params={}
2026-07-05 15:16:17 | INFO | Finished: https://api.gbif.org/v1/species/6967393/children | total=2
2026-07-05 15:16:17 | INFO | Randomly selected 2/2 children for taxon 6967393
2026-07-05 15:16:17 | INFO | Taxon key 6967393 has 2 children
2026-07-05 15:16:17 | INFO | Fetching: https://api.gbif.org/v1/species/6967387/children | params={}
2026-07-05 15:16:17 | INFO | Finished: https://api.gbif.org/v1/species/6967387/children | total=4
2026-07-05 15:16:17 | INFO | Fetching: https://api.gbif.org/v1/species/6967387/children | params={}
2026-07-05 15:16:17 | INFO | Finished: https://api.gbif.org/v1/species/6967387/children | total=4
2026-07-05 15:16:17 | INFO | Randomly selected 4/4 children for taxon 6967387
2026-07-05 15:16:17 | INFO | Taxon key 6967387 has 4 children
2026-07-05 15:16:17 | INFO | Fetching: https://api.gbif.org/v1/species/4719104/children | params={}
2026-07-05 15:16:17 | INFO | Finished: https://api.gbif.org/v1/species/4719104/children | total=2
2026-07-05 15:16:17 | INFO | Fetching: https://api.gbif.org/v1/species/4719104/children | params={}
2026-07-05 15:16:17 | INFO | Finished: https://api.gbif.org/v1/species/4719104/children | total=2
2026-07-05 15:16:17 | INFO | Randomly selected 2/2 children for taxon 4719104
2026-07-05 15:16:17 | INFO | Taxon key 4719104 has 2 children
2026-07-05 15:16:17 | INFO | Fetching: https://api.gbif.org/v1/species/6968014/children | params={}
2026-07-05 15:16:17 | INFO | Finished: https://api.gbif.org/v1/species/6968014/children | total=2
2026-07-05 15:16:17 | INFO | Fetching: https://api.gbif.org/v1/species/6968014/children | params={}
2026-07-05 15:16:18 | INFO | Finished: https://api.gbif.org/v1/species/6968014/children | total=2
2026-07-05 15:16:18 | INFO | Randomly selected 2/2 children for taxon 6968014
2026-07-05 15:16:18 | INFO | Taxon key 6968014 has 2 children
2026-07-05 15:16:18 | INFO | Fetching: https://api.gbif.org/v1/species/4769328/children | params={}
2026-07-05 15:16:18 | INFO | Finished: https://api.gbif.org/v1/species/4769328/children | total=29
2026-07-05 15:16:18 | INFO | Fetching: https://api.gbif.org/v1/species/4769328/children | params={}
2026-07-05 15:16:18 | INFO | Finished: https://api.gbif.org/v1/species/4769328/children | total=29
2026-07-05 15:16:18 | INFO | Randomly selected 29/29 children for taxon 4769328
2026-07-05 15:16:18 | INFO | Taxon key 4769328 has 29 children
2026-07-05 15:16:18 | INFO | Fetching: https://api.gbif.org/v1/species/4743097/children | params={}
2026-07-05 15:16:18 | INFO | Finished: https://api.gbif.org/v1/species/4743097/children | total=11
2026-07-05 15:16:18 | INFO | Fetching: https://api.gbif.org/v1/species/4743097/children | params={}
2026-07-05 15:16:18 | INFO | Finished: https://api.gbif.org/v1/species/4743097/children | total=11
2026-07-05 15:16:18 | INFO | Randomly selected 11/11 children for taxon 4743097
2026-07-05 15:16:18 | INFO | Taxon key 4743097 has 11 children
2026-07-05 15:16:18 | INFO | Fetching: https://api.gbif.org/v1/species/6968331/children | params={}
2026-07-05 15:16:19 | INFO | Finished: https://api.gbif.org/v1/species/6968331/children | total=2
2026-07-05 15:16:19 | INFO | Fetching: https://api.gbif.org/v1/species/6968331/children | params={}
2026-07-05 15:16:19 | INFO | Finished: https://api.gbif.org/v1/species/6968331/children | total=2
2026-07-05 15:16:19 | INFO | Randomly selected 2/2 children for taxon 6968331
2026-07-05 15:16:19 | INFO | Taxon key 6968331 has 2 children
2026-07-05 15:16:19 | INFO | Fetching: https://api.gbif.org/v1/species/4719031/children | params={}
2026-07-05 15:16:19 | INFO | Finished: https://api.gbif.org/v1/species/4719031/children | total=4
2026-07-05 15:16:19 | INFO | Fetching: https://api.gbif.org/v1/species/4719031/children | params={}
2026-07-05 15:16:19 | INFO | Finished: https://api.gbif.org/v1/species/4719031/children | total=4
2026-07-05 15:16:19 | INFO | Randomly selected 4/4 children for taxon 4719031
2026-07-05 15:16:19 | INFO | Taxon key 4719031 has 4 children
2026-07-05 15:16:19 | INFO | Fetching: https://api.gbif.org/v1/species/4765075/children | params={}
2026-07-05 15:16:19 | INFO | Finished: https://api.gbif.org/v1/species/4765075/children | total=4
2026-07-05 15:16:19 | INFO | Fetching: https://api.gbif.org/v1/species/4765075/children | params={}
2026-07-05 15:16:20 | INFO | Finished: https://api.gbif.org/v1/species/4765075/children | total=4
2026-07-05 15:16:20 | INFO | Randomly selected 4/4 children for taxon 4765075
2026-07-05 15:16:20 | INFO | Taxon key 4765075 has 4 children
2026-07-05 15:16:20 | INFO | Fetching: https://api.gbif.org/v1/species/3253903/children | params={}
2026-07-05 15:16:20 | INFO | Finished: https://api.gbif.org/v1/species/3253903/children | total=6
2026-07-05 15:16:20 | INFO | Fetching: https://api.gbif.org/v1/species/3253903/children | params={}
2026-07-05 15:16:20 | INFO | Finished: https://api.gbif.org/v1/species/3253903/children | total=6
2026-07-05 15:16:20 | INFO | Randomly selected 6/6 children for taxon 3253903
2026-07-05 15:16:20 | INFO | Taxon key 3253903 has 6 children
2026-07-05 15:16:20 | INFO | Fetching: https://api.gbif.org/v1/species/5743491/children | params={}
2026-07-05 15:16:20 | INFO | Finished: https://api.gbif.org/v1/species/5743491/children | total=1
2026-07-05 15:16:20 | INFO | Fetching: https://api.gbif.org/v1/species/5743491/children | params={}
2026-07-05 15:16:20 | INFO | Finished: https://api.gbif.org/v1/species/5743491/children | total=1
2026-07-05 15:16:20 | INFO | Randomly selected 1/1 children for taxon 5743491
2026-07-05 15:16:20 | INFO | Taxon key 5743491 has 1 children
2026-07-05 15:16:20 | INFO | Fetching: https://api.gbif.org/v1/species/4741879/children | params={}
2026-07-05 15:16:20 | INFO | Finished: https://api.gbif.org/v1/species/4741879/children | total=3
2026-07-05 15:16:20 | INFO | Fetching: https://api.gbif.org/v1/species/4741879/children | params={}
2026-07-05 15:16:21 | INFO | Finished: https://api.gbif.org/v1/species/4741879/children | total=3
2026-07-05 15:16:21 | INFO | Randomly selected 3/3 children for taxon 4741879
2026-07-05 15:16:21 | INFO | Taxon key 4741879 has 3 children
2026-07-05 15:16:21 | INFO | Fetching: https://api.gbif.org/v1/species/9188243/children | params={}
2026-07-05 15:16:21 | INFO | Finished: https://api.gbif.org/v1/species/9188243/children | total=1
2026-07-05 15:16:21 | INFO | Fetching: https://api.gbif.org/v1/species/9188243/children | params={}
2026-07-05 15:16:21 | INFO | Finished: https://api.gbif.org/v1/species/9188243/children | total=1
2026-07-05 15:16:21 | INFO | Randomly selected 1/1 children for taxon 9188243
2026-07-05 15:16:21 | INFO | Taxon key 9188243 has 1 children
2026-07-05 15:16:21 | INFO | Fetching: https://api.gbif.org/v1/species/4726881/children | params={}
2026-07-05 15:16:21 | INFO | Finished: https://api.gbif.org/v1/species/4726881/children | total=13
2026-07-05 15:16:21 | INFO | Fetching: https://api.gbif.org/v1/species/4726881/children | params={}
2026-07-05 15:16:21 | INFO | Finished: https://api.gbif.org/v1/species/4726881/children | total=13
2026-07-05 15:16:21 | INFO | Randomly selected 13/13 children for taxon 4726881
2026-07-05 15:16:21 | INFO | Taxon key 4726881 has 13 children
2026-07-05 15:16:21 | INFO | Fetching: https://api.gbif.org/v1/species/6967646/children | params={}
2026-07-05 15:16:22 | INFO | Finished: https://api.gbif.org/v1/species/6967646/children | total=2
2026-07-05 15:16:22 | INFO | Fetching: https://api.gbif.org/v1/species/6967646/children | params={}
2026-07-05 15:16:22 | INFO | Finished: https://api.gbif.org/v1/species/6967646/children | total=2
2026-07-05 15:16:22 | INFO | Randomly selected 2/2 children for taxon 6967646
2026-07-05 15:16:22 | INFO | Taxon key 6967646 has 2 children
2026-07-05 15:16:22 | INFO | Fetching: https://api.gbif.org/v1/species/4740539/children | params={}
2026-07-05 15:16:22 | INFO | Finished: https://api.gbif.org/v1/species/4740539/children | total=1
2026-07-05 15:16:22 | INFO | Fetching: https://api.gbif.org/v1/species/4740539/children | params={}
2026-07-05 15:16:22 | INFO | Finished: https://api.gbif.org/v1/species/4740539/children | total=1
2026-07-05 15:16:22 | INFO | Randomly selected 1/1 children for taxon 4740539
2026-07-05 15:16:22 | INFO | Taxon key 4740539 has 1 children
2026-07-05 15:16:22 | INFO | Fetching: https://api.gbif.org/v1/species/4759878/children | params={}
2026-07-05 15:16:22 | INFO | Finished: https://api.gbif.org/v1/species/4759878/children | total=6
2026-07-05 15:16:22 | INFO | Fetching: https://api.gbif.org/v1/species/4759878/children | params={}
2026-07-05 15:16:23 | INFO | Finished: https://api.gbif.org/v1/species/4759878/children | total=6
2026-07-05 15:16:23 | INFO | Randomly selected 6/6 children for taxon 4759878
2026-07-05 15:16:23 | INFO | Taxon key 4759878 has 6 children
2026-07-05 15:16:23 | INFO | Fetching: https://api.gbif.org/v1/species/3263738/children | params={}
2026-07-05 15:16:23 | INFO | Finished: https://api.gbif.org/v1/species/3263738/children | total=35
2026-07-05 15:16:23 | INFO | Fetching: https://api.gbif.org/v1/species/3263738/children | params={}
2026-07-05 15:16:23 | INFO | Finished: https://api.gbif.org/v1/species/3263738/children | total=35
2026-07-05 15:16:23 | INFO | Randomly selected 35/35 children for taxon 3263738
2026-07-05 15:16:23 | INFO | Taxon key 3263738 has 35 children
2026-07-05 15:16:23 | INFO | Fetching: https://api.gbif.org/v1/species/6944659/children | params={}
2026-07-05 15:16:23 | INFO | Finished: https://api.gbif.org/v1/species/6944659/children | total=2
2026-07-05 15:16:23 | INFO | Fetching: https://api.gbif.org/v1/species/6944659/children | params={}
2026-07-05 15:16:24 | INFO | Finished: https://api.gbif.org/v1/species/6944659/children | total=2
2026-07-05 15:16:24 | INFO | Randomly selected 2/2 children for taxon 6944659
2026-07-05 15:16:24 | INFO | Taxon key 6944659 has 2 children
2026-07-05 15:16:24 | INFO | Fetching: https://api.gbif.org/v1/species/4765089/children | params={}
2026-07-05 15:16:24 | INFO | Finished: https://api.gbif.org/v1/species/4765089/children | total=4
2026-07-05 15:16:24 | INFO | Fetching: https://api.gbif.org/v1/species/4765089/children | params={}
2026-07-05 15:16:24 | INFO | Finished: https://api.gbif.org/v1/species/4765089/children | total=4
2026-07-05 15:16:24 | INFO | Randomly selected 4/4 children for taxon 4765089
2026-07-05 15:16:24 | INFO | Taxon key 4765089 has 4 children
2026-07-05 15:16:24 | INFO | Fetching: https://api.gbif.org/v1/species/4765774/children | params={}
2026-07-05 15:16:24 | INFO | Finished: https://api.gbif.org/v1/species/4765774/children | total=8
2026-07-05 15:16:24 | INFO | Fetching: https://api.gbif.org/v1/species/4765774/children | params={}
2026-07-05 15:16:24 | INFO | Finished: https://api.gbif.org/v1/species/4765774/children | total=8
2026-07-05 15:16:24 | INFO | Randomly selected 8/8 children for taxon 4765774
2026-07-05 15:16:24 | INFO | Taxon key 4765774 has 8 children
2026-07-05 15:16:24 | INFO | Fetching: https://api.gbif.org/v1/species/4718276/children | params={}
2026-07-05 15:16:25 | INFO | Finished: https://api.gbif.org/v1/species/4718276/children | total=2
2026-07-05 15:16:25 | INFO | Fetching: https://api.gbif.org/v1/species/4718276/children | params={}
2026-07-05 15:16:25 | INFO | Finished: https://api.gbif.org/v1/species/4718276/children | total=2
2026-07-05 15:16:25 | INFO | Randomly selected 2/2 children for taxon 4718276
2026-07-05 15:16:25 | INFO | Taxon key 4718276 has 2 children
2026-07-05 15:16:25 | INFO | Fetching: https://api.gbif.org/v1/species/4719135/children | params={}
2026-07-05 15:16:25 | INFO | Finished: https://api.gbif.org/v1/species/4719135/children | total=15
2026-07-05 15:16:25 | INFO | Fetching: https://api.gbif.org/v1/species/4719135/children | params={}
2026-07-05 15:16:25 | INFO | Finished: https://api.gbif.org/v1/species/4719135/children | total=15
2026-07-05 15:16:25 | INFO | Randomly selected 15/15 children for taxon 4719135
2026-07-05 15:16:25 | INFO | Taxon key 4719135 has 15 children
2026-07-05 15:16:25 | INFO | Fetching: https://api.gbif.org/v1/species/4576968/children | params={}
2026-07-05 15:16:26 | INFO | Finished: https://api.gbif.org/v1/species/4576968/children | total=7
2026-07-05 15:16:26 | INFO | Fetching: https://api.gbif.org/v1/species/4576968/children | params={}
2026-07-05 15:16:26 | INFO | Finished: https://api.gbif.org/v1/species/4576968/children | total=7
2026-07-05 15:16:26 | INFO | Randomly selected 7/7 children for taxon 4576968
2026-07-05 15:16:26 | INFO | Taxon key 4576968 has 7 children
2026-07-05 15:16:26 | INFO | Fetching: https://api.gbif.org/v1/species/4736168/children | params={}
2026-07-05 15:16:26 | INFO | Finished: https://api.gbif.org/v1/species/4736168/children | total=4
2026-07-05 15:16:26 | INFO | Fetching: https://api.gbif.org/v1/species/4736168/children | params={}
2026-07-05 15:16:26 | INFO | Finished: https://api.gbif.org/v1/species/4736168/children | total=4
2026-07-05 15:16:26 | INFO | Randomly selected 4/4 children for taxon 4736168
2026-07-05 15:16:26 | INFO | Taxon key 4736168 has 4 children
2026-07-05 15:16:26 | INFO | Fetching: https://api.gbif.org/v1/species/1033504/children | params={}
2026-07-05 15:16:26 | INFO | Finished: https://api.gbif.org/v1/species/1033504/children | total=12
2026-07-05 15:16:26 | INFO | Fetching: https://api.gbif.org/v1/species/1033504/children | params={}
2026-07-05 15:16:26 | INFO | Finished: https://api.gbif.org/v1/species/1033504/children | total=12
2026-07-05 15:16:26 | INFO | Randomly selected 12/12 children for taxon 1033504
2026-07-05 15:16:26 | INFO | Taxon key 1033504 has 12 children
2026-07-05 15:16:26 | INFO | Fetching: https://api.gbif.org/v1/species/4719113/children | params={}
2026-07-05 15:16:27 | INFO | Finished: https://api.gbif.org/v1/species/4719113/children | total=2
2026-07-05 15:16:27 | INFO | Fetching: https://api.gbif.org/v1/species/4719113/children | params={}
2026-07-05 15:16:27 | INFO | Finished: https://api.gbif.org/v1/species/4719113/children | total=2
2026-07-05 15:16:27 | INFO | Randomly selected 2/2 children for taxon 4719113
2026-07-05 15:16:27 | INFO | Taxon key 4719113 has 2 children
2026-07-05 15:16:27 | INFO | Fetching: https://api.gbif.org/v1/species/4736608/children | params={}
2026-07-05 15:16:27 | INFO | Finished: https://api.gbif.org/v1/species/4736608/children | total=8
2026-07-05 15:16:27 | INFO | Fetching: https://api.gbif.org/v1/species/4736608/children | params={}
2026-07-05 15:16:27 | INFO | Finished: https://api.gbif.org/v1/species/4736608/children | total=8
2026-07-05 15:16:27 | INFO | Randomly selected 8/8 children for taxon 4736608
2026-07-05 15:16:27 | INFO | Taxon key 4736608 has 8 children
2026-07-05 15:16:27 | INFO | Fetching: https://api.gbif.org/v1/species/4719036/children | params={}
2026-07-05 15:16:27 | INFO | Finished: https://api.gbif.org/v1/species/4719036/children | total=1
2026-07-05 15:16:27 | INFO | Fetching: https://api.gbif.org/v1/species/4719036/children | params={}
2026-07-05 15:16:28 | INFO | Finished: https://api.gbif.org/v1/species/4719036/children | total=1
2026-07-05 15:16:28 | INFO | Randomly selected 1/1 children for taxon 4719036
2026-07-05 15:16:28 | INFO | Taxon key 4719036 has 1 children
2026-07-05 15:16:28 | INFO | Fetching: https://api.gbif.org/v1/species/6968266/children | params={}
2026-07-05 15:16:28 | INFO | Finished: https://api.gbif.org/v1/species/6968266/children | total=2
2026-07-05 15:16:28 | INFO | Fetching: https://api.gbif.org/v1/species/6968266/children | params={}
2026-07-05 15:16:28 | INFO | Finished: https://api.gbif.org/v1/species/6968266/children | total=2
2026-07-05 15:16:28 | INFO | Randomly selected 2/2 children for taxon 6968266
2026-07-05 15:16:28 | INFO | Taxon key 6968266 has 2 children
2026-07-05 15:16:28 | INFO | Fetching: https://api.gbif.org/v1/species/4761877/children | params={}
2026-07-05 15:16:28 | INFO | Finished: https://api.gbif.org/v1/species/4761877/children | total=2
2026-07-05 15:16:28 | INFO | Fetching: https://api.gbif.org/v1/species/4761877/children | params={}
2026-07-05 15:16:28 | INFO | Finished: https://api.gbif.org/v1/species/4761877/children | total=2
2026-07-05 15:16:28 | INFO | Randomly selected 2/2 children for taxon 4761877
2026-07-05 15:16:28 | INFO | Taxon key 4761877 has 2 children
2026-07-05 15:16:28 | INFO | Fetching: https://api.gbif.org/v1/species/4575222/children | params={}
2026-07-05 15:16:29 | INFO | Finished: https://api.gbif.org/v1/species/4575222/children | total=33
2026-07-05 15:16:29 | INFO | Fetching: https://api.gbif.org/v1/species/4575222/children | params={}
2026-07-05 15:16:29 | INFO | Finished: https://api.gbif.org/v1/species/4575222/children | total=33
2026-07-05 15:16:29 | INFO | Randomly selected 33/33 children for taxon 4575222
2026-07-05 15:16:29 | INFO | Taxon key 4575222 has 33 children
2026-07-05 15:16:29 | INFO | Fetching: https://api.gbif.org/v1/species/6968178/children | params={}
2026-07-05 15:16:29 | INFO | Finished: https://api.gbif.org/v1/species/6968178/children | total=2
2026-07-05 15:16:29 | INFO | Fetching: https://api.gbif.org/v1/species/6968178/children | params={}
2026-07-05 15:16:29 | INFO | Finished: https://api.gbif.org/v1/species/6968178/children | total=2
2026-07-05 15:16:29 | INFO | Randomly selected 2/2 children for taxon 6968178
2026-07-05 15:16:29 | INFO | Taxon key 6968178 has 2 children
2026-07-05 15:16:29 | INFO | Fetching: https://api.gbif.org/v1/species/6968165/children | params={}
2026-07-05 15:16:30 | INFO | Finished: https://api.gbif.org/v1/species/6968165/children | total=2
2026-07-05 15:16:30 | INFO | Fetching: https://api.gbif.org/v1/species/6968165/children | params={}
2026-07-05 15:16:30 | INFO | Finished: https://api.gbif.org/v1/species/6968165/children | total=2
2026-07-05 15:16:30 | INFO | Randomly selected 2/2 children for taxon 6968165
2026-07-05 15:16:30 | INFO | Taxon key 6968165 has 2 children
2026-07-05 15:16:30 | INFO | Fetching: https://api.gbif.org/v1/species/6968164/children | params={}
2026-07-05 15:16:30 | INFO | Finished: https://api.gbif.org/v1/species/6968164/children | total=2
2026-07-05 15:16:30 | INFO | Fetching: https://api.gbif.org/v1/species/6968164/children | params={}
2026-07-05 15:16:30 | INFO | Finished: https://api.gbif.org/v1/species/6968164/children | total=2
2026-07-05 15:16:30 | INFO | Randomly selected 2/2 children for taxon 6968164
2026-07-05 15:16:30 | INFO | Taxon key 6968164 has 2 children
2026-07-05 15:16:30 | INFO | Fetching: https://api.gbif.org/v1/species/4719095/children | params={}
2026-07-05 15:16:30 | INFO | Finished: https://api.gbif.org/v1/species/4719095/children | total=4
2026-07-05 15:16:30 | INFO | Fetching: https://api.gbif.org/v1/species/4719095/children | params={}
2026-07-05 15:16:31 | INFO | Finished: https://api.gbif.org/v1/species/4719095/children | total=4
2026-07-05 15:16:31 | INFO | Randomly selected 4/4 children for taxon 4719095
2026-07-05 15:16:31 | INFO | Taxon key 4719095 has 4 children
2026-07-05 15:16:31 | INFO | Fetching: https://api.gbif.org/v1/species/1033643/children | params={}
2026-07-05 15:16:31 | INFO | Finished: https://api.gbif.org/v1/species/1033643/children | total=17
2026-07-05 15:16:31 | INFO | Fetching: https://api.gbif.org/v1/species/1033643/children | params={}
2026-07-05 15:16:31 | INFO | Finished: https://api.gbif.org/v1/species/1033643/children | total=17
2026-07-05 15:16:31 | INFO | Randomly selected 17/17 children for taxon 1033643
2026-07-05 15:16:31 | INFO | Taxon key 1033643 has 17 children
2026-07-05 15:16:31 | INFO | Fetching: https://api.gbif.org/v1/species/4427688/children | params={}
2026-07-05 15:16:31 | INFO | Finished: https://api.gbif.org/v1/species/4427688/children | total=1
2026-07-05 15:16:31 | INFO | Fetching: https://api.gbif.org/v1/species/4427688/children | params={}
2026-07-05 15:16:32 | INFO | Finished: https://api.gbif.org/v1/species/4427688/children | total=1
2026-07-05 15:16:32 | INFO | Randomly selected 1/1 children for taxon 4427688
2026-07-05 15:16:32 | INFO | Taxon key 4427688 has 1 children
2026-07-05 15:16:32 | INFO | Fetching: https://api.gbif.org/v1/species/4427685/children | params={}
2026-07-05 15:16:32 | INFO | Finished: https://api.gbif.org/v1/species/4427685/children | total=1
2026-07-05 15:16:32 | INFO | Fetching: https://api.gbif.org/v1/species/4427685/children | params={}
2026-07-05 15:16:32 | INFO | Finished: https://api.gbif.org/v1/species/4427685/children | total=1
2026-07-05 15:16:32 | INFO | Randomly selected 1/1 children for taxon 4427685
2026-07-05 15:16:32 | INFO | Taxon key 4427685 has 1 children
2026-07-05 15:16:32 | INFO | Fetching: https://api.gbif.org/v1/species/4427677/children | params={}
2026-07-05 15:16:32 | INFO | Finished: https://api.gbif.org/v1/species/4427677/children | total=1
2026-07-05 15:16:32 | INFO | Fetching: https://api.gbif.org/v1/species/4427677/children | params={}
2026-07-05 15:16:32 | INFO | Finished: https://api.gbif.org/v1/species/4427677/children | total=1
2026-07-05 15:16:32 | INFO | Randomly selected 1/1 children for taxon 4427677
2026-07-05 15:16:32 | INFO | Taxon key 4427677 has 1 children
2026-07-05 15:16:32 | INFO | Fetching: https://api.gbif.org/v1/species/1033644/children | params={}
2026-07-05 15:16:33 | INFO | Finished: https://api.gbif.org/v1/species/1033644/children | total=2
2026-07-05 15:16:33 | INFO | Fetching: https://api.gbif.org/v1/species/1033644/children | params={}
2026-07-05 15:16:33 | INFO | Finished: https://api.gbif.org/v1/species/1033644/children | total=2
2026-07-05 15:16:33 | INFO | Randomly selected 2/2 children for taxon 1033644
2026-07-05 15:16:33 | INFO | Taxon key 1033644 has 2 children
2026-07-05 15:16:33 | INFO | Fetching: https://api.gbif.org/v1/species/4744120/children | params={}
2026-07-05 15:16:33 | INFO | Finished: https://api.gbif.org/v1/species/4744120/children | total=2
2026-07-05 15:16:33 | INFO | Fetching: https://api.gbif.org/v1/species/4744120/children | params={}
2026-07-05 15:16:33 | INFO | Finished: https://api.gbif.org/v1/species/4744120/children | total=2
2026-07-05 15:16:33 | INFO | Randomly selected 2/2 children for taxon 4744120
2026-07-05 15:16:33 | INFO | Taxon key 4744120 has 2 children
2026-07-05 15:16:33 | INFO | Fetching: https://api.gbif.org/v1/species/1033672/children | params={}
2026-07-05 15:16:33 | INFO | Finished: https://api.gbif.org/v1/species/1033672/children | total=11
2026-07-05 15:16:33 | INFO | Fetching: https://api.gbif.org/v1/species/1033672/children | params={}
2026-07-05 15:16:34 | INFO | Finished: https://api.gbif.org/v1/species/1033672/children | total=11
2026-07-05 15:16:34 | INFO | Randomly selected 11/11 children for taxon 1033672
2026-07-05 15:16:34 | INFO | Taxon key 1033672 has 11 children
2026-07-05 15:16:34 | INFO | Fetching: https://api.gbif.org/v1/species/9156138/children | params={}
2026-07-05 15:16:34 | INFO | Finished: https://api.gbif.org/v1/species/9156138/children | total=2
2026-07-05 15:16:34 | INFO | Fetching: https://api.gbif.org/v1/species/9156138/children | params={}
2026-07-05 15:16:34 | INFO | Finished: https://api.gbif.org/v1/species/9156138/children | total=2
2026-07-05 15:16:34 | INFO | Randomly selected 2/2 children for taxon 9156138
2026-07-05 15:16:34 | INFO | Taxon key 9156138 has 2 children
2026-07-05 15:16:34 | INFO | Fetching: https://api.gbif.org/v1/species/6968110/children | params={}
2026-07-05 15:16:34 | INFO | Finished: https://api.gbif.org/v1/species/6968110/children | total=2
2026-07-05 15:16:34 | INFO | Fetching: https://api.gbif.org/v1/species/6968110/children | params={}
2026-07-05 15:16:34 | INFO | Finished: https://api.gbif.org/v1/species/6968110/children | total=2
2026-07-05 15:16:34 | INFO | Randomly selected 2/2 children for taxon 6968110
2026-07-05 15:16:34 | INFO | Taxon key 6968110 has 2 children
2026-07-05 15:16:34 | INFO | Fetching: https://api.gbif.org/v1/species/1033678/children | params={}
2026-07-05 15:16:35 | INFO | Finished: https://api.gbif.org/v1/species/1033678/children | total=29
2026-07-05 15:16:35 | INFO | Fetching: https://api.gbif.org/v1/species/1033678/children | params={}
2026-07-05 15:16:35 | INFO | Finished: https://api.gbif.org/v1/species/1033678/children | total=29
2026-07-05 15:16:35 | INFO | Randomly selected 29/29 children for taxon 1033678
2026-07-05 15:16:35 | INFO | Taxon key 1033678 has 29 children
2026-07-05 15:16:35 | INFO | Fetching: https://api.gbif.org/v1/species/9778777/children | params={}
2026-07-05 15:16:35 | INFO | Finished: https://api.gbif.org/v1/species/9778777/children | total=1
2026-07-05 15:16:35 | INFO | Fetching: https://api.gbif.org/v1/species/9778777/children | params={}
2026-07-05 15:16:35 | INFO | Finished: https://api.gbif.org/v1/species/9778777/children | total=1
2026-07-05 15:16:35 | INFO | Randomly selected 1/1 children for taxon 9778777
2026-07-05 15:16:35 | INFO | Taxon key 9778777 has 1 children
2026-07-05 15:16:35 | INFO | Fetching: https://api.gbif.org/v1/species/9724469/children | params={}
2026-07-05 15:16:35 | INFO | Finished: https://api.gbif.org/v1/species/9724469/children | total=1
2026-07-05 15:16:35 | INFO | Fetching: https://api.gbif.org/v1/species/9724469/children | params={}
2026-07-05 15:16:36 | INFO | Finished: https://api.gbif.org/v1/species/9724469/children | total=1
2026-07-05 15:16:36 | INFO | Randomly selected 1/1 children for taxon 9724469
2026-07-05 15:16:36 | INFO | Taxon key 9724469 has 1 children
2026-07-05 15:16:36 | INFO | Fetching: https://api.gbif.org/v1/species/1033692/children | params={}
2026-07-05 15:16:36 | INFO | Finished: https://api.gbif.org/v1/species/1033692/children | total=1
2026-07-05 15:16:36 | INFO | Fetching: https://api.gbif.org/v1/species/1033692/children | params={}
2026-07-05 15:16:36 | INFO | Finished: https://api.gbif.org/v1/species/1033692/children | total=1
2026-07-05 15:16:36 | INFO | Randomly selected 1/1 children for taxon 1033692
2026-07-05 15:16:36 | INFO | Taxon key 1033692 has 1 children
2026-07-05 15:16:36 | INFO | Fetching: https://api.gbif.org/v1/species/4735749/children | params={}
2026-07-05 15:16:36 | INFO | Finished: https://api.gbif.org/v1/species/4735749/children | total=1
2026-07-05 15:16:36 | INFO | Fetching: https://api.gbif.org/v1/species/4735749/children | params={}
2026-07-05 15:16:36 | INFO | Finished: https://api.gbif.org/v1/species/4735749/children | total=1
2026-07-05 15:16:36 | INFO | Randomly selected 1/1 children for taxon 4735749
2026-07-05 15:16:36 | INFO | Taxon key 4735749 has 1 children
2026-07-05 15:16:36 | INFO | Fetching: https://api.gbif.org/v1/species/4736775/children | params={}
2026-07-05 15:16:37 | INFO | Finished: https://api.gbif.org/v1/species/4736775/children | total=9
2026-07-05 15:16:37 | INFO | Fetching: https://api.gbif.org/v1/species/4736775/children | params={}
2026-07-05 15:16:37 | INFO | Finished: https://api.gbif.org/v1/species/4736775/children | total=9
2026-07-05 15:16:37 | INFO | Randomly selected 9/9 children for taxon 4736775
2026-07-05 15:16:37 | INFO | Taxon key 4736775 has 9 children
2026-07-05 15:16:37 | INFO | Fetching: https://api.gbif.org/v1/species/11146306/children | params={}
2026-07-05 15:16:37 | INFO | Finished: https://api.gbif.org/v1/species/11146306/children | total=1
2026-07-05 15:16:37 | INFO | Fetching: https://api.gbif.org/v1/species/11146306/children | params={}
2026-07-05 15:16:37 | INFO | Finished: https://api.gbif.org/v1/species/11146306/children | total=1
2026-07-05 15:16:37 | INFO | Randomly selected 1/1 children for taxon 11146306
2026-07-05 15:16:37 | INFO | Taxon key 11146306 has 1 children
2026-07-05 15:16:37 | INFO | Fetching: https://api.gbif.org/v1/species/11114131/children | params={}
2026-07-05 15:16:37 | INFO | Finished: https://api.gbif.org/v1/species/11114131/children | total=1
2026-07-05 15:16:37 | INFO | Fetching: https://api.gbif.org/v1/species/11114131/children | params={}
2026-07-05 15:16:37 | INFO | Finished: https://api.gbif.org/v1/species/11114131/children | total=1
2026-07-05 15:16:37 | INFO | Randomly selected 1/1 children for taxon 11114131
2026-07-05 15:16:37 | INFO | Taxon key 11114131 has 1 children
2026-07-05 15:16:37 | INFO | Fetching: https://api.gbif.org/v1/species/11212666/children | params={}
2026-07-05 15:16:38 | INFO | Finished: https://api.gbif.org/v1/species/11212666/children | total=1
2026-07-05 15:16:38 | INFO | Fetching: https://api.gbif.org/v1/species/11212666/children | params={}
2026-07-05 15:16:38 | INFO | Finished: https://api.gbif.org/v1/species/11212666/children | total=1
2026-07-05 15:16:38 | INFO | Randomly selected 1/1 children for taxon 11212666
2026-07-05 15:16:38 | INFO | Taxon key 11212666 has 1 children
2026-07-05 15:16:38 | INFO | Fetching: https://api.gbif.org/v1/species/11198312/children | params={}
2026-07-05 15:16:38 | INFO | Finished: https://api.gbif.org/v1/species/11198312/children | total=1
2026-07-05 15:16:38 | INFO | Fetching: https://api.gbif.org/v1/species/11198312/children | params={}
2026-07-05 15:16:38 | INFO | Finished: https://api.gbif.org/v1/species/11198312/children | total=1
2026-07-05 15:16:38 | INFO | Randomly selected 1/1 children for taxon 11198312
2026-07-05 15:16:38 | INFO | Taxon key 11198312 has 1 children
2026-07-05 15:16:38 | INFO | Fetching: https://api.gbif.org/v1/species/11160415/children | params={}
2026-07-05 15:16:39 | INFO | Finished: https://api.gbif.org/v1/species/11160415/children | total=1
2026-07-05 15:16:39 | INFO | Fetching: https://api.gbif.org/v1/species/11160415/children | params={}
2026-07-05 15:16:39 | INFO | Finished: https://api.gbif.org/v1/species/11160415/children | total=1
2026-07-05 15:16:39 | INFO | Randomly selected 1/1 children for taxon 11160415
2026-07-05 15:16:39 | INFO | Taxon key 11160415 has 1 children
2026-07-05 15:16:39 | INFO | Fetching: https://api.gbif.org/v1/species/6967844/children | params={}
2026-07-05 15:16:39 | INFO | Finished: https://api.gbif.org/v1/species/6967844/children | total=1
2026-07-05 15:16:39 | INFO | Fetching: https://api.gbif.org/v1/species/6967844/children | params={}
2026-07-05 15:16:39 | INFO | Finished: https://api.gbif.org/v1/species/6967844/children | total=1
2026-07-05 15:16:39 | INFO | Randomly selected 1/1 children for taxon 6967844
2026-07-05 15:16:39 | INFO | Taxon key 6967844 has 1 children
2026-07-05 15:16:39 | INFO | Fetching: https://api.gbif.org/v1/species/4761756/children | params={}
2026-07-05 15:16:39 | INFO | Finished: https://api.gbif.org/v1/species/4761756/children | total=6
2026-07-05 15:16:39 | INFO | Fetching: https://api.gbif.org/v1/species/4761756/children | params={}
2026-07-05 15:16:39 | INFO | Finished: https://api.gbif.org/v1/species/4761756/children | total=6
2026-07-05 15:16:39 | INFO | Randomly selected 6/6 children for taxon 4761756
2026-07-05 15:16:39 | INFO | Taxon key 4761756 has 6 children
2026-07-05 15:16:39 | INFO | Fetching: https://api.gbif.org/v1/species/4719035/children | params={}
2026-07-05 15:16:40 | INFO | Finished: https://api.gbif.org/v1/species/4719035/children | total=3
2026-07-05 15:16:40 | INFO | Fetching: https://api.gbif.org/v1/species/4719035/children | params={}
2026-07-05 15:16:40 | INFO | Finished: https://api.gbif.org/v1/species/4719035/children | total=3
2026-07-05 15:16:40 | INFO | Randomly selected 3/3 children for taxon 4719035
2026-07-05 15:16:40 | INFO | Taxon key 4719035 has 3 children
2026-07-05 15:16:40 | INFO | Fetching: https://api.gbif.org/v1/species/4768988/children | params={}
2026-07-05 15:16:40 | INFO | Finished: https://api.gbif.org/v1/species/4768988/children | total=1
2026-07-05 15:16:40 | INFO | Fetching: https://api.gbif.org/v1/species/4768988/children | params={}
2026-07-05 15:16:40 | INFO | Finished: https://api.gbif.org/v1/species/4768988/children | total=1
2026-07-05 15:16:40 | INFO | Randomly selected 1/1 children for taxon 4768988
2026-07-05 15:16:40 | INFO | Taxon key 4768988 has 1 children
2026-07-05 15:16:40 | INFO | Fetching: https://api.gbif.org/v1/species/4719136/children | params={}
2026-07-05 15:16:40 | INFO | Finished: https://api.gbif.org/v1/species/4719136/children | total=17
2026-07-05 15:16:40 | INFO | Fetching: https://api.gbif.org/v1/species/4719136/children | params={}
2026-07-05 15:16:41 | INFO | Finished: https://api.gbif.org/v1/species/4719136/children | total=17
2026-07-05 15:16:41 | INFO | Randomly selected 17/17 children for taxon 4719136
2026-07-05 15:16:41 | INFO | Taxon key 4719136 has 17 children
2026-07-05 15:16:41 | INFO | Fetching: https://api.gbif.org/v1/species/4719138/children | params={}
2026-07-05 15:16:41 | INFO | Finished: https://api.gbif.org/v1/species/4719138/children | total=1
2026-07-05 15:16:41 | INFO | Fetching: https://api.gbif.org/v1/species/4719138/children | params={}
2026-07-05 15:16:41 | INFO | Finished: https://api.gbif.org/v1/species/4719138/children | total=1
2026-07-05 15:16:41 | INFO | Randomly selected 1/1 children for taxon 4719138
2026-07-05 15:16:41 | INFO | Taxon key 4719138 has 1 children
2026-07-05 15:16:41 | INFO | Fetching: https://api.gbif.org/v1/species/6967733/children | params={}
2026-07-05 15:16:41 | INFO | Finished: https://api.gbif.org/v1/species/6967733/children | total=1
2026-07-05 15:16:41 | INFO | Fetching: https://api.gbif.org/v1/species/6967733/children | params={}
2026-07-05 15:16:41 | INFO | Finished: https://api.gbif.org/v1/species/6967733/children | total=1
2026-07-05 15:16:41 | INFO | Randomly selected 1/1 children for taxon 6967733
2026-07-05 15:16:41 | INFO | Taxon key 6967733 has 1 children
2026-07-05 15:16:41 | INFO | Fetching: https://api.gbif.org/v1/species/4761536/children | params={}
2026-07-05 15:16:42 | INFO | Finished: https://api.gbif.org/v1/species/4761536/children | total=3
2026-07-05 15:16:42 | INFO | Fetching: https://api.gbif.org/v1/species/4761536/children | params={}
2026-07-05 15:16:42 | INFO | Finished: https://api.gbif.org/v1/species/4761536/children | total=3
2026-07-05 15:16:42 | INFO | Randomly selected 3/3 children for taxon 4761536
2026-07-05 15:16:42 | INFO | Taxon key 4761536 has 3 children
2026-07-05 15:16:42 | INFO | Fetching: https://api.gbif.org/v1/species/4736079/children | params={}
2026-07-05 15:16:42 | INFO | Finished: https://api.gbif.org/v1/species/4736079/children | total=1
2026-07-05 15:16:42 | INFO | Fetching: https://api.gbif.org/v1/species/4736079/children | params={}
2026-07-05 15:16:42 | INFO | Finished: https://api.gbif.org/v1/species/4736079/children | total=1
2026-07-05 15:16:42 | INFO | Randomly selected 1/1 children for taxon 4736079
2026-07-05 15:16:42 | INFO | Taxon key 4736079 has 1 children
2026-07-05 15:16:42 | INFO | Fetching: https://api.gbif.org/v1/species/4755082/children | params={}
2026-07-05 15:16:42 | INFO | Finished: https://api.gbif.org/v1/species/4755082/children | total=2
2026-07-05 15:16:42 | INFO | Fetching: https://api.gbif.org/v1/species/4755082/children | params={}
2026-07-05 15:16:43 | INFO | Finished: https://api.gbif.org/v1/species/4755082/children | total=2
2026-07-05 15:16:43 | INFO | Randomly selected 2/2 children for taxon 4755082
2026-07-05 15:16:43 | INFO | Taxon key 4755082 has 2 children
2026-07-05 15:16:43 | INFO | Fetching: https://api.gbif.org/v1/species/6967735/children | params={}
2026-07-05 15:16:43 | INFO | Finished: https://api.gbif.org/v1/species/6967735/children | total=2
2026-07-05 15:16:43 | INFO | Fetching: https://api.gbif.org/v1/species/6967735/children | params={}
2026-07-05 15:16:43 | INFO | Finished: https://api.gbif.org/v1/species/6967735/children | total=2
2026-07-05 15:16:43 | INFO | Randomly selected 2/2 children for taxon 6967735
2026-07-05 15:16:43 | INFO | Taxon key 6967735 has 2 children
2026-07-05 15:16:43 | INFO | Fetching: https://api.gbif.org/v1/species/4759913/children | params={}
2026-07-05 15:16:43 | INFO | Finished: https://api.gbif.org/v1/species/4759913/children | total=1
2026-07-05 15:16:43 | INFO | Fetching: https://api.gbif.org/v1/species/4759913/children | params={}
2026-07-05 15:16:43 | INFO | Finished: https://api.gbif.org/v1/species/4759913/children | total=1
2026-07-05 15:16:43 | INFO | Randomly selected 1/1 children for taxon 4759913
2026-07-05 15:16:43 | INFO | Taxon key 4759913 has 1 children
2026-07-05 15:16:43 | INFO | Fetching: https://api.gbif.org/v1/species/1033596/children | params={}
2026-07-05 15:16:44 | INFO | Finished: https://api.gbif.org/v1/species/1033596/children | total=53
2026-07-05 15:16:44 | INFO | Fetching: https://api.gbif.org/v1/species/1033596/children | params={}
2026-07-05 15:16:44 | INFO | Finished: https://api.gbif.org/v1/species/1033596/children | total=53
2026-07-05 15:16:44 | INFO | Randomly selected 53/53 children for taxon 1033596
2026-07-05 15:16:44 | INFO | Taxon key 1033596 has 53 children
2026-07-05 15:16:44 | INFO | Fetching: https://api.gbif.org/v1/species/6967337/children | params={}
2026-07-05 15:16:44 | INFO | Finished: https://api.gbif.org/v1/species/6967337/children | total=2
2026-07-05 15:16:44 | INFO | Fetching: https://api.gbif.org/v1/species/6967337/children | params={}
2026-07-05 15:16:44 | INFO | Finished: https://api.gbif.org/v1/species/6967337/children | total=2
2026-07-05 15:16:44 | INFO | Randomly selected 2/2 children for taxon 6967337
2026-07-05 15:16:44 | INFO | Taxon key 6967337 has 2 children
2026-07-05 15:16:44 | INFO | Fetching: https://api.gbif.org/v1/species/1033604/children | params={}
2026-07-05 15:16:45 | INFO | Finished: https://api.gbif.org/v1/species/1033604/children | total=8
2026-07-05 15:16:45 | INFO | Fetching: https://api.gbif.org/v1/species/1033604/children | params={}
2026-07-05 15:16:45 | INFO | Finished: https://api.gbif.org/v1/species/1033604/children | total=8
2026-07-05 15:16:45 | INFO | Randomly selected 8/8 children for taxon 1033604
2026-07-05 15:16:45 | INFO | Taxon key 1033604 has 8 children
2026-07-05 15:16:45 | INFO | Fetching: https://api.gbif.org/v1/species/4762913/children | params={}
2026-07-05 15:16:45 | INFO | Finished: https://api.gbif.org/v1/species/4762913/children | total=3
2026-07-05 15:16:45 | INFO | Fetching: https://api.gbif.org/v1/species/4762913/children | params={}
2026-07-05 15:16:45 | INFO | Finished: https://api.gbif.org/v1/species/4762913/children | total=3
2026-07-05 15:16:45 | INFO | Randomly selected 3/3 children for taxon 4762913
2026-07-05 15:16:45 | INFO | Taxon key 4762913 has 3 children
2026-07-05 15:16:45 | INFO | Fetching: https://api.gbif.org/v1/species/9341776/children | params={}
2026-07-05 15:16:46 | INFO | Finished: https://api.gbif.org/v1/species/9341776/children | total=1
2026-07-05 15:16:46 | INFO | Fetching: https://api.gbif.org/v1/species/9341776/children | params={}
2026-07-05 15:16:46 | INFO | Finished: https://api.gbif.org/v1/species/9341776/children | total=1
2026-07-05 15:16:46 | INFO | Randomly selected 1/1 children for taxon 9341776
2026-07-05 15:16:46 | INFO | Taxon key 9341776 has 1 children
2026-07-05 15:16:46 | INFO | Fetching: https://api.gbif.org/v1/species/6967949/children | params={}
2026-07-05 15:16:46 | INFO | Finished: https://api.gbif.org/v1/species/6967949/children | total=1
2026-07-05 15:16:46 | INFO | Fetching: https://api.gbif.org/v1/species/6967949/children | params={}
2026-07-05 15:16:46 | INFO | Finished: https://api.gbif.org/v1/species/6967949/children | total=1
2026-07-05 15:16:46 | INFO | Randomly selected 1/1 children for taxon 6967949
2026-07-05 15:16:46 | INFO | Taxon key 6967949 has 1 children
2026-07-05 15:16:46 | INFO | Fetching: https://api.gbif.org/v1/species/1033646/children | params={}
2026-07-05 15:16:46 | INFO | Finished: https://api.gbif.org/v1/species/1033646/children | total=5
2026-07-05 15:16:46 | INFO | Fetching: https://api.gbif.org/v1/species/1033646/children | params={}
2026-07-05 15:16:46 | INFO | Finished: https://api.gbif.org/v1/species/1033646/children | total=5
2026-07-05 15:16:46 | INFO | Randomly selected 5/5 children for taxon 1033646
2026-07-05 15:16:46 | INFO | Taxon key 1033646 has 5 children
2026-07-05 15:16:46 | INFO | Fetching: https://api.gbif.org/v1/species/4718532/children | params={}
2026-07-05 15:16:47 | INFO | Finished: https://api.gbif.org/v1/species/4718532/children | total=1
2026-07-05 15:16:47 | INFO | Fetching: https://api.gbif.org/v1/species/4718532/children | params={}
2026-07-05 15:16:47 | INFO | Finished: https://api.gbif.org/v1/species/4718532/children | total=1
2026-07-05 15:16:47 | INFO | Randomly selected 1/1 children for taxon 4718532
2026-07-05 15:16:47 | INFO | Taxon key 4718532 has 1 children
2026-07-05 15:16:47 | INFO | Fetching: https://api.gbif.org/v1/species/4719106/children | params={}
2026-07-05 15:16:47 | INFO | Finished: https://api.gbif.org/v1/species/4719106/children | total=41
2026-07-05 15:16:47 | INFO | Fetching: https://api.gbif.org/v1/species/4719106/children | params={}
2026-07-05 15:16:47 | INFO | Finished: https://api.gbif.org/v1/species/4719106/children | total=41
2026-07-05 15:16:47 | INFO | Randomly selected 41/41 children for taxon 4719106
2026-07-05 15:16:47 | INFO | Taxon key 4719106 has 41 children
2026-07-05 15:16:47 | INFO | Fetching: https://api.gbif.org/v1/species/1033606/children | params={}
2026-07-05 15:16:48 | INFO | Finished: https://api.gbif.org/v1/species/1033606/children | total=31
2026-07-05 15:16:48 | INFO | Fetching: https://api.gbif.org/v1/species/1033606/children | params={}
2026-07-05 15:16:48 | INFO | Finished: https://api.gbif.org/v1/species/1033606/children | total=31
2026-07-05 15:16:48 | INFO | Randomly selected 31/31 children for taxon 1033606
2026-07-05 15:16:48 | INFO | Taxon key 1033606 has 31 children
2026-07-05 15:16:48 | INFO | Fetching: https://api.gbif.org/v1/species/1033622/children | params={}
2026-07-05 15:16:48 | INFO | Finished: https://api.gbif.org/v1/species/1033622/children | total=2
2026-07-05 15:16:48 | INFO | Fetching: https://api.gbif.org/v1/species/1033622/children | params={}
2026-07-05 15:16:48 | INFO | Finished: https://api.gbif.org/v1/species/1033622/children | total=2
2026-07-05 15:16:48 | INFO | Randomly selected 2/2 children for taxon 1033622
2026-07-05 15:16:48 | INFO | Taxon key 1033622 has 2 children
2026-07-05 15:16:48 | INFO | Fetching: https://api.gbif.org/v1/species/1033657/children | params={}
2026-07-05 15:16:48 | INFO | Finished: https://api.gbif.org/v1/species/1033657/children | total=13
2026-07-05 15:16:48 | INFO | Fetching: https://api.gbif.org/v1/species/1033657/children | params={}
2026-07-05 15:16:49 | INFO | Finished: https://api.gbif.org/v1/species/1033657/children | total=13
2026-07-05 15:16:49 | INFO | Randomly selected 13/13 children for taxon 1033657
2026-07-05 15:16:49 | INFO | Taxon key 1033657 has 13 children
2026-07-05 15:16:49 | INFO | Fetching: https://api.gbif.org/v1/species/4427757/children | params={}
2026-07-05 15:16:49 | INFO | Finished: https://api.gbif.org/v1/species/4427757/children | total=2
2026-07-05 15:16:49 | INFO | Fetching: https://api.gbif.org/v1/species/4427757/children | params={}
2026-07-05 15:16:49 | INFO | Finished: https://api.gbif.org/v1/species/4427757/children | total=2
2026-07-05 15:16:49 | INFO | Randomly selected 2/2 children for taxon 4427757
2026-07-05 15:16:49 | INFO | Taxon key 4427757 has 2 children
2026-07-05 15:16:49 | INFO | Fetching: https://api.gbif.org/v1/species/1033659/children | params={}
2026-07-05 15:16:49 | INFO | Finished: https://api.gbif.org/v1/species/1033659/children | total=1
2026-07-05 15:16:49 | INFO | Fetching: https://api.gbif.org/v1/species/1033659/children | params={}
2026-07-05 15:16:50 | INFO | Finished: https://api.gbif.org/v1/species/1033659/children | total=1
2026-07-05 15:16:50 | INFO | Randomly selected 1/1 children for taxon 1033659
2026-07-05 15:16:50 | INFO | Taxon key 1033659 has 1 children
2026-07-05 15:16:50 | INFO | Fetching: https://api.gbif.org/v1/species/4742128/children | params={}
2026-07-05 15:16:50 | INFO | Finished: https://api.gbif.org/v1/species/4742128/children | total=1
2026-07-05 15:16:50 | INFO | Fetching: https://api.gbif.org/v1/species/4742128/children | params={}
2026-07-05 15:16:50 | INFO | Finished: https://api.gbif.org/v1/species/4742128/children | total=1
2026-07-05 15:16:50 | INFO | Randomly selected 1/1 children for taxon 4742128
2026-07-05 15:16:50 | INFO | Taxon key 4742128 has 1 children
2026-07-05 15:16:50 | INFO | Fetching: https://api.gbif.org/v1/species/4744822/children | params={}
2026-07-05 15:16:50 | INFO | Finished: https://api.gbif.org/v1/species/4744822/children | total=1
2026-07-05 15:16:50 | INFO | Fetching: https://api.gbif.org/v1/species/4744822/children | params={}
2026-07-05 15:16:50 | INFO | Finished: https://api.gbif.org/v1/species/4744822/children | total=1
2026-07-05 15:16:50 | INFO | Randomly selected 1/1 children for taxon 4744822
2026-07-05 15:16:50 | INFO | Taxon key 4744822 has 1 children
2026-07-05 15:16:50 | INFO | Fetching: https://api.gbif.org/v1/species/1033654/children | params={}
2026-07-05 15:16:51 | INFO | Finished: https://api.gbif.org/v1/species/1033654/children | total=65
2026-07-05 15:16:51 | INFO | Fetching: https://api.gbif.org/v1/species/1033654/children | params={}
2026-07-05 15:16:51 | INFO | Finished: https://api.gbif.org/v1/species/1033654/children | total=65
2026-07-05 15:16:51 | INFO | Randomly selected 65/65 children for taxon 1033654
2026-07-05 15:16:51 | INFO | Taxon key 1033654 has 65 children
2026-07-05 15:16:51 | INFO | Fetching: https://api.gbif.org/v1/species/4718838/children | params={}
2026-07-05 15:16:51 | INFO | Finished: https://api.gbif.org/v1/species/4718838/children | total=1
2026-07-05 15:16:51 | INFO | Fetching: https://api.gbif.org/v1/species/4718838/children | params={}
2026-07-05 15:16:52 | INFO | Finished: https://api.gbif.org/v1/species/4718838/children | total=1
2026-07-05 15:16:52 | INFO | Randomly selected 1/1 children for taxon 4718838
2026-07-05 15:16:52 | INFO | Taxon key 4718838 has 1 children
2026-07-05 15:16:52 | INFO | Fetching: https://api.gbif.org/v1/species/4719033/children | params={}
2026-07-05 15:16:52 | INFO | Finished: https://api.gbif.org/v1/species/4719033/children | total=5
2026-07-05 15:16:52 | INFO | Fetching: https://api.gbif.org/v1/species/4719033/children | params={}
2026-07-05 15:16:52 | INFO | Finished: https://api.gbif.org/v1/species/4719033/children | total=5
2026-07-05 15:16:52 | INFO | Randomly selected 5/5 children for taxon 4719033
2026-07-05 15:16:52 | INFO | Taxon key 4719033 has 5 children
2026-07-05 15:16:52 | INFO | Fetching: https://api.gbif.org/v1/species/4713831/children | params={}
2026-07-05 15:16:52 | INFO | Finished: https://api.gbif.org/v1/species/4713831/children | total=2
2026-07-05 15:16:52 | INFO | Fetching: https://api.gbif.org/v1/species/4713831/children | params={}
2026-07-05 15:16:52 | INFO | Finished: https://api.gbif.org/v1/species/4713831/children | total=2
2026-07-05 15:16:52 | INFO | Randomly selected 2/2 children for taxon 4713831
2026-07-05 15:16:52 | INFO | Taxon key 4713831 has 2 children
2026-07-05 15:16:52 | INFO | Fetching: https://api.gbif.org/v1/species/4763295/children | params={}
2026-07-05 15:16:52 | INFO | Finished: https://api.gbif.org/v1/species/4763295/children | total=7
2026-07-05 15:16:52 | INFO | Fetching: https://api.gbif.org/v1/species/4763295/children | params={}
2026-07-05 15:16:53 | INFO | Finished: https://api.gbif.org/v1/species/4763295/children | total=7
2026-07-05 15:16:53 | INFO | Randomly selected 7/7 children for taxon 4763295
2026-07-05 15:16:53 | INFO | Taxon key 4763295 has 7 children
2026-07-05 15:16:53 | INFO | Fetching: https://api.gbif.org/v1/species/6967309/children | params={}
2026-07-05 15:16:53 | INFO | Finished: https://api.gbif.org/v1/species/6967309/children | total=2
2026-07-05 15:16:53 | INFO | Fetching: https://api.gbif.org/v1/species/6967309/children | params={}
2026-07-05 15:16:53 | INFO | Finished: https://api.gbif.org/v1/species/6967309/children | total=2
2026-07-05 15:16:53 | INFO | Randomly selected 2/2 children for taxon 6967309
2026-07-05 15:16:53 | INFO | Taxon key 6967309 has 2 children
2026-07-05 15:16:53 | INFO | Fetching: https://api.gbif.org/v1/species/7922067/children | params={}
2026-07-05 15:16:53 | INFO | Finished: https://api.gbif.org/v1/species/7922067/children | total=14
2026-07-05 15:16:53 | INFO | Fetching: https://api.gbif.org/v1/species/7922067/children | params={}
2026-07-05 15:16:54 | INFO | Finished: https://api.gbif.org/v1/species/7922067/children | total=14
2026-07-05 15:16:54 | INFO | Randomly selected 14/14 children for taxon 7922067
2026-07-05 15:16:54 | INFO | Taxon key 7922067 has 14 children
2026-07-05 15:16:54 | INFO | Fetching: https://api.gbif.org/v1/species/4427719/children | params={}
2026-07-05 15:16:54 | INFO | Finished: https://api.gbif.org/v1/species/4427719/children | total=1
2026-07-05 15:16:54 | INFO | Fetching: https://api.gbif.org/v1/species/4427719/children | params={}
2026-07-05 15:16:54 | INFO | Finished: https://api.gbif.org/v1/species/4427719/children | total=1
2026-07-05 15:16:54 | INFO | Randomly selected 1/1 children for taxon 4427719
2026-07-05 15:16:54 | INFO | Taxon key 4427719 has 1 children
2026-07-05 15:16:54 | INFO | Fetching: https://api.gbif.org/v1/species/4427724/children | params={}
2026-07-05 15:16:54 | INFO | Finished: https://api.gbif.org/v1/species/4427724/children | total=2
2026-07-05 15:16:54 | INFO | Fetching: https://api.gbif.org/v1/species/4427724/children | params={}
2026-07-05 15:16:54 | INFO | Finished: https://api.gbif.org/v1/species/4427724/children | total=2
2026-07-05 15:16:54 | INFO | Randomly selected 2/2 children for taxon 4427724
2026-07-05 15:16:54 | INFO | Taxon key 4427724 has 2 children
2026-07-05 15:16:54 | INFO | Fetching: https://api.gbif.org/v1/species/4427727/children | params={}
2026-07-05 15:16:54 | INFO | Finished: https://api.gbif.org/v1/species/4427727/children | total=3
2026-07-05 15:16:54 | INFO | Fetching: https://api.gbif.org/v1/species/4427727/children | params={}
2026-07-05 15:16:55 | INFO | Finished: https://api.gbif.org/v1/species/4427727/children | total=3
2026-07-05 15:16:55 | INFO | Randomly selected 3/3 children for taxon 4427727
2026-07-05 15:16:55 | INFO | Taxon key 4427727 has 3 children
2026-07-05 15:16:55 | INFO | Fetching: https://api.gbif.org/v1/species/4427722/children | params={}
2026-07-05 15:16:55 | INFO | Finished: https://api.gbif.org/v1/species/4427722/children | total=3
2026-07-05 15:16:55 | INFO | Fetching: https://api.gbif.org/v1/species/4427722/children | params={}
2026-07-05 15:16:55 | INFO | Finished: https://api.gbif.org/v1/species/4427722/children | total=3
2026-07-05 15:16:55 | INFO | Randomly selected 3/3 children for taxon 4427722
2026-07-05 15:16:55 | INFO | Taxon key 4427722 has 3 children
2026-07-05 15:16:55 | INFO | Fetching: https://api.gbif.org/v1/species/4427732/children | params={}
2026-07-05 15:16:55 | INFO | Finished: https://api.gbif.org/v1/species/4427732/children | total=2
2026-07-05 15:16:55 | INFO | Fetching: https://api.gbif.org/v1/species/4427732/children | params={}
2026-07-05 15:16:55 | INFO | Finished: https://api.gbif.org/v1/species/4427732/children | total=2
2026-07-05 15:16:55 | INFO | Randomly selected 2/2 children for taxon 4427732
2026-07-05 15:16:55 | INFO | Taxon key 4427732 has 2 children
2026-07-05 15:16:55 | INFO | Fetching: https://api.gbif.org/v1/species/4427721/children | params={}
2026-07-05 15:16:56 | INFO | Finished: https://api.gbif.org/v1/species/4427721/children | total=1
2026-07-05 15:16:56 | INFO | Fetching: https://api.gbif.org/v1/species/4427721/children | params={}
2026-07-05 15:16:56 | INFO | Finished: https://api.gbif.org/v1/species/4427721/children | total=1
2026-07-05 15:16:56 | INFO | Randomly selected 1/1 children for taxon 4427721
2026-07-05 15:16:56 | INFO | Taxon key 4427721 has 1 children
2026-07-05 15:16:56 | INFO | Fetching: https://api.gbif.org/v1/species/4719105/children | params={}
2026-07-05 15:16:56 | INFO | Finished: https://api.gbif.org/v1/species/4719105/children | total=25
2026-07-05 15:16:56 | INFO | Fetching: https://api.gbif.org/v1/species/4719105/children | params={}
2026-07-05 15:16:56 | INFO | Finished: https://api.gbif.org/v1/species/4719105/children | total=25
2026-07-05 15:16:56 | INFO | Randomly selected 25/25 children for taxon 4719105
2026-07-05 15:16:56 | INFO | Taxon key 4719105 has 25 children
2026-07-05 15:16:56 | INFO | Fetching: https://api.gbif.org/v1/species/6967702/children | params={}
2026-07-05 15:16:57 | INFO | Finished: https://api.gbif.org/v1/species/6967702/children | total=2
2026-07-05 15:16:57 | INFO | Fetching: https://api.gbif.org/v1/species/6967702/children | params={}
2026-07-05 15:16:57 | INFO | Finished: https://api.gbif.org/v1/species/6967702/children | total=2
2026-07-05 15:16:57 | INFO | Randomly selected 2/2 children for taxon 6967702
2026-07-05 15:16:57 | INFO | Taxon key 6967702 has 2 children
2026-07-05 15:16:57 | INFO | Fetching: https://api.gbif.org/v1/species/6967707/children | params={}
2026-07-05 15:16:57 | INFO | Finished: https://api.gbif.org/v1/species/6967707/children | total=2
2026-07-05 15:16:57 | INFO | Fetching: https://api.gbif.org/v1/species/6967707/children | params={}
2026-07-05 15:16:57 | INFO | Finished: https://api.gbif.org/v1/species/6967707/children | total=2
2026-07-05 15:16:57 | INFO | Randomly selected 2/2 children for taxon 6967707
2026-07-05 15:16:57 | INFO | Taxon key 6967707 has 2 children
2026-07-05 15:16:57 | INFO | Fetching: https://api.gbif.org/v1/species/4748116/children | params={}
2026-07-05 15:16:57 | INFO | Finished: https://api.gbif.org/v1/species/4748116/children | total=2
2026-07-05 15:16:57 | INFO | Fetching: https://api.gbif.org/v1/species/4748116/children | params={}
2026-07-05 15:16:58 | INFO | Finished: https://api.gbif.org/v1/species/4748116/children | total=2
2026-07-05 15:16:58 | INFO | Randomly selected 2/2 children for taxon 4748116
2026-07-05 15:16:58 | INFO | Taxon key 4748116 has 2 children
2026-07-05 15:16:58 | INFO | Fetching: https://api.gbif.org/v1/species/4721550/children | params={}
2026-07-05 15:16:58 | INFO | Finished: https://api.gbif.org/v1/species/4721550/children | total=4
2026-07-05 15:16:58 | INFO | Fetching: https://api.gbif.org/v1/species/4721550/children | params={}
2026-07-05 15:16:58 | INFO | Finished: https://api.gbif.org/v1/species/4721550/children | total=4
2026-07-05 15:16:58 | INFO | Randomly selected 4/4 children for taxon 4721550
2026-07-05 15:16:58 | INFO | Taxon key 4721550 has 4 children
2026-07-05 15:16:58 | INFO | Fetching: https://api.gbif.org/v1/species/4765682/children | params={}
2026-07-05 15:16:58 | INFO | Finished: https://api.gbif.org/v1/species/4765682/children | total=1
2026-07-05 15:16:58 | INFO | Fetching: https://api.gbif.org/v1/species/4765682/children | params={}
2026-07-05 15:16:58 | INFO | Finished: https://api.gbif.org/v1/species/4765682/children | total=1
2026-07-05 15:16:58 | INFO | Randomly selected 1/1 children for taxon 4765682
2026-07-05 15:16:58 | INFO | Taxon key 4765682 has 1 children
2026-07-05 15:16:58 | INFO | Fetching: https://api.gbif.org/v1/species/1033661/children | params={}
2026-07-05 15:16:58 | INFO | Finished: https://api.gbif.org/v1/species/1033661/children | total=2
2026-07-05 15:16:58 | INFO | Fetching: https://api.gbif.org/v1/species/1033661/children | params={}
2026-07-05 15:16:59 | INFO | Finished: https://api.gbif.org/v1/species/1033661/children | total=2
2026-07-05 15:16:59 | INFO | Randomly selected 2/2 children for taxon 1033661
2026-07-05 15:16:59 | INFO | Taxon key 1033661 has 2 children
2026-07-05 15:16:59 | INFO | Fetching: https://api.gbif.org/v1/species/4988066/children | params={}
2026-07-05 15:16:59 | INFO | Finished: https://api.gbif.org/v1/species/4988066/children | total=2
2026-07-05 15:16:59 | INFO | Fetching: https://api.gbif.org/v1/species/4988066/children | params={}
2026-07-05 15:16:59 | INFO | Finished: https://api.gbif.org/v1/species/4988066/children | total=2
2026-07-05 15:16:59 | INFO | Randomly selected 2/2 children for taxon 4988066
2026-07-05 15:16:59 | INFO | Taxon key 4988066 has 2 children
2026-07-05 15:16:59 | INFO | Fetching: https://api.gbif.org/v1/species/4720130/children | params={}
2026-07-05 15:16:59 | INFO | Finished: https://api.gbif.org/v1/species/4720130/children | total=1
2026-07-05 15:16:59 | INFO | Fetching: https://api.gbif.org/v1/species/4720130/children | params={}
2026-07-05 15:16:59 | INFO | Finished: https://api.gbif.org/v1/species/4720130/children | total=1
2026-07-05 15:16:59 | INFO | Randomly selected 1/1 children for taxon 4720130
2026-07-05 15:16:59 | INFO | Taxon key 4720130 has 1 children
2026-07-05 15:16:59 | INFO | Fetching: https://api.gbif.org/v1/species/4719162/children | params={}
2026-07-05 15:17:00 | INFO | Finished: https://api.gbif.org/v1/species/4719162/children | total=13
2026-07-05 15:17:00 | INFO | Fetching: https://api.gbif.org/v1/species/4719162/children | params={}
2026-07-05 15:17:00 | INFO | Finished: https://api.gbif.org/v1/species/4719162/children | total=13
2026-07-05 15:17:00 | INFO | Randomly selected 13/13 children for taxon 4719162
2026-07-05 15:17:00 | INFO | Taxon key 4719162 has 13 children
2026-07-05 15:17:00 | INFO | Fetching: https://api.gbif.org/v1/species/4719169/children | params={}
2026-07-05 15:17:00 | INFO | Finished: https://api.gbif.org/v1/species/4719169/children | total=1
2026-07-05 15:17:00 | INFO | Fetching: https://api.gbif.org/v1/species/4719169/children | params={}
2026-07-05 15:17:00 | INFO | Finished: https://api.gbif.org/v1/species/4719169/children | total=1
2026-07-05 15:17:00 | INFO | Randomly selected 1/1 children for taxon 4719169
2026-07-05 15:17:00 | INFO | Taxon key 4719169 has 1 children
2026-07-05 15:17:00 | INFO | Fetching: https://api.gbif.org/v1/species/4741197/children | params={}
2026-07-05 15:17:00 | INFO | Finished: https://api.gbif.org/v1/species/4741197/children | total=4
2026-07-05 15:17:00 | INFO | Fetching: https://api.gbif.org/v1/species/4741197/children | params={}
2026-07-05 15:17:01 | INFO | Finished: https://api.gbif.org/v1/species/4741197/children | total=4
2026-07-05 15:17:01 | INFO | Randomly selected 4/4 children for taxon 4741197
2026-07-05 15:17:01 | INFO | Taxon key 4741197 has 4 children
2026-07-05 15:17:01 | INFO | Fetching: https://api.gbif.org/v1/species/4760006/children | params={}
2026-07-05 15:17:01 | INFO | Finished: https://api.gbif.org/v1/species/4760006/children | total=1
2026-07-05 15:17:01 | INFO | Fetching: https://api.gbif.org/v1/species/4760006/children | params={}
2026-07-05 15:17:01 | INFO | Finished: https://api.gbif.org/v1/species/4760006/children | total=1
2026-07-05 15:17:01 | INFO | Randomly selected 1/1 children for taxon 4760006
2026-07-05 15:17:01 | INFO | Taxon key 4760006 has 1 children
2026-07-05 15:17:01 | INFO | Fetching: https://api.gbif.org/v1/species/4740433/children | params={}
2026-07-05 15:17:01 | INFO | Finished: https://api.gbif.org/v1/species/4740433/children | total=3
2026-07-05 15:17:01 | INFO | Fetching: https://api.gbif.org/v1/species/4740433/children | params={}
2026-07-05 15:17:02 | INFO | Finished: https://api.gbif.org/v1/species/4740433/children | total=3
2026-07-05 15:17:02 | INFO | Randomly selected 3/3 children for taxon 4740433
2026-07-05 15:17:02 | INFO | Taxon key 4740433 has 3 children
2026-07-05 15:17:02 | INFO | Fetching: https://api.gbif.org/v1/species/4713688/children | params={}
2026-07-05 15:17:02 | INFO | Finished: https://api.gbif.org/v1/species/4713688/children | total=2
2026-07-05 15:17:02 | INFO | Fetching: https://api.gbif.org/v1/species/4713688/children | params={}
2026-07-05 15:17:02 | INFO | Finished: https://api.gbif.org/v1/species/4713688/children | total=2
2026-07-05 15:17:02 | INFO | Randomly selected 2/2 children for taxon 4713688
2026-07-05 15:17:02 | INFO | Taxon key 4713688 has 2 children
2026-07-05 15:17:02 | INFO | Fetching: https://api.gbif.org/v1/species/4719038/children | params={}
2026-07-05 15:17:02 | INFO | Finished: https://api.gbif.org/v1/species/4719038/children | total=4
2026-07-05 15:17:02 | INFO | Fetching: https://api.gbif.org/v1/species/4719038/children | params={}
2026-07-05 15:17:02 | INFO | Finished: https://api.gbif.org/v1/species/4719038/children | total=4
2026-07-05 15:17:02 | INFO | Randomly selected 4/4 children for taxon 4719038
2026-07-05 15:17:02 | INFO | Taxon key 4719038 has 4 children
2026-07-05 15:17:02 | INFO | Fetching: https://api.gbif.org/v1/species/10874426/children | params={}
2026-07-05 15:17:03 | INFO | Finished: https://api.gbif.org/v1/species/10874426/children | total=1
2026-07-05 15:17:03 | INFO | Fetching: https://api.gbif.org/v1/species/10874426/children | params={}
2026-07-05 15:17:03 | INFO | Finished: https://api.gbif.org/v1/species/10874426/children | total=1
2026-07-05 15:17:03 | INFO | Randomly selected 1/1 children for taxon 10874426
2026-07-05 15:17:03 | INFO | Taxon key 10874426 has 1 children
2026-07-05 15:17:03 | INFO | Fetching: https://api.gbif.org/v1/species/10698917/children | params={}
2026-07-05 15:17:03 | INFO | Finished: https://api.gbif.org/v1/species/10698917/children | total=1
2026-07-05 15:17:03 | INFO | Fetching: https://api.gbif.org/v1/species/10698917/children | params={}
2026-07-05 15:17:03 | INFO | Finished: https://api.gbif.org/v1/species/10698917/children | total=1
2026-07-05 15:17:03 | INFO | Randomly selected 1/1 children for taxon 10698917
2026-07-05 15:17:03 | INFO | Taxon key 10698917 has 1 children
2026-07-05 15:17:03 | INFO | Fetching: https://api.gbif.org/v1/species/8239067/children | params={}
2026-07-05 15:17:03 | INFO | Finished: https://api.gbif.org/v1/species/8239067/children | total=3
2026-07-05 15:17:03 | INFO | Fetching: https://api.gbif.org/v1/species/8239067/children | params={}
2026-07-05 15:17:03 | INFO | Finished: https://api.gbif.org/v1/species/8239067/children | total=3
2026-07-05 15:17:03 | INFO | Randomly selected 3/3 children for taxon 8239067
2026-07-05 15:17:03 | INFO | Taxon key 8239067 has 3 children
2026-07-05 15:17:03 | INFO | Fetching: https://api.gbif.org/v1/species/4719107/children | params={}
2026-07-05 15:17:04 | INFO | Finished: https://api.gbif.org/v1/species/4719107/children | total=4
2026-07-05 15:17:04 | INFO | Fetching: https://api.gbif.org/v1/species/4719107/children | params={}
2026-07-05 15:17:04 | INFO | Finished: https://api.gbif.org/v1/species/4719107/children | total=4
2026-07-05 15:17:04 | INFO | Randomly selected 4/4 children for taxon 4719107
2026-07-05 15:17:04 | INFO | Taxon key 4719107 has 4 children
2026-07-05 15:17:04 | INFO | Fetching: https://api.gbif.org/v1/species/7793245/children | params={}
2026-07-05 15:17:04 | INFO | Finished: https://api.gbif.org/v1/species/7793245/children | total=10
2026-07-05 15:17:04 | INFO | Fetching: https://api.gbif.org/v1/species/7793245/children | params={}
2026-07-05 15:17:04 | INFO | Finished: https://api.gbif.org/v1/species/7793245/children | total=10
2026-07-05 15:17:04 | INFO | Randomly selected 10/10 children for taxon 7793245
2026-07-05 15:17:04 | INFO | Taxon key 7793245 has 10 children
2026-07-05 15:17:04 | INFO | Fetching: https://api.gbif.org/v1/species/4716600/children | params={}
2026-07-05 15:17:05 | INFO | Finished: https://api.gbif.org/v1/species/4716600/children | total=2
2026-07-05 15:17:05 | INFO | Fetching: https://api.gbif.org/v1/species/4716600/children | params={}
2026-07-05 15:17:05 | INFO | Finished: https://api.gbif.org/v1/species/4716600/children | total=2
2026-07-05 15:17:05 | INFO | Randomly selected 2/2 children for taxon 4716600
2026-07-05 15:17:05 | INFO | Taxon key 4716600 has 2 children
2026-07-05 15:17:05 | INFO | Fetching: https://api.gbif.org/v1/species/6968209/children | params={}
2026-07-05 15:17:05 | INFO | Finished: https://api.gbif.org/v1/species/6968209/children | total=2
2026-07-05 15:17:05 | INFO | Fetching: https://api.gbif.org/v1/species/6968209/children | params={}
2026-07-05 15:17:05 | INFO | Finished: https://api.gbif.org/v1/species/6968209/children | total=2
2026-07-05 15:17:05 | INFO | Randomly selected 2/2 children for taxon 6968209
2026-07-05 15:17:05 | INFO | Taxon key 6968209 has 2 children
2026-07-05 15:17:05 | INFO | Fetching: https://api.gbif.org/v1/species/4719740/children | params={}
2026-07-05 15:17:05 | INFO | Finished: https://api.gbif.org/v1/species/4719740/children | total=4
2026-07-05 15:17:05 | INFO | Fetching: https://api.gbif.org/v1/species/4719740/children | params={}
2026-07-05 15:17:06 | INFO | Finished: https://api.gbif.org/v1/species/4719740/children | total=4
2026-07-05 15:17:06 | INFO | Randomly selected 4/4 children for taxon 4719740
2026-07-05 15:17:06 | INFO | Taxon key 4719740 has 4 children
2026-07-05 15:17:06 | INFO | Fetching: https://api.gbif.org/v1/species/4726657/children | params={}
2026-07-05 15:17:06 | INFO | Finished: https://api.gbif.org/v1/species/4726657/children | total=2
2026-07-05 15:17:06 | INFO | Fetching: https://api.gbif.org/v1/species/4726657/children | params={}
2026-07-05 15:17:06 | INFO | Finished: https://api.gbif.org/v1/species/4726657/children | total=2
2026-07-05 15:17:06 | INFO | Randomly selected 2/2 children for taxon 4726657
2026-07-05 15:17:06 | INFO | Taxon key 4726657 has 2 children
2026-07-05 15:17:06 | INFO | Fetching: https://api.gbif.org/v1/species/4738228/children | params={}
2026-07-05 15:17:06 | INFO | Finished: https://api.gbif.org/v1/species/4738228/children | total=1
2026-07-05 15:17:06 | INFO | Fetching: https://api.gbif.org/v1/species/4738228/children | params={}
2026-07-05 15:17:06 | INFO | Finished: https://api.gbif.org/v1/species/4738228/children | total=1
2026-07-05 15:17:06 | INFO | Randomly selected 1/1 children for taxon 4738228
2026-07-05 15:17:06 | INFO | Taxon key 4738228 has 1 children
2026-07-05 15:17:06 | INFO | Fetching: https://api.gbif.org/v1/species/4765801/children | params={}
2026-07-05 15:17:07 | INFO | Finished: https://api.gbif.org/v1/species/4765801/children | total=13
2026-07-05 15:17:07 | INFO | Fetching: https://api.gbif.org/v1/species/4765801/children | params={}
2026-07-05 15:17:07 | INFO | Finished: https://api.gbif.org/v1/species/4765801/children | total=13
2026-07-05 15:17:07 | INFO | Randomly selected 13/13 children for taxon 4765801
2026-07-05 15:17:07 | INFO | Taxon key 4765801 has 13 children
2026-07-05 15:17:07 | INFO | Fetching: https://api.gbif.org/v1/species/4719032/children | params={}
2026-07-05 15:17:07 | INFO | Finished: https://api.gbif.org/v1/species/4719032/children | total=30
2026-07-05 15:17:07 | INFO | Fetching: https://api.gbif.org/v1/species/4719032/children | params={}
2026-07-05 15:17:07 | INFO | Finished: https://api.gbif.org/v1/species/4719032/children | total=30
2026-07-05 15:17:07 | INFO | Randomly selected 30/30 children for taxon 4719032
2026-07-05 15:17:07 | INFO | Taxon key 4719032 has 30 children
2026-07-05 15:17:07 | INFO | Fetching: https://api.gbif.org/v1/species/10285870/children | params={}
2026-07-05 15:17:08 | INFO | Finished: https://api.gbif.org/v1/species/10285870/children | total=1
2026-07-05 15:17:08 | INFO | Fetching: https://api.gbif.org/v1/species/10285870/children | params={}
2026-07-05 15:17:08 | INFO | Finished: https://api.gbif.org/v1/species/10285870/children | total=1
2026-07-05 15:17:08 | INFO | Randomly selected 1/1 children for taxon 10285870
2026-07-05 15:17:08 | INFO | Taxon key 10285870 has 1 children
2026-07-05 15:17:08 | INFO | Fetching: https://api.gbif.org/v1/species/6967297/children | params={}
2026-07-05 15:17:08 | INFO | Finished: https://api.gbif.org/v1/species/6967297/children | total=1
2026-07-05 15:17:08 | INFO | Fetching: https://api.gbif.org/v1/species/6967297/children | params={}
2026-07-05 15:17:08 | INFO | Finished: https://api.gbif.org/v1/species/6967297/children | total=1
2026-07-05 15:17:08 | INFO | Randomly selected 1/1 children for taxon 6967297
2026-07-05 15:17:08 | INFO | Taxon key 6967297 has 1 children
2026-07-05 15:17:08 | INFO | Fetching: https://api.gbif.org/v1/species/10041860/children | params={}
2026-07-05 15:17:08 | INFO | Finished: https://api.gbif.org/v1/species/10041860/children | total=1
2026-07-05 15:17:08 | INFO | Fetching: https://api.gbif.org/v1/species/10041860/children | params={}
2026-07-05 15:17:09 | INFO | Finished: https://api.gbif.org/v1/species/10041860/children | total=1
2026-07-05 15:17:09 | INFO | Randomly selected 1/1 children for taxon 10041860
2026-07-05 15:17:09 | INFO | Taxon key 10041860 has 1 children
2026-07-05 15:17:09 | INFO | Fetching: https://api.gbif.org/v1/species/10642722/children | params={}
2026-07-05 15:17:09 | INFO | Finished: https://api.gbif.org/v1/species/10642722/children | total=2
2026-07-05 15:17:09 | INFO | Fetching: https://api.gbif.org/v1/species/10642722/children | params={}
2026-07-05 15:17:09 | INFO | Finished: https://api.gbif.org/v1/species/10642722/children | total=2
2026-07-05 15:17:09 | INFO | Randomly selected 2/2 children for taxon 10642722
2026-07-05 15:17:09 | INFO | Taxon key 10642722 has 2 children
2026-07-05 15:17:09 | INFO | Fetching: https://api.gbif.org/v1/species/6967293/children | params={}
2026-07-05 15:17:09 | INFO | Finished: https://api.gbif.org/v1/species/6967293/children | total=2
2026-07-05 15:17:09 | INFO | Fetching: https://api.gbif.org/v1/species/6967293/children | params={}
2026-07-05 15:17:09 | INFO | Finished: https://api.gbif.org/v1/species/6967293/children | total=2
2026-07-05 15:17:09 | INFO | Randomly selected 2/2 children for taxon 6967293
2026-07-05 15:17:09 | INFO | Taxon key 6967293 has 2 children
2026-07-05 15:17:09 | INFO | Fetching: https://api.gbif.org/v1/species/9780131/children | params={}
2026-07-05 15:17:09 | INFO | Finished: https://api.gbif.org/v1/species/9780131/children | total=1
2026-07-05 15:17:09 | INFO | Fetching: https://api.gbif.org/v1/species/9780131/children | params={}
2026-07-05 15:17:10 | INFO | Finished: https://api.gbif.org/v1/species/9780131/children | total=1
2026-07-05 15:17:10 | INFO | Randomly selected 1/1 children for taxon 9780131
2026-07-05 15:17:10 | INFO | Taxon key 9780131 has 1 children
2026-07-05 15:17:10 | INFO | Fetching: https://api.gbif.org/v1/species/7964265/children | params={}
2026-07-05 15:17:10 | INFO | Finished: https://api.gbif.org/v1/species/7964265/children | total=1
2026-07-05 15:17:10 | INFO | Fetching: https://api.gbif.org/v1/species/7964265/children | params={}
2026-07-05 15:17:10 | INFO | Finished: https://api.gbif.org/v1/species/7964265/children | total=1
2026-07-05 15:17:10 | INFO | Randomly selected 1/1 children for taxon 7964265
2026-07-05 15:17:10 | INFO | Taxon key 7964265 has 1 children
2026-07-05 15:17:10 | INFO | Fetching: https://api.gbif.org/v1/species/1033666/children | params={}
2026-07-05 15:17:10 | INFO | Finished: https://api.gbif.org/v1/species/1033666/children | total=46
2026-07-05 15:17:10 | INFO | Fetching: https://api.gbif.org/v1/species/1033666/children | params={}
2026-07-05 15:17:11 | INFO | Finished: https://api.gbif.org/v1/species/1033666/children | total=46
2026-07-05 15:17:11 | INFO | Randomly selected 46/46 children for taxon 1033666
2026-07-05 15:17:11 | INFO | Taxon key 1033666 has 46 children
2026-07-05 15:17:11 | INFO | Fetching: https://api.gbif.org/v1/species/6967817/children | params={}
2026-07-05 15:17:11 | INFO | Finished: https://api.gbif.org/v1/species/6967817/children | total=2
2026-07-05 15:17:11 | INFO | Fetching: https://api.gbif.org/v1/species/6967817/children | params={}
2026-07-05 15:17:11 | INFO | Finished: https://api.gbif.org/v1/species/6967817/children | total=2
2026-07-05 15:17:11 | INFO | Randomly selected 2/2 children for taxon 6967817
2026-07-05 15:17:11 | INFO | Taxon key 6967817 has 2 children
2026-07-05 15:17:11 | INFO | Fetching: https://api.gbif.org/v1/species/1033543/children | params={}
2026-07-05 15:17:11 | INFO | Finished: https://api.gbif.org/v1/species/1033543/children | total=15
2026-07-05 15:17:11 | INFO | Fetching: https://api.gbif.org/v1/species/1033543/children | params={}
2026-07-05 15:17:12 | INFO | Finished: https://api.gbif.org/v1/species/1033543/children | total=15
2026-07-05 15:17:12 | INFO | Randomly selected 15/15 children for taxon 1033543
2026-07-05 15:17:12 | INFO | Taxon key 1033543 has 15 children
2026-07-05 15:17:12 | INFO | Fetching: https://api.gbif.org/v1/species/1033526/children | params={}
2026-07-05 15:17:12 | INFO | Finished: https://api.gbif.org/v1/species/1033526/children | total=27
2026-07-05 15:17:12 | INFO | Fetching: https://api.gbif.org/v1/species/1033526/children | params={}
2026-07-05 15:17:12 | INFO | Finished: https://api.gbif.org/v1/species/1033526/children | total=27
2026-07-05 15:17:12 | INFO | Randomly selected 27/27 children for taxon 1033526
2026-07-05 15:17:12 | INFO | Taxon key 1033526 has 27 children
2026-07-05 15:17:12 | INFO | Fetching: https://api.gbif.org/v1/species/6967409/children | params={}
2026-07-05 15:17:12 | INFO | Finished: https://api.gbif.org/v1/species/6967409/children | total=2
2026-07-05 15:17:12 | INFO | Fetching: https://api.gbif.org/v1/species/6967409/children | params={}
2026-07-05 15:17:12 | INFO | Finished: https://api.gbif.org/v1/species/6967409/children | total=2
2026-07-05 15:17:12 | INFO | Randomly selected 2/2 children for taxon 6967409
2026-07-05 15:17:12 | INFO | Taxon key 6967409 has 2 children
2026-07-05 15:17:12 | INFO | Fetching: https://api.gbif.org/v1/species/6967408/children | params={}
2026-07-05 15:17:13 | INFO | Finished: https://api.gbif.org/v1/species/6967408/children | total=2
2026-07-05 15:17:13 | INFO | Fetching: https://api.gbif.org/v1/species/6967408/children | params={}
2026-07-05 15:17:13 | INFO | Finished: https://api.gbif.org/v1/species/6967408/children | total=2
2026-07-05 15:17:13 | INFO | Randomly selected 2/2 children for taxon 6967408
2026-07-05 15:17:13 | INFO | Taxon key 6967408 has 2 children
2026-07-05 15:17:13 | INFO | Fetching: https://api.gbif.org/v1/species/3262231/children | params={}
2026-07-05 15:17:13 | INFO | Finished: https://api.gbif.org/v1/species/3262231/children | total=35
2026-07-05 15:17:13 | INFO | Fetching: https://api.gbif.org/v1/species/3262231/children | params={}
2026-07-05 15:17:13 | INFO | Finished: https://api.gbif.org/v1/species/3262231/children | total=35
2026-07-05 15:17:13 | INFO | Randomly selected 35/35 children for taxon 3262231
2026-07-05 15:17:13 | INFO | Taxon key 3262231 has 35 children
2026-07-05 15:17:13 | INFO | Fetching: https://api.gbif.org/v1/species/9817903/children | params={}
2026-07-05 15:17:14 | INFO | Finished: https://api.gbif.org/v1/species/9817903/children | total=2
2026-07-05 15:17:14 | INFO | Fetching: https://api.gbif.org/v1/species/9817903/children | params={}
2026-07-05 15:17:14 | INFO | Finished: https://api.gbif.org/v1/species/9817903/children | total=2
2026-07-05 15:17:14 | INFO | Randomly selected 2/2 children for taxon 9817903
2026-07-05 15:17:14 | INFO | Taxon key 9817903 has 2 children
2026-07-05 15:17:14 | INFO | Fetching: https://api.gbif.org/v1/species/6967629/children | params={}
2026-07-05 15:17:14 | INFO | Finished: https://api.gbif.org/v1/species/6967629/children | total=2
2026-07-05 15:17:14 | INFO | Fetching: https://api.gbif.org/v1/species/6967629/children | params={}
2026-07-05 15:17:14 | INFO | Finished: https://api.gbif.org/v1/species/6967629/children | total=2
2026-07-05 15:17:14 | INFO | Randomly selected 2/2 children for taxon 6967629
2026-07-05 15:17:14 | INFO | Taxon key 6967629 has 2 children
2026-07-05 15:17:14 | INFO | Fetching: https://api.gbif.org/v1/species/4736967/children | params={}
2026-07-05 15:17:14 | INFO | Finished: https://api.gbif.org/v1/species/4736967/children | total=8
2026-07-05 15:17:14 | INFO | Fetching: https://api.gbif.org/v1/species/4736967/children | params={}
2026-07-05 15:17:14 | INFO | Finished: https://api.gbif.org/v1/species/4736967/children | total=8
2026-07-05 15:17:14 | INFO | Randomly selected 8/8 children for taxon 4736967
2026-07-05 15:17:14 | INFO | Taxon key 4736967 has 8 children
2026-07-05 15:17:14 | INFO | Fetching: https://api.gbif.org/v1/species/6968131/children | params={}
2026-07-05 15:17:15 | INFO | Finished: https://api.gbif.org/v1/species/6968131/children | total=2
2026-07-05 15:17:15 | INFO | Fetching: https://api.gbif.org/v1/species/6968131/children | params={}
2026-07-05 15:17:15 | INFO | Finished: https://api.gbif.org/v1/species/6968131/children | total=2
2026-07-05 15:17:15 | INFO | Randomly selected 2/2 children for taxon 6968131
2026-07-05 15:17:15 | INFO | Taxon key 6968131 has 2 children
2026-07-05 15:17:15 | INFO | Fetching: https://api.gbif.org/v1/species/4743764/children | params={}
2026-07-05 15:17:15 | INFO | Finished: https://api.gbif.org/v1/species/4743764/children | total=3
2026-07-05 15:17:15 | INFO | Fetching: https://api.gbif.org/v1/species/4743764/children | params={}
2026-07-05 15:17:15 | INFO | Finished: https://api.gbif.org/v1/species/4743764/children | total=3
2026-07-05 15:17:15 | INFO | Randomly selected 3/3 children for taxon 4743764
2026-07-05 15:17:15 | INFO | Taxon key 4743764 has 3 children
2026-07-05 15:17:15 | INFO | Fetching: https://api.gbif.org/v1/species/4753609/children | params={}
2026-07-05 15:17:15 | INFO | Finished: https://api.gbif.org/v1/species/4753609/children | total=1
2026-07-05 15:17:15 | INFO | Fetching: https://api.gbif.org/v1/species/4753609/children | params={}
2026-07-05 15:17:16 | INFO | Finished: https://api.gbif.org/v1/species/4753609/children | total=1
2026-07-05 15:17:16 | INFO | Randomly selected 1/1 children for taxon 4753609
2026-07-05 15:17:16 | INFO | Taxon key 4753609 has 1 children
2026-07-05 15:17:16 | INFO | Fetching: https://api.gbif.org/v1/species/4745959/children | params={}
2026-07-05 15:17:16 | INFO | Finished: https://api.gbif.org/v1/species/4745959/children | total=12
2026-07-05 15:17:16 | INFO | Fetching: https://api.gbif.org/v1/species/4745959/children | params={}
2026-07-05 15:17:16 | INFO | Finished: https://api.gbif.org/v1/species/4745959/children | total=12
2026-07-05 15:17:16 | INFO | Randomly selected 12/12 children for taxon 4745959
2026-07-05 15:17:16 | INFO | Taxon key 4745959 has 12 children
2026-07-05 15:17:16 | INFO | Fetching: https://api.gbif.org/v1/species/8610615/children | params={}
2026-07-05 15:17:16 | INFO | Finished: https://api.gbif.org/v1/species/8610615/children | total=2
2026-07-05 15:17:16 | INFO | Fetching: https://api.gbif.org/v1/species/8610615/children | params={}
2026-07-05 15:17:16 | INFO | Finished: https://api.gbif.org/v1/species/8610615/children | total=2
2026-07-05 15:17:16 | INFO | Randomly selected 2/2 children for taxon 8610615
2026-07-05 15:17:16 | INFO | Taxon key 8610615 has 2 children
2026-07-05 15:17:16 | INFO | Fetching: https://api.gbif.org/v1/species/4405225/children | params={}
2026-07-05 15:17:17 | INFO | Finished: https://api.gbif.org/v1/species/4405225/children | total=66
2026-07-05 15:17:17 | INFO | Fetching: https://api.gbif.org/v1/species/4405225/children | params={}
2026-07-05 15:17:17 | INFO | Finished: https://api.gbif.org/v1/species/4405225/children | total=66
2026-07-05 15:17:17 | INFO | Randomly selected 66/66 children for taxon 4405225
2026-07-05 15:17:17 | INFO | Taxon key 4405225 has 66 children
2026-07-05 15:17:17 | INFO | Fetching: https://api.gbif.org/v1/species/10494083/children | params={}
2026-07-05 15:17:17 | INFO | Finished: https://api.gbif.org/v1/species/10494083/children | total=2
2026-07-05 15:17:17 | INFO | Fetching: https://api.gbif.org/v1/species/10494083/children | params={}
2026-07-05 15:17:17 | INFO | Finished: https://api.gbif.org/v1/species/10494083/children | total=2
2026-07-05 15:17:17 | INFO | Randomly selected 2/2 children for taxon 10494083
2026-07-05 15:17:17 | INFO | Taxon key 10494083 has 2 children
2026-07-05 15:17:17 | INFO | Fetching: https://api.gbif.org/v1/species/10189446/children | params={}
2026-07-05 15:17:18 | INFO | Finished: https://api.gbif.org/v1/species/10189446/children | total=1
2026-07-05 15:17:18 | INFO | Fetching: https://api.gbif.org/v1/species/10189446/children | params={}
2026-07-05 15:17:18 | INFO | Finished: https://api.gbif.org/v1/species/10189446/children | total=1
2026-07-05 15:17:18 | INFO | Randomly selected 1/1 children for taxon 10189446
2026-07-05 15:17:18 | INFO | Taxon key 10189446 has 1 children
2026-07-05 15:17:18 | INFO | Fetching: https://api.gbif.org/v1/species/5738686/children | params={}
2026-07-05 15:17:18 | INFO | Finished: https://api.gbif.org/v1/species/5738686/children | total=2
2026-07-05 15:17:18 | INFO | Fetching: https://api.gbif.org/v1/species/5738686/children | params={}
2026-07-05 15:17:18 | INFO | Finished: https://api.gbif.org/v1/species/5738686/children | total=2
2026-07-05 15:17:18 | INFO | Randomly selected 2/2 children for taxon 5738686
2026-07-05 15:17:18 | INFO | Taxon key 5738686 has 2 children
2026-07-05 15:17:18 | INFO | Fetching: https://api.gbif.org/v1/species/9854853/children | params={}
2026-07-05 15:17:18 | INFO | Finished: https://api.gbif.org/v1/species/9854853/children | total=1
2026-07-05 15:17:18 | INFO | Fetching: https://api.gbif.org/v1/species/9854853/children | params={}
2026-07-05 15:17:19 | INFO | Finished: https://api.gbif.org/v1/species/9854853/children | total=1
2026-07-05 15:17:19 | INFO | Randomly selected 1/1 children for taxon 9854853
2026-07-05 15:17:19 | INFO | Taxon key 9854853 has 1 children
2026-07-05 15:17:19 | INFO | Fetching: https://api.gbif.org/v1/species/12238870/children | params={}
2026-07-05 15:17:19 | INFO | Finished: https://api.gbif.org/v1/species/12238870/children | total=1
2026-07-05 15:17:19 | INFO | Fetching: https://api.gbif.org/v1/species/12238870/children | params={}
2026-07-05 15:17:19 | INFO | Finished: https://api.gbif.org/v1/species/12238870/children | total=1
2026-07-05 15:17:19 | INFO | Randomly selected 1/1 children for taxon 12238870
2026-07-05 15:17:19 | INFO | Taxon key 12238870 has 1 children
2026-07-05 15:17:19 | INFO | Fetching: https://api.gbif.org/v1/species/4726029/children | params={}
2026-07-05 15:17:19 | INFO | Finished: https://api.gbif.org/v1/species/4726029/children | total=4
2026-07-05 15:17:19 | INFO | Fetching: https://api.gbif.org/v1/species/4726029/children | params={}
2026-07-05 15:17:19 | INFO | Finished: https://api.gbif.org/v1/species/4726029/children | total=4
2026-07-05 15:17:19 | INFO | Randomly selected 4/4 children for taxon 4726029
2026-07-05 15:17:19 | INFO | Taxon key 4726029 has 4 children
2026-07-05 15:17:19 | INFO | Fetching: https://api.gbif.org/v1/species/6967284/children | params={}
2026-07-05 15:17:20 | INFO | Finished: https://api.gbif.org/v1/species/6967284/children | total=2
2026-07-05 15:17:20 | INFO | Fetching: https://api.gbif.org/v1/species/6967284/children | params={}
2026-07-05 15:17:20 | INFO | Finished: https://api.gbif.org/v1/species/6967284/children | total=2
2026-07-05 15:17:20 | INFO | Randomly selected 2/2 children for taxon 6967284
2026-07-05 15:17:20 | INFO | Taxon key 6967284 has 2 children
2026-07-05 15:17:20 | INFO | Fetching: https://api.gbif.org/v1/species/4719109/children | params={}
2026-07-05 15:17:20 | INFO | Finished: https://api.gbif.org/v1/species/4719109/children | total=84
2026-07-05 15:17:20 | INFO | Fetching: https://api.gbif.org/v1/species/4719109/children | params={}
2026-07-05 15:17:20 | INFO | Finished: https://api.gbif.org/v1/species/4719109/children | total=84
2026-07-05 15:17:20 | INFO | Randomly selected 84/84 children for taxon 4719109
2026-07-05 15:17:20 | INFO | Taxon key 4719109 has 84 children
2026-07-05 15:17:20 | INFO | Fetching: https://api.gbif.org/v1/species/9662507/children | params={}
2026-07-05 15:17:21 | INFO | Finished: https://api.gbif.org/v1/species/9662507/children | total=1
2026-07-05 15:17:21 | INFO | Fetching: https://api.gbif.org/v1/species/9662507/children | params={}
2026-07-05 15:17:21 | INFO | Finished: https://api.gbif.org/v1/species/9662507/children | total=1
2026-07-05 15:17:21 | INFO | Randomly selected 1/1 children for taxon 9662507
2026-07-05 15:17:21 | INFO | Taxon key 9662507 has 1 children
2026-07-05 15:17:21 | INFO | Fetching: https://api.gbif.org/v1/species/6967885/children | params={}
2026-07-05 15:17:21 | INFO | Finished: https://api.gbif.org/v1/species/6967885/children | total=1
2026-07-05 15:17:21 | INFO | Fetching: https://api.gbif.org/v1/species/6967885/children | params={}
2026-07-05 15:17:21 | INFO | Finished: https://api.gbif.org/v1/species/6967885/children | total=1
2026-07-05 15:17:21 | INFO | Randomly selected 1/1 children for taxon 6967885
2026-07-05 15:17:21 | INFO | Taxon key 6967885 has 1 children
2026-07-05 15:17:21 | INFO | Fetching: https://api.gbif.org/v1/species/6967921/children | params={}
2026-07-05 15:17:21 | INFO | Finished: https://api.gbif.org/v1/species/6967921/children | total=1
2026-07-05 15:17:21 | INFO | Fetching: https://api.gbif.org/v1/species/6967921/children | params={}
2026-07-05 15:17:22 | INFO | Finished: https://api.gbif.org/v1/species/6967921/children | total=1
2026-07-05 15:17:22 | INFO | Randomly selected 1/1 children for taxon 6967921
2026-07-05 15:17:22 | INFO | Taxon key 6967921 has 1 children
2026-07-05 15:17:22 | INFO | Fetching: https://api.gbif.org/v1/species/9658219/children | params={}
2026-07-05 15:17:22 | INFO | Finished: https://api.gbif.org/v1/species/9658219/children | total=1
2026-07-05 15:17:22 | INFO | Fetching: https://api.gbif.org/v1/species/9658219/children | params={}
2026-07-05 15:17:22 | INFO | Finished: https://api.gbif.org/v1/species/9658219/children | total=1
2026-07-05 15:17:22 | INFO | Randomly selected 1/1 children for taxon 9658219
2026-07-05 15:17:22 | INFO | Taxon key 9658219 has 1 children
2026-07-05 15:17:22 | INFO | Fetching: https://api.gbif.org/v1/species/1033635/children | params={}
2026-07-05 15:17:22 | INFO | Finished: https://api.gbif.org/v1/species/1033635/children | total=2
2026-07-05 15:17:22 | INFO | Fetching: https://api.gbif.org/v1/species/1033635/children | params={}
2026-07-05 15:17:22 | INFO | Finished: https://api.gbif.org/v1/species/1033635/children | total=2
2026-07-05 15:17:22 | INFO | Randomly selected 2/2 children for taxon 1033635
2026-07-05 15:17:22 | INFO | Taxon key 1033635 has 2 children
2026-07-05 15:17:22 | INFO | Fetching: https://api.gbif.org/v1/species/4760150/children | params={}
2026-07-05 15:17:22 | INFO | Finished: https://api.gbif.org/v1/species/4760150/children | total=2
2026-07-05 15:17:22 | INFO | Fetching: https://api.gbif.org/v1/species/4760150/children | params={}
2026-07-05 15:17:23 | INFO | Finished: https://api.gbif.org/v1/species/4760150/children | total=2
2026-07-05 15:17:23 | INFO | Randomly selected 2/2 children for taxon 4760150
2026-07-05 15:17:23 | INFO | Taxon key 4760150 has 2 children
2026-07-05 15:17:23 | INFO | Fetching: https://api.gbif.org/v1/species/4755302/children | params={}
2026-07-05 15:17:23 | INFO | Finished: https://api.gbif.org/v1/species/4755302/children | total=3
2026-07-05 15:17:23 | INFO | Fetching: https://api.gbif.org/v1/species/4755302/children | params={}
2026-07-05 15:17:23 | INFO | Finished: https://api.gbif.org/v1/species/4755302/children | total=3
2026-07-05 15:17:23 | INFO | Randomly selected 3/3 children for taxon 4755302
2026-07-05 15:17:23 | INFO | Taxon key 4755302 has 3 children
2026-07-05 15:17:23 | INFO | Fetching: https://api.gbif.org/v1/species/8908468/children | params={}
2026-07-05 15:17:23 | INFO | Finished: https://api.gbif.org/v1/species/8908468/children | total=11
2026-07-05 15:17:23 | INFO | Fetching: https://api.gbif.org/v1/species/8908468/children | params={}
2026-07-05 15:17:23 | INFO | Finished: https://api.gbif.org/v1/species/8908468/children | total=11
2026-07-05 15:17:23 | INFO | Randomly selected 11/11 children for taxon 8908468
2026-07-05 15:17:23 | INFO | Taxon key 8908468 has 11 children
2026-07-05 15:17:23 | INFO | Fetching: https://api.gbif.org/v1/species/4427735/children | params={}
2026-07-05 15:17:24 | INFO | Finished: https://api.gbif.org/v1/species/4427735/children | total=1
2026-07-05 15:17:24 | INFO | Fetching: https://api.gbif.org/v1/species/4427735/children | params={}
2026-07-05 15:17:24 | INFO | Finished: https://api.gbif.org/v1/species/4427735/children | total=1
2026-07-05 15:17:24 | INFO | Randomly selected 1/1 children for taxon 4427735
2026-07-05 15:17:24 | INFO | Taxon key 4427735 has 1 children
2026-07-05 15:17:24 | INFO | Fetching: https://api.gbif.org/v1/species/4427738/children | params={}
2026-07-05 15:17:24 | INFO | Finished: https://api.gbif.org/v1/species/4427738/children | total=1
2026-07-05 15:17:24 | INFO | Fetching: https://api.gbif.org/v1/species/4427738/children | params={}
2026-07-05 15:17:24 | INFO | Finished: https://api.gbif.org/v1/species/4427738/children | total=1
2026-07-05 15:17:24 | INFO | Randomly selected 1/1 children for taxon 4427738
2026-07-05 15:17:24 | INFO | Taxon key 4427738 has 1 children
2026-07-05 15:17:24 | INFO | Fetching: https://api.gbif.org/v1/species/4427742/children | params={}
2026-07-05 15:17:25 | INFO | Finished: https://api.gbif.org/v1/species/4427742/children | total=1
2026-07-05 15:17:25 | INFO | Fetching: https://api.gbif.org/v1/species/4427742/children | params={}
2026-07-05 15:17:25 | INFO | Finished: https://api.gbif.org/v1/species/4427742/children | total=1
2026-07-05 15:17:25 | INFO | Randomly selected 1/1 children for taxon 4427742
2026-07-05 15:17:25 | INFO | Taxon key 4427742 has 1 children
2026-07-05 15:17:25 | INFO | Fetching: https://api.gbif.org/v1/species/4737199/children | params={}
2026-07-05 15:17:25 | INFO | Finished: https://api.gbif.org/v1/species/4737199/children | total=1
2026-07-05 15:17:25 | INFO | Fetching: https://api.gbif.org/v1/species/4737199/children | params={}
2026-07-05 15:17:25 | INFO | Finished: https://api.gbif.org/v1/species/4737199/children | total=1
2026-07-05 15:17:25 | INFO | Randomly selected 1/1 children for taxon 4737199
2026-07-05 15:17:25 | INFO | Taxon key 4737199 has 1 children
2026-07-05 15:17:25 | INFO | Fetching: https://api.gbif.org/v1/species/4746257/children | params={}
2026-07-05 15:17:25 | INFO | Finished: https://api.gbif.org/v1/species/4746257/children | total=1
2026-07-05 15:17:25 | INFO | Fetching: https://api.gbif.org/v1/species/4746257/children | params={}
2026-07-05 15:17:26 | INFO | Finished: https://api.gbif.org/v1/species/4746257/children | total=1
2026-07-05 15:17:26 | INFO | Randomly selected 1/1 children for taxon 4746257
2026-07-05 15:17:26 | INFO | Taxon key 4746257 has 1 children
2026-07-05 15:17:26 | INFO | Fetching: https://api.gbif.org/v1/species/9785308/children | params={}
2026-07-05 15:17:26 | INFO | Finished: https://api.gbif.org/v1/species/9785308/children | total=2
2026-07-05 15:17:26 | INFO | Fetching: https://api.gbif.org/v1/species/9785308/children | params={}
2026-07-05 15:17:26 | INFO | Finished: https://api.gbif.org/v1/species/9785308/children | total=2
2026-07-05 15:17:26 | INFO | Randomly selected 2/2 children for taxon 9785308
2026-07-05 15:17:26 | INFO | Taxon key 9785308 has 2 children
2026-07-05 15:17:26 | INFO | Fetching: https://api.gbif.org/v1/species/4746313/children | params={}
2026-07-05 15:17:26 | INFO | Finished: https://api.gbif.org/v1/species/4746313/children | total=1
2026-07-05 15:17:26 | INFO | Fetching: https://api.gbif.org/v1/species/4746313/children | params={}
2026-07-05 15:17:26 | INFO | Finished: https://api.gbif.org/v1/species/4746313/children | total=1
2026-07-05 15:17:26 | INFO | Randomly selected 1/1 children for taxon 4746313
2026-07-05 15:17:26 | INFO | Taxon key 4746313 has 1 children
2026-07-05 15:17:26 | INFO | Fetching: https://api.gbif.org/v1/species/1033468/children | params={}
2026-07-05 15:17:27 | INFO | Finished: https://api.gbif.org/v1/species/1033468/children | total=18
2026-07-05 15:17:27 | INFO | Fetching: https://api.gbif.org/v1/species/1033468/children | params={}
2026-07-05 15:17:27 | INFO | Finished: https://api.gbif.org/v1/species/1033468/children | total=18
2026-07-05 15:17:27 | INFO | Randomly selected 18/18 children for taxon 1033468
2026-07-05 15:17:27 | INFO | Taxon key 1033468 has 18 children
2026-07-05 15:17:27 | INFO | Fetching: https://api.gbif.org/v1/species/9547893/children | params={}
2026-07-05 15:17:27 | INFO | Finished: https://api.gbif.org/v1/species/9547893/children | total=2
2026-07-05 15:17:27 | INFO | Fetching: https://api.gbif.org/v1/species/9547893/children | params={}
2026-07-05 15:17:27 | INFO | Finished: https://api.gbif.org/v1/species/9547893/children | total=2
2026-07-05 15:17:27 | INFO | Randomly selected 2/2 children for taxon 9547893
2026-07-05 15:17:27 | INFO | Taxon key 9547893 has 2 children
2026-07-05 15:17:27 | INFO | Fetching: https://api.gbif.org/v1/species/4427709/children | params={}
2026-07-05 15:17:27 | INFO | Finished: https://api.gbif.org/v1/species/4427709/children | total=2
2026-07-05 15:17:27 | INFO | Fetching: https://api.gbif.org/v1/species/4427709/children | params={}
2026-07-05 15:17:28 | INFO | Finished: https://api.gbif.org/v1/species/4427709/children | total=2
2026-07-05 15:17:28 | INFO | Randomly selected 2/2 children for taxon 4427709
2026-07-05 15:17:28 | INFO | Taxon key 4427709 has 2 children
2026-07-05 15:17:28 | INFO | Fetching: https://api.gbif.org/v1/species/4427713/children | params={}
2026-07-05 15:17:28 | INFO | Finished: https://api.gbif.org/v1/species/4427713/children | total=1
2026-07-05 15:17:28 | INFO | Fetching: https://api.gbif.org/v1/species/4427713/children | params={}
2026-07-05 15:17:28 | INFO | Finished: https://api.gbif.org/v1/species/4427713/children | total=1
2026-07-05 15:17:28 | INFO | Randomly selected 1/1 children for taxon 4427713
2026-07-05 15:17:28 | INFO | Taxon key 4427713 has 1 children
2026-07-05 15:17:28 | INFO | Fetching: https://api.gbif.org/v1/species/4427711/children | params={}
2026-07-05 15:17:28 | INFO | Finished: https://api.gbif.org/v1/species/4427711/children | total=1
2026-07-05 15:17:28 | INFO | Fetching: https://api.gbif.org/v1/species/4427711/children | params={}
2026-07-05 15:17:28 | INFO | Finished: https://api.gbif.org/v1/species/4427711/children | total=1
2026-07-05 15:17:28 | INFO | Randomly selected 1/1 children for taxon 4427711
2026-07-05 15:17:28 | INFO | Taxon key 4427711 has 1 children
2026-07-05 15:17:28 | INFO | Fetching: https://api.gbif.org/v1/species/4427700/children | params={}
2026-07-05 15:17:29 | INFO | Finished: https://api.gbif.org/v1/species/4427700/children | total=4
2026-07-05 15:17:29 | INFO | Fetching: https://api.gbif.org/v1/species/4427700/children | params={}
2026-07-05 15:17:29 | INFO | Finished: https://api.gbif.org/v1/species/4427700/children | total=4
2026-07-05 15:17:29 | INFO | Randomly selected 4/4 children for taxon 4427700
2026-07-05 15:17:29 | INFO | Taxon key 4427700 has 4 children
2026-07-05 15:17:29 | INFO | Fetching: https://api.gbif.org/v1/species/4427714/children | params={}
2026-07-05 15:17:29 | INFO | Finished: https://api.gbif.org/v1/species/4427714/children | total=1
2026-07-05 15:17:29 | INFO | Fetching: https://api.gbif.org/v1/species/4427714/children | params={}
2026-07-05 15:17:29 | INFO | Finished: https://api.gbif.org/v1/species/4427714/children | total=1
2026-07-05 15:17:29 | INFO | Randomly selected 1/1 children for taxon 4427714
2026-07-05 15:17:29 | INFO | Taxon key 4427714 has 1 children
2026-07-05 15:17:29 | INFO | Fetching: https://api.gbif.org/v1/species/4427704/children | params={}
2026-07-05 15:17:30 | INFO | Finished: https://api.gbif.org/v1/species/4427704/children | total=4
2026-07-05 15:17:30 | INFO | Fetching: https://api.gbif.org/v1/species/4427704/children | params={}
2026-07-05 15:17:30 | INFO | Finished: https://api.gbif.org/v1/species/4427704/children | total=4
2026-07-05 15:17:30 | INFO | Randomly selected 4/4 children for taxon 4427704
2026-07-05 15:17:30 | INFO | Taxon key 4427704 has 4 children
2026-07-05 15:17:30 | INFO | Fetching: https://api.gbif.org/v1/species/4427707/children | params={}
2026-07-05 15:17:30 | INFO | Finished: https://api.gbif.org/v1/species/4427707/children | total=1
2026-07-05 15:17:30 | INFO | Fetching: https://api.gbif.org/v1/species/4427707/children | params={}
2026-07-05 15:17:30 | INFO | Finished: https://api.gbif.org/v1/species/4427707/children | total=1
2026-07-05 15:17:30 | INFO | Randomly selected 1/1 children for taxon 4427707
2026-07-05 15:17:30 | INFO | Taxon key 4427707 has 1 children
2026-07-05 15:17:30 | INFO | Fetching: https://api.gbif.org/v1/species/4719002/children | params={}
2026-07-05 15:17:30 | INFO | Finished: https://api.gbif.org/v1/species/4719002/children | total=4
2026-07-05 15:17:30 | INFO | Fetching: https://api.gbif.org/v1/species/4719002/children | params={}
2026-07-05 15:17:30 | INFO | Finished: https://api.gbif.org/v1/species/4719002/children | total=4
2026-07-05 15:17:30 | INFO | Randomly selected 4/4 children for taxon 4719002
2026-07-05 15:17:30 | INFO | Taxon key 4719002 has 4 children
2026-07-05 15:17:30 | INFO | Fetching: https://api.gbif.org/v1/species/6968440/children | params={}
2026-07-05 15:17:31 | INFO | Finished: https://api.gbif.org/v1/species/6968440/children | total=2
2026-07-05 15:17:31 | INFO | Fetching: https://api.gbif.org/v1/species/6968440/children | params={}
2026-07-05 15:17:31 | INFO | Finished: https://api.gbif.org/v1/species/6968440/children | total=2
2026-07-05 15:17:31 | INFO | Randomly selected 2/2 children for taxon 6968440
2026-07-05 15:17:31 | INFO | Taxon key 6968440 has 2 children
2026-07-05 15:17:31 | INFO | Fetching: https://api.gbif.org/v1/species/7508061/children | params={}
2026-07-05 15:17:31 | INFO | Finished: https://api.gbif.org/v1/species/7508061/children | total=1
2026-07-05 15:17:31 | INFO | Fetching: https://api.gbif.org/v1/species/7508061/children | params={}
2026-07-05 15:17:31 | INFO | Finished: https://api.gbif.org/v1/species/7508061/children | total=1
2026-07-05 15:17:31 | INFO | Randomly selected 1/1 children for taxon 7508061
2026-07-05 15:17:31 | INFO | Taxon key 7508061 has 1 children
2026-07-05 15:17:31 | INFO | Fetching: https://api.gbif.org/v1/species/8440478/children | params={}
2026-07-05 15:17:31 | INFO | Finished: https://api.gbif.org/v1/species/8440478/children | total=2
2026-07-05 15:17:31 | INFO | Fetching: https://api.gbif.org/v1/species/8440478/children | params={}
2026-07-05 15:17:32 | INFO | Finished: https://api.gbif.org/v1/species/8440478/children | total=2
2026-07-05 15:17:32 | INFO | Randomly selected 2/2 children for taxon 8440478
2026-07-05 15:17:32 | INFO | Taxon key 8440478 has 2 children
2026-07-05 15:17:32 | INFO | Fetching: https://api.gbif.org/v1/species/4406393/children | params={}
2026-07-05 15:17:32 | INFO | Finished: https://api.gbif.org/v1/species/4406393/children | total=1
2026-07-05 15:17:32 | INFO | Fetching: https://api.gbif.org/v1/species/4406393/children | params={}
2026-07-05 15:17:32 | INFO | Finished: https://api.gbif.org/v1/species/4406393/children | total=1
2026-07-05 15:17:32 | INFO | Randomly selected 1/1 children for taxon 4406393
2026-07-05 15:17:32 | INFO | Taxon key 4406393 has 1 children
2026-07-05 15:17:32 | INFO | Fetching: https://api.gbif.org/v1/species/1033509/children | params={}
2026-07-05 15:17:32 | INFO | Finished: https://api.gbif.org/v1/species/1033509/children | total=11
2026-07-05 15:17:32 | INFO | Fetching: https://api.gbif.org/v1/species/1033509/children | params={}
2026-07-05 15:17:33 | INFO | Finished: https://api.gbif.org/v1/species/1033509/children | total=11
2026-07-05 15:17:33 | INFO | Randomly selected 11/11 children for taxon 1033509
2026-07-05 15:17:33 | INFO | Taxon key 1033509 has 11 children
2026-07-05 15:17:33 | INFO | Fetching: https://api.gbif.org/v1/species/1033511/children | params={}
2026-07-05 15:17:33 | INFO | Finished: https://api.gbif.org/v1/species/1033511/children | total=1
2026-07-05 15:17:33 | INFO | Fetching: https://api.gbif.org/v1/species/1033511/children | params={}
2026-07-05 15:17:33 | INFO | Finished: https://api.gbif.org/v1/species/1033511/children | total=1
2026-07-05 15:17:33 | INFO | Randomly selected 1/1 children for taxon 1033511
2026-07-05 15:17:33 | INFO | Taxon key 1033511 has 1 children
2026-07-05 15:17:33 | INFO | Fetching: https://api.gbif.org/v1/species/1033523/children | params={}
2026-07-05 15:17:33 | INFO | Finished: https://api.gbif.org/v1/species/1033523/children | total=1
2026-07-05 15:17:33 | INFO | Fetching: https://api.gbif.org/v1/species/1033523/children | params={}
2026-07-05 15:17:33 | INFO | Finished: https://api.gbif.org/v1/species/1033523/children | total=1
2026-07-05 15:17:33 | INFO | Randomly selected 1/1 children for taxon 1033523
2026-07-05 15:17:33 | INFO | Taxon key 1033523 has 1 children
2026-07-05 15:17:33 | INFO | Fetching: https://api.gbif.org/v1/species/4742056/children | params={}
2026-07-05 15:17:34 | INFO | Finished: https://api.gbif.org/v1/species/4742056/children | total=18
2026-07-05 15:17:34 | INFO | Fetching: https://api.gbif.org/v1/species/4742056/children | params={}
2026-07-05 15:17:34 | INFO | Finished: https://api.gbif.org/v1/species/4742056/children | total=18
2026-07-05 15:17:34 | INFO | Randomly selected 18/18 children for taxon 4742056
2026-07-05 15:17:34 | INFO | Taxon key 4742056 has 18 children
2026-07-05 15:17:34 | INFO | Fetching: https://api.gbif.org/v1/species/8517632/children | params={}
2026-07-05 15:17:34 | INFO | Finished: https://api.gbif.org/v1/species/8517632/children | total=1
2026-07-05 15:17:34 | INFO | Fetching: https://api.gbif.org/v1/species/8517632/children | params={}
2026-07-05 15:17:34 | INFO | Finished: https://api.gbif.org/v1/species/8517632/children | total=1
2026-07-05 15:17:34 | INFO | Randomly selected 1/1 children for taxon 8517632
2026-07-05 15:17:34 | INFO | Taxon key 8517632 has 1 children
2026-07-05 15:17:34 | INFO | Fetching: https://api.gbif.org/v1/species/4719030/children | params={}
2026-07-05 15:17:35 | INFO | Finished: https://api.gbif.org/v1/species/4719030/children | total=15
2026-07-05 15:17:35 | INFO | Fetching: https://api.gbif.org/v1/species/4719030/children | params={}
2026-07-05 15:17:35 | INFO | Finished: https://api.gbif.org/v1/species/4719030/children | total=15
2026-07-05 15:17:35 | INFO | Randomly selected 15/15 children for taxon 4719030
2026-07-05 15:17:35 | INFO | Taxon key 4719030 has 15 children
2026-07-05 15:17:35 | INFO | Fetching: https://api.gbif.org/v1/species/6967783/children | params={}
2026-07-05 15:17:35 | INFO | Finished: https://api.gbif.org/v1/species/6967783/children | total=1
2026-07-05 15:17:35 | INFO | Fetching: https://api.gbif.org/v1/species/6967783/children | params={}
2026-07-05 15:17:35 | INFO | Finished: https://api.gbif.org/v1/species/6967783/children | total=1
2026-07-05 15:17:35 | INFO | Randomly selected 1/1 children for taxon 6967783
2026-07-05 15:17:35 | INFO | Taxon key 6967783 has 1 children
2026-07-05 15:17:35 | INFO | Fetching: https://api.gbif.org/v1/species/6967781/children | params={}
2026-07-05 15:17:35 | INFO | Finished: https://api.gbif.org/v1/species/6967781/children | total=1
2026-07-05 15:17:35 | INFO | Fetching: https://api.gbif.org/v1/species/6967781/children | params={}
2026-07-05 15:17:36 | INFO | Finished: https://api.gbif.org/v1/species/6967781/children | total=1
2026-07-05 15:17:36 | INFO | Randomly selected 1/1 children for taxon 6967781
2026-07-05 15:17:36 | INFO | Taxon key 6967781 has 1 children
2026-07-05 15:17:36 | INFO | Fetching: https://api.gbif.org/v1/species/1033536/children | params={}
2026-07-05 15:17:36 | INFO | Finished: https://api.gbif.org/v1/species/1033536/children | total=58
2026-07-05 15:17:36 | INFO | Fetching: https://api.gbif.org/v1/species/1033536/children | params={}
2026-07-05 15:17:36 | INFO | Finished: https://api.gbif.org/v1/species/1033536/children | total=58
2026-07-05 15:17:36 | INFO | Randomly selected 58/58 children for taxon 1033536
2026-07-05 15:17:36 | INFO | Taxon key 1033536 has 58 children
2026-07-05 15:17:36 | INFO | Fetching: https://api.gbif.org/v1/species/6968012/children | params={}
2026-07-05 15:17:36 | INFO | Finished: https://api.gbif.org/v1/species/6968012/children | total=2
2026-07-05 15:17:36 | INFO | Fetching: https://api.gbif.org/v1/species/6968012/children | params={}
2026-07-05 15:17:37 | INFO | Finished: https://api.gbif.org/v1/species/6968012/children | total=2
2026-07-05 15:17:37 | INFO | Randomly selected 2/2 children for taxon 6968012
2026-07-05 15:17:37 | INFO | Taxon key 6968012 has 2 children
2026-07-05 15:17:37 | INFO | Fetching: https://api.gbif.org/v1/species/4742884/children | params={}
2026-07-05 15:17:37 | INFO | Finished: https://api.gbif.org/v1/species/4742884/children | total=3
2026-07-05 15:17:37 | INFO | Fetching: https://api.gbif.org/v1/species/4742884/children | params={}
2026-07-05 15:17:37 | INFO | Finished: https://api.gbif.org/v1/species/4742884/children | total=3
2026-07-05 15:17:37 | INFO | Randomly selected 3/3 children for taxon 4742884
2026-07-05 15:17:37 | INFO | Taxon key 4742884 has 3 children
2026-07-05 15:17:37 | INFO | Fetching: https://api.gbif.org/v1/species/4573630/children | params={}
2026-07-05 15:17:37 | INFO | Finished: https://api.gbif.org/v1/species/4573630/children | total=8
2026-07-05 15:17:37 | INFO | Fetching: https://api.gbif.org/v1/species/4573630/children | params={}
2026-07-05 15:17:37 | INFO | Finished: https://api.gbif.org/v1/species/4573630/children | total=8
2026-07-05 15:17:37 | INFO | Randomly selected 8/8 children for taxon 4573630
2026-07-05 15:17:37 | INFO | Taxon key 4573630 has 8 children
2026-07-05 15:17:37 | INFO | Fetching: https://api.gbif.org/v1/species/9683888/children | params={}
2026-07-05 15:17:38 | INFO | Finished: https://api.gbif.org/v1/species/9683888/children | total=1
2026-07-05 15:17:38 | INFO | Fetching: https://api.gbif.org/v1/species/9683888/children | params={}
2026-07-05 15:17:38 | INFO | Finished: https://api.gbif.org/v1/species/9683888/children | total=1
2026-07-05 15:17:38 | INFO | Randomly selected 1/1 children for taxon 9683888
2026-07-05 15:17:38 | INFO | Taxon key 9683888 has 1 children
2026-07-05 15:17:38 | INFO | Fetching: https://api.gbif.org/v1/species/4719156/children | params={}
2026-07-05 15:17:38 | INFO | Finished: https://api.gbif.org/v1/species/4719156/children | total=3
2026-07-05 15:17:38 | INFO | Fetching: https://api.gbif.org/v1/species/4719156/children | params={}
2026-07-05 15:17:38 | INFO | Finished: https://api.gbif.org/v1/species/4719156/children | total=3
2026-07-05 15:17:38 | INFO | Randomly selected 3/3 children for taxon 4719156
2026-07-05 15:17:38 | INFO | Taxon key 4719156 has 3 children
2026-07-05 15:17:38 | INFO | Fetching: https://api.gbif.org/v1/species/1033630/children | params={}
2026-07-05 15:17:38 | INFO | Finished: https://api.gbif.org/v1/species/1033630/children | total=1
2026-07-05 15:17:38 | INFO | Fetching: https://api.gbif.org/v1/species/1033630/children | params={}
2026-07-05 15:17:39 | INFO | Finished: https://api.gbif.org/v1/species/1033630/children | total=1
2026-07-05 15:17:39 | INFO | Randomly selected 1/1 children for taxon 1033630
2026-07-05 15:17:39 | INFO | Taxon key 1033630 has 1 children
2026-07-05 15:17:39 | INFO | Fetching: https://api.gbif.org/v1/species/4719034/children | params={}
2026-07-05 15:17:39 | INFO | Finished: https://api.gbif.org/v1/species/4719034/children | total=1
2026-07-05 15:17:39 | INFO | Fetching: https://api.gbif.org/v1/species/4719034/children | params={}
2026-07-05 15:17:39 | INFO | Finished: https://api.gbif.org/v1/species/4719034/children | total=1
2026-07-05 15:17:39 | INFO | Randomly selected 1/1 children for taxon 4719034
2026-07-05 15:17:39 | INFO | Taxon key 4719034 has 1 children
2026-07-05 15:17:39 | INFO | Fetching: https://api.gbif.org/v1/species/7915058/children | params={}
2026-07-05 15:17:39 | INFO | Finished: https://api.gbif.org/v1/species/7915058/children | total=3
2026-07-05 15:17:39 | INFO | Fetching: https://api.gbif.org/v1/species/7915058/children | params={}
2026-07-05 15:17:39 | INFO | Finished: https://api.gbif.org/v1/species/7915058/children | total=3
2026-07-05 15:17:39 | INFO | Randomly selected 3/3 children for taxon 7915058
2026-07-05 15:17:39 | INFO | Taxon key 7915058 has 3 children
2026-07-05 15:17:39 | INFO | Fetching: https://api.gbif.org/v1/species/4719039/children | params={}
2026-07-05 15:17:40 | INFO | Finished: https://api.gbif.org/v1/species/4719039/children | total=111
2026-07-05 15:17:40 | INFO | Fetching: https://api.gbif.org/v1/species/4719039/children | params={}
2026-07-05 15:17:40 | INFO | Finished: https://api.gbif.org/v1/species/4719039/children | total=111
2026-07-05 15:17:40 | INFO | Randomly selected 111/111 children for taxon 4719039
2026-07-05 15:17:40 | INFO | Taxon key 4719039 has 111 children
2026-07-05 15:17:40 | INFO | Fetching: https://api.gbif.org/v1/species/4719083/children | params={}
2026-07-05 15:17:40 | INFO | Finished: https://api.gbif.org/v1/species/4719083/children | total=1
2026-07-05 15:17:40 | INFO | Fetching: https://api.gbif.org/v1/species/4719083/children | params={}
2026-07-05 15:17:41 | INFO | Finished: https://api.gbif.org/v1/species/4719083/children | total=1
2026-07-05 15:17:41 | INFO | Randomly selected 1/1 children for taxon 4719083
2026-07-05 15:17:41 | INFO | Taxon key 4719083 has 1 children
2026-07-05 15:17:41 | INFO | Fetching: https://api.gbif.org/v1/species/4719072/children | params={}
2026-07-05 15:17:41 | INFO | Finished: https://api.gbif.org/v1/species/4719072/children | total=2
2026-07-05 15:17:41 | INFO | Fetching: https://api.gbif.org/v1/species/4719072/children | params={}
2026-07-05 15:17:41 | INFO | Finished: https://api.gbif.org/v1/species/4719072/children | total=2
2026-07-05 15:17:41 | INFO | Randomly selected 2/2 children for taxon 4719072
2026-07-05 15:17:41 | INFO | Taxon key 4719072 has 2 children
2026-07-05 15:17:41 | INFO | Fetching: https://api.gbif.org/v1/species/4719061/children | params={}
2026-07-05 15:17:41 | INFO | Finished: https://api.gbif.org/v1/species/4719061/children | total=1
2026-07-05 15:17:41 | INFO | Fetching: https://api.gbif.org/v1/species/4719061/children | params={}
2026-07-05 15:17:41 | INFO | Finished: https://api.gbif.org/v1/species/4719061/children | total=1
2026-07-05 15:17:41 | INFO | Randomly selected 1/1 children for taxon 4719061
2026-07-05 15:17:41 | INFO | Taxon key 4719061 has 1 children
2026-07-05 15:17:41 | INFO | Fetching: https://api.gbif.org/v1/species/4719082/children | params={}
2026-07-05 15:17:42 | INFO | Finished: https://api.gbif.org/v1/species/4719082/children | total=1
2026-07-05 15:17:42 | INFO | Fetching: https://api.gbif.org/v1/species/4719082/children | params={}
2026-07-05 15:17:42 | INFO | Finished: https://api.gbif.org/v1/species/4719082/children | total=1
2026-07-05 15:17:42 | INFO | Randomly selected 1/1 children for taxon 4719082
2026-07-05 15:17:42 | INFO | Taxon key 4719082 has 1 children
2026-07-05 15:17:42 | INFO | Fetching: https://api.gbif.org/v1/species/4765857/children | params={}
2026-07-05 15:17:42 | INFO | Finished: https://api.gbif.org/v1/species/4765857/children | total=26
2026-07-05 15:17:42 | INFO | Fetching: https://api.gbif.org/v1/species/4765857/children | params={}
2026-07-05 15:17:42 | INFO | Finished: https://api.gbif.org/v1/species/4765857/children | total=26
2026-07-05 15:17:42 | INFO | Randomly selected 26/26 children for taxon 4765857
2026-07-05 15:17:42 | INFO | Taxon key 4765857 has 26 children
2026-07-05 15:17:42 | INFO | Fetching: https://api.gbif.org/v1/species/9782770/children | params={}
2026-07-05 15:17:42 | INFO | Finished: https://api.gbif.org/v1/species/9782770/children | total=2
2026-07-05 15:17:42 | INFO | Fetching: https://api.gbif.org/v1/species/9782770/children | params={}
2026-07-05 15:17:43 | INFO | Finished: https://api.gbif.org/v1/species/9782770/children | total=2
2026-07-05 15:17:43 | INFO | Randomly selected 2/2 children for taxon 9782770
2026-07-05 15:17:43 | INFO | Taxon key 9782770 has 2 children
2026-07-05 15:17:43 | INFO | Fetching: https://api.gbif.org/v1/species/11801244/children | params={}
2026-07-05 15:17:43 | INFO | Finished: https://api.gbif.org/v1/species/11801244/children | total=1
2026-07-05 15:17:43 | INFO | Fetching: https://api.gbif.org/v1/species/11801244/children | params={}
2026-07-05 15:17:43 | INFO | Finished: https://api.gbif.org/v1/species/11801244/children | total=1
2026-07-05 15:17:43 | INFO | Randomly selected 1/1 children for taxon 11801244
2026-07-05 15:17:43 | INFO | Taxon key 11801244 has 1 children
2026-07-05 15:17:43 | INFO | Fetching: https://api.gbif.org/v1/species/4716778/children | params={}
2026-07-05 15:17:43 | INFO | Finished: https://api.gbif.org/v1/species/4716778/children | total=6
2026-07-05 15:17:43 | INFO | Fetching: https://api.gbif.org/v1/species/4716778/children | params={}
2026-07-05 15:17:43 | INFO | Finished: https://api.gbif.org/v1/species/4716778/children | total=6
2026-07-05 15:17:43 | INFO | Randomly selected 6/6 children for taxon 4716778
2026-07-05 15:17:43 | INFO | Taxon key 4716778 has 6 children
2026-07-05 15:17:43 | INFO | Fetching: https://api.gbif.org/v1/species/1033602/children | params={}
2026-07-05 15:17:44 | INFO | Finished: https://api.gbif.org/v1/species/1033602/children | total=1
2026-07-05 15:17:44 | INFO | Fetching: https://api.gbif.org/v1/species/1033602/children | params={}
2026-07-05 15:17:44 | INFO | Finished: https://api.gbif.org/v1/species/1033602/children | total=1
2026-07-05 15:17:44 | INFO | Randomly selected 1/1 children for taxon 1033602
2026-07-05 15:17:44 | INFO | Taxon key 1033602 has 1 children
2026-07-05 15:17:44 | INFO | Fetching: https://api.gbif.org/v1/species/4765700/children | params={}
2026-07-05 15:17:44 | INFO | Finished: https://api.gbif.org/v1/species/4765700/children | total=4
2026-07-05 15:17:44 | INFO | Fetching: https://api.gbif.org/v1/species/4765700/children | params={}
2026-07-05 15:17:44 | INFO | Finished: https://api.gbif.org/v1/species/4765700/children | total=4
2026-07-05 15:17:44 | INFO | Randomly selected 4/4 children for taxon 4765700
2026-07-05 15:17:44 | INFO | Taxon key 4765700 has 4 children
2026-07-05 15:17:44 | INFO | Fetching: https://api.gbif.org/v1/species/4717950/children | params={}
2026-07-05 15:17:44 | INFO | Finished: https://api.gbif.org/v1/species/4717950/children | total=1
2026-07-05 15:17:44 | INFO | Fetching: https://api.gbif.org/v1/species/4717950/children | params={}
2026-07-05 15:17:44 | INFO | Finished: https://api.gbif.org/v1/species/4717950/children | total=1
2026-07-05 15:17:44 | INFO | Randomly selected 1/1 children for taxon 4717950
2026-07-05 15:17:44 | INFO | Taxon key 4717950 has 1 children
2026-07-05 15:17:44 | INFO | Fetching: https://api.gbif.org/v1/species/1033499/children | params={}
2026-07-05 15:17:45 | INFO | Finished: https://api.gbif.org/v1/species/1033499/children | total=39
2026-07-05 15:17:45 | INFO | Fetching: https://api.gbif.org/v1/species/1033499/children | params={}
2026-07-05 15:17:45 | INFO | Finished: https://api.gbif.org/v1/species/1033499/children | total=39
2026-07-05 15:17:45 | INFO | Randomly selected 39/39 children for taxon 1033499
2026-07-05 15:17:45 | INFO | Taxon key 1033499 has 39 children
2026-07-05 15:17:45 | INFO | Fetching: https://api.gbif.org/v1/species/9089369/children | params={}
2026-07-05 15:17:45 | INFO | Finished: https://api.gbif.org/v1/species/9089369/children | total=1
2026-07-05 15:17:45 | INFO | Fetching: https://api.gbif.org/v1/species/9089369/children | params={}
2026-07-05 15:17:46 | INFO | Finished: https://api.gbif.org/v1/species/9089369/children | total=1
2026-07-05 15:17:46 | INFO | Randomly selected 1/1 children for taxon 9089369
2026-07-05 15:17:46 | INFO | Taxon key 9089369 has 1 children
2026-07-05 15:17:46 | INFO | Fetching: https://api.gbif.org/v1/species/6967373/children | params={}
2026-07-05 15:17:46 | INFO | Finished: https://api.gbif.org/v1/species/6967373/children | total=1
2026-07-05 15:17:46 | INFO | Fetching: https://api.gbif.org/v1/species/6967373/children | params={}
2026-07-05 15:17:46 | INFO | Finished: https://api.gbif.org/v1/species/6967373/children | total=1
2026-07-05 15:17:46 | INFO | Randomly selected 1/1 children for taxon 6967373
2026-07-05 15:17:46 | INFO | Taxon key 6967373 has 1 children
2026-07-05 15:17:46 | INFO | Fetching: https://api.gbif.org/v1/species/6967380/children | params={}
2026-07-05 15:17:46 | INFO | Finished: https://api.gbif.org/v1/species/6967380/children | total=1
2026-07-05 15:17:46 | INFO | Fetching: https://api.gbif.org/v1/species/6967380/children | params={}
2026-07-05 15:17:46 | INFO | Finished: https://api.gbif.org/v1/species/6967380/children | total=1
2026-07-05 15:17:46 | INFO | Randomly selected 1/1 children for taxon 6967380
2026-07-05 15:17:46 | INFO | Taxon key 6967380 has 1 children
2026-07-05 15:17:46 | INFO | Fetching: https://api.gbif.org/v1/species/7393284/children | params={}
2026-07-05 15:17:47 | INFO | Finished: https://api.gbif.org/v1/species/7393284/children | total=3
2026-07-05 15:17:47 | INFO | Fetching: https://api.gbif.org/v1/species/7393284/children | params={}
2026-07-05 15:17:47 | INFO | Finished: https://api.gbif.org/v1/species/7393284/children | total=3
2026-07-05 15:17:47 | INFO | Randomly selected 3/3 children for taxon 7393284
2026-07-05 15:17:47 | INFO | Taxon key 7393284 has 3 children
2026-07-05 15:17:47 | INFO | Fetching: https://api.gbif.org/v1/species/6967381/children | params={}
2026-07-05 15:17:47 | INFO | Finished: https://api.gbif.org/v1/species/6967381/children | total=1
2026-07-05 15:17:47 | INFO | Fetching: https://api.gbif.org/v1/species/6967381/children | params={}
2026-07-05 15:17:47 | INFO | Finished: https://api.gbif.org/v1/species/6967381/children | total=1
2026-07-05 15:17:47 | INFO | Randomly selected 1/1 children for taxon 6967381
2026-07-05 15:17:47 | INFO | Taxon key 6967381 has 1 children
2026-07-05 15:17:47 | INFO | Fetching: https://api.gbif.org/v1/species/6967367/children | params={}
2026-07-05 15:17:47 | INFO | Finished: https://api.gbif.org/v1/species/6967367/children | total=1
2026-07-05 15:17:47 | INFO | Fetching: https://api.gbif.org/v1/species/6967367/children | params={}
2026-07-05 15:17:47 | INFO | Finished: https://api.gbif.org/v1/species/6967367/children | total=1
2026-07-05 15:17:47 | INFO | Randomly selected 1/1 children for taxon 6967367
2026-07-05 15:17:47 | INFO | Taxon key 6967367 has 1 children
2026-07-05 15:17:47 | INFO | Fetching: https://api.gbif.org/v1/species/6967376/children | params={}
2026-07-05 15:17:48 | INFO | Finished: https://api.gbif.org/v1/species/6967376/children | total=1
2026-07-05 15:17:48 | INFO | Fetching: https://api.gbif.org/v1/species/6967376/children | params={}
2026-07-05 15:17:48 | INFO | Finished: https://api.gbif.org/v1/species/6967376/children | total=1
2026-07-05 15:17:48 | INFO | Randomly selected 1/1 children for taxon 6967376
2026-07-05 15:17:48 | INFO | Taxon key 6967376 has 1 children
2026-07-05 15:17:48 | INFO | Fetching: https://api.gbif.org/v1/species/10710699/children | params={}
2026-07-05 15:17:48 | INFO | Finished: https://api.gbif.org/v1/species/10710699/children | total=1
2026-07-05 15:17:48 | INFO | Fetching: https://api.gbif.org/v1/species/10710699/children | params={}
2026-07-05 15:17:48 | INFO | Finished: https://api.gbif.org/v1/species/10710699/children | total=1
2026-07-05 15:17:48 | INFO | Randomly selected 1/1 children for taxon 10710699
2026-07-05 15:17:48 | INFO | Taxon key 10710699 has 1 children
2026-07-05 15:17:48 | INFO | Fetching: https://api.gbif.org/v1/species/10725206/children | params={}
2026-07-05 15:17:49 | INFO | Finished: https://api.gbif.org/v1/species/10725206/children | total=1
2026-07-05 15:17:49 | INFO | Fetching: https://api.gbif.org/v1/species/10725206/children | params={}
2026-07-05 15:17:49 | INFO | Finished: https://api.gbif.org/v1/species/10725206/children | total=1
2026-07-05 15:17:49 | INFO | Randomly selected 1/1 children for taxon 10725206
2026-07-05 15:17:49 | INFO | Taxon key 10725206 has 1 children
2026-07-05 15:17:49 | INFO | Fetching: https://api.gbif.org/v1/species/6967374/children | params={}
2026-07-05 15:17:49 | INFO | Finished: https://api.gbif.org/v1/species/6967374/children | total=2
2026-07-05 15:17:49 | INFO | Fetching: https://api.gbif.org/v1/species/6967374/children | params={}
2026-07-05 15:17:49 | INFO | Finished: https://api.gbif.org/v1/species/6967374/children | total=2
2026-07-05 15:17:49 | INFO | Randomly selected 2/2 children for taxon 6967374
2026-07-05 15:17:49 | INFO | Taxon key 6967374 has 2 children
2026-07-05 15:17:49 | INFO | Fetching: https://api.gbif.org/v1/species/1033650/children | params={}
2026-07-05 15:17:49 | INFO | Finished: https://api.gbif.org/v1/species/1033650/children | total=1
2026-07-05 15:17:49 | INFO | Fetching: https://api.gbif.org/v1/species/1033650/children | params={}
2026-07-05 15:17:50 | INFO | Finished: https://api.gbif.org/v1/species/1033650/children | total=1
2026-07-05 15:17:50 | INFO | Randomly selected 1/1 children for taxon 1033650
2026-07-05 15:17:50 | INFO | Taxon key 1033650 has 1 children
2026-07-05 15:17:50 | INFO | Fetching: https://api.gbif.org/v1/species/10237674/children | params={}
2026-07-05 15:17:50 | INFO | Finished: https://api.gbif.org/v1/species/10237674/children | total=2
2026-07-05 15:17:50 | INFO | Fetching: https://api.gbif.org/v1/species/10237674/children | params={}
2026-07-05 15:17:50 | INFO | Finished: https://api.gbif.org/v1/species/10237674/children | total=2
2026-07-05 15:17:50 | INFO | Randomly selected 2/2 children for taxon 10237674
2026-07-05 15:17:50 | INFO | Taxon key 10237674 has 2 children
2026-07-05 15:17:50 | INFO | Fetching: https://api.gbif.org/v1/species/4763063/children | params={}
2026-07-05 15:17:50 | INFO | Finished: https://api.gbif.org/v1/species/4763063/children | total=1
2026-07-05 15:17:50 | INFO | Fetching: https://api.gbif.org/v1/species/4763063/children | params={}
2026-07-05 15:17:50 | INFO | Finished: https://api.gbif.org/v1/species/4763063/children | total=1
2026-07-05 15:17:50 | INFO | Randomly selected 1/1 children for taxon 4763063
2026-07-05 15:17:50 | INFO | Taxon key 4763063 has 1 children
2026-07-05 15:17:50 | INFO | Fetching: https://api.gbif.org/v1/species/6982/children | params={}
2026-07-05 15:17:51 | INFO | Finished: https://api.gbif.org/v1/species/6982/children | total=23
2026-07-05 15:17:51 | INFO | Fetching: https://api.gbif.org/v1/species/6982/children | params={}
2026-07-05 15:17:51 | INFO | Finished: https://api.gbif.org/v1/species/6982/children | total=23
2026-07-05 15:17:51 | INFO | Randomly selected 23/23 children for taxon 6982
2026-07-05 15:17:51 | INFO | Taxon key 6982 has 23 children
2026-07-05 15:17:51 | INFO | Fetching: https://api.gbif.org/v1/species/1161995/children | params={}
2026-07-05 15:17:51 | INFO | Finished: https://api.gbif.org/v1/species/1161995/children | total=3
2026-07-05 15:17:51 | INFO | Fetching: https://api.gbif.org/v1/species/1161995/children | params={}
2026-07-05 15:17:51 | INFO | Finished: https://api.gbif.org/v1/species/1161995/children | total=3
2026-07-05 15:17:51 | INFO | Randomly selected 3/3 children for taxon 1161995
2026-07-05 15:17:51 | INFO | Taxon key 1161995 has 3 children
2026-07-05 15:17:51 | INFO | Fetching: https://api.gbif.org/v1/species/4717721/children | params={}
2026-07-05 15:17:51 | INFO | Finished: https://api.gbif.org/v1/species/4717721/children | total=1
2026-07-05 15:17:51 | INFO | Fetching: https://api.gbif.org/v1/species/4717721/children | params={}
2026-07-05 15:17:52 | INFO | Finished: https://api.gbif.org/v1/species/4717721/children | total=1
2026-07-05 15:17:52 | INFO | Randomly selected 1/1 children for taxon 4717721
2026-07-05 15:17:52 | INFO | Taxon key 4717721 has 1 children
2026-07-05 15:17:52 | INFO | Fetching: https://api.gbif.org/v1/species/4725988/children | params={}
2026-07-05 15:17:52 | INFO | Finished: https://api.gbif.org/v1/species/4725988/children | total=1
2026-07-05 15:17:52 | INFO | Fetching: https://api.gbif.org/v1/species/4725988/children | params={}
2026-07-05 15:17:52 | INFO | Finished: https://api.gbif.org/v1/species/4725988/children | total=1
2026-07-05 15:17:52 | INFO | Randomly selected 1/1 children for taxon 4725988
2026-07-05 15:17:52 | INFO | Taxon key 4725988 has 1 children
2026-07-05 15:17:52 | INFO | Fetching: https://api.gbif.org/v1/species/1161984/children | params={}
2026-07-05 15:17:52 | INFO | Finished: https://api.gbif.org/v1/species/1161984/children | total=11
2026-07-05 15:17:52 | INFO | Fetching: https://api.gbif.org/v1/species/1161984/children | params={}
2026-07-05 15:17:52 | INFO | Finished: https://api.gbif.org/v1/species/1161984/children | total=11
2026-07-05 15:17:52 | INFO | Randomly selected 11/11 children for taxon 1161984
2026-07-05 15:17:52 | INFO | Taxon key 1161984 has 11 children
2026-07-05 15:17:52 | INFO | Fetching: https://api.gbif.org/v1/species/1161989/children | params={}
2026-07-05 15:17:53 | INFO | Finished: https://api.gbif.org/v1/species/1161989/children | total=1
2026-07-05 15:17:53 | INFO | Fetching: https://api.gbif.org/v1/species/1161989/children | params={}
2026-07-05 15:17:53 | INFO | Finished: https://api.gbif.org/v1/species/1161989/children | total=1
2026-07-05 15:17:53 | INFO | Randomly selected 1/1 children for taxon 1161989
2026-07-05 15:17:53 | INFO | Taxon key 1161989 has 1 children
2026-07-05 15:17:53 | INFO | Fetching: https://api.gbif.org/v1/species/1161985/children | params={}
2026-07-05 15:17:53 | INFO | Finished: https://api.gbif.org/v1/species/1161985/children | total=1
2026-07-05 15:17:53 | INFO | Fetching: https://api.gbif.org/v1/species/1161985/children | params={}
2026-07-05 15:17:53 | INFO | Finished: https://api.gbif.org/v1/species/1161985/children | total=1
2026-07-05 15:17:53 | INFO | Randomly selected 1/1 children for taxon 1161985
2026-07-05 15:17:53 | INFO | Taxon key 1161985 has 1 children
2026-07-05 15:17:53 | INFO | Fetching: https://api.gbif.org/v1/species/4428322/children | params={}
2026-07-05 15:17:53 | INFO | Finished: https://api.gbif.org/v1/species/4428322/children | total=1
2026-07-05 15:17:53 | INFO | Fetching: https://api.gbif.org/v1/species/4428322/children | params={}
2026-07-05 15:17:54 | INFO | Finished: https://api.gbif.org/v1/species/4428322/children | total=1
2026-07-05 15:17:54 | INFO | Randomly selected 1/1 children for taxon 4428322
2026-07-05 15:17:54 | INFO | Taxon key 4428322 has 1 children
2026-07-05 15:17:54 | INFO | Fetching: https://api.gbif.org/v1/species/1161987/children | params={}
2026-07-05 15:17:54 | INFO | Finished: https://api.gbif.org/v1/species/1161987/children | total=1
2026-07-05 15:17:54 | INFO | Fetching: https://api.gbif.org/v1/species/1161987/children | params={}
2026-07-05 15:17:54 | INFO | Finished: https://api.gbif.org/v1/species/1161987/children | total=1
2026-07-05 15:17:54 | INFO | Randomly selected 1/1 children for taxon 1161987
2026-07-05 15:17:54 | INFO | Taxon key 1161987 has 1 children
2026-07-05 15:17:54 | INFO | Fetching: https://api.gbif.org/v1/species/4717723/children | params={}
2026-07-05 15:17:54 | INFO | Finished: https://api.gbif.org/v1/species/4717723/children | total=2
2026-07-05 15:17:54 | INFO | Fetching: https://api.gbif.org/v1/species/4717723/children | params={}
2026-07-05 15:17:55 | INFO | Finished: https://api.gbif.org/v1/species/4717723/children | total=2
2026-07-05 15:17:55 | INFO | Randomly selected 2/2 children for taxon 4717723
2026-07-05 15:17:55 | INFO | Taxon key 4717723 has 2 children
2026-07-05 15:17:55 | INFO | Fetching: https://api.gbif.org/v1/species/4718670/children | params={}
2026-07-05 15:17:55 | INFO | Finished: https://api.gbif.org/v1/species/4718670/children | total=6
2026-07-05 15:17:55 | INFO | Fetching: https://api.gbif.org/v1/species/4718670/children | params={}
2026-07-05 15:17:55 | INFO | Finished: https://api.gbif.org/v1/species/4718670/children | total=6
2026-07-05 15:17:55 | INFO | Randomly selected 6/6 children for taxon 4718670
2026-07-05 15:17:55 | INFO | Taxon key 4718670 has 6 children
2026-07-05 15:17:55 | INFO | Fetching: https://api.gbif.org/v1/species/1161978/children | params={}
2026-07-05 15:17:55 | INFO | Finished: https://api.gbif.org/v1/species/1161978/children | total=1
2026-07-05 15:17:55 | INFO | Fetching: https://api.gbif.org/v1/species/1161978/children | params={}
2026-07-05 15:17:55 | INFO | Finished: https://api.gbif.org/v1/species/1161978/children | total=1
2026-07-05 15:17:55 | INFO | Randomly selected 1/1 children for taxon 1161978
2026-07-05 15:17:55 | INFO | Taxon key 1161978 has 1 children
2026-07-05 15:17:55 | INFO | Fetching: https://api.gbif.org/v1/species/8700180/children | params={}
2026-07-05 15:17:56 | INFO | Finished: https://api.gbif.org/v1/species/8700180/children | total=2
2026-07-05 15:17:56 | INFO | Fetching: https://api.gbif.org/v1/species/8700180/children | params={}
2026-07-05 15:17:56 | INFO | Finished: https://api.gbif.org/v1/species/8700180/children | total=2
2026-07-05 15:17:56 | INFO | Randomly selected 2/2 children for taxon 8700180
2026-07-05 15:17:56 | INFO | Taxon key 8700180 has 2 children
2026-07-05 15:17:56 | INFO | Fetching: https://api.gbif.org/v1/species/1161980/children | params={}
2026-07-05 15:17:56 | INFO | Finished: https://api.gbif.org/v1/species/1161980/children | total=3
2026-07-05 15:17:56 | INFO | Fetching: https://api.gbif.org/v1/species/1161980/children | params={}
2026-07-05 15:17:56 | INFO | Finished: https://api.gbif.org/v1/species/1161980/children | total=3
2026-07-05 15:17:56 | INFO | Randomly selected 3/3 children for taxon 1161980
2026-07-05 15:17:56 | INFO | Taxon key 1161980 has 3 children
2026-07-05 15:17:56 | INFO | Fetching: https://api.gbif.org/v1/species/1161974/children | params={}
2026-07-05 15:17:56 | INFO | Finished: https://api.gbif.org/v1/species/1161974/children | total=19
2026-07-05 15:17:56 | INFO | Fetching: https://api.gbif.org/v1/species/1161974/children | params={}
2026-07-05 15:17:57 | INFO | Finished: https://api.gbif.org/v1/species/1161974/children | total=19
2026-07-05 15:17:57 | INFO | Randomly selected 19/19 children for taxon 1161974
2026-07-05 15:17:57 | INFO | Taxon key 1161974 has 19 children
2026-07-05 15:17:57 | INFO | Fetching: https://api.gbif.org/v1/species/5007552/children | params={}
2026-07-05 15:17:57 | INFO | Finished: https://api.gbif.org/v1/species/5007552/children | total=1
2026-07-05 15:17:57 | INFO | Fetching: https://api.gbif.org/v1/species/5007552/children | params={}
2026-07-05 15:17:57 | INFO | Finished: https://api.gbif.org/v1/species/5007552/children | total=1
2026-07-05 15:17:57 | INFO | Randomly selected 1/1 children for taxon 5007552
2026-07-05 15:17:57 | INFO | Taxon key 5007552 has 1 children
2026-07-05 15:17:57 | INFO | Fetching: https://api.gbif.org/v1/species/5743739/children | params={}
2026-07-05 15:17:57 | INFO | Finished: https://api.gbif.org/v1/species/5743739/children | total=2
2026-07-05 15:17:57 | INFO | Fetching: https://api.gbif.org/v1/species/5743739/children | params={}
2026-07-05 15:17:58 | INFO | Finished: https://api.gbif.org/v1/species/5743739/children | total=2
2026-07-05 15:17:58 | INFO | Randomly selected 2/2 children for taxon 5743739
2026-07-05 15:17:58 | INFO | Taxon key 5743739 has 2 children
2026-07-05 15:17:58 | INFO | Fetching: https://api.gbif.org/v1/species/4428325/children | params={}
2026-07-05 15:17:58 | INFO | Finished: https://api.gbif.org/v1/species/4428325/children | total=1
2026-07-05 15:17:58 | INFO | Fetching: https://api.gbif.org/v1/species/4428325/children | params={}
2026-07-05 15:17:58 | INFO | Finished: https://api.gbif.org/v1/species/4428325/children | total=1
2026-07-05 15:17:58 | INFO | Randomly selected 1/1 children for taxon 4428325
2026-07-05 15:17:58 | INFO | Taxon key 4428325 has 1 children
2026-07-05 15:17:58 | INFO | Fetching: https://api.gbif.org/v1/species/4428326/children | params={}
2026-07-05 15:17:58 | INFO | Finished: https://api.gbif.org/v1/species/4428326/children | total=1
2026-07-05 15:17:58 | INFO | Fetching: https://api.gbif.org/v1/species/4428326/children | params={}
2026-07-05 15:17:58 | INFO | Finished: https://api.gbif.org/v1/species/4428326/children | total=1
2026-07-05 15:17:58 | INFO | Randomly selected 1/1 children for taxon 4428326
2026-07-05 15:17:58 | INFO | Taxon key 4428326 has 1 children
2026-07-05 15:17:58 | INFO | Fetching: https://api.gbif.org/v1/species/11210911/children | params={}
2026-07-05 15:17:59 | INFO | Finished: https://api.gbif.org/v1/species/11210911/children | total=1
2026-07-05 15:17:59 | INFO | Fetching: https://api.gbif.org/v1/species/11210911/children | params={}
2026-07-05 15:17:59 | INFO | Finished: https://api.gbif.org/v1/species/11210911/children | total=1
2026-07-05 15:17:59 | INFO | Randomly selected 1/1 children for taxon 11210911
2026-07-05 15:17:59 | INFO | Taxon key 11210911 has 1 children
2026-07-05 15:17:59 | INFO | Fetching: https://api.gbif.org/v1/species/4449490/children | params={}
2026-07-05 15:17:59 | INFO | Finished: https://api.gbif.org/v1/species/4449490/children | total=1
2026-07-05 15:17:59 | INFO | Fetching: https://api.gbif.org/v1/species/4449490/children | params={}
2026-07-05 15:17:59 | INFO | Finished: https://api.gbif.org/v1/species/4449490/children | total=1
2026-07-05 15:17:59 | INFO | Randomly selected 1/1 children for taxon 4449490
2026-07-05 15:17:59 | INFO | Taxon key 4449490 has 1 children
2026-07-05 15:17:59 | INFO | Fetching: https://api.gbif.org/v1/species/4406172/children | params={}
2026-07-05 15:17:59 | INFO | Finished: https://api.gbif.org/v1/species/4406172/children | total=2
2026-07-05 15:17:59 | INFO | Fetching: https://api.gbif.org/v1/species/4406172/children | params={}
2026-07-05 15:18:00 | INFO | Finished: https://api.gbif.org/v1/species/4406172/children | total=2
2026-07-05 15:18:00 | INFO | Randomly selected 2/2 children for taxon 4406172
2026-07-05 15:18:00 | INFO | Taxon key 4406172 has 2 children
2026-07-05 15:18:00 | INFO | Fetching: https://api.gbif.org/v1/species/4744218/children | params={}
2026-07-05 15:18:00 | INFO | Finished: https://api.gbif.org/v1/species/4744218/children | total=1
2026-07-05 15:18:00 | INFO | Fetching: https://api.gbif.org/v1/species/4744218/children | params={}
2026-07-05 15:18:00 | INFO | Finished: https://api.gbif.org/v1/species/4744218/children | total=1
2026-07-05 15:18:00 | INFO | Randomly selected 1/1 children for taxon 4744218
2026-07-05 15:18:00 | INFO | Taxon key 4744218 has 1 children
2026-07-05 15:18:00 | INFO | Fetching: https://api.gbif.org/v1/species/10509967/children | params={}
2026-07-05 15:18:00 | INFO | Finished: https://api.gbif.org/v1/species/10509967/children | total=1
2026-07-05 15:18:00 | INFO | Fetching: https://api.gbif.org/v1/species/10509967/children | params={}
2026-07-05 15:18:00 | INFO | Finished: https://api.gbif.org/v1/species/10509967/children | total=1
2026-07-05 15:18:00 | INFO | Randomly selected 1/1 children for taxon 10509967
2026-07-05 15:18:00 | INFO | Taxon key 10509967 has 1 children
2026-07-05 15:18:00 | INFO | Total descendant taxa found: 8638
2026-07-05 15:18:00 | INFO | Fetching: https://api.gbif.org/v1/species/8579868/synonyms | params={}
2026-07-05 15:18:01 | INFO | Finished: https://api.gbif.org/v1/species/8579868/synonyms | total=0
2026-07-05 15:18:01 | INFO | Fetching: https://api.gbif.org/v1/species/5737404/synonyms | params={}
2026-07-05 15:18:01 | INFO | Finished: https://api.gbif.org/v1/species/5737404/synonyms | total=0
2026-07-05 15:18:01 | INFO | Fetching: https://api.gbif.org/v1/species/6067030/synonyms | params={}
2026-07-05 15:18:01 | INFO | Finished: https://api.gbif.org/v1/species/6067030/synonyms | total=0
2026-07-05 15:18:01 | INFO | Fetching: https://api.gbif.org/v1/species/6067031/synonyms | params={}
2026-07-05 15:18:01 | INFO | Finished: https://api.gbif.org/v1/species/6067031/synonyms | total=0
2026-07-05 15:18:01 | INFO | Fetching: https://api.gbif.org/v1/species/8764022/synonyms | params={}
2026-07-05 15:18:02 | INFO | Finished: https://api.gbif.org/v1/species/8764022/synonyms | total=0
2026-07-05 15:18:02 | INFO | Fetching: https://api.gbif.org/v1/species/4429637/synonyms | params={}
2026-07-05 15:18:02 | INFO | Finished: https://api.gbif.org/v1/species/4429637/synonyms | total=0
2026-07-05 15:18:02 | INFO | Fetching: https://api.gbif.org/v1/species/4429625/synonyms | params={}
2026-07-05 15:18:02 | INFO | Finished: https://api.gbif.org/v1/species/4429625/synonyms | total=9
2026-07-05 15:18:02 | INFO | Fetching: https://api.gbif.org/v1/species/4429610/synonyms | params={}
2026-07-05 15:18:02 | INFO | Finished: https://api.gbif.org/v1/species/4429610/synonyms | total=13
2026-07-05 15:18:02 | INFO | Fetching: https://api.gbif.org/v1/species/4429636/synonyms | params={}
2026-07-05 15:18:03 | INFO | Finished: https://api.gbif.org/v1/species/4429636/synonyms | total=0
2026-07-05 15:18:03 | INFO | Fetching: https://api.gbif.org/v1/species/4429624/synonyms | params={}
2026-07-05 15:18:03 | INFO | Finished: https://api.gbif.org/v1/species/4429624/synonyms | total=0
2026-07-05 15:18:03 | INFO | Fetching: https://api.gbif.org/v1/species/4429606/synonyms | params={}
2026-07-05 15:18:03 | INFO | Finished: https://api.gbif.org/v1/species/4429606/synonyms | total=3
2026-07-05 15:18:03 | INFO | Fetching: https://api.gbif.org/v1/species/6960059/synonyms | params={}
2026-07-05 15:18:03 | INFO | Finished: https://api.gbif.org/v1/species/6960059/synonyms | total=0
2026-07-05 15:18:03 | INFO | Fetching: https://api.gbif.org/v1/species/4429633/synonyms | params={}
2026-07-05 15:18:04 | INFO | Finished: https://api.gbif.org/v1/species/4429633/synonyms | total=2
2026-07-05 15:18:04 | INFO | Fetching: https://api.gbif.org/v1/species/9153608/synonyms | params={}
2026-07-05 15:18:04 | INFO | Finished: https://api.gbif.org/v1/species/9153608/synonyms | total=0
2026-07-05 15:18:04 | INFO | Fetching: https://api.gbif.org/v1/species/8564198/synonyms | params={}
2026-07-05 15:18:04 | INFO | Finished: https://api.gbif.org/v1/species/8564198/synonyms | total=0
2026-07-05 15:18:04 | INFO | Fetching: https://api.gbif.org/v1/species/8634480/synonyms | params={}
2026-07-05 15:18:04 | INFO | Finished: https://api.gbif.org/v1/species/8634480/synonyms | total=0
2026-07-05 15:18:04 | INFO | Fetching: https://api.gbif.org/v1/species/8698233/synonyms | params={}
2026-07-05 15:18:05 | INFO | Finished: https://api.gbif.org/v1/species/8698233/synonyms | total=0
2026-07-05 15:18:05 | INFO | Fetching: https://api.gbif.org/v1/species/8487443/synonyms | params={}
2026-07-05 15:18:05 | INFO | Finished: https://api.gbif.org/v1/species/8487443/synonyms | total=0
2026-07-05 15:18:05 | INFO | Fetching: https://api.gbif.org/v1/species/8535374/synonyms | params={}
2026-07-05 15:18:05 | INFO | Finished: https://api.gbif.org/v1/species/8535374/synonyms | total=0
2026-07-05 15:18:05 | INFO | Fetching: https://api.gbif.org/v1/species/6067151/synonyms | params={}
2026-07-05 15:18:05 | INFO | Finished: https://api.gbif.org/v1/species/6067151/synonyms | total=0
2026-07-05 15:18:05 | INFO | Fetching: https://api.gbif.org/v1/species/5737429/synonyms | params={}
2026-07-05 15:18:06 | INFO | Finished: https://api.gbif.org/v1/species/5737429/synonyms | total=0
2026-07-05 15:18:06 | INFO | Fetching: https://api.gbif.org/v1/species/5737435/synonyms | params={}
2026-07-05 15:18:06 | INFO | Finished: https://api.gbif.org/v1/species/5737435/synonyms | total=0
2026-07-05 15:18:06 | INFO | Fetching: https://api.gbif.org/v1/species/6067149/synonyms | params={}
2026-07-05 15:18:06 | INFO | Finished: https://api.gbif.org/v1/species/6067149/synonyms | total=0
2026-07-05 15:18:06 | INFO | Fetching: https://api.gbif.org/v1/species/5737424/synonyms | params={}
2026-07-05 15:18:06 | INFO | Finished: https://api.gbif.org/v1/species/5737424/synonyms | total=0
2026-07-05 15:18:06 | INFO | Fetching: https://api.gbif.org/v1/species/6067148/synonyms | params={}
2026-07-05 15:18:07 | INFO | Finished: https://api.gbif.org/v1/species/6067148/synonyms | total=1
2026-07-05 15:18:07 | INFO | Fetching: https://api.gbif.org/v1/species/5737430/synonyms | params={}
2026-07-05 15:18:07 | INFO | Finished: https://api.gbif.org/v1/species/5737430/synonyms | total=0
2026-07-05 15:18:07 | INFO | Fetching: https://api.gbif.org/v1/species/5737420/synonyms | params={}
2026-07-05 15:18:07 | INFO | Finished: https://api.gbif.org/v1/species/5737420/synonyms | total=0
2026-07-05 15:18:07 | INFO | Fetching: https://api.gbif.org/v1/species/5737425/synonyms | params={}
2026-07-05 15:18:07 | INFO | Finished: https://api.gbif.org/v1/species/5737425/synonyms | total=0
2026-07-05 15:18:07 | INFO | Fetching: https://api.gbif.org/v1/species/5737431/synonyms | params={}
2026-07-05 15:18:08 | INFO | Finished: https://api.gbif.org/v1/species/5737431/synonyms | total=0
2026-07-05 15:18:08 | INFO | Fetching: https://api.gbif.org/v1/species/5737421/synonyms | params={}
2026-07-05 15:18:08 | INFO | Finished: https://api.gbif.org/v1/species/5737421/synonyms | total=0
2026-07-05 15:18:08 | INFO | Fetching: https://api.gbif.org/v1/species/6067150/synonyms | params={}
2026-07-05 15:18:08 | INFO | Finished: https://api.gbif.org/v1/species/6067150/synonyms | total=0
2026-07-05 15:18:08 | INFO | Fetching: https://api.gbif.org/v1/species/5737426/synonyms | params={}
2026-07-05 15:18:08 | INFO | Finished: https://api.gbif.org/v1/species/5737426/synonyms | total=0
2026-07-05 15:18:08 | INFO | Fetching: https://api.gbif.org/v1/species/5737432/synonyms | params={}
2026-07-05 15:18:09 | INFO | Finished: https://api.gbif.org/v1/species/5737432/synonyms | total=0
2026-07-05 15:18:09 | INFO | Fetching: https://api.gbif.org/v1/species/5737422/synonyms | params={}
2026-07-05 15:18:09 | INFO | Finished: https://api.gbif.org/v1/species/5737422/synonyms | total=0
2026-07-05 15:18:09 | INFO | Fetching: https://api.gbif.org/v1/species/5737427/synonyms | params={}
2026-07-05 15:18:09 | INFO | Finished: https://api.gbif.org/v1/species/5737427/synonyms | total=0
2026-07-05 15:18:09 | INFO | Fetching: https://api.gbif.org/v1/species/5737433/synonyms | params={}
2026-07-05 15:18:09 | INFO | Finished: https://api.gbif.org/v1/species/5737433/synonyms | total=0
2026-07-05 15:18:09 | INFO | Fetching: https://api.gbif.org/v1/species/5737423/synonyms | params={}
2026-07-05 15:18:10 | INFO | Finished: https://api.gbif.org/v1/species/5737423/synonyms | total=0
2026-07-05 15:18:10 | INFO | Fetching: https://api.gbif.org/v1/species/5737428/synonyms | params={}
2026-07-05 15:18:10 | INFO | Finished: https://api.gbif.org/v1/species/5737428/synonyms | total=0
2026-07-05 15:18:10 | INFO | Fetching: https://api.gbif.org/v1/species/5737434/synonyms | params={}
2026-07-05 15:18:10 | INFO | Finished: https://api.gbif.org/v1/species/5737434/synonyms | total=0
2026-07-05 15:18:10 | INFO | Fetching: https://api.gbif.org/v1/species/11183526/synonyms | params={}
2026-07-05 15:18:10 | INFO | Finished: https://api.gbif.org/v1/species/11183526/synonyms | total=0
2026-07-05 15:18:10 | INFO | Fetching: https://api.gbif.org/v1/species/6961090/synonyms | params={}
2026-07-05 15:18:11 | INFO | Finished: https://api.gbif.org/v1/species/6961090/synonyms | total=0
2026-07-05 15:18:11 | INFO | Fetching: https://api.gbif.org/v1/species/6961106/synonyms | params={}
2026-07-05 15:18:11 | INFO | Finished: https://api.gbif.org/v1/species/6961106/synonyms | total=0
2026-07-05 15:18:11 | INFO | Fetching: https://api.gbif.org/v1/species/12236043/synonyms | params={}
2026-07-05 15:18:11 | INFO | Finished: https://api.gbif.org/v1/species/12236043/synonyms | total=0
2026-07-05 15:18:11 | INFO | Fetching: https://api.gbif.org/v1/species/6961109/synonyms | params={}
2026-07-05 15:18:12 | INFO | Finished: https://api.gbif.org/v1/species/6961109/synonyms | total=0
2026-07-05 15:18:12 | INFO | Fetching: https://api.gbif.org/v1/species/12252350/synonyms | params={}
2026-07-05 15:18:12 | INFO | Finished: https://api.gbif.org/v1/species/12252350/synonyms | total=0
2026-07-05 15:18:12 | INFO | Fetching: https://api.gbif.org/v1/species/6961100/synonyms | params={}
2026-07-05 15:18:12 | INFO | Finished: https://api.gbif.org/v1/species/6961100/synonyms | total=0
2026-07-05 15:18:12 | INFO | Fetching: https://api.gbif.org/v1/species/12253263/synonyms | params={}
2026-07-05 15:18:12 | INFO | Finished: https://api.gbif.org/v1/species/12253263/synonyms | total=0
2026-07-05 15:18:12 | INFO | Fetching: https://api.gbif.org/v1/species/6961103/synonyms | params={}
2026-07-05 15:18:13 | INFO | Finished: https://api.gbif.org/v1/species/6961103/synonyms | total=0
2026-07-05 15:18:13 | INFO | Fetching: https://api.gbif.org/v1/species/6961092/synonyms | params={}
2026-07-05 15:18:13 | INFO | Finished: https://api.gbif.org/v1/species/6961092/synonyms | total=0
2026-07-05 15:18:13 | INFO | Fetching: https://api.gbif.org/v1/species/6961094/synonyms | params={}
2026-07-05 15:18:13 | INFO | Finished: https://api.gbif.org/v1/species/6961094/synonyms | total=0
2026-07-05 15:18:13 | INFO | Fetching: https://api.gbif.org/v1/species/6961110/synonyms | params={}
2026-07-05 15:18:13 | INFO | Finished: https://api.gbif.org/v1/species/6961110/synonyms | total=0
2026-07-05 15:18:13 | INFO | Fetching: https://api.gbif.org/v1/species/12178880/synonyms | params={}
2026-07-05 15:18:14 | INFO | Finished: https://api.gbif.org/v1/species/12178880/synonyms | total=0
2026-07-05 15:18:14 | INFO | Fetching: https://api.gbif.org/v1/species/6961113/synonyms | params={}
2026-07-05 15:18:14 | INFO | Finished: https://api.gbif.org/v1/species/6961113/synonyms | total=0
2026-07-05 15:18:14 | INFO | Fetching: https://api.gbif.org/v1/species/12264065/synonyms | params={}
2026-07-05 15:18:14 | INFO | Finished: https://api.gbif.org/v1/species/12264065/synonyms | total=0
2026-07-05 15:18:14 | INFO | Fetching: https://api.gbif.org/v1/species/6961101/synonyms | params={}
2026-07-05 15:18:14 | INFO | Finished: https://api.gbif.org/v1/species/6961101/synonyms | total=0
2026-07-05 15:18:14 | INFO | Fetching: https://api.gbif.org/v1/species/6961102/synonyms | params={}
2026-07-05 15:18:15 | INFO | Finished: https://api.gbif.org/v1/species/6961102/synonyms | total=0
2026-07-05 15:18:15 | INFO | Fetching: https://api.gbif.org/v1/species/6961104/synonyms | params={}
2026-07-05 15:18:15 | INFO | Finished: https://api.gbif.org/v1/species/6961104/synonyms | total=0
2026-07-05 15:18:15 | INFO | Fetching: https://api.gbif.org/v1/species/6961089/synonyms | params={}
2026-07-05 15:18:15 | INFO | Finished: https://api.gbif.org/v1/species/6961089/synonyms | total=0
2026-07-05 15:18:15 | INFO | Fetching: https://api.gbif.org/v1/species/12190599/synonyms | params={}
2026-07-05 15:18:15 | INFO | Finished: https://api.gbif.org/v1/species/12190599/synonyms | total=0
2026-07-05 15:18:15 | INFO | Fetching: https://api.gbif.org/v1/species/6961096/synonyms | params={}
2026-07-05 15:18:16 | INFO | Finished: https://api.gbif.org/v1/species/6961096/synonyms | total=0
2026-07-05 15:18:16 | INFO | Fetching: https://api.gbif.org/v1/species/6961098/synonyms | params={}
2026-07-05 15:18:16 | INFO | Finished: https://api.gbif.org/v1/species/6961098/synonyms | total=0
2026-07-05 15:18:16 | INFO | Fetching: https://api.gbif.org/v1/species/6961112/synonyms | params={}
2026-07-05 15:18:16 | INFO | Finished: https://api.gbif.org/v1/species/6961112/synonyms | total=0
2026-07-05 15:18:16 | INFO | Fetching: https://api.gbif.org/v1/species/6961088/synonyms | params={}
2026-07-05 15:18:16 | INFO | Finished: https://api.gbif.org/v1/species/6961088/synonyms | total=0
2026-07-05 15:18:16 | INFO | Fetching: https://api.gbif.org/v1/species/6961095/synonyms | params={}
2026-07-05 15:18:17 | INFO | Finished: https://api.gbif.org/v1/species/6961095/synonyms | total=0
2026-07-05 15:18:17 | INFO | Fetching: https://api.gbif.org/v1/species/12179773/synonyms | params={}
2026-07-05 15:18:17 | INFO | Finished: https://api.gbif.org/v1/species/12179773/synonyms | total=0
2026-07-05 15:18:17 | INFO | Fetching: https://api.gbif.org/v1/species/12206950/synonyms | params={}
2026-07-05 15:18:17 | INFO | Finished: https://api.gbif.org/v1/species/12206950/synonyms | total=0
2026-07-05 15:18:17 | INFO | Fetching: https://api.gbif.org/v1/species/6961105/synonyms | params={}
2026-07-05 15:18:17 | INFO | Finished: https://api.gbif.org/v1/species/6961105/synonyms | total=0
2026-07-05 15:18:17 | INFO | Fetching: https://api.gbif.org/v1/species/6961093/synonyms | params={}
2026-07-05 15:18:18 | INFO | Finished: https://api.gbif.org/v1/species/6961093/synonyms | total=0
2026-07-05 15:18:18 | INFO | Fetching: https://api.gbif.org/v1/species/6961099/synonyms | params={}
2026-07-05 15:18:18 | INFO | Finished: https://api.gbif.org/v1/species/6961099/synonyms | total=0
2026-07-05 15:18:18 | INFO | Fetching: https://api.gbif.org/v1/species/12207867/synonyms | params={}
2026-07-05 15:18:18 | INFO | Finished: https://api.gbif.org/v1/species/12207867/synonyms | total=0
2026-07-05 15:18:18 | INFO | Fetching: https://api.gbif.org/v1/species/6961097/synonyms | params={}
2026-07-05 15:18:18 | INFO | Finished: https://api.gbif.org/v1/species/6961097/synonyms | total=0
2026-07-05 15:18:18 | INFO | Fetching: https://api.gbif.org/v1/species/6961111/synonyms | params={}
2026-07-05 15:18:19 | INFO | Finished: https://api.gbif.org/v1/species/6961111/synonyms | total=0
2026-07-05 15:18:19 | INFO | Fetching: https://api.gbif.org/v1/species/6961108/synonyms | params={}
2026-07-05 15:18:19 | INFO | Finished: https://api.gbif.org/v1/species/6961108/synonyms | total=0
2026-07-05 15:18:19 | INFO | Fetching: https://api.gbif.org/v1/species/12224340/synonyms | params={}
2026-07-05 15:18:19 | INFO | Finished: https://api.gbif.org/v1/species/12224340/synonyms | total=0
2026-07-05 15:18:19 | INFO | Fetching: https://api.gbif.org/v1/species/8770982/synonyms | params={}
2026-07-05 15:18:20 | INFO | Finished: https://api.gbif.org/v1/species/8770982/synonyms | total=0
2026-07-05 15:18:20 | INFO | Fetching: https://api.gbif.org/v1/species/6961091/synonyms | params={}
2026-07-05 15:18:20 | INFO | Finished: https://api.gbif.org/v1/species/6961091/synonyms | total=0
2026-07-05 15:18:20 | INFO | Fetching: https://api.gbif.org/v1/species/6961144/synonyms | params={}
2026-07-05 15:18:20 | INFO | Finished: https://api.gbif.org/v1/species/6961144/synonyms | total=1
2026-07-05 15:18:20 | INFO | Fetching: https://api.gbif.org/v1/species/6961849/synonyms | params={}
2026-07-05 15:18:20 | INFO | Finished: https://api.gbif.org/v1/species/6961849/synonyms | total=0
2026-07-05 15:18:20 | INFO | Fetching: https://api.gbif.org/v1/species/6961847/synonyms | params={}
2026-07-05 15:18:21 | INFO | Finished: https://api.gbif.org/v1/species/6961847/synonyms | total=0
2026-07-05 15:18:21 | INFO | Fetching: https://api.gbif.org/v1/species/11115627/synonyms | params={}
2026-07-05 15:18:21 | INFO | Finished: https://api.gbif.org/v1/species/11115627/synonyms | total=0
2026-07-05 15:18:21 | INFO | Fetching: https://api.gbif.org/v1/species/6954258/synonyms | params={}
2026-07-05 15:18:21 | INFO | Finished: https://api.gbif.org/v1/species/6954258/synonyms | total=0
2026-07-05 15:18:21 | INFO | Fetching: https://api.gbif.org/v1/species/6954380/synonyms | params={}
2026-07-05 15:18:21 | INFO | Finished: https://api.gbif.org/v1/species/6954380/synonyms | total=0
2026-07-05 15:18:21 | INFO | Fetching: https://api.gbif.org/v1/species/8721016/synonyms | params={}
2026-07-05 15:18:22 | INFO | Finished: https://api.gbif.org/v1/species/8721016/synonyms | total=0
2026-07-05 15:18:22 | INFO | Fetching: https://api.gbif.org/v1/species/9344420/synonyms | params={}
2026-07-05 15:18:22 | INFO | Finished: https://api.gbif.org/v1/species/9344420/synonyms | total=0
2026-07-05 15:18:22 | INFO | Fetching: https://api.gbif.org/v1/species/6067001/synonyms | params={}
2026-07-05 15:18:22 | INFO | Finished: https://api.gbif.org/v1/species/6067001/synonyms | total=0
2026-07-05 15:18:22 | INFO | Fetching: https://api.gbif.org/v1/species/6067007/synonyms | params={}
2026-07-05 15:18:23 | INFO | Finished: https://api.gbif.org/v1/species/6067007/synonyms | total=0
2026-07-05 15:18:23 | INFO | Fetching: https://api.gbif.org/v1/species/9536281/synonyms | params={}
2026-07-05 15:18:23 | INFO | Finished: https://api.gbif.org/v1/species/9536281/synonyms | total=0
2026-07-05 15:18:23 | INFO | Fetching: https://api.gbif.org/v1/species/7819655/synonyms | params={}
2026-07-05 15:18:23 | INFO | Finished: https://api.gbif.org/v1/species/7819655/synonyms | total=14
2026-07-05 15:18:23 | INFO | Fetching: https://api.gbif.org/v1/species/6953278/synonyms | params={}
2026-07-05 15:18:23 | INFO | Finished: https://api.gbif.org/v1/species/6953278/synonyms | total=1
2026-07-05 15:18:23 | INFO | Fetching: https://api.gbif.org/v1/species/11191215/synonyms | params={}
2026-07-05 15:18:24 | INFO | Finished: https://api.gbif.org/v1/species/11191215/synonyms | total=0
2026-07-05 15:18:24 | INFO | Fetching: https://api.gbif.org/v1/species/9138386/synonyms | params={}
2026-07-05 15:18:24 | INFO | Finished: https://api.gbif.org/v1/species/9138386/synonyms | total=1
2026-07-05 15:18:24 | INFO | Fetching: https://api.gbif.org/v1/species/9023436/synonyms | params={}
2026-07-05 15:18:24 | INFO | Finished: https://api.gbif.org/v1/species/9023436/synonyms | total=0
2026-07-05 15:18:24 | INFO | Fetching: https://api.gbif.org/v1/species/8721027/synonyms | params={}
2026-07-05 15:18:24 | INFO | Finished: https://api.gbif.org/v1/species/8721027/synonyms | total=1
2026-07-05 15:18:24 | INFO | Fetching: https://api.gbif.org/v1/species/8799117/synonyms | params={}
2026-07-05 15:18:25 | INFO | Finished: https://api.gbif.org/v1/species/8799117/synonyms | total=0
2026-07-05 15:18:25 | INFO | Fetching: https://api.gbif.org/v1/species/8773751/synonyms | params={}
2026-07-05 15:18:25 | INFO | Finished: https://api.gbif.org/v1/species/8773751/synonyms | total=0
2026-07-05 15:18:25 | INFO | Fetching: https://api.gbif.org/v1/species/8952360/synonyms | params={}
2026-07-05 15:18:25 | INFO | Finished: https://api.gbif.org/v1/species/8952360/synonyms | total=1
2026-07-05 15:18:25 | INFO | Fetching: https://api.gbif.org/v1/species/6067008/synonyms | params={}
2026-07-05 15:18:25 | INFO | Finished: https://api.gbif.org/v1/species/6067008/synonyms | total=0
2026-07-05 15:18:25 | INFO | Fetching: https://api.gbif.org/v1/species/11167661/synonyms | params={}
2026-07-05 15:18:26 | INFO | Finished: https://api.gbif.org/v1/species/11167661/synonyms | total=0
2026-07-05 15:18:26 | INFO | Fetching: https://api.gbif.org/v1/species/11130445/synonyms | params={}
2026-07-05 15:18:26 | INFO | Finished: https://api.gbif.org/v1/species/11130445/synonyms | total=0
2026-07-05 15:18:26 | INFO | Fetching: https://api.gbif.org/v1/species/11187476/synonyms | params={}
2026-07-05 15:18:26 | INFO | Finished: https://api.gbif.org/v1/species/11187476/synonyms | total=0
2026-07-05 15:18:26 | INFO | Fetching: https://api.gbif.org/v1/species/7874779/synonyms | params={}
2026-07-05 15:18:26 | INFO | Finished: https://api.gbif.org/v1/species/7874779/synonyms | total=2
2026-07-05 15:18:26 | INFO | Fetching: https://api.gbif.org/v1/species/8745790/synonyms | params={}
2026-07-05 15:18:27 | INFO | Finished: https://api.gbif.org/v1/species/8745790/synonyms | total=1
2026-07-05 15:18:27 | INFO | Fetching: https://api.gbif.org/v1/species/8968012/synonyms | params={}
2026-07-05 15:18:27 | INFO | Finished: https://api.gbif.org/v1/species/8968012/synonyms | total=0
2026-07-05 15:18:27 | INFO | Fetching: https://api.gbif.org/v1/species/9042610/synonyms | params={}
2026-07-05 15:18:27 | INFO | Finished: https://api.gbif.org/v1/species/9042610/synonyms | total=1
2026-07-05 15:18:27 | INFO | Fetching: https://api.gbif.org/v1/species/6961235/synonyms | params={}
2026-07-05 15:18:27 | INFO | Finished: https://api.gbif.org/v1/species/6961235/synonyms | total=1
2026-07-05 15:18:27 | INFO | Fetching: https://api.gbif.org/v1/species/10730120/synonyms | params={}
2026-07-05 15:18:28 | INFO | Finished: https://api.gbif.org/v1/species/10730120/synonyms | total=0
2026-07-05 15:18:28 | INFO | Fetching: https://api.gbif.org/v1/species/8735367/synonyms | params={}
2026-07-05 15:18:28 | INFO | Finished: https://api.gbif.org/v1/species/8735367/synonyms | total=0
2026-07-05 15:18:28 | INFO | Fetching: https://api.gbif.org/v1/species/9416591/synonyms | params={}
2026-07-05 15:18:28 | INFO | Finished: https://api.gbif.org/v1/species/9416591/synonyms | total=0
2026-07-05 15:18:28 | INFO | Fetching: https://api.gbif.org/v1/species/8952344/synonyms | params={}
2026-07-05 15:18:28 | INFO | Finished: https://api.gbif.org/v1/species/8952344/synonyms | total=0
2026-07-05 15:18:28 | INFO | Fetching: https://api.gbif.org/v1/species/8299300/synonyms | params={}
2026-07-05 15:18:29 | INFO | Finished: https://api.gbif.org/v1/species/8299300/synonyms | total=1
2026-07-05 15:18:29 | INFO | Fetching: https://api.gbif.org/v1/species/8832534/synonyms | params={}
2026-07-05 15:18:29 | INFO | Finished: https://api.gbif.org/v1/species/8832534/synonyms | total=0
2026-07-05 15:18:29 | INFO | Fetching: https://api.gbif.org/v1/species/8786352/synonyms | params={}
2026-07-05 15:18:29 | INFO | Finished: https://api.gbif.org/v1/species/8786352/synonyms | total=0
2026-07-05 15:18:29 | INFO | Fetching: https://api.gbif.org/v1/species/6961211/synonyms | params={}
2026-07-05 15:18:29 | INFO | Finished: https://api.gbif.org/v1/species/6961211/synonyms | total=0
2026-07-05 15:18:29 | INFO | Fetching: https://api.gbif.org/v1/species/11184285/synonyms | params={}
2026-07-05 15:18:30 | INFO | Finished: https://api.gbif.org/v1/species/11184285/synonyms | total=0
2026-07-05 15:18:30 | INFO | Fetching: https://api.gbif.org/v1/species/5744026/synonyms | params={}
2026-07-05 15:18:30 | INFO | Finished: https://api.gbif.org/v1/species/5744026/synonyms | total=2
2026-07-05 15:18:30 | INFO | Fetching: https://api.gbif.org/v1/species/9133038/synonyms | params={}
2026-07-05 15:18:30 | INFO | Finished: https://api.gbif.org/v1/species/9133038/synonyms | total=0
2026-07-05 15:18:30 | INFO | Fetching: https://api.gbif.org/v1/species/8733408/synonyms | params={}
2026-07-05 15:18:30 | INFO | Finished: https://api.gbif.org/v1/species/8733408/synonyms | total=1
2026-07-05 15:18:30 | INFO | Fetching: https://api.gbif.org/v1/species/5744187/synonyms | params={}
2026-07-05 15:18:31 | INFO | Finished: https://api.gbif.org/v1/species/5744187/synonyms | total=1
2026-07-05 15:18:31 | INFO | Fetching: https://api.gbif.org/v1/species/8781519/synonyms | params={}
2026-07-05 15:18:31 | INFO | Finished: https://api.gbif.org/v1/species/8781519/synonyms | total=3
2026-07-05 15:18:31 | INFO | Fetching: https://api.gbif.org/v1/species/8974136/synonyms | params={}
2026-07-05 15:18:31 | INFO | Finished: https://api.gbif.org/v1/species/8974136/synonyms | total=2
2026-07-05 15:18:31 | INFO | Fetching: https://api.gbif.org/v1/species/9440448/synonyms | params={}
2026-07-05 15:18:32 | INFO | Finished: https://api.gbif.org/v1/species/9440448/synonyms | total=0
2026-07-05 15:18:32 | INFO | Fetching: https://api.gbif.org/v1/species/7762394/synonyms | params={}
2026-07-05 15:18:32 | INFO | Finished: https://api.gbif.org/v1/species/7762394/synonyms | total=3
2026-07-05 15:18:32 | INFO | Fetching: https://api.gbif.org/v1/species/11787878/synonyms | params={}
2026-07-05 15:18:32 | INFO | Finished: https://api.gbif.org/v1/species/11787878/synonyms | total=0
2026-07-05 15:18:32 | INFO | Fetching: https://api.gbif.org/v1/species/10019683/synonyms | params={}
2026-07-05 15:18:32 | INFO | Finished: https://api.gbif.org/v1/species/10019683/synonyms | total=0
2026-07-05 15:18:32 | INFO | Fetching: https://api.gbif.org/v1/species/9422907/synonyms | params={}
2026-07-05 15:18:33 | INFO | Finished: https://api.gbif.org/v1/species/9422907/synonyms | total=0
2026-07-05 15:18:33 | INFO | Fetching: https://api.gbif.org/v1/species/9085663/synonyms | params={}
2026-07-05 15:18:33 | INFO | Finished: https://api.gbif.org/v1/species/9085663/synonyms | total=0
2026-07-05 15:18:33 | INFO | Fetching: https://api.gbif.org/v1/species/9127604/synonyms | params={}
2026-07-05 15:18:33 | INFO | Finished: https://api.gbif.org/v1/species/9127604/synonyms | total=1
2026-07-05 15:18:33 | INFO | Fetching: https://api.gbif.org/v1/species/8853542/synonyms | params={}
2026-07-05 15:18:33 | INFO | Finished: https://api.gbif.org/v1/species/8853542/synonyms | total=0
2026-07-05 15:18:33 | INFO | Fetching: https://api.gbif.org/v1/species/8962641/synonyms | params={}
2026-07-05 15:18:34 | INFO | Finished: https://api.gbif.org/v1/species/8962641/synonyms | total=1
2026-07-05 15:18:34 | INFO | Fetching: https://api.gbif.org/v1/species/8730458/synonyms | params={}
2026-07-05 15:18:34 | INFO | Finished: https://api.gbif.org/v1/species/8730458/synonyms | total=0
2026-07-05 15:18:34 | INFO | Fetching: https://api.gbif.org/v1/species/7426167/synonyms | params={}
2026-07-05 15:18:34 | INFO | Finished: https://api.gbif.org/v1/species/7426167/synonyms | total=0
2026-07-05 15:18:34 | INFO | Fetching: https://api.gbif.org/v1/species/6067002/synonyms | params={}
2026-07-05 15:18:34 | INFO | Finished: https://api.gbif.org/v1/species/6067002/synonyms | total=0
2026-07-05 15:18:34 | INFO | Fetching: https://api.gbif.org/v1/species/5744086/synonyms | params={}
2026-07-05 15:18:35 | INFO | Finished: https://api.gbif.org/v1/species/5744086/synonyms | total=10
2026-07-05 15:18:35 | INFO | Fetching: https://api.gbif.org/v1/species/7872539/synonyms | params={}
2026-07-05 15:18:35 | INFO | Finished: https://api.gbif.org/v1/species/7872539/synonyms | total=10
2026-07-05 15:18:35 | INFO | Fetching: https://api.gbif.org/v1/species/9080105/synonyms | params={}
2026-07-05 15:18:35 | INFO | Finished: https://api.gbif.org/v1/species/9080105/synonyms | total=0
2026-07-05 15:18:35 | INFO | Fetching: https://api.gbif.org/v1/species/8882829/synonyms | params={}
2026-07-05 15:18:36 | INFO | Finished: https://api.gbif.org/v1/species/8882829/synonyms | total=0
2026-07-05 15:18:36 | INFO | Fetching: https://api.gbif.org/v1/species/5743995/synonyms | params={}
2026-07-05 15:18:36 | INFO | Finished: https://api.gbif.org/v1/species/5743995/synonyms | total=13
2026-07-05 15:18:36 | INFO | Fetching: https://api.gbif.org/v1/species/8819718/synonyms | params={}
2026-07-05 15:18:36 | INFO | Finished: https://api.gbif.org/v1/species/8819718/synonyms | total=4
2026-07-05 15:18:36 | INFO | Fetching: https://api.gbif.org/v1/species/9096350/synonyms | params={}
2026-07-05 15:18:36 | INFO | Finished: https://api.gbif.org/v1/species/9096350/synonyms | total=0
2026-07-05 15:18:36 | INFO | Fetching: https://api.gbif.org/v1/species/6961217/synonyms | params={}
2026-07-05 15:18:37 | INFO | Finished: https://api.gbif.org/v1/species/6961217/synonyms | total=0
2026-07-05 15:18:37 | INFO | Fetching: https://api.gbif.org/v1/species/11139233/synonyms | params={}
2026-07-05 15:18:37 | INFO | Finished: https://api.gbif.org/v1/species/11139233/synonyms | total=0
2026-07-05 15:18:37 | INFO | Fetching: https://api.gbif.org/v1/species/6066999/synonyms | params={}
2026-07-05 15:18:37 | INFO | Finished: https://api.gbif.org/v1/species/6066999/synonyms | total=0
2026-07-05 15:18:37 | INFO | Fetching: https://api.gbif.org/v1/species/11116839/synonyms | params={}
2026-07-05 15:18:37 | INFO | Finished: https://api.gbif.org/v1/species/11116839/synonyms | total=0
2026-07-05 15:18:37 | INFO | Fetching: https://api.gbif.org/v1/species/9001280/synonyms | params={}
2026-07-05 15:18:38 | INFO | Finished: https://api.gbif.org/v1/species/9001280/synonyms | total=0
2026-07-05 15:18:38 | INFO | Fetching: https://api.gbif.org/v1/species/11201012/synonyms | params={}
2026-07-05 15:18:38 | INFO | Finished: https://api.gbif.org/v1/species/11201012/synonyms | total=0
2026-07-05 15:18:38 | INFO | Fetching: https://api.gbif.org/v1/species/9037307/synonyms | params={}
2026-07-05 15:18:38 | INFO | Finished: https://api.gbif.org/v1/species/9037307/synonyms | total=0
2026-07-05 15:18:38 | INFO | Fetching: https://api.gbif.org/v1/species/9115668/synonyms | params={}
2026-07-05 15:18:38 | INFO | Finished: https://api.gbif.org/v1/species/9115668/synonyms | total=0
2026-07-05 15:18:38 | INFO | Fetching: https://api.gbif.org/v1/species/6067004/synonyms | params={}
2026-07-05 15:18:39 | INFO | Finished: https://api.gbif.org/v1/species/6067004/synonyms | total=0
2026-07-05 15:18:39 | INFO | Fetching: https://api.gbif.org/v1/species/7717006/synonyms | params={}
2026-07-05 15:18:39 | INFO | Finished: https://api.gbif.org/v1/species/7717006/synonyms | total=5
2026-07-05 15:18:39 | INFO | Fetching: https://api.gbif.org/v1/species/8806933/synonyms | params={}
2026-07-05 15:18:39 | INFO | Finished: https://api.gbif.org/v1/species/8806933/synonyms | total=0
2026-07-05 15:18:39 | INFO | Fetching: https://api.gbif.org/v1/species/6961237/synonyms | params={}
2026-07-05 15:18:39 | INFO | Finished: https://api.gbif.org/v1/species/6961237/synonyms | total=0
2026-07-05 15:18:39 | INFO | Fetching: https://api.gbif.org/v1/species/9202304/synonyms | params={}
2026-07-05 15:18:40 | INFO | Finished: https://api.gbif.org/v1/species/9202304/synonyms | total=2
2026-07-05 15:18:40 | INFO | Fetching: https://api.gbif.org/v1/species/8888444/synonyms | params={}
2026-07-05 15:18:40 | INFO | Finished: https://api.gbif.org/v1/species/8888444/synonyms | total=0
2026-07-05 15:18:40 | INFO | Fetching: https://api.gbif.org/v1/species/8917545/synonyms | params={}
2026-07-05 15:18:40 | INFO | Finished: https://api.gbif.org/v1/species/8917545/synonyms | total=0
2026-07-05 15:18:40 | INFO | Fetching: https://api.gbif.org/v1/species/6961223/synonyms | params={}
2026-07-05 15:18:40 | INFO | Finished: https://api.gbif.org/v1/species/6961223/synonyms | total=0
2026-07-05 15:18:40 | INFO | Fetching: https://api.gbif.org/v1/species/8871526/synonyms | params={}
2026-07-05 15:18:41 | INFO | Finished: https://api.gbif.org/v1/species/8871526/synonyms | total=1
2026-07-05 15:18:41 | INFO | Fetching: https://api.gbif.org/v1/species/11188659/synonyms | params={}
2026-07-05 15:18:41 | INFO | Finished: https://api.gbif.org/v1/species/11188659/synonyms | total=0
2026-07-05 15:18:41 | INFO | Fetching: https://api.gbif.org/v1/species/10838597/synonyms | params={}
2026-07-05 15:18:41 | INFO | Finished: https://api.gbif.org/v1/species/10838597/synonyms | total=0
2026-07-05 15:18:41 | INFO | Fetching: https://api.gbif.org/v1/species/5743947/synonyms | params={}
2026-07-05 15:18:41 | INFO | Finished: https://api.gbif.org/v1/species/5743947/synonyms | total=9
2026-07-05 15:18:41 | INFO | Fetching: https://api.gbif.org/v1/species/6067009/synonyms | params={}
2026-07-05 15:18:42 | INFO | Finished: https://api.gbif.org/v1/species/6067009/synonyms | total=0
2026-07-05 15:18:42 | INFO | Fetching: https://api.gbif.org/v1/species/7649193/synonyms | params={}
2026-07-05 15:18:42 | INFO | Finished: https://api.gbif.org/v1/species/7649193/synonyms | total=3
2026-07-05 15:18:42 | INFO | Fetching: https://api.gbif.org/v1/species/11119311/synonyms | params={}
2026-07-05 15:18:42 | INFO | Finished: https://api.gbif.org/v1/species/11119311/synonyms | total=0
2026-07-05 15:18:42 | INFO | Fetching: https://api.gbif.org/v1/species/5744135/synonyms | params={}
2026-07-05 15:18:42 | INFO | Finished: https://api.gbif.org/v1/species/5744135/synonyms | total=34
2026-07-05 15:18:42 | INFO | Fetching: https://api.gbif.org/v1/species/6066997/synonyms | params={}
2026-07-05 15:18:43 | INFO | Finished: https://api.gbif.org/v1/species/6066997/synonyms | total=0
2026-07-05 15:18:43 | INFO | Fetching: https://api.gbif.org/v1/species/8773253/synonyms | params={}
2026-07-05 15:18:43 | INFO | Finished: https://api.gbif.org/v1/species/8773253/synonyms | total=0
2026-07-05 15:18:43 | INFO | Fetching: https://api.gbif.org/v1/species/9202265/synonyms | params={}
2026-07-05 15:18:43 | INFO | Finished: https://api.gbif.org/v1/species/9202265/synonyms | total=0
2026-07-05 15:18:43 | INFO | Fetching: https://api.gbif.org/v1/species/6066998/synonyms | params={}
2026-07-05 15:18:43 | INFO | Finished: https://api.gbif.org/v1/species/6066998/synonyms | total=0
2026-07-05 15:18:43 | INFO | Fetching: https://api.gbif.org/v1/species/8985593/synonyms | params={}
2026-07-05 15:18:44 | INFO | Finished: https://api.gbif.org/v1/species/8985593/synonyms | total=0
2026-07-05 15:18:44 | INFO | Fetching: https://api.gbif.org/v1/species/8838447/synonyms | params={}
2026-07-05 15:18:44 | INFO | Finished: https://api.gbif.org/v1/species/8838447/synonyms | total=0
2026-07-05 15:18:44 | INFO | Fetching: https://api.gbif.org/v1/species/6961233/synonyms | params={}
2026-07-05 15:18:44 | INFO | Finished: https://api.gbif.org/v1/species/6961233/synonyms | total=0
2026-07-05 15:18:44 | INFO | Fetching: https://api.gbif.org/v1/species/8917580/synonyms | params={}
2026-07-05 15:18:44 | INFO | Finished: https://api.gbif.org/v1/species/8917580/synonyms | total=0
2026-07-05 15:18:44 | INFO | Fetching: https://api.gbif.org/v1/species/12231256/synonyms | params={}
2026-07-05 15:18:45 | INFO | Finished: https://api.gbif.org/v1/species/12231256/synonyms | total=0
2026-07-05 15:18:45 | INFO | Fetching: https://api.gbif.org/v1/species/8887919/synonyms | params={}
2026-07-05 15:18:45 | INFO | Finished: https://api.gbif.org/v1/species/8887919/synonyms | total=0
2026-07-05 15:18:45 | INFO | Fetching: https://api.gbif.org/v1/species/11162510/synonyms | params={}
2026-07-05 15:18:45 | INFO | Finished: https://api.gbif.org/v1/species/11162510/synonyms | total=0
2026-07-05 15:18:45 | INFO | Fetching: https://api.gbif.org/v1/species/9193435/synonyms | params={}
2026-07-05 15:18:45 | INFO | Finished: https://api.gbif.org/v1/species/9193435/synonyms | total=0
2026-07-05 15:18:45 | INFO | Fetching: https://api.gbif.org/v1/species/8822723/synonyms | params={}
2026-07-05 15:18:46 | INFO | Finished: https://api.gbif.org/v1/species/8822723/synonyms | total=3
2026-07-05 15:18:46 | INFO | Fetching: https://api.gbif.org/v1/species/9141732/synonyms | params={}
2026-07-05 15:18:46 | INFO | Finished: https://api.gbif.org/v1/species/9141732/synonyms | total=0
2026-07-05 15:18:46 | INFO | Fetching: https://api.gbif.org/v1/species/8909392/synonyms | params={}
2026-07-05 15:18:46 | INFO | Finished: https://api.gbif.org/v1/species/8909392/synonyms | total=0
2026-07-05 15:18:46 | INFO | Fetching: https://api.gbif.org/v1/species/9133004/synonyms | params={}
2026-07-05 15:18:47 | INFO | Finished: https://api.gbif.org/v1/species/9133004/synonyms | total=0
2026-07-05 15:18:47 | INFO | Fetching: https://api.gbif.org/v1/species/7773743/synonyms | params={}
2026-07-05 15:18:47 | INFO | Finished: https://api.gbif.org/v1/species/7773743/synonyms | total=15
2026-07-05 15:18:47 | INFO | Fetching: https://api.gbif.org/v1/species/9618112/synonyms | params={}
2026-07-05 15:18:47 | INFO | Finished: https://api.gbif.org/v1/species/9618112/synonyms | total=0
2026-07-05 15:18:47 | INFO | Fetching: https://api.gbif.org/v1/species/5744091/synonyms | params={}
2026-07-05 15:18:47 | INFO | Finished: https://api.gbif.org/v1/species/5744091/synonyms | total=17
2026-07-05 15:18:47 | INFO | Fetching: https://api.gbif.org/v1/species/5744022/synonyms | params={}
2026-07-05 15:18:48 | INFO | Finished: https://api.gbif.org/v1/species/5744022/synonyms | total=4
2026-07-05 15:18:48 | INFO | Fetching: https://api.gbif.org/v1/species/7373944/synonyms | params={}
2026-07-05 15:18:48 | INFO | Finished: https://api.gbif.org/v1/species/7373944/synonyms | total=3
2026-07-05 15:18:48 | INFO | Fetching: https://api.gbif.org/v1/species/6961834/synonyms | params={}
2026-07-05 15:18:48 | INFO | Finished: https://api.gbif.org/v1/species/6961834/synonyms | total=0
2026-07-05 15:18:48 | INFO | Fetching: https://api.gbif.org/v1/species/6067005/synonyms | params={}
2026-07-05 15:18:48 | INFO | Finished: https://api.gbif.org/v1/species/6067005/synonyms | total=0
2026-07-05 15:18:48 | INFO | Fetching: https://api.gbif.org/v1/species/5743944/synonyms | params={}
2026-07-05 15:18:49 | INFO | Finished: https://api.gbif.org/v1/species/5743944/synonyms | total=2
2026-07-05 15:18:49 | INFO | Fetching: https://api.gbif.org/v1/species/8819683/synonyms | params={}
2026-07-05 15:18:49 | INFO | Finished: https://api.gbif.org/v1/species/8819683/synonyms | total=1
2026-07-05 15:18:49 | INFO | Fetching: https://api.gbif.org/v1/species/8733374/synonyms | params={}
2026-07-05 15:18:49 | INFO | Finished: https://api.gbif.org/v1/species/8733374/synonyms | total=0
2026-07-05 15:18:49 | INFO | Fetching: https://api.gbif.org/v1/species/5743925/synonyms | params={}
2026-07-05 15:18:49 | INFO | Finished: https://api.gbif.org/v1/species/5743925/synonyms | total=9
2026-07-05 15:18:49 | INFO | Fetching: https://api.gbif.org/v1/species/5744057/synonyms | params={}
2026-07-05 15:18:50 | INFO | Finished: https://api.gbif.org/v1/species/5744057/synonyms | total=6
2026-07-05 15:18:50 | INFO | Fetching: https://api.gbif.org/v1/species/6961229/synonyms | params={}
2026-07-05 15:18:50 | INFO | Finished: https://api.gbif.org/v1/species/6961229/synonyms | total=0
2026-07-05 15:18:50 | INFO | Fetching: https://api.gbif.org/v1/species/5744028/synonyms | params={}
2026-07-05 15:18:50 | INFO | Finished: https://api.gbif.org/v1/species/5744028/synonyms | total=0
2026-07-05 15:18:50 | INFO | Fetching: https://api.gbif.org/v1/species/8944207/synonyms | params={}
2026-07-05 15:18:50 | INFO | Finished: https://api.gbif.org/v1/species/8944207/synonyms | total=0
2026-07-05 15:18:50 | INFO | Fetching: https://api.gbif.org/v1/species/5743968/synonyms | params={}
2026-07-05 15:18:51 | INFO | Finished: https://api.gbif.org/v1/species/5743968/synonyms | total=10
2026-07-05 15:18:51 | INFO | Fetching: https://api.gbif.org/v1/species/9124260/synonyms | params={}
2026-07-05 15:18:51 | INFO | Finished: https://api.gbif.org/v1/species/9124260/synonyms | total=2
2026-07-05 15:18:51 | INFO | Fetching: https://api.gbif.org/v1/species/10893729/synonyms | params={}
2026-07-05 15:18:51 | INFO | Finished: https://api.gbif.org/v1/species/10893729/synonyms | total=0
2026-07-05 15:18:51 | INFO | Fetching: https://api.gbif.org/v1/species/9164700/synonyms | params={}
2026-07-05 15:18:51 | INFO | Finished: https://api.gbif.org/v1/species/9164700/synonyms | total=0
2026-07-05 15:18:51 | INFO | Fetching: https://api.gbif.org/v1/species/6067010/synonyms | params={}
2026-07-05 15:18:52 | INFO | Finished: https://api.gbif.org/v1/species/6067010/synonyms | total=0
2026-07-05 15:18:52 | INFO | Fetching: https://api.gbif.org/v1/species/12185484/synonyms | params={}
2026-07-05 15:18:52 | INFO | Finished: https://api.gbif.org/v1/species/12185484/synonyms | total=0
2026-07-05 15:18:52 | INFO | Fetching: https://api.gbif.org/v1/species/6961840/synonyms | params={}
2026-07-05 15:18:52 | INFO | Finished: https://api.gbif.org/v1/species/6961840/synonyms | total=1
2026-07-05 15:18:52 | INFO | Fetching: https://api.gbif.org/v1/species/9009644/synonyms | params={}
2026-07-05 15:18:52 | INFO | Finished: https://api.gbif.org/v1/species/9009644/synonyms | total=0
2026-07-05 15:18:52 | INFO | Fetching: https://api.gbif.org/v1/species/8046215/synonyms | params={}
2026-07-05 15:18:53 | INFO | Finished: https://api.gbif.org/v1/species/8046215/synonyms | total=1
2026-07-05 15:18:53 | INFO | Fetching: https://api.gbif.org/v1/species/6960934/synonyms | params={}
2026-07-05 15:18:53 | INFO | Finished: https://api.gbif.org/v1/species/6960934/synonyms | total=0
2026-07-05 15:18:53 | INFO | Fetching: https://api.gbif.org/v1/species/8773761/synonyms | params={}
2026-07-05 15:18:53 | INFO | Finished: https://api.gbif.org/v1/species/8773761/synonyms | total=5
2026-07-05 15:18:53 | INFO | Fetching: https://api.gbif.org/v1/species/5744039/synonyms | params={}
2026-07-05 15:18:53 | INFO | Finished: https://api.gbif.org/v1/species/5744039/synonyms | total=5
2026-07-05 15:18:53 | INFO | Fetching: https://api.gbif.org/v1/species/8751512/synonyms | params={}
2026-07-05 15:18:54 | INFO | Finished: https://api.gbif.org/v1/species/8751512/synonyms | total=0
2026-07-05 15:18:54 | INFO | Fetching: https://api.gbif.org/v1/species/10718130/synonyms | params={}
2026-07-05 15:18:54 | INFO | Finished: https://api.gbif.org/v1/species/10718130/synonyms | total=0
2026-07-05 15:18:54 | INFO | Fetching: https://api.gbif.org/v1/species/8728660/synonyms | params={}
2026-07-05 15:18:54 | INFO | Finished: https://api.gbif.org/v1/species/8728660/synonyms | total=1
2026-07-05 15:18:54 | INFO | Fetching: https://api.gbif.org/v1/species/8239973/synonyms | params={}
2026-07-05 15:18:54 | INFO | Finished: https://api.gbif.org/v1/species/8239973/synonyms | total=15
2026-07-05 15:18:55 | INFO | Fetching: https://api.gbif.org/v1/species/11174628/synonyms | params={}
2026-07-05 15:18:55 | INFO | Finished: https://api.gbif.org/v1/species/11174628/synonyms | total=0
2026-07-05 15:18:55 | INFO | Fetching: https://api.gbif.org/v1/species/8269838/synonyms | params={}
2026-07-05 15:18:55 | INFO | Finished: https://api.gbif.org/v1/species/8269838/synonyms | total=3
2026-07-05 15:18:55 | INFO | Fetching: https://api.gbif.org/v1/species/11203604/synonyms | params={}
2026-07-05 15:18:55 | INFO | Finished: https://api.gbif.org/v1/species/11203604/synonyms | total=0
2026-07-05 15:18:55 | INFO | Fetching: https://api.gbif.org/v1/species/4308856/synonyms | params={}
2026-07-05 15:18:55 | INFO | Finished: https://api.gbif.org/v1/species/4308856/synonyms | total=20
2026-07-05 15:18:55 | INFO | Fetching: https://api.gbif.org/v1/species/5744106/synonyms | params={}
2026-07-05 15:18:56 | INFO | Finished: https://api.gbif.org/v1/species/5744106/synonyms | total=14
2026-07-05 15:18:56 | INFO | Fetching: https://api.gbif.org/v1/species/9104985/synonyms | params={}
2026-07-05 15:18:56 | INFO | Finished: https://api.gbif.org/v1/species/9104985/synonyms | total=0
2026-07-05 15:18:56 | INFO | Fetching: https://api.gbif.org/v1/species/8890929/synonyms | params={}
2026-07-05 15:18:56 | INFO | Finished: https://api.gbif.org/v1/species/8890929/synonyms | total=0
2026-07-05 15:18:56 | INFO | Fetching: https://api.gbif.org/v1/species/10785291/synonyms | params={}
2026-07-05 15:18:56 | INFO | Finished: https://api.gbif.org/v1/species/10785291/synonyms | total=0
2026-07-05 15:18:56 | INFO | Fetching: https://api.gbif.org/v1/species/11171414/synonyms | params={}
2026-07-05 15:18:57 | INFO | Finished: https://api.gbif.org/v1/species/11171414/synonyms | total=0
2026-07-05 15:18:57 | INFO | Fetching: https://api.gbif.org/v1/species/9161417/synonyms | params={}
2026-07-05 15:18:57 | INFO | Finished: https://api.gbif.org/v1/species/9161417/synonyms | total=0
2026-07-05 15:18:57 | INFO | Fetching: https://api.gbif.org/v1/species/11199812/synonyms | params={}
2026-07-05 15:18:57 | INFO | Finished: https://api.gbif.org/v1/species/11199812/synonyms | total=0
2026-07-05 15:18:57 | INFO | Fetching: https://api.gbif.org/v1/species/6067011/synonyms | params={}
2026-07-05 15:18:57 | INFO | Finished: https://api.gbif.org/v1/species/6067011/synonyms | total=0
2026-07-05 15:18:57 | INFO | Fetching: https://api.gbif.org/v1/species/9031933/synonyms | params={}
2026-07-05 15:18:58 | INFO | Finished: https://api.gbif.org/v1/species/9031933/synonyms | total=6
2026-07-05 15:18:58 | INFO | Fetching: https://api.gbif.org/v1/species/9236168/synonyms | params={}
2026-07-05 15:18:58 | INFO | Finished: https://api.gbif.org/v1/species/9236168/synonyms | total=0
2026-07-05 15:18:58 | INFO | Fetching: https://api.gbif.org/v1/species/10703605/synonyms | params={}
2026-07-05 15:18:58 | INFO | Finished: https://api.gbif.org/v1/species/10703605/synonyms | total=0
2026-07-05 15:18:58 | INFO | Fetching: https://api.gbif.org/v1/species/9718898/synonyms | params={}
2026-07-05 15:18:59 | INFO | Finished: https://api.gbif.org/v1/species/9718898/synonyms | total=0
2026-07-05 15:18:59 | INFO | Fetching: https://api.gbif.org/v1/species/9178997/synonyms | params={}
2026-07-05 15:18:59 | INFO | Finished: https://api.gbif.org/v1/species/9178997/synonyms | total=0
2026-07-05 15:18:59 | INFO | Fetching: https://api.gbif.org/v1/species/6961216/synonyms | params={}
2026-07-05 15:18:59 | INFO | Finished: https://api.gbif.org/v1/species/6961216/synonyms | total=0
2026-07-05 15:18:59 | INFO | Fetching: https://api.gbif.org/v1/species/9350528/synonyms | params={}
2026-07-05 15:18:59 | INFO | Finished: https://api.gbif.org/v1/species/9350528/synonyms | total=0
2026-07-05 15:18:59 | INFO | Fetching: https://api.gbif.org/v1/species/7733136/synonyms | params={}
2026-07-05 15:19:00 | INFO | Finished: https://api.gbif.org/v1/species/7733136/synonyms | total=6
2026-07-05 15:19:00 | INFO | Fetching: https://api.gbif.org/v1/species/9096319/synonyms | params={}
2026-07-05 15:19:00 | INFO | Finished: https://api.gbif.org/v1/species/9096319/synonyms | total=0
2026-07-05 15:19:00 | INFO | Fetching: https://api.gbif.org/v1/species/6067000/synonyms | params={}
2026-07-05 15:19:00 | INFO | Finished: https://api.gbif.org/v1/species/6067000/synonyms | total=0
2026-07-05 15:19:00 | INFO | Fetching: https://api.gbif.org/v1/species/7707680/synonyms | params={}
2026-07-05 15:19:00 | INFO | Finished: https://api.gbif.org/v1/species/7707680/synonyms | total=0
2026-07-05 15:19:00 | INFO | Fetching: https://api.gbif.org/v1/species/6067006/synonyms | params={}
2026-07-05 15:19:01 | INFO | Finished: https://api.gbif.org/v1/species/6067006/synonyms | total=0
2026-07-05 15:19:01 | INFO | Fetching: https://api.gbif.org/v1/species/9611572/synonyms | params={}
2026-07-05 15:19:01 | INFO | Finished: https://api.gbif.org/v1/species/9611572/synonyms | total=0
2026-07-05 15:19:01 | INFO | Fetching: https://api.gbif.org/v1/species/9104935/synonyms | params={}
2026-07-05 15:19:01 | INFO | Finished: https://api.gbif.org/v1/species/9104935/synonyms | total=0
2026-07-05 15:19:01 | INFO | Fetching: https://api.gbif.org/v1/species/8914443/synonyms | params={}
2026-07-05 15:19:01 | INFO | Finished: https://api.gbif.org/v1/species/8914443/synonyms | total=3
2026-07-05 15:19:01 | INFO | Fetching: https://api.gbif.org/v1/species/11135449/synonyms | params={}
2026-07-05 15:19:02 | INFO | Finished: https://api.gbif.org/v1/species/11135449/synonyms | total=0
2026-07-05 15:19:02 | INFO | Fetching: https://api.gbif.org/v1/species/8944217/synonyms | params={}
2026-07-05 15:19:02 | INFO | Finished: https://api.gbif.org/v1/species/8944217/synonyms | total=0
2026-07-05 15:19:02 | INFO | Fetching: https://api.gbif.org/v1/species/8861476/synonyms | params={}
2026-07-05 15:19:02 | INFO | Finished: https://api.gbif.org/v1/species/8861476/synonyms | total=0
2026-07-05 15:19:02 | INFO | Fetching: https://api.gbif.org/v1/species/5751036/synonyms | params={}
2026-07-05 15:19:02 | INFO | Finished: https://api.gbif.org/v1/species/5751036/synonyms | total=0
2026-07-05 15:19:02 | INFO | Fetching: https://api.gbif.org/v1/species/6067012/synonyms | params={}
2026-07-05 15:19:03 | INFO | Finished: https://api.gbif.org/v1/species/6067012/synonyms | total=0
2026-07-05 15:19:03 | INFO | Fetching: https://api.gbif.org/v1/species/7947952/synonyms | params={}
2026-07-05 15:19:03 | INFO | Finished: https://api.gbif.org/v1/species/7947952/synonyms | total=2
2026-07-05 15:19:03 | INFO | Fetching: https://api.gbif.org/v1/species/11526383/synonyms | params={}
2026-07-05 15:19:03 | INFO | Finished: https://api.gbif.org/v1/species/11526383/synonyms | total=0
2026-07-05 15:19:03 | INFO | Fetching: https://api.gbif.org/v1/species/8438612/synonyms | params={}
2026-07-05 15:19:03 | INFO | Finished: https://api.gbif.org/v1/species/8438612/synonyms | total=1
2026-07-05 15:19:03 | INFO | Fetching: https://api.gbif.org/v1/species/8510282/synonyms | params={}
2026-07-05 15:19:04 | INFO | Finished: https://api.gbif.org/v1/species/8510282/synonyms | total=1
2026-07-05 15:19:04 | INFO | Fetching: https://api.gbif.org/v1/species/8639036/synonyms | params={}
2026-07-05 15:19:04 | INFO | Finished: https://api.gbif.org/v1/species/8639036/synonyms | total=1
2026-07-05 15:19:04 | INFO | Fetching: https://api.gbif.org/v1/species/8483418/synonyms | params={}
2026-07-05 15:19:04 | INFO | Finished: https://api.gbif.org/v1/species/8483418/synonyms | total=1
2026-07-05 15:19:04 | INFO | Fetching: https://api.gbif.org/v1/species/12305630/synonyms | params={}
2026-07-05 15:19:04 | INFO | Finished: https://api.gbif.org/v1/species/12305630/synonyms | total=0
2026-07-05 15:19:04 | INFO | Fetching: https://api.gbif.org/v1/species/8812578/synonyms | params={}
2026-07-05 15:19:05 | INFO | Finished: https://api.gbif.org/v1/species/8812578/synonyms | total=0
2026-07-05 15:19:05 | INFO | Fetching: https://api.gbif.org/v1/species/11231631/synonyms | params={}
2026-07-05 15:19:05 | INFO | Finished: https://api.gbif.org/v1/species/11231631/synonyms | total=0
2026-07-05 15:19:05 | INFO | Fetching: https://api.gbif.org/v1/species/8559958/synonyms | params={}
2026-07-05 15:19:05 | INFO | Finished: https://api.gbif.org/v1/species/8559958/synonyms | total=1
2026-07-05 15:19:05 | INFO | Fetching: https://api.gbif.org/v1/species/8609465/synonyms | params={}
2026-07-05 15:19:05 | INFO | Finished: https://api.gbif.org/v1/species/8609465/synonyms | total=1
2026-07-05 15:19:05 | INFO | Fetching: https://api.gbif.org/v1/species/8693486/synonyms | params={}
2026-07-05 15:19:06 | INFO | Finished: https://api.gbif.org/v1/species/8693486/synonyms | total=1
2026-07-05 15:19:06 | INFO | Fetching: https://api.gbif.org/v1/species/9208604/synonyms | params={}
2026-07-05 15:19:06 | INFO | Finished: https://api.gbif.org/v1/species/9208604/synonyms | total=0
2026-07-05 15:19:06 | INFO | Fetching: https://api.gbif.org/v1/species/8995339/synonyms | params={}
2026-07-05 15:19:06 | INFO | Finished: https://api.gbif.org/v1/species/8995339/synonyms | total=0
2026-07-05 15:19:06 | INFO | Fetching: https://api.gbif.org/v1/species/8626968/synonyms | params={}
2026-07-05 15:19:07 | INFO | Finished: https://api.gbif.org/v1/species/8626968/synonyms | total=0
2026-07-05 15:19:07 | INFO | Fetching: https://api.gbif.org/v1/species/8882099/synonyms | params={}
2026-07-05 15:19:07 | INFO | Finished: https://api.gbif.org/v1/species/8882099/synonyms | total=4
2026-07-05 15:19:07 | INFO | Fetching: https://api.gbif.org/v1/species/9224920/synonyms | params={}
2026-07-05 15:19:07 | INFO | Finished: https://api.gbif.org/v1/species/9224920/synonyms | total=1
2026-07-05 15:19:07 | INFO | Fetching: https://api.gbif.org/v1/species/8980055/synonyms | params={}
2026-07-05 15:19:07 | INFO | Finished: https://api.gbif.org/v1/species/8980055/synonyms | total=1
2026-07-05 15:19:07 | INFO | Fetching: https://api.gbif.org/v1/species/8746449/synonyms | params={}
2026-07-05 15:19:08 | INFO | Finished: https://api.gbif.org/v1/species/8746449/synonyms | total=1
2026-07-05 15:19:08 | INFO | Fetching: https://api.gbif.org/v1/species/8842602/synonyms | params={}
2026-07-05 15:19:08 | INFO | Finished: https://api.gbif.org/v1/species/8842602/synonyms | total=0
2026-07-05 15:19:08 | INFO | Fetching: https://api.gbif.org/v1/species/8793496/synonyms | params={}
2026-07-05 15:19:08 | INFO | Finished: https://api.gbif.org/v1/species/8793496/synonyms | total=0
2026-07-05 15:19:08 | INFO | Fetching: https://api.gbif.org/v1/species/7565586/synonyms | params={}
2026-07-05 15:19:08 | INFO | Finished: https://api.gbif.org/v1/species/7565586/synonyms | total=5
2026-07-05 15:19:08 | INFO | Fetching: https://api.gbif.org/v1/species/6067029/synonyms | params={}
2026-07-05 15:19:09 | INFO | Finished: https://api.gbif.org/v1/species/6067029/synonyms | total=2
2026-07-05 15:19:09 | INFO | Fetching: https://api.gbif.org/v1/species/9562666/synonyms | params={}
2026-07-05 15:19:09 | INFO | Finished: https://api.gbif.org/v1/species/9562666/synonyms | total=2
2026-07-05 15:19:09 | INFO | Fetching: https://api.gbif.org/v1/species/9591480/synonyms | params={}
2026-07-05 15:19:09 | INFO | Finished: https://api.gbif.org/v1/species/9591480/synonyms | total=1
2026-07-05 15:19:09 | INFO | Fetching: https://api.gbif.org/v1/species/9397312/synonyms | params={}
2026-07-05 15:19:09 | INFO | Finished: https://api.gbif.org/v1/species/9397312/synonyms | total=0
2026-07-05 15:19:09 | INFO | Fetching: https://api.gbif.org/v1/species/11151863/synonyms | params={}
2026-07-05 15:19:10 | INFO | Finished: https://api.gbif.org/v1/species/11151863/synonyms | total=0
2026-07-05 15:19:10 | INFO | Fetching: https://api.gbif.org/v1/species/6961198/synonyms | params={}
2026-07-05 15:19:10 | INFO | Finished: https://api.gbif.org/v1/species/6961198/synonyms | total=0
2026-07-05 15:19:10 | INFO | Fetching: https://api.gbif.org/v1/species/4429602/synonyms | params={}
2026-07-05 15:19:10 | INFO | Finished: https://api.gbif.org/v1/species/4429602/synonyms | total=1
2026-07-05 15:19:10 | INFO | Fetching: https://api.gbif.org/v1/species/8928708/synonyms | params={}
2026-07-05 15:19:11 | INFO | Finished: https://api.gbif.org/v1/species/8928708/synonyms | total=0
2026-07-05 15:19:11 | INFO | Fetching: https://api.gbif.org/v1/species/8658894/synonyms | params={}
2026-07-05 15:19:12 | INFO | Finished: https://api.gbif.org/v1/species/8658894/synonyms | total=0
2026-07-05 15:19:12 | INFO | Fetching: https://api.gbif.org/v1/species/10784466/synonyms | params={}
2026-07-05 15:19:12 | INFO | Finished: https://api.gbif.org/v1/species/10784466/synonyms | total=2
2026-07-05 15:19:12 | INFO | Fetching: https://api.gbif.org/v1/species/10839420/synonyms | params={}
2026-07-05 15:19:12 | INFO | Finished: https://api.gbif.org/v1/species/10839420/synonyms | total=3
2026-07-05 15:19:12 | INFO | Fetching: https://api.gbif.org/v1/species/10676056/synonyms | params={}
2026-07-05 15:19:13 | INFO | Finished: https://api.gbif.org/v1/species/10676056/synonyms | total=3
2026-07-05 15:19:13 | INFO | Fetching: https://api.gbif.org/v1/species/10717347/synonyms | params={}
2026-07-05 15:19:13 | INFO | Finished: https://api.gbif.org/v1/species/10717347/synonyms | total=2
2026-07-05 15:19:13 | INFO | Fetching: https://api.gbif.org/v1/species/10772453/synonyms | params={}
2026-07-05 15:19:13 | INFO | Finished: https://api.gbif.org/v1/species/10772453/synonyms | total=1
2026-07-05 15:19:13 | INFO | Fetching: https://api.gbif.org/v1/species/10113717/synonyms | params={}
2026-07-05 15:19:14 | INFO | Finished: https://api.gbif.org/v1/species/10113717/synonyms | total=5
2026-07-05 15:19:14 | INFO | Fetching: https://api.gbif.org/v1/species/10758862/synonyms | params={}
2026-07-05 15:19:14 | INFO | Finished: https://api.gbif.org/v1/species/10758862/synonyms | total=3
2026-07-05 15:19:14 | INFO | Fetching: https://api.gbif.org/v1/species/10865036/synonyms | params={}
2026-07-05 15:19:14 | INFO | Finished: https://api.gbif.org/v1/species/10865036/synonyms | total=2
2026-07-05 15:19:14 | INFO | Fetching: https://api.gbif.org/v1/species/10689589/synonyms | params={}
2026-07-05 15:19:15 | INFO | Finished: https://api.gbif.org/v1/species/10689589/synonyms | total=2
2026-07-05 15:19:15 | INFO | Fetching: https://api.gbif.org/v1/species/10880860/synonyms | params={}
2026-07-05 15:19:15 | INFO | Finished: https://api.gbif.org/v1/species/10880860/synonyms | total=1
2026-07-05 15:19:15 | INFO | Fetching: https://api.gbif.org/v1/species/10730927/synonyms | params={}
2026-07-05 15:19:15 | INFO | Finished: https://api.gbif.org/v1/species/10730927/synonyms | total=2
2026-07-05 15:19:15 | INFO | Fetching: https://api.gbif.org/v1/species/10825913/synonyms | params={}
2026-07-05 15:19:15 | INFO | Finished: https://api.gbif.org/v1/species/10825913/synonyms | total=2
2026-07-05 15:19:15 | INFO | Fetching: https://api.gbif.org/v1/species/10798149/synonyms | params={}
2026-07-05 15:19:16 | INFO | Finished: https://api.gbif.org/v1/species/10798149/synonyms | total=2
2026-07-05 15:19:16 | INFO | Fetching: https://api.gbif.org/v1/species/10756552/synonyms | params={}
2026-07-05 15:19:16 | INFO | Finished: https://api.gbif.org/v1/species/10756552/synonyms | total=1
2026-07-05 15:19:16 | INFO | Fetching: https://api.gbif.org/v1/species/10691843/synonyms | params={}
2026-07-05 15:19:16 | INFO | Finished: https://api.gbif.org/v1/species/10691843/synonyms | total=2
2026-07-05 15:19:16 | INFO | Fetching: https://api.gbif.org/v1/species/10823590/synonyms | params={}
2026-07-05 15:19:16 | INFO | Finished: https://api.gbif.org/v1/species/10823590/synonyms | total=2
2026-07-05 15:19:16 | INFO | Fetching: https://api.gbif.org/v1/species/10782208/synonyms | params={}
2026-07-05 15:19:17 | INFO | Finished: https://api.gbif.org/v1/species/10782208/synonyms | total=2
2026-07-05 15:19:17 | INFO | Fetching: https://api.gbif.org/v1/species/10173985/synonyms | params={}
2026-07-05 15:19:17 | INFO | Finished: https://api.gbif.org/v1/species/10173985/synonyms | total=1
2026-07-05 15:19:17 | INFO | Fetching: https://api.gbif.org/v1/species/10841748/synonyms | params={}
2026-07-05 15:19:17 | INFO | Finished: https://api.gbif.org/v1/species/10841748/synonyms | total=2
2026-07-05 15:19:17 | INFO | Fetching: https://api.gbif.org/v1/species/10851579/synonyms | params={}
2026-07-05 15:19:17 | INFO | Finished: https://api.gbif.org/v1/species/10851579/synonyms | total=1
2026-07-05 15:19:17 | INFO | Fetching: https://api.gbif.org/v1/species/10892926/synonyms | params={}
2026-07-05 15:19:18 | INFO | Finished: https://api.gbif.org/v1/species/10892926/synonyms | total=5
2026-07-05 15:19:18 | INFO | Fetching: https://api.gbif.org/v1/species/10867331/synonyms | params={}
2026-07-05 15:19:18 | INFO | Finished: https://api.gbif.org/v1/species/10867331/synonyms | total=2
2026-07-05 15:19:18 | INFO | Fetching: https://api.gbif.org/v1/species/10733226/synonyms | params={}
2026-07-05 15:19:18 | INFO | Finished: https://api.gbif.org/v1/species/10733226/synonyms | total=0
2026-07-05 15:19:18 | INFO | Fetching: https://api.gbif.org/v1/species/10715101/synonyms | params={}
2026-07-05 15:19:18 | INFO | Finished: https://api.gbif.org/v1/species/10715101/synonyms | total=2
2026-07-05 15:19:18 | INFO | Fetching: https://api.gbif.org/v1/species/8029952/synonyms | params={}
2026-07-05 15:19:19 | INFO | Finished: https://api.gbif.org/v1/species/8029952/synonyms | total=2
2026-07-05 15:19:19 | INFO | Fetching: https://api.gbif.org/v1/species/7475593/synonyms | params={}
2026-07-05 15:19:19 | INFO | Finished: https://api.gbif.org/v1/species/7475593/synonyms | total=0
2026-07-05 15:19:19 | INFO | Fetching: https://api.gbif.org/v1/species/10822594/synonyms | params={}
2026-07-05 15:19:19 | INFO | Finished: https://api.gbif.org/v1/species/10822594/synonyms | total=0
2026-07-05 15:19:19 | INFO | Fetching: https://api.gbif.org/v1/species/11210406/synonyms | params={}
2026-07-05 15:19:19 | INFO | Finished: https://api.gbif.org/v1/species/11210406/synonyms | total=0
2026-07-05 15:19:20 | INFO | Fetching: https://api.gbif.org/v1/species/8830638/synonyms | params={}
2026-07-05 15:19:20 | INFO | Finished: https://api.gbif.org/v1/species/8830638/synonyms | total=0
2026-07-05 15:19:20 | INFO | Fetching: https://api.gbif.org/v1/species/6961643/synonyms | params={}
2026-07-05 15:19:20 | INFO | Finished: https://api.gbif.org/v1/species/6961643/synonyms | total=0
2026-07-05 15:19:20 | INFO | Fetching: https://api.gbif.org/v1/species/8829539/synonyms | params={}
2026-07-05 15:19:20 | INFO | Finished: https://api.gbif.org/v1/species/8829539/synonyms | total=0
2026-07-05 15:19:20 | INFO | Fetching: https://api.gbif.org/v1/species/6961644/synonyms | params={}
2026-07-05 15:19:21 | INFO | Finished: https://api.gbif.org/v1/species/6961644/synonyms | total=0
2026-07-05 15:19:21 | INFO | Fetching: https://api.gbif.org/v1/species/6961638/synonyms | params={}
2026-07-05 15:19:21 | INFO | Finished: https://api.gbif.org/v1/species/6961638/synonyms | total=0
2026-07-05 15:19:21 | INFO | Fetching: https://api.gbif.org/v1/species/6961636/synonyms | params={}
2026-07-05 15:19:21 | INFO | Finished: https://api.gbif.org/v1/species/6961636/synonyms | total=0
2026-07-05 15:19:21 | INFO | Fetching: https://api.gbif.org/v1/species/6961642/synonyms | params={}
2026-07-05 15:19:21 | INFO | Finished: https://api.gbif.org/v1/species/6961642/synonyms | total=0
2026-07-05 15:19:21 | INFO | Fetching: https://api.gbif.org/v1/species/9227824/synonyms | params={}
2026-07-05 15:19:22 | INFO | Finished: https://api.gbif.org/v1/species/9227824/synonyms | total=0
2026-07-05 15:19:22 | INFO | Fetching: https://api.gbif.org/v1/species/9438326/synonyms | params={}
2026-07-05 15:19:22 | INFO | Finished: https://api.gbif.org/v1/species/9438326/synonyms | total=0
2026-07-05 15:19:22 | INFO | Fetching: https://api.gbif.org/v1/species/6067169/synonyms | params={}
2026-07-05 15:19:22 | INFO | Finished: https://api.gbif.org/v1/species/6067169/synonyms | total=0
2026-07-05 15:19:22 | INFO | Fetching: https://api.gbif.org/v1/species/6067170/synonyms | params={}
2026-07-05 15:19:22 | INFO | Finished: https://api.gbif.org/v1/species/6067170/synonyms | total=0
2026-07-05 15:19:22 | INFO | Fetching: https://api.gbif.org/v1/species/4429584/synonyms | params={}
2026-07-05 15:19:23 | INFO | Finished: https://api.gbif.org/v1/species/4429584/synonyms | total=4
2026-07-05 15:19:23 | INFO | Fetching: https://api.gbif.org/v1/species/4429597/synonyms | params={}
2026-07-05 15:19:23 | INFO | Finished: https://api.gbif.org/v1/species/4429597/synonyms | total=3
2026-07-05 15:19:23 | INFO | Fetching: https://api.gbif.org/v1/species/4429588/synonyms | params={}
2026-07-05 15:19:23 | INFO | Finished: https://api.gbif.org/v1/species/4429588/synonyms | total=1
2026-07-05 15:19:23 | INFO | Fetching: https://api.gbif.org/v1/species/4429583/synonyms | params={}
2026-07-05 15:19:23 | INFO | Finished: https://api.gbif.org/v1/species/4429583/synonyms | total=0
2026-07-05 15:19:23 | INFO | Fetching: https://api.gbif.org/v1/species/4429590/synonyms | params={}
2026-07-05 15:19:24 | INFO | Finished: https://api.gbif.org/v1/species/4429590/synonyms | total=8
2026-07-05 15:19:24 | INFO | Fetching: https://api.gbif.org/v1/species/4429533/synonyms | params={}
2026-07-05 15:19:24 | INFO | Finished: https://api.gbif.org/v1/species/4429533/synonyms | total=9
2026-07-05 15:19:24 | INFO | Fetching: https://api.gbif.org/v1/species/4429857/synonyms | params={}
2026-07-05 15:19:24 | INFO | Finished: https://api.gbif.org/v1/species/4429857/synonyms | total=6
2026-07-05 15:19:24 | INFO | Fetching: https://api.gbif.org/v1/species/9034635/synonyms | params={}
2026-07-05 15:19:24 | INFO | Finished: https://api.gbif.org/v1/species/9034635/synonyms | total=0
2026-07-05 15:19:24 | INFO | Fetching: https://api.gbif.org/v1/species/4429854/synonyms | params={}
2026-07-05 15:19:25 | INFO | Finished: https://api.gbif.org/v1/species/4429854/synonyms | total=0
2026-07-05 15:19:25 | INFO | Fetching: https://api.gbif.org/v1/species/4429874/synonyms | params={}
2026-07-05 15:19:25 | INFO | Finished: https://api.gbif.org/v1/species/4429874/synonyms | total=1
2026-07-05 15:19:25 | INFO | Fetching: https://api.gbif.org/v1/species/4429853/synonyms | params={}
2026-07-05 15:19:25 | INFO | Finished: https://api.gbif.org/v1/species/4429853/synonyms | total=0
2026-07-05 15:19:25 | INFO | Fetching: https://api.gbif.org/v1/species/4429872/synonyms | params={}
2026-07-05 15:19:25 | INFO | Finished: https://api.gbif.org/v1/species/4429872/synonyms | total=1
2026-07-05 15:19:25 | INFO | Fetching: https://api.gbif.org/v1/species/4429852/synonyms | params={}
2026-07-05 15:19:26 | INFO | Finished: https://api.gbif.org/v1/species/4429852/synonyms | total=0
2026-07-05 15:19:26 | INFO | Fetching: https://api.gbif.org/v1/species/4429869/synonyms | params={}
2026-07-05 15:19:26 | INFO | Finished: https://api.gbif.org/v1/species/4429869/synonyms | total=10
2026-07-05 15:19:26 | INFO | Fetching: https://api.gbif.org/v1/species/9257633/synonyms | params={}
2026-07-05 15:19:26 | INFO | Finished: https://api.gbif.org/v1/species/9257633/synonyms | total=0
2026-07-05 15:19:26 | INFO | Fetching: https://api.gbif.org/v1/species/6067035/synonyms | params={}
2026-07-05 15:19:27 | INFO | Finished: https://api.gbif.org/v1/species/6067035/synonyms | total=2
2026-07-05 15:19:27 | INFO | Fetching: https://api.gbif.org/v1/species/6067033/synonyms | params={}
2026-07-05 15:19:27 | INFO | Finished: https://api.gbif.org/v1/species/6067033/synonyms | total=2
2026-07-05 15:19:27 | INFO | Fetching: https://api.gbif.org/v1/species/6067037/synonyms | params={}
2026-07-05 15:19:27 | INFO | Finished: https://api.gbif.org/v1/species/6067037/synonyms | total=2
2026-07-05 15:19:27 | INFO | Fetching: https://api.gbif.org/v1/species/9372785/synonyms | params={}
2026-07-05 15:19:27 | INFO | Finished: https://api.gbif.org/v1/species/9372785/synonyms | total=2
2026-07-05 15:19:27 | INFO | Fetching: https://api.gbif.org/v1/species/11152270/synonyms | params={}
2026-07-05 15:19:28 | INFO | Finished: https://api.gbif.org/v1/species/11152270/synonyms | total=0
2026-07-05 15:19:28 | INFO | Fetching: https://api.gbif.org/v1/species/6961705/synonyms | params={}
2026-07-05 15:19:28 | INFO | Finished: https://api.gbif.org/v1/species/6961705/synonyms | total=0
2026-07-05 15:19:28 | INFO | Fetching: https://api.gbif.org/v1/species/6961729/synonyms | params={}
2026-07-05 15:19:28 | INFO | Finished: https://api.gbif.org/v1/species/6961729/synonyms | total=0
2026-07-05 15:19:28 | INFO | Fetching: https://api.gbif.org/v1/species/6961584/synonyms | params={}
2026-07-05 15:19:28 | INFO | Finished: https://api.gbif.org/v1/species/6961584/synonyms | total=0
2026-07-05 15:19:28 | INFO | Fetching: https://api.gbif.org/v1/species/6961583/synonyms | params={}
2026-07-05 15:19:29 | INFO | Finished: https://api.gbif.org/v1/species/6961583/synonyms | total=0
2026-07-05 15:19:29 | INFO | Fetching: https://api.gbif.org/v1/species/10833432/synonyms | params={}
2026-07-05 15:19:29 | INFO | Finished: https://api.gbif.org/v1/species/10833432/synonyms | total=5
2026-07-05 15:19:29 | INFO | Fetching: https://api.gbif.org/v1/species/9397339/synonyms | params={}
2026-07-05 15:19:29 | INFO | Finished: https://api.gbif.org/v1/species/9397339/synonyms | total=0
2026-07-05 15:19:29 | INFO | Fetching: https://api.gbif.org/v1/species/5737326/synonyms | params={}
2026-07-05 15:19:29 | INFO | Finished: https://api.gbif.org/v1/species/5737326/synonyms | total=0
2026-07-05 15:19:29 | INFO | Fetching: https://api.gbif.org/v1/species/4430768/synonyms | params={}
2026-07-05 15:19:30 | INFO | Finished: https://api.gbif.org/v1/species/4430768/synonyms | total=0
2026-07-05 15:19:30 | INFO | Fetching: https://api.gbif.org/v1/species/4430655/synonyms | params={}
2026-07-05 15:19:30 | INFO | Finished: https://api.gbif.org/v1/species/4430655/synonyms | total=2
2026-07-05 15:19:30 | INFO | Fetching: https://api.gbif.org/v1/species/6067212/synonyms | params={}
2026-07-05 15:19:30 | INFO | Finished: https://api.gbif.org/v1/species/6067212/synonyms | total=0
2026-07-05 15:19:30 | INFO | Fetching: https://api.gbif.org/v1/species/4430646/synonyms | params={}
2026-07-05 15:19:30 | INFO | Finished: https://api.gbif.org/v1/species/4430646/synonyms | total=0
2026-07-05 15:19:30 | INFO | Fetching: https://api.gbif.org/v1/species/6067184/synonyms | params={}
2026-07-05 15:19:31 | INFO | Finished: https://api.gbif.org/v1/species/6067184/synonyms | total=0
2026-07-05 15:19:31 | INFO | Fetching: https://api.gbif.org/v1/species/4430448/synonyms | params={}
2026-07-05 15:19:31 | INFO | Finished: https://api.gbif.org/v1/species/4430448/synonyms | total=4
2026-07-05 15:19:31 | INFO | Fetching: https://api.gbif.org/v1/species/6067305/synonyms | params={}
2026-07-05 15:19:31 | INFO | Finished: https://api.gbif.org/v1/species/6067305/synonyms | total=0
2026-07-05 15:19:31 | INFO | Fetching: https://api.gbif.org/v1/species/6067258/synonyms | params={}
2026-07-05 15:19:31 | INFO | Finished: https://api.gbif.org/v1/species/6067258/synonyms | total=0
2026-07-05 15:19:31 | INFO | Fetching: https://api.gbif.org/v1/species/6067190/synonyms | params={}
2026-07-05 15:19:32 | INFO | Finished: https://api.gbif.org/v1/species/6067190/synonyms | total=0
2026-07-05 15:19:32 | INFO | Fetching: https://api.gbif.org/v1/species/6067285/synonyms | params={}
2026-07-05 15:19:32 | INFO | Finished: https://api.gbif.org/v1/species/6067285/synonyms | total=0
2026-07-05 15:19:32 | INFO | Fetching: https://api.gbif.org/v1/species/4430460/synonyms | params={}
2026-07-05 15:19:32 | INFO | Finished: https://api.gbif.org/v1/species/4430460/synonyms | total=0
2026-07-05 15:19:32 | INFO | Fetching: https://api.gbif.org/v1/species/6067219/synonyms | params={}
2026-07-05 15:19:32 | INFO | Finished: https://api.gbif.org/v1/species/6067219/synonyms | total=0
2026-07-05 15:19:32 | INFO | Fetching: https://api.gbif.org/v1/species/6067284/synonyms | params={}
2026-07-05 15:19:33 | INFO | Finished: https://api.gbif.org/v1/species/6067284/synonyms | total=0
2026-07-05 15:19:33 | INFO | Fetching: https://api.gbif.org/v1/species/6067216/synonyms | params={}
2026-07-05 15:19:33 | INFO | Finished: https://api.gbif.org/v1/species/6067216/synonyms | total=0
2026-07-05 15:19:33 | INFO | Fetching: https://api.gbif.org/v1/species/6960350/synonyms | params={}
2026-07-05 15:19:33 | INFO | Finished: https://api.gbif.org/v1/species/6960350/synonyms | total=0
2026-07-05 15:19:33 | INFO | Fetching: https://api.gbif.org/v1/species/6067306/synonyms | params={}
2026-07-05 15:19:33 | INFO | Finished: https://api.gbif.org/v1/species/6067306/synonyms | total=0
2026-07-05 15:19:33 | INFO | Fetching: https://api.gbif.org/v1/species/6067230/synonyms | params={}
2026-07-05 15:19:34 | INFO | Finished: https://api.gbif.org/v1/species/6067230/synonyms | total=0
2026-07-05 15:19:34 | INFO | Fetching: https://api.gbif.org/v1/species/6960339/synonyms | params={}
2026-07-05 15:19:34 | INFO | Finished: https://api.gbif.org/v1/species/6960339/synonyms | total=0
2026-07-05 15:19:34 | INFO | Fetching: https://api.gbif.org/v1/species/4430661/synonyms | params={}
2026-07-05 15:19:34 | INFO | Finished: https://api.gbif.org/v1/species/4430661/synonyms | total=0
2026-07-05 15:19:34 | INFO | Fetching: https://api.gbif.org/v1/species/4430566/synonyms | params={}
2026-07-05 15:19:34 | INFO | Finished: https://api.gbif.org/v1/species/4430566/synonyms | total=0
2026-07-05 15:19:34 | INFO | Fetching: https://api.gbif.org/v1/species/6067208/synonyms | params={}
2026-07-05 15:19:35 | INFO | Finished: https://api.gbif.org/v1/species/6067208/synonyms | total=0
2026-07-05 15:19:35 | INFO | Fetching: https://api.gbif.org/v1/species/4430751/synonyms | params={}
2026-07-05 15:19:35 | INFO | Finished: https://api.gbif.org/v1/species/4430751/synonyms | total=0
2026-07-05 15:19:35 | INFO | Fetching: https://api.gbif.org/v1/species/9503092/synonyms | params={}
2026-07-05 15:19:35 | INFO | Finished: https://api.gbif.org/v1/species/9503092/synonyms | total=1
2026-07-05 15:19:35 | INFO | Fetching: https://api.gbif.org/v1/species/6067198/synonyms | params={}
2026-07-05 15:19:35 | INFO | Finished: https://api.gbif.org/v1/species/6067198/synonyms | total=0
2026-07-05 15:19:35 | INFO | Fetching: https://api.gbif.org/v1/species/6067277/synonyms | params={}
2026-07-05 15:19:36 | INFO | Finished: https://api.gbif.org/v1/species/6067277/synonyms | total=0
2026-07-05 15:19:36 | INFO | Fetching: https://api.gbif.org/v1/species/6067242/synonyms | params={}
2026-07-05 15:19:36 | INFO | Finished: https://api.gbif.org/v1/species/6067242/synonyms | total=0
2026-07-05 15:19:36 | INFO | Fetching: https://api.gbif.org/v1/species/4430617/synonyms | params={}
2026-07-05 15:19:36 | INFO | Finished: https://api.gbif.org/v1/species/4430617/synonyms | total=1
2026-07-05 15:19:36 | INFO | Fetching: https://api.gbif.org/v1/species/9401369/synonyms | params={}
2026-07-05 15:19:36 | INFO | Finished: https://api.gbif.org/v1/species/9401369/synonyms | total=0
2026-07-05 15:19:36 | INFO | Fetching: https://api.gbif.org/v1/species/4430730/synonyms | params={}
2026-07-05 15:19:37 | INFO | Finished: https://api.gbif.org/v1/species/4430730/synonyms | total=0
2026-07-05 15:19:37 | INFO | Fetching: https://api.gbif.org/v1/species/4430481/synonyms | params={}
2026-07-05 15:19:37 | INFO | Finished: https://api.gbif.org/v1/species/4430481/synonyms | total=1
2026-07-05 15:19:37 | INFO | Fetching: https://api.gbif.org/v1/species/4430483/synonyms | params={}
2026-07-05 15:19:37 | INFO | Finished: https://api.gbif.org/v1/species/4430483/synonyms | total=1
2026-07-05 15:19:37 | INFO | Fetching: https://api.gbif.org/v1/species/12252952/synonyms | params={}
2026-07-05 15:19:37 | INFO | Finished: https://api.gbif.org/v1/species/12252952/synonyms | total=0
2026-07-05 15:19:37 | INFO | Fetching: https://api.gbif.org/v1/species/6067188/synonyms | params={}
2026-07-05 15:19:38 | INFO | Finished: https://api.gbif.org/v1/species/6067188/synonyms | total=0
2026-07-05 15:19:38 | INFO | Fetching: https://api.gbif.org/v1/species/6067273/synonyms | params={}
2026-07-05 15:19:38 | INFO | Finished: https://api.gbif.org/v1/species/6067273/synonyms | total=0
2026-07-05 15:19:38 | INFO | Fetching: https://api.gbif.org/v1/species/12227205/synonyms | params={}
2026-07-05 15:19:38 | INFO | Finished: https://api.gbif.org/v1/species/12227205/synonyms | total=0
2026-07-05 15:19:38 | INFO | Fetching: https://api.gbif.org/v1/species/4430685/synonyms | params={}
2026-07-05 15:19:38 | INFO | Finished: https://api.gbif.org/v1/species/4430685/synonyms | total=0
2026-07-05 15:19:38 | INFO | Fetching: https://api.gbif.org/v1/species/9046653/synonyms | params={}
2026-07-05 15:19:39 | INFO | Finished: https://api.gbif.org/v1/species/9046653/synonyms | total=0
2026-07-05 15:19:39 | INFO | Fetching: https://api.gbif.org/v1/species/4430556/synonyms | params={}
2026-07-05 15:19:39 | INFO | Finished: https://api.gbif.org/v1/species/4430556/synonyms | total=0
2026-07-05 15:19:39 | INFO | Fetching: https://api.gbif.org/v1/species/4430428/synonyms | params={}
2026-07-05 15:19:39 | INFO | Finished: https://api.gbif.org/v1/species/4430428/synonyms | total=0
2026-07-05 15:19:39 | INFO | Fetching: https://api.gbif.org/v1/species/11499020/synonyms | params={}
2026-07-05 15:19:39 | INFO | Finished: https://api.gbif.org/v1/species/11499020/synonyms | total=0
2026-07-05 15:19:39 | INFO | Fetching: https://api.gbif.org/v1/species/6067279/synonyms | params={}
2026-07-05 15:19:40 | INFO | Finished: https://api.gbif.org/v1/species/6067279/synonyms | total=0
2026-07-05 15:19:40 | INFO | Fetching: https://api.gbif.org/v1/species/4430487/synonyms | params={}
2026-07-05 15:19:40 | INFO | Finished: https://api.gbif.org/v1/species/4430487/synonyms | total=1
2026-07-05 15:19:40 | INFO | Fetching: https://api.gbif.org/v1/species/4430510/synonyms | params={}
2026-07-05 15:19:40 | INFO | Finished: https://api.gbif.org/v1/species/4430510/synonyms | total=0
2026-07-05 15:19:40 | INFO | Fetching: https://api.gbif.org/v1/species/6067287/synonyms | params={}
2026-07-05 15:19:40 | INFO | Finished: https://api.gbif.org/v1/species/6067287/synonyms | total=0
2026-07-05 15:19:40 | INFO | Fetching: https://api.gbif.org/v1/species/6067210/synonyms | params={}
2026-07-05 15:19:41 | INFO | Finished: https://api.gbif.org/v1/species/6067210/synonyms | total=0
2026-07-05 15:19:41 | INFO | Fetching: https://api.gbif.org/v1/species/4430767/synonyms | params={}
2026-07-05 15:19:41 | INFO | Finished: https://api.gbif.org/v1/species/4430767/synonyms | total=0
2026-07-05 15:19:41 | INFO | Fetching: https://api.gbif.org/v1/species/4430650/synonyms | params={}
2026-07-05 15:19:41 | INFO | Finished: https://api.gbif.org/v1/species/4430650/synonyms | total=1
2026-07-05 15:19:41 | INFO | Fetching: https://api.gbif.org/v1/species/4430604/synonyms | params={}
2026-07-05 15:19:42 | INFO | Finished: https://api.gbif.org/v1/species/4430604/synonyms | total=2
2026-07-05 15:19:42 | INFO | Fetching: https://api.gbif.org/v1/species/9503862/synonyms | params={}
2026-07-05 15:19:42 | INFO | Finished: https://api.gbif.org/v1/species/9503862/synonyms | total=0
2026-07-05 15:19:42 | INFO | Fetching: https://api.gbif.org/v1/species/12179488/synonyms | params={}
2026-07-05 15:19:42 | INFO | Finished: https://api.gbif.org/v1/species/12179488/synonyms | total=0
2026-07-05 15:19:42 | INFO | Fetching: https://api.gbif.org/v1/species/9550027/synonyms | params={}
2026-07-05 15:19:42 | INFO | Finished: https://api.gbif.org/v1/species/9550027/synonyms | total=0
2026-07-05 15:19:42 | INFO | Fetching: https://api.gbif.org/v1/species/4430591/synonyms | params={}
2026-07-05 15:19:42 | INFO | Finished: https://api.gbif.org/v1/species/4430591/synonyms | total=1
2026-07-05 15:19:42 | INFO | Fetching: https://api.gbif.org/v1/species/4430514/synonyms | params={}
2026-07-05 15:19:43 | INFO | Finished: https://api.gbif.org/v1/species/4430514/synonyms | total=0
2026-07-05 15:19:43 | INFO | Fetching: https://api.gbif.org/v1/species/6067248/synonyms | params={}
2026-07-05 15:19:43 | INFO | Finished: https://api.gbif.org/v1/species/6067248/synonyms | total=0
2026-07-05 15:19:43 | INFO | Fetching: https://api.gbif.org/v1/species/4430575/synonyms | params={}
2026-07-05 15:19:43 | INFO | Finished: https://api.gbif.org/v1/species/4430575/synonyms | total=0
2026-07-05 15:19:43 | INFO | Fetching: https://api.gbif.org/v1/species/9310741/synonyms | params={}
2026-07-05 15:19:44 | INFO | Finished: https://api.gbif.org/v1/species/9310741/synonyms | total=0
2026-07-05 15:19:44 | INFO | Fetching: https://api.gbif.org/v1/species/9144009/synonyms | params={}
2026-07-05 15:19:44 | INFO | Finished: https://api.gbif.org/v1/species/9144009/synonyms | total=0
2026-07-05 15:19:44 | INFO | Fetching: https://api.gbif.org/v1/species/6067191/synonyms | params={}
2026-07-05 15:19:44 | INFO | Finished: https://api.gbif.org/v1/species/6067191/synonyms | total=0
2026-07-05 15:19:44 | INFO | Fetching: https://api.gbif.org/v1/species/6067256/synonyms | params={}
2026-07-05 15:19:44 | INFO | Finished: https://api.gbif.org/v1/species/6067256/synonyms | total=0
2026-07-05 15:19:44 | INFO | Fetching: https://api.gbif.org/v1/species/10662415/synonyms | params={}
2026-07-05 15:19:45 | INFO | Finished: https://api.gbif.org/v1/species/10662415/synonyms | total=0
2026-07-05 15:19:45 | INFO | Fetching: https://api.gbif.org/v1/species/9430013/synonyms | params={}
2026-07-05 15:19:45 | INFO | Finished: https://api.gbif.org/v1/species/9430013/synonyms | total=0
2026-07-05 15:19:45 | INFO | Fetching: https://api.gbif.org/v1/species/4430526/synonyms | params={}
2026-07-05 15:19:45 | INFO | Finished: https://api.gbif.org/v1/species/4430526/synonyms | total=1
2026-07-05 15:19:45 | INFO | Fetching: https://api.gbif.org/v1/species/4430716/synonyms | params={}
2026-07-05 15:19:45 | INFO | Finished: https://api.gbif.org/v1/species/4430716/synonyms | total=0
2026-07-05 15:19:45 | INFO | Fetching: https://api.gbif.org/v1/species/4430590/synonyms | params={}
2026-07-05 15:19:46 | INFO | Finished: https://api.gbif.org/v1/species/4430590/synonyms | total=0
2026-07-05 15:19:46 | INFO | Fetching: https://api.gbif.org/v1/species/4430717/synonyms | params={}
2026-07-05 15:19:46 | INFO | Finished: https://api.gbif.org/v1/species/4430717/synonyms | total=0
2026-07-05 15:19:46 | INFO | Fetching: https://api.gbif.org/v1/species/6960342/synonyms | params={}
2026-07-05 15:19:46 | INFO | Finished: https://api.gbif.org/v1/species/6960342/synonyms | total=0
2026-07-05 15:19:46 | INFO | Fetching: https://api.gbif.org/v1/species/6067214/synonyms | params={}
2026-07-05 15:19:46 | INFO | Finished: https://api.gbif.org/v1/species/6067214/synonyms | total=0
2026-07-05 15:19:46 | INFO | Fetching: https://api.gbif.org/v1/species/4430528/synonyms | params={}
2026-07-05 15:19:47 | INFO | Finished: https://api.gbif.org/v1/species/4430528/synonyms | total=0
2026-07-05 15:19:47 | INFO | Fetching: https://api.gbif.org/v1/species/4430670/synonyms | params={}
2026-07-05 15:19:47 | INFO | Finished: https://api.gbif.org/v1/species/4430670/synonyms | total=0
2026-07-05 15:19:47 | INFO | Fetching: https://api.gbif.org/v1/species/4430489/synonyms | params={}
2026-07-05 15:19:47 | INFO | Finished: https://api.gbif.org/v1/species/4430489/synonyms | total=0
2026-07-05 15:19:47 | INFO | Fetching: https://api.gbif.org/v1/species/4430665/synonyms | params={}
2026-07-05 15:19:47 | INFO | Finished: https://api.gbif.org/v1/species/4430665/synonyms | total=2
2026-07-05 15:19:47 | INFO | Fetching: https://api.gbif.org/v1/species/4430602/synonyms | params={}
2026-07-05 15:19:48 | INFO | Finished: https://api.gbif.org/v1/species/4430602/synonyms | total=0
2026-07-05 15:19:48 | INFO | Fetching: https://api.gbif.org/v1/species/6067291/synonyms | params={}
2026-07-05 15:19:48 | INFO | Finished: https://api.gbif.org/v1/species/6067291/synonyms | total=0
2026-07-05 15:19:48 | INFO | Fetching: https://api.gbif.org/v1/species/6067237/synonyms | params={}
2026-07-05 15:19:48 | INFO | Finished: https://api.gbif.org/v1/species/6067237/synonyms | total=0
2026-07-05 15:19:48 | INFO | Fetching: https://api.gbif.org/v1/species/6067271/synonyms | params={}
2026-07-05 15:19:48 | INFO | Finished: https://api.gbif.org/v1/species/6067271/synonyms | total=0
2026-07-05 15:19:48 | INFO | Fetching: https://api.gbif.org/v1/species/6067235/synonyms | params={}
2026-07-05 15:19:49 | INFO | Finished: https://api.gbif.org/v1/species/6067235/synonyms | total=0
2026-07-05 15:19:49 | INFO | Fetching: https://api.gbif.org/v1/species/4430729/synonyms | params={}
2026-07-05 15:19:49 | INFO | Finished: https://api.gbif.org/v1/species/4430729/synonyms | total=0
2026-07-05 15:19:49 | INFO | Fetching: https://api.gbif.org/v1/species/4430529/synonyms | params={}
2026-07-05 15:19:49 | INFO | Finished: https://api.gbif.org/v1/species/4430529/synonyms | total=0
2026-07-05 15:19:49 | INFO | Fetching: https://api.gbif.org/v1/species/4430708/synonyms | params={}
2026-07-05 15:19:49 | INFO | Finished: https://api.gbif.org/v1/species/4430708/synonyms | total=1
2026-07-05 15:19:49 | INFO | Fetching: https://api.gbif.org/v1/species/6067295/synonyms | params={}
2026-07-05 15:19:50 | INFO | Finished: https://api.gbif.org/v1/species/6067295/synonyms | total=0
2026-07-05 15:19:50 | INFO | Fetching: https://api.gbif.org/v1/species/6067297/synonyms | params={}
2026-07-05 15:19:50 | INFO | Finished: https://api.gbif.org/v1/species/6067297/synonyms | total=0
2026-07-05 15:19:50 | INFO | Fetching: https://api.gbif.org/v1/species/6067272/synonyms | params={}
2026-07-05 15:19:50 | INFO | Finished: https://api.gbif.org/v1/species/6067272/synonyms | total=0
2026-07-05 15:19:50 | INFO | Fetching: https://api.gbif.org/v1/species/4430671/synonyms | params={}
2026-07-05 15:19:51 | INFO | Finished: https://api.gbif.org/v1/species/4430671/synonyms | total=1
2026-07-05 15:19:51 | INFO | Fetching: https://api.gbif.org/v1/species/4430421/synonyms | params={}
2026-07-05 15:19:51 | INFO | Finished: https://api.gbif.org/v1/species/4430421/synonyms | total=0
2026-07-05 15:19:51 | INFO | Fetching: https://api.gbif.org/v1/species/6067252/synonyms | params={}
2026-07-05 15:19:51 | INFO | Finished: https://api.gbif.org/v1/species/6067252/synonyms | total=0
2026-07-05 15:19:51 | INFO | Fetching: https://api.gbif.org/v1/species/4430430/synonyms | params={}
2026-07-05 15:19:51 | INFO | Finished: https://api.gbif.org/v1/species/4430430/synonyms | total=0
2026-07-05 15:19:51 | INFO | Fetching: https://api.gbif.org/v1/species/6067269/synonyms | params={}
2026-07-05 15:19:52 | INFO | Finished: https://api.gbif.org/v1/species/6067269/synonyms | total=0
2026-07-05 15:19:52 | INFO | Fetching: https://api.gbif.org/v1/species/4430726/synonyms | params={}
2026-07-05 15:19:52 | INFO | Finished: https://api.gbif.org/v1/species/4430726/synonyms | total=2
2026-07-05 15:19:52 | INFO | Fetching: https://api.gbif.org/v1/species/6067221/synonyms | params={}
2026-07-05 15:19:52 | INFO | Finished: https://api.gbif.org/v1/species/6067221/synonyms | total=0
2026-07-05 15:19:52 | INFO | Fetching: https://api.gbif.org/v1/species/6067270/synonyms | params={}
2026-07-05 15:19:52 | INFO | Finished: https://api.gbif.org/v1/species/6067270/synonyms | total=0
2026-07-05 15:19:52 | INFO | Fetching: https://api.gbif.org/v1/species/6067290/synonyms | params={}
2026-07-05 15:19:53 | INFO | Finished: https://api.gbif.org/v1/species/6067290/synonyms | total=0
2026-07-05 15:19:53 | INFO | Fetching: https://api.gbif.org/v1/species/6067275/synonyms | params={}
2026-07-05 15:19:53 | INFO | Finished: https://api.gbif.org/v1/species/6067275/synonyms | total=0
2026-07-05 15:19:53 | INFO | Fetching: https://api.gbif.org/v1/species/4430669/synonyms | params={}
2026-07-05 15:19:53 | INFO | Finished: https://api.gbif.org/v1/species/4430669/synonyms | total=0
2026-07-05 15:19:53 | INFO | Fetching: https://api.gbif.org/v1/species/4430436/synonyms | params={}
2026-07-05 15:19:53 | INFO | Finished: https://api.gbif.org/v1/species/4430436/synonyms | total=3
2026-07-05 15:19:53 | INFO | Fetching: https://api.gbif.org/v1/species/6067281/synonyms | params={}
2026-07-05 15:19:54 | INFO | Finished: https://api.gbif.org/v1/species/6067281/synonyms | total=0
2026-07-05 15:19:54 | INFO | Fetching: https://api.gbif.org/v1/species/4430538/synonyms | params={}
2026-07-05 15:19:54 | INFO | Finished: https://api.gbif.org/v1/species/4430538/synonyms | total=0
2026-07-05 15:19:54 | INFO | Fetching: https://api.gbif.org/v1/species/4430533/synonyms | params={}
2026-07-05 15:19:54 | INFO | Finished: https://api.gbif.org/v1/species/4430533/synonyms | total=0
2026-07-05 15:19:54 | INFO | Fetching: https://api.gbif.org/v1/species/11473389/synonyms | params={}
2026-07-05 15:19:54 | INFO | Finished: https://api.gbif.org/v1/species/11473389/synonyms | total=0
2026-07-05 15:19:54 | INFO | Fetching: https://api.gbif.org/v1/species/12196880/synonyms | params={}
2026-07-05 15:19:55 | INFO | Finished: https://api.gbif.org/v1/species/12196880/synonyms | total=0
2026-07-05 15:19:55 | INFO | Fetching: https://api.gbif.org/v1/species/6067280/synonyms | params={}
2026-07-05 15:19:55 | INFO | Finished: https://api.gbif.org/v1/species/6067280/synonyms | total=0
2026-07-05 15:19:55 | INFO | Fetching: https://api.gbif.org/v1/species/4430683/synonyms | params={}
2026-07-05 15:19:55 | INFO | Finished: https://api.gbif.org/v1/species/4430683/synonyms | total=0
2026-07-05 15:19:55 | INFO | Fetching: https://api.gbif.org/v1/species/4430581/synonyms | params={}
2026-07-05 15:19:56 | INFO | Finished: https://api.gbif.org/v1/species/4430581/synonyms | total=0
2026-07-05 15:19:56 | INFO | Fetching: https://api.gbif.org/v1/species/5737354/synonyms | params={}
2026-07-05 15:19:56 | INFO | Finished: https://api.gbif.org/v1/species/5737354/synonyms | total=0
2026-07-05 15:19:56 | INFO | Fetching: https://api.gbif.org/v1/species/4430603/synonyms | params={}
2026-07-05 15:19:56 | INFO | Finished: https://api.gbif.org/v1/species/4430603/synonyms | total=0
2026-07-05 15:19:56 | INFO | Fetching: https://api.gbif.org/v1/species/4430699/synonyms | params={}
2026-07-05 15:19:56 | INFO | Finished: https://api.gbif.org/v1/species/4430699/synonyms | total=0
2026-07-05 15:19:56 | INFO | Fetching: https://api.gbif.org/v1/species/4430659/synonyms | params={}
2026-07-05 15:19:57 | INFO | Finished: https://api.gbif.org/v1/species/4430659/synonyms | total=0
2026-07-05 15:19:57 | INFO | Fetching: https://api.gbif.org/v1/species/4430515/synonyms | params={}
2026-07-05 15:19:57 | INFO | Finished: https://api.gbif.org/v1/species/4430515/synonyms | total=4
2026-07-05 15:19:57 | INFO | Fetching: https://api.gbif.org/v1/species/4430508/synonyms | params={}
2026-07-05 15:19:57 | INFO | Finished: https://api.gbif.org/v1/species/4430508/synonyms | total=2
2026-07-05 15:19:57 | INFO | Fetching: https://api.gbif.org/v1/species/6067294/synonyms | params={}
2026-07-05 15:19:57 | INFO | Finished: https://api.gbif.org/v1/species/6067294/synonyms | total=0
2026-07-05 15:19:57 | INFO | Fetching: https://api.gbif.org/v1/species/4430420/synonyms | params={}
2026-07-05 15:19:57 | INFO | Finished: https://api.gbif.org/v1/species/4430420/synonyms | total=0
2026-07-05 15:19:57 | INFO | Fetching: https://api.gbif.org/v1/species/4430703/synonyms | params={}
2026-07-05 15:19:58 | INFO | Finished: https://api.gbif.org/v1/species/4430703/synonyms | total=0
2026-07-05 15:19:58 | INFO | Fetching: https://api.gbif.org/v1/species/4430486/synonyms | params={}
2026-07-05 15:19:58 | INFO | Finished: https://api.gbif.org/v1/species/4430486/synonyms | total=0
2026-07-05 15:19:58 | INFO | Fetching: https://api.gbif.org/v1/species/6067301/synonyms | params={}
2026-07-05 15:19:58 | INFO | Finished: https://api.gbif.org/v1/species/6067301/synonyms | total=0
2026-07-05 15:19:58 | INFO | Fetching: https://api.gbif.org/v1/species/4430688/synonyms | params={}
2026-07-05 15:19:58 | INFO | Finished: https://api.gbif.org/v1/species/4430688/synonyms | total=0
2026-07-05 15:19:58 | INFO | Fetching: https://api.gbif.org/v1/species/4430635/synonyms | params={}
2026-07-05 15:19:59 | INFO | Finished: https://api.gbif.org/v1/species/4430635/synonyms | total=0
2026-07-05 15:19:59 | INFO | Fetching: https://api.gbif.org/v1/species/6067196/synonyms | params={}
2026-07-05 15:19:59 | INFO | Finished: https://api.gbif.org/v1/species/6067196/synonyms | total=0
2026-07-05 15:19:59 | INFO | Fetching: https://api.gbif.org/v1/species/6067192/synonyms | params={}
2026-07-05 15:19:59 | INFO | Finished: https://api.gbif.org/v1/species/6067192/synonyms | total=0
2026-07-05 15:19:59 | INFO | Fetching: https://api.gbif.org/v1/species/4430608/synonyms | params={}
2026-07-05 15:20:00 | INFO | Finished: https://api.gbif.org/v1/species/4430608/synonyms | total=0
2026-07-05 15:20:00 | INFO | Fetching: https://api.gbif.org/v1/species/6067181/synonyms | params={}
2026-07-05 15:20:00 | INFO | Finished: https://api.gbif.org/v1/species/6067181/synonyms | total=0
2026-07-05 15:20:00 | INFO | Fetching: https://api.gbif.org/v1/species/9411303/synonyms | params={}
2026-07-05 15:20:00 | INFO | Finished: https://api.gbif.org/v1/species/9411303/synonyms | total=0
2026-07-05 15:20:00 | INFO | Fetching: https://api.gbif.org/v1/species/4430619/synonyms | params={}
2026-07-05 15:20:00 | INFO | Finished: https://api.gbif.org/v1/species/4430619/synonyms | total=0
2026-07-05 15:20:00 | INFO | Fetching: https://api.gbif.org/v1/species/11167042/synonyms | params={}
2026-07-05 15:20:01 | INFO | Finished: https://api.gbif.org/v1/species/11167042/synonyms | total=0
2026-07-05 15:20:01 | INFO | Fetching: https://api.gbif.org/v1/species/4430601/synonyms | params={}
2026-07-05 15:20:01 | INFO | Finished: https://api.gbif.org/v1/species/4430601/synonyms | total=0
2026-07-05 15:20:01 | INFO | Fetching: https://api.gbif.org/v1/species/10172724/synonyms | params={}
2026-07-05 15:20:01 | INFO | Finished: https://api.gbif.org/v1/species/10172724/synonyms | total=0
2026-07-05 15:20:01 | INFO | Fetching: https://api.gbif.org/v1/species/4430558/synonyms | params={}
2026-07-05 15:20:01 | INFO | Finished: https://api.gbif.org/v1/species/4430558/synonyms | total=1
2026-07-05 15:20:01 | INFO | Fetching: https://api.gbif.org/v1/species/6067254/synonyms | params={}
2026-07-05 15:20:02 | INFO | Finished: https://api.gbif.org/v1/species/6067254/synonyms | total=0
2026-07-05 15:20:02 | INFO | Fetching: https://api.gbif.org/v1/species/11189067/synonyms | params={}
2026-07-05 15:20:02 | INFO | Finished: https://api.gbif.org/v1/species/11189067/synonyms | total=0
2026-07-05 15:20:02 | INFO | Fetching: https://api.gbif.org/v1/species/6067207/synonyms | params={}
2026-07-05 15:20:02 | INFO | Finished: https://api.gbif.org/v1/species/6067207/synonyms | total=0
2026-07-05 15:20:02 | INFO | Fetching: https://api.gbif.org/v1/species/12263423/synonyms | params={}
2026-07-05 15:20:02 | INFO | Finished: https://api.gbif.org/v1/species/12263423/synonyms | total=0
2026-07-05 15:20:02 | INFO | Fetching: https://api.gbif.org/v1/species/10510875/synonyms | params={}
2026-07-05 15:20:03 | INFO | Finished: https://api.gbif.org/v1/species/10510875/synonyms | total=0
2026-07-05 15:20:03 | INFO | Fetching: https://api.gbif.org/v1/species/6067232/synonyms | params={}
2026-07-05 15:20:03 | INFO | Finished: https://api.gbif.org/v1/species/6067232/synonyms | total=0
2026-07-05 15:20:03 | INFO | Fetching: https://api.gbif.org/v1/species/6067267/synonyms | params={}
2026-07-05 15:20:03 | INFO | Finished: https://api.gbif.org/v1/species/6067267/synonyms | total=0
2026-07-05 15:20:03 | INFO | Fetching: https://api.gbif.org/v1/species/9344666/synonyms | params={}
2026-07-05 15:20:03 | INFO | Finished: https://api.gbif.org/v1/species/9344666/synonyms | total=0
2026-07-05 15:20:03 | INFO | Fetching: https://api.gbif.org/v1/species/4430752/synonyms | params={}
2026-07-05 15:20:04 | INFO | Finished: https://api.gbif.org/v1/species/4430752/synonyms | total=0
2026-07-05 15:20:04 | INFO | Fetching: https://api.gbif.org/v1/species/4430596/synonyms | params={}
2026-07-05 15:20:04 | INFO | Finished: https://api.gbif.org/v1/species/4430596/synonyms | total=2
2026-07-05 15:20:04 | INFO | Fetching: https://api.gbif.org/v1/species/6067266/synonyms | params={}
2026-07-05 15:20:04 | INFO | Finished: https://api.gbif.org/v1/species/6067266/synonyms | total=0
2026-07-05 15:20:04 | INFO | Fetching: https://api.gbif.org/v1/species/4430759/synonyms | params={}
2026-07-05 15:20:04 | INFO | Finished: https://api.gbif.org/v1/species/4430759/synonyms | total=0
2026-07-05 15:20:04 | INFO | Fetching: https://api.gbif.org/v1/species/4430433/synonyms | params={}
2026-07-05 15:20:05 | INFO | Finished: https://api.gbif.org/v1/species/4430433/synonyms | total=0
2026-07-05 15:20:05 | INFO | Fetching: https://api.gbif.org/v1/species/8552816/synonyms | params={}
2026-07-05 15:20:05 | INFO | Finished: https://api.gbif.org/v1/species/8552816/synonyms | total=0
2026-07-05 15:20:05 | INFO | Fetching: https://api.gbif.org/v1/species/6960363/synonyms | params={}
2026-07-05 15:20:05 | INFO | Finished: https://api.gbif.org/v1/species/6960363/synonyms | total=0
2026-07-05 15:20:05 | INFO | Fetching: https://api.gbif.org/v1/species/6067187/synonyms | params={}
2026-07-05 15:20:06 | INFO | Finished: https://api.gbif.org/v1/species/6067187/synonyms | total=0
2026-07-05 15:20:06 | INFO | Fetching: https://api.gbif.org/v1/species/11840751/synonyms | params={}
2026-07-05 15:20:06 | INFO | Finished: https://api.gbif.org/v1/species/11840751/synonyms | total=1
2026-07-05 15:20:06 | INFO | Fetching: https://api.gbif.org/v1/species/4430519/synonyms | params={}
2026-07-05 15:20:06 | INFO | Finished: https://api.gbif.org/v1/species/4430519/synonyms | total=0
2026-07-05 15:20:06 | INFO | Fetching: https://api.gbif.org/v1/species/4430574/synonyms | params={}
2026-07-05 15:20:06 | INFO | Finished: https://api.gbif.org/v1/species/4430574/synonyms | total=0
2026-07-05 15:20:06 | INFO | Fetching: https://api.gbif.org/v1/species/4430599/synonyms | params={}
2026-07-05 15:20:07 | INFO | Finished: https://api.gbif.org/v1/species/4430599/synonyms | total=0
2026-07-05 15:20:07 | INFO | Fetching: https://api.gbif.org/v1/species/12224985/synonyms | params={}
2026-07-05 15:20:07 | INFO | Finished: https://api.gbif.org/v1/species/12224985/synonyms | total=0
2026-07-05 15:20:07 | INFO | Fetching: https://api.gbif.org/v1/species/9377845/synonyms | params={}
2026-07-05 15:20:07 | INFO | Finished: https://api.gbif.org/v1/species/9377845/synonyms | total=0
2026-07-05 15:20:07 | INFO | Fetching: https://api.gbif.org/v1/species/4430536/synonyms | params={}
2026-07-05 15:20:07 | INFO | Finished: https://api.gbif.org/v1/species/4430536/synonyms | total=0
2026-07-05 15:20:07 | INFO | Fetching: https://api.gbif.org/v1/species/10876050/synonyms | params={}
2026-07-05 15:20:08 | INFO | Finished: https://api.gbif.org/v1/species/10876050/synonyms | total=0
2026-07-05 15:20:08 | INFO | Fetching: https://api.gbif.org/v1/species/4430707/synonyms | params={}
2026-07-05 15:20:08 | INFO | Finished: https://api.gbif.org/v1/species/4430707/synonyms | total=0
2026-07-05 15:20:08 | INFO | Fetching: https://api.gbif.org/v1/species/6067293/synonyms | params={}
2026-07-05 15:20:08 | INFO | Finished: https://api.gbif.org/v1/species/6067293/synonyms | total=0
2026-07-05 15:20:08 | INFO | Fetching: https://api.gbif.org/v1/species/6067239/synonyms | params={}
2026-07-05 15:20:08 | INFO | Finished: https://api.gbif.org/v1/species/6067239/synonyms | total=0
2026-07-05 15:20:08 | INFO | Fetching: https://api.gbif.org/v1/species/4430494/synonyms | params={}
2026-07-05 15:20:09 | INFO | Finished: https://api.gbif.org/v1/species/4430494/synonyms | total=0
2026-07-05 15:20:09 | INFO | Fetching: https://api.gbif.org/v1/species/6067224/synonyms | params={}
2026-07-05 15:20:09 | INFO | Finished: https://api.gbif.org/v1/species/6067224/synonyms | total=0
2026-07-05 15:20:09 | INFO | Fetching: https://api.gbif.org/v1/species/4430641/synonyms | params={}
2026-07-05 15:20:09 | INFO | Finished: https://api.gbif.org/v1/species/4430641/synonyms | total=10
2026-07-05 15:20:09 | INFO | Fetching: https://api.gbif.org/v1/species/6067233/synonyms | params={}
2026-07-05 15:20:09 | INFO | Finished: https://api.gbif.org/v1/species/6067233/synonyms | total=0
2026-07-05 15:20:09 | INFO | Fetching: https://api.gbif.org/v1/species/8755584/synonyms | params={}
2026-07-05 15:20:10 | INFO | Finished: https://api.gbif.org/v1/species/8755584/synonyms | total=0
2026-07-05 15:20:10 | INFO | Fetching: https://api.gbif.org/v1/species/11115019/synonyms | params={}
2026-07-05 15:20:10 | INFO | Finished: https://api.gbif.org/v1/species/11115019/synonyms | total=0
2026-07-05 15:20:10 | INFO | Fetching: https://api.gbif.org/v1/species/6067227/synonyms | params={}
2026-07-05 15:20:10 | INFO | Finished: https://api.gbif.org/v1/species/6067227/synonyms | total=0
2026-07-05 15:20:10 | INFO | Fetching: https://api.gbif.org/v1/species/4430652/synonyms | params={}
2026-07-05 15:20:10 | INFO | Finished: https://api.gbif.org/v1/species/4430652/synonyms | total=1
2026-07-05 15:20:10 | INFO | Fetching: https://api.gbif.org/v1/species/4430480/synonyms | params={}
2026-07-05 15:20:11 | INFO | Finished: https://api.gbif.org/v1/species/4430480/synonyms | total=0
2026-07-05 15:20:11 | INFO | Fetching: https://api.gbif.org/v1/species/6067185/synonyms | params={}
2026-07-05 15:20:11 | INFO | Finished: https://api.gbif.org/v1/species/6067185/synonyms | total=0
2026-07-05 15:20:11 | INFO | Fetching: https://api.gbif.org/v1/species/6067202/synonyms | params={}
2026-07-05 15:20:11 | INFO | Finished: https://api.gbif.org/v1/species/6067202/synonyms | total=0
2026-07-05 15:20:11 | INFO | Fetching: https://api.gbif.org/v1/species/5737350/synonyms | params={}
2026-07-05 15:20:11 | INFO | Finished: https://api.gbif.org/v1/species/5737350/synonyms | total=0
2026-07-05 15:20:11 | INFO | Fetching: https://api.gbif.org/v1/species/6067245/synonyms | params={}
2026-07-05 15:20:12 | INFO | Finished: https://api.gbif.org/v1/species/6067245/synonyms | total=0
2026-07-05 15:20:12 | INFO | Fetching: https://api.gbif.org/v1/species/10858681/synonyms | params={}
2026-07-05 15:20:12 | INFO | Finished: https://api.gbif.org/v1/species/10858681/synonyms | total=0
2026-07-05 15:20:12 | INFO | Fetching: https://api.gbif.org/v1/species/4430649/synonyms | params={}
2026-07-05 15:20:12 | INFO | Finished: https://api.gbif.org/v1/species/4430649/synonyms | total=1
2026-07-05 15:20:12 | INFO | Fetching: https://api.gbif.org/v1/species/6067206/synonyms | params={}
2026-07-05 15:20:12 | INFO | Finished: https://api.gbif.org/v1/species/6067206/synonyms | total=0
2026-07-05 15:20:12 | INFO | Fetching: https://api.gbif.org/v1/species/6067274/synonyms | params={}
2026-07-05 15:20:13 | INFO | Finished: https://api.gbif.org/v1/species/6067274/synonyms | total=0
2026-07-05 15:20:13 | INFO | Fetching: https://api.gbif.org/v1/species/4430594/synonyms | params={}
2026-07-05 15:20:13 | INFO | Finished: https://api.gbif.org/v1/species/4430594/synonyms | total=0
2026-07-05 15:20:13 | INFO | Fetching: https://api.gbif.org/v1/species/9435209/synonyms | params={}
2026-07-05 15:20:13 | INFO | Finished: https://api.gbif.org/v1/species/9435209/synonyms | total=0
2026-07-05 15:20:13 | INFO | Fetching: https://api.gbif.org/v1/species/4430461/synonyms | params={}
2026-07-05 15:20:13 | INFO | Finished: https://api.gbif.org/v1/species/4430461/synonyms | total=0
2026-07-05 15:20:14 | INFO | Fetching: https://api.gbif.org/v1/species/6067255/synonyms | params={}
2026-07-05 15:20:14 | INFO | Finished: https://api.gbif.org/v1/species/6067255/synonyms | total=0
2026-07-05 15:20:14 | INFO | Fetching: https://api.gbif.org/v1/species/6067303/synonyms | params={}
2026-07-05 15:20:14 | INFO | Finished: https://api.gbif.org/v1/species/6067303/synonyms | total=0
2026-07-05 15:20:14 | INFO | Fetching: https://api.gbif.org/v1/species/9266533/synonyms | params={}
2026-07-05 15:20:14 | INFO | Finished: https://api.gbif.org/v1/species/9266533/synonyms | total=0
2026-07-05 15:20:14 | INFO | Fetching: https://api.gbif.org/v1/species/4430673/synonyms | params={}
2026-07-05 15:20:15 | INFO | Finished: https://api.gbif.org/v1/species/4430673/synonyms | total=6
2026-07-05 15:20:15 | INFO | Fetching: https://api.gbif.org/v1/species/4430462/synonyms | params={}
2026-07-05 15:20:15 | INFO | Finished: https://api.gbif.org/v1/species/4430462/synonyms | total=4
2026-07-05 15:20:15 | INFO | Fetching: https://api.gbif.org/v1/species/4430544/synonyms | params={}
2026-07-05 15:20:15 | INFO | Finished: https://api.gbif.org/v1/species/4430544/synonyms | total=1
2026-07-05 15:20:15 | INFO | Fetching: https://api.gbif.org/v1/species/4430609/synonyms | params={}
2026-07-05 15:20:15 | INFO | Finished: https://api.gbif.org/v1/species/4430609/synonyms | total=0
2026-07-05 15:20:15 | INFO | Fetching: https://api.gbif.org/v1/species/4430760/synonyms | params={}
2026-07-05 15:20:16 | INFO | Finished: https://api.gbif.org/v1/species/4430760/synonyms | total=0
2026-07-05 15:20:16 | INFO | Fetching: https://api.gbif.org/v1/species/11159575/synonyms | params={}
2026-07-05 15:20:16 | INFO | Finished: https://api.gbif.org/v1/species/11159575/synonyms | total=0
2026-07-05 15:20:16 | INFO | Fetching: https://api.gbif.org/v1/species/8765345/synonyms | params={}
2026-07-05 15:20:16 | INFO | Finished: https://api.gbif.org/v1/species/8765345/synonyms | total=0
2026-07-05 15:20:16 | INFO | Fetching: https://api.gbif.org/v1/species/6067204/synonyms | params={}
2026-07-05 15:20:16 | INFO | Finished: https://api.gbif.org/v1/species/6067204/synonyms | total=0
2026-07-05 15:20:16 | INFO | Fetching: https://api.gbif.org/v1/species/5737351/synonyms | params={}
2026-07-05 15:20:16 | INFO | Finished: https://api.gbif.org/v1/species/5737351/synonyms | total=0
2026-07-05 15:20:16 | INFO | Fetching: https://api.gbif.org/v1/species/6067213/synonyms | params={}
2026-07-05 15:20:17 | INFO | Finished: https://api.gbif.org/v1/species/6067213/synonyms | total=0
2026-07-05 15:20:17 | INFO | Fetching: https://api.gbif.org/v1/species/4430686/synonyms | params={}
2026-07-05 15:20:17 | INFO | Finished: https://api.gbif.org/v1/species/4430686/synonyms | total=1
2026-07-05 15:20:17 | INFO | Fetching: https://api.gbif.org/v1/species/6067228/synonyms | params={}
2026-07-05 15:20:17 | INFO | Finished: https://api.gbif.org/v1/species/6067228/synonyms | total=0
2026-07-05 15:20:17 | INFO | Fetching: https://api.gbif.org/v1/species/4430658/synonyms | params={}
2026-07-05 15:20:17 | INFO | Finished: https://api.gbif.org/v1/species/4430658/synonyms | total=0
2026-07-05 15:20:17 | INFO | Fetching: https://api.gbif.org/v1/species/11201952/synonyms | params={}
2026-07-05 15:20:18 | INFO | Finished: https://api.gbif.org/v1/species/11201952/synonyms | total=0
2026-07-05 15:20:18 | INFO | Fetching: https://api.gbif.org/v1/species/6067263/synonyms | params={}
2026-07-05 15:20:18 | INFO | Finished: https://api.gbif.org/v1/species/6067263/synonyms | total=0
2026-07-05 15:20:18 | INFO | Fetching: https://api.gbif.org/v1/species/4430615/synonyms | params={}
2026-07-05 15:20:18 | INFO | Finished: https://api.gbif.org/v1/species/4430615/synonyms | total=1
2026-07-05 15:20:18 | INFO | Fetching: https://api.gbif.org/v1/species/4430571/synonyms | params={}
2026-07-05 15:20:18 | INFO | Finished: https://api.gbif.org/v1/species/4430571/synonyms | total=0
2026-07-05 15:20:18 | INFO | Fetching: https://api.gbif.org/v1/species/4430552/synonyms | params={}
2026-07-05 15:20:19 | INFO | Finished: https://api.gbif.org/v1/species/4430552/synonyms | total=0
2026-07-05 15:20:19 | INFO | Fetching: https://api.gbif.org/v1/species/12235424/synonyms | params={}
2026-07-05 15:20:19 | INFO | Finished: https://api.gbif.org/v1/species/12235424/synonyms | total=0
2026-07-05 15:20:19 | INFO | Fetching: https://api.gbif.org/v1/species/6067298/synonyms | params={}
2026-07-05 15:20:19 | INFO | Finished: https://api.gbif.org/v1/species/6067298/synonyms | total=0
2026-07-05 15:20:19 | INFO | Fetching: https://api.gbif.org/v1/species/11139841/synonyms | params={}
2026-07-05 15:20:19 | INFO | Finished: https://api.gbif.org/v1/species/11139841/synonyms | total=0
2026-07-05 15:20:19 | INFO | Fetching: https://api.gbif.org/v1/species/4430431/synonyms | params={}
2026-07-05 15:20:20 | INFO | Finished: https://api.gbif.org/v1/species/4430431/synonyms | total=0
2026-07-05 15:20:20 | INFO | Fetching: https://api.gbif.org/v1/species/5737348/synonyms | params={}
2026-07-05 15:20:20 | INFO | Finished: https://api.gbif.org/v1/species/5737348/synonyms | total=0
2026-07-05 15:20:20 | INFO | Fetching: https://api.gbif.org/v1/species/4430525/synonyms | params={}
2026-07-05 15:20:20 | INFO | Finished: https://api.gbif.org/v1/species/4430525/synonyms | total=0
2026-07-05 15:20:20 | INFO | Fetching: https://api.gbif.org/v1/species/4430459/synonyms | params={}
2026-07-05 15:20:20 | INFO | Finished: https://api.gbif.org/v1/species/4430459/synonyms | total=1
2026-07-05 15:20:20 | INFO | Fetching: https://api.gbif.org/v1/species/9259306/synonyms | params={}
2026-07-05 15:20:21 | INFO | Finished: https://api.gbif.org/v1/species/9259306/synonyms | total=0
2026-07-05 15:20:21 | INFO | Fetching: https://api.gbif.org/v1/species/6067024/synonyms | params={}
2026-07-05 15:20:21 | INFO | Finished: https://api.gbif.org/v1/species/6067024/synonyms | total=2
2026-07-05 15:20:21 | INFO | Fetching: https://api.gbif.org/v1/species/7624032/synonyms | params={}
2026-07-05 15:20:21 | INFO | Finished: https://api.gbif.org/v1/species/7624032/synonyms | total=2
2026-07-05 15:20:21 | INFO | Fetching: https://api.gbif.org/v1/species/6067026/synonyms | params={}
2026-07-05 15:20:21 | INFO | Finished: https://api.gbif.org/v1/species/6067026/synonyms | total=0
2026-07-05 15:20:21 | INFO | Fetching: https://api.gbif.org/v1/species/6067027/synonyms | params={}
2026-07-05 15:20:22 | INFO | Finished: https://api.gbif.org/v1/species/6067027/synonyms | total=1
2026-07-05 15:20:22 | INFO | Fetching: https://api.gbif.org/v1/species/11205591/synonyms | params={}
2026-07-05 15:20:22 | INFO | Finished: https://api.gbif.org/v1/species/11205591/synonyms | total=0
2026-07-05 15:20:22 | INFO | Fetching: https://api.gbif.org/v1/species/9304302/synonyms | params={}
2026-07-05 15:20:22 | INFO | Finished: https://api.gbif.org/v1/species/9304302/synonyms | total=0
2026-07-05 15:20:22 | INFO | Fetching: https://api.gbif.org/v1/species/11111552/synonyms | params={}
2026-07-05 15:20:22 | INFO | Finished: https://api.gbif.org/v1/species/11111552/synonyms | total=0
2026-07-05 15:20:22 | INFO | Fetching: https://api.gbif.org/v1/species/9420944/synonyms | params={}
2026-07-05 15:20:23 | INFO | Finished: https://api.gbif.org/v1/species/9420944/synonyms | total=0
2026-07-05 15:20:23 | INFO | Fetching: https://api.gbif.org/v1/species/9346233/synonyms | params={}
2026-07-05 15:20:23 | INFO | Finished: https://api.gbif.org/v1/species/9346233/synonyms | total=0
2026-07-05 15:20:23 | INFO | Fetching: https://api.gbif.org/v1/species/9616082/synonyms | params={}
2026-07-05 15:20:23 | INFO | Finished: https://api.gbif.org/v1/species/9616082/synonyms | total=0
2026-07-05 15:20:23 | INFO | Fetching: https://api.gbif.org/v1/species/9538281/synonyms | params={}
2026-07-05 15:20:23 | INFO | Finished: https://api.gbif.org/v1/species/9538281/synonyms | total=0
2026-07-05 15:20:23 | INFO | Fetching: https://api.gbif.org/v1/species/9635119/synonyms | params={}
2026-07-05 15:20:24 | INFO | Finished: https://api.gbif.org/v1/species/9635119/synonyms | total=0
2026-07-05 15:20:24 | INFO | Fetching: https://api.gbif.org/v1/species/11196262/synonyms | params={}
2026-07-05 15:20:24 | INFO | Finished: https://api.gbif.org/v1/species/11196262/synonyms | total=0
2026-07-05 15:20:24 | INFO | Fetching: https://api.gbif.org/v1/species/11193349/synonyms | params={}
2026-07-05 15:20:24 | INFO | Finished: https://api.gbif.org/v1/species/11193349/synonyms | total=0
2026-07-05 15:20:24 | INFO | Fetching: https://api.gbif.org/v1/species/6067014/synonyms | params={}
2026-07-05 15:20:24 | INFO | Finished: https://api.gbif.org/v1/species/6067014/synonyms | total=0
2026-07-05 15:20:24 | INFO | Fetching: https://api.gbif.org/v1/species/6960440/synonyms | params={}
2026-07-05 15:20:25 | INFO | Finished: https://api.gbif.org/v1/species/6960440/synonyms | total=0
2026-07-05 15:20:25 | INFO | Fetching: https://api.gbif.org/v1/species/6960441/synonyms | params={}
2026-07-05 15:20:25 | INFO | Finished: https://api.gbif.org/v1/species/6960441/synonyms | total=0
2026-07-05 15:20:25 | INFO | Fetching: https://api.gbif.org/v1/species/6960438/synonyms | params={}
2026-07-05 15:20:25 | INFO | Finished: https://api.gbif.org/v1/species/6960438/synonyms | total=0
2026-07-05 15:20:25 | INFO | Fetching: https://api.gbif.org/v1/species/8576813/synonyms | params={}
2026-07-05 15:20:26 | INFO | Finished: https://api.gbif.org/v1/species/8576813/synonyms | total=0
2026-07-05 15:20:26 | INFO | Fetching: https://api.gbif.org/v1/species/6067147/synonyms | params={}
2026-07-05 15:20:26 | INFO | Finished: https://api.gbif.org/v1/species/6067147/synonyms | total=0
2026-07-05 15:20:26 | INFO | Fetching: https://api.gbif.org/v1/species/8766623/synonyms | params={}
2026-07-05 15:20:26 | INFO | Finished: https://api.gbif.org/v1/species/8766623/synonyms | total=0
2026-07-05 15:20:26 | INFO | Fetching: https://api.gbif.org/v1/species/5737275/synonyms | params={}
2026-07-05 15:20:26 | INFO | Finished: https://api.gbif.org/v1/species/5737275/synonyms | total=1
2026-07-05 15:20:26 | INFO | Fetching: https://api.gbif.org/v1/species/5737277/synonyms | params={}
2026-07-05 15:20:27 | INFO | Finished: https://api.gbif.org/v1/species/5737277/synonyms | total=0
2026-07-05 15:20:27 | INFO | Fetching: https://api.gbif.org/v1/species/5737276/synonyms | params={}
2026-07-05 15:20:27 | INFO | Finished: https://api.gbif.org/v1/species/5737276/synonyms | total=0
2026-07-05 15:20:27 | INFO | Fetching: https://api.gbif.org/v1/species/5737274/synonyms | params={}
2026-07-05 15:20:27 | INFO | Finished: https://api.gbif.org/v1/species/5737274/synonyms | total=2
2026-07-05 15:20:27 | INFO | Fetching: https://api.gbif.org/v1/species/4430341/synonyms | params={}
2026-07-05 15:20:27 | INFO | Finished: https://api.gbif.org/v1/species/4430341/synonyms | total=0
2026-07-05 15:20:27 | INFO | Fetching: https://api.gbif.org/v1/species/6067318/synonyms | params={}
2026-07-05 15:20:28 | INFO | Finished: https://api.gbif.org/v1/species/6067318/synonyms | total=0
2026-07-05 15:20:28 | INFO | Fetching: https://api.gbif.org/v1/species/4430324/synonyms | params={}
2026-07-05 15:20:28 | INFO | Finished: https://api.gbif.org/v1/species/4430324/synonyms | total=0
2026-07-05 15:20:28 | INFO | Fetching: https://api.gbif.org/v1/species/4430312/synonyms | params={}
2026-07-05 15:20:28 | INFO | Finished: https://api.gbif.org/v1/species/4430312/synonyms | total=0
2026-07-05 15:20:28 | INFO | Fetching: https://api.gbif.org/v1/species/6067325/synonyms | params={}
2026-07-05 15:20:28 | INFO | Finished: https://api.gbif.org/v1/species/6067325/synonyms | total=0
2026-07-05 15:20:28 | INFO | Fetching: https://api.gbif.org/v1/species/4430291/synonyms | params={}
2026-07-05 15:20:29 | INFO | Finished: https://api.gbif.org/v1/species/4430291/synonyms | total=2
2026-07-05 15:20:29 | INFO | Fetching: https://api.gbif.org/v1/species/4430270/synonyms | params={}
2026-07-05 15:20:29 | INFO | Finished: https://api.gbif.org/v1/species/4430270/synonyms | total=7
2026-07-05 15:20:29 | INFO | Fetching: https://api.gbif.org/v1/species/4430261/synonyms | params={}
2026-07-05 15:20:29 | INFO | Finished: https://api.gbif.org/v1/species/4430261/synonyms | total=0
2026-07-05 15:20:29 | INFO | Fetching: https://api.gbif.org/v1/species/6067310/synonyms | params={}
2026-07-05 15:20:29 | INFO | Finished: https://api.gbif.org/v1/species/6067310/synonyms | total=0
2026-07-05 15:20:29 | INFO | Fetching: https://api.gbif.org/v1/species/4430246/synonyms | params={}
2026-07-05 15:20:30 | INFO | Finished: https://api.gbif.org/v1/species/4430246/synonyms | total=0
2026-07-05 15:20:30 | INFO | Fetching: https://api.gbif.org/v1/species/4430234/synonyms | params={}
2026-07-05 15:20:30 | INFO | Finished: https://api.gbif.org/v1/species/4430234/synonyms | total=4
2026-07-05 15:20:30 | INFO | Fetching: https://api.gbif.org/v1/species/4430225/synonyms | params={}
2026-07-05 15:20:30 | INFO | Finished: https://api.gbif.org/v1/species/4430225/synonyms | total=0
2026-07-05 15:20:30 | INFO | Fetching: https://api.gbif.org/v1/species/6960161/synonyms | params={}
2026-07-05 15:20:30 | INFO | Finished: https://api.gbif.org/v1/species/6960161/synonyms | total=0
2026-07-05 15:20:30 | INFO | Fetching: https://api.gbif.org/v1/species/4430383/synonyms | params={}
2026-07-05 15:20:31 | INFO | Finished: https://api.gbif.org/v1/species/4430383/synonyms | total=0
2026-07-05 15:20:31 | INFO | Fetching: https://api.gbif.org/v1/species/6067319/synonyms | params={}
2026-07-05 15:20:31 | INFO | Finished: https://api.gbif.org/v1/species/6067319/synonyms | total=0
2026-07-05 15:20:31 | INFO | Fetching: https://api.gbif.org/v1/species/4430375/synonyms | params={}
2026-07-05 15:20:31 | INFO | Finished: https://api.gbif.org/v1/species/4430375/synonyms | total=0
2026-07-05 15:20:31 | INFO | Fetching: https://api.gbif.org/v1/species/8932999/synonyms | params={}
2026-07-05 15:20:31 | INFO | Finished: https://api.gbif.org/v1/species/8932999/synonyms | total=0
2026-07-05 15:20:31 | INFO | Fetching: https://api.gbif.org/v1/species/4430355/synonyms | params={}
2026-07-05 15:20:32 | INFO | Finished: https://api.gbif.org/v1/species/4430355/synonyms | total=0
2026-07-05 15:20:32 | INFO | Fetching: https://api.gbif.org/v1/species/4430347/synonyms | params={}
2026-07-05 15:20:32 | INFO | Finished: https://api.gbif.org/v1/species/4430347/synonyms | total=0
2026-07-05 15:20:32 | INFO | Fetching: https://api.gbif.org/v1/species/4430339/synonyms | params={}
2026-07-05 15:20:32 | INFO | Finished: https://api.gbif.org/v1/species/4430339/synonyms | total=0
2026-07-05 15:20:32 | INFO | Fetching: https://api.gbif.org/v1/species/4430320/synonyms | params={}
2026-07-05 15:20:32 | INFO | Finished: https://api.gbif.org/v1/species/4430320/synonyms | total=1
2026-07-05 15:20:32 | INFO | Fetching: https://api.gbif.org/v1/species/6067326/synonyms | params={}
2026-07-05 15:20:33 | INFO | Finished: https://api.gbif.org/v1/species/6067326/synonyms | total=0
2026-07-05 15:20:33 | INFO | Fetching: https://api.gbif.org/v1/species/4430307/synonyms | params={}
2026-07-05 15:20:33 | INFO | Finished: https://api.gbif.org/v1/species/4430307/synonyms | total=3
2026-07-05 15:20:33 | INFO | Fetching: https://api.gbif.org/v1/species/8471052/synonyms | params={}
2026-07-05 15:20:33 | INFO | Finished: https://api.gbif.org/v1/species/8471052/synonyms | total=0
2026-07-05 15:20:33 | INFO | Fetching: https://api.gbif.org/v1/species/4430289/synonyms | params={}
2026-07-05 15:20:33 | INFO | Finished: https://api.gbif.org/v1/species/4430289/synonyms | total=0
2026-07-05 15:20:33 | INFO | Fetching: https://api.gbif.org/v1/species/4430267/synonyms | params={}
2026-07-05 15:20:34 | INFO | Finished: https://api.gbif.org/v1/species/4430267/synonyms | total=1
2026-07-05 15:20:34 | INFO | Fetching: https://api.gbif.org/v1/species/10409161/synonyms | params={}
2026-07-05 15:20:34 | INFO | Finished: https://api.gbif.org/v1/species/10409161/synonyms | total=0
2026-07-05 15:20:34 | INFO | Fetching: https://api.gbif.org/v1/species/4430259/synonyms | params={}
2026-07-05 15:20:34 | INFO | Finished: https://api.gbif.org/v1/species/4430259/synonyms | total=0
2026-07-05 15:20:34 | INFO | Fetching: https://api.gbif.org/v1/species/4430244/synonyms | params={}
2026-07-05 15:20:34 | INFO | Finished: https://api.gbif.org/v1/species/4430244/synonyms | total=0
2026-07-05 15:20:34 | INFO | Fetching: https://api.gbif.org/v1/species/6067311/synonyms | params={}
2026-07-05 15:20:35 | INFO | Finished: https://api.gbif.org/v1/species/6067311/synonyms | total=0
2026-07-05 15:20:35 | INFO | Fetching: https://api.gbif.org/v1/species/4430232/synonyms | params={}
2026-07-05 15:20:35 | INFO | Finished: https://api.gbif.org/v1/species/4430232/synonyms | total=0
2026-07-05 15:20:35 | INFO | Fetching: https://api.gbif.org/v1/species/4430389/synonyms | params={}
2026-07-05 15:20:35 | INFO | Finished: https://api.gbif.org/v1/species/4430389/synonyms | total=0
2026-07-05 15:20:35 | INFO | Fetching: https://api.gbif.org/v1/species/4430381/synonyms | params={}
2026-07-05 15:20:35 | INFO | Finished: https://api.gbif.org/v1/species/4430381/synonyms | total=0
2026-07-05 15:20:35 | INFO | Fetching: https://api.gbif.org/v1/species/4430362/synonyms | params={}
2026-07-05 15:20:36 | INFO | Finished: https://api.gbif.org/v1/species/4430362/synonyms | total=2
2026-07-05 15:20:36 | INFO | Fetching: https://api.gbif.org/v1/species/6960149/synonyms | params={}
2026-07-05 15:20:36 | INFO | Finished: https://api.gbif.org/v1/species/6960149/synonyms | total=0
2026-07-05 15:20:36 | INFO | Fetching: https://api.gbif.org/v1/species/4430353/synonyms | params={}
2026-07-05 15:20:36 | INFO | Finished: https://api.gbif.org/v1/species/4430353/synonyms | total=0
2026-07-05 15:20:36 | INFO | Fetching: https://api.gbif.org/v1/species/4430345/synonyms | params={}
2026-07-05 15:20:36 | INFO | Finished: https://api.gbif.org/v1/species/4430345/synonyms | total=0
2026-07-05 15:20:36 | INFO | Fetching: https://api.gbif.org/v1/species/6960156/synonyms | params={}
2026-07-05 15:20:37 | INFO | Finished: https://api.gbif.org/v1/species/6960156/synonyms | total=0
2026-07-05 15:20:37 | INFO | Fetching: https://api.gbif.org/v1/species/4430330/synonyms | params={}
2026-07-05 15:20:37 | INFO | Finished: https://api.gbif.org/v1/species/4430330/synonyms | total=4
2026-07-05 15:20:37 | INFO | Fetching: https://api.gbif.org/v1/species/4430273/synonyms | params={}
2026-07-05 15:20:37 | INFO | Finished: https://api.gbif.org/v1/species/4430273/synonyms | total=4
2026-07-05 15:20:37 | INFO | Fetching: https://api.gbif.org/v1/species/5737290/synonyms | params={}
2026-07-05 15:20:37 | INFO | Finished: https://api.gbif.org/v1/species/5737290/synonyms | total=0
2026-07-05 15:20:37 | INFO | Fetching: https://api.gbif.org/v1/species/6067320/synonyms | params={}
2026-07-05 15:20:38 | INFO | Finished: https://api.gbif.org/v1/species/6067320/synonyms | total=0
2026-07-05 15:20:38 | INFO | Fetching: https://api.gbif.org/v1/species/4430299/synonyms | params={}
2026-07-05 15:20:38 | INFO | Finished: https://api.gbif.org/v1/species/4430299/synonyms | total=9
2026-07-05 15:20:38 | INFO | Fetching: https://api.gbif.org/v1/species/4430287/synonyms | params={}
2026-07-05 15:20:38 | INFO | Finished: https://api.gbif.org/v1/species/4430287/synonyms | total=0
2026-07-05 15:20:38 | INFO | Fetching: https://api.gbif.org/v1/species/4430265/synonyms | params={}
2026-07-05 15:20:38 | INFO | Finished: https://api.gbif.org/v1/species/4430265/synonyms | total=0
2026-07-05 15:20:38 | INFO | Fetching: https://api.gbif.org/v1/species/4430252/synonyms | params={}
2026-07-05 15:20:39 | INFO | Finished: https://api.gbif.org/v1/species/4430252/synonyms | total=5
2026-07-05 15:20:39 | INFO | Fetching: https://api.gbif.org/v1/species/4430241/synonyms | params={}
2026-07-05 15:20:39 | INFO | Finished: https://api.gbif.org/v1/species/4430241/synonyms | total=0
2026-07-05 15:20:39 | INFO | Fetching: https://api.gbif.org/v1/species/4430229/synonyms | params={}
2026-07-05 15:20:39 | INFO | Finished: https://api.gbif.org/v1/species/4430229/synonyms | total=0
2026-07-05 15:20:39 | INFO | Fetching: https://api.gbif.org/v1/species/4430387/synonyms | params={}
2026-07-05 15:20:39 | INFO | Finished: https://api.gbif.org/v1/species/4430387/synonyms | total=0
2026-07-05 15:20:39 | INFO | Fetching: https://api.gbif.org/v1/species/4430379/synonyms | params={}
2026-07-05 15:20:40 | INFO | Finished: https://api.gbif.org/v1/species/4430379/synonyms | total=0
2026-07-05 15:20:40 | INFO | Fetching: https://api.gbif.org/v1/species/4430360/synonyms | params={}
2026-07-05 15:20:40 | INFO | Finished: https://api.gbif.org/v1/species/4430360/synonyms | total=0
2026-07-05 15:20:40 | INFO | Fetching: https://api.gbif.org/v1/species/4430352/synonyms | params={}
2026-07-05 15:20:40 | INFO | Finished: https://api.gbif.org/v1/species/4430352/synonyms | total=0
2026-07-05 15:20:40 | INFO | Fetching: https://api.gbif.org/v1/species/4430344/synonyms | params={}
2026-07-05 15:20:40 | INFO | Finished: https://api.gbif.org/v1/species/4430344/synonyms | total=0
2026-07-05 15:20:40 | INFO | Fetching: https://api.gbif.org/v1/species/4430328/synonyms | params={}
2026-07-05 15:20:41 | INFO | Finished: https://api.gbif.org/v1/species/4430328/synonyms | total=0
2026-07-05 15:20:41 | INFO | Fetching: https://api.gbif.org/v1/species/6067321/synonyms | params={}
2026-07-05 15:20:41 | INFO | Finished: https://api.gbif.org/v1/species/6067321/synonyms | total=0
2026-07-05 15:20:41 | INFO | Fetching: https://api.gbif.org/v1/species/8832614/synonyms | params={}
2026-07-05 15:20:41 | INFO | Finished: https://api.gbif.org/v1/species/8832614/synonyms | total=0
2026-07-05 15:20:41 | INFO | Fetching: https://api.gbif.org/v1/species/4430315/synonyms | params={}
2026-07-05 15:20:42 | INFO | Finished: https://api.gbif.org/v1/species/4430315/synonyms | total=0
2026-07-05 15:20:42 | INFO | Fetching: https://api.gbif.org/v1/species/4430296/synonyms | params={}
2026-07-05 15:20:42 | INFO | Finished: https://api.gbif.org/v1/species/4430296/synonyms | total=2
2026-07-05 15:20:42 | INFO | Fetching: https://api.gbif.org/v1/species/4430283/synonyms | params={}
2026-07-05 15:20:42 | INFO | Finished: https://api.gbif.org/v1/species/4430283/synonyms | total=3
2026-07-05 15:20:42 | INFO | Fetching: https://api.gbif.org/v1/species/4430264/synonyms | params={}
2026-07-05 15:20:42 | INFO | Finished: https://api.gbif.org/v1/species/4430264/synonyms | total=0
2026-07-05 15:20:42 | INFO | Fetching: https://api.gbif.org/v1/species/4430250/synonyms | params={}
2026-07-05 15:20:42 | INFO | Finished: https://api.gbif.org/v1/species/4430250/synonyms | total=0
2026-07-05 15:20:42 | INFO | Fetching: https://api.gbif.org/v1/species/12261191/synonyms | params={}
2026-07-05 15:20:43 | INFO | Finished: https://api.gbif.org/v1/species/12261191/synonyms | total=0
2026-07-05 15:20:43 | INFO | Fetching: https://api.gbif.org/v1/species/6960116/synonyms | params={}
2026-07-05 15:20:43 | INFO | Finished: https://api.gbif.org/v1/species/6960116/synonyms | total=0
2026-07-05 15:20:43 | INFO | Fetching: https://api.gbif.org/v1/species/4430240/synonyms | params={}
2026-07-05 15:20:43 | INFO | Finished: https://api.gbif.org/v1/species/4430240/synonyms | total=0
2026-07-05 15:20:43 | INFO | Fetching: https://api.gbif.org/v1/species/6067327/synonyms | params={}
2026-07-05 15:20:44 | INFO | Finished: https://api.gbif.org/v1/species/6067327/synonyms | total=0
2026-07-05 15:20:44 | INFO | Fetching: https://api.gbif.org/v1/species/4430228/synonyms | params={}
2026-07-05 15:20:44 | INFO | Finished: https://api.gbif.org/v1/species/4430228/synonyms | total=1
2026-07-05 15:20:44 | INFO | Fetching: https://api.gbif.org/v1/species/4430386/synonyms | params={}
2026-07-05 15:20:44 | INFO | Finished: https://api.gbif.org/v1/species/4430386/synonyms | total=0
2026-07-05 15:20:44 | INFO | Fetching: https://api.gbif.org/v1/species/4430378/synonyms | params={}
2026-07-05 15:20:44 | INFO | Finished: https://api.gbif.org/v1/species/4430378/synonyms | total=0
2026-07-05 15:20:44 | INFO | Fetching: https://api.gbif.org/v1/species/4430358/synonyms | params={}
2026-07-05 15:20:45 | INFO | Finished: https://api.gbif.org/v1/species/4430358/synonyms | total=1
2026-07-05 15:20:45 | INFO | Fetching: https://api.gbif.org/v1/species/4430351/synonyms | params={}
2026-07-05 15:20:45 | INFO | Finished: https://api.gbif.org/v1/species/4430351/synonyms | total=0
2026-07-05 15:20:45 | INFO | Fetching: https://api.gbif.org/v1/species/4430343/synonyms | params={}
2026-07-05 15:20:45 | INFO | Finished: https://api.gbif.org/v1/species/4430343/synonyms | total=0
2026-07-05 15:20:45 | INFO | Fetching: https://api.gbif.org/v1/species/4430326/synonyms | params={}
2026-07-05 15:20:45 | INFO | Finished: https://api.gbif.org/v1/species/4430326/synonyms | total=0
2026-07-05 15:20:45 | INFO | Fetching: https://api.gbif.org/v1/species/4430314/synonyms | params={}
2026-07-05 15:20:46 | INFO | Finished: https://api.gbif.org/v1/species/4430314/synonyms | total=0
2026-07-05 15:20:46 | INFO | Fetching: https://api.gbif.org/v1/species/4430295/synonyms | params={}
2026-07-05 15:20:46 | INFO | Finished: https://api.gbif.org/v1/species/4430295/synonyms | total=0
2026-07-05 15:20:46 | INFO | Fetching: https://api.gbif.org/v1/species/6960147/synonyms | params={}
2026-07-05 15:20:46 | INFO | Finished: https://api.gbif.org/v1/species/6960147/synonyms | total=0
2026-07-05 15:20:46 | INFO | Fetching: https://api.gbif.org/v1/species/4430282/synonyms | params={}
2026-07-05 15:20:46 | INFO | Finished: https://api.gbif.org/v1/species/4430282/synonyms | total=0
2026-07-05 15:20:46 | INFO | Fetching: https://api.gbif.org/v1/species/11720972/synonyms | params={}
2026-07-05 15:20:47 | INFO | Finished: https://api.gbif.org/v1/species/11720972/synonyms | total=0
2026-07-05 15:20:47 | INFO | Fetching: https://api.gbif.org/v1/species/4430263/synonyms | params={}
2026-07-05 15:20:47 | INFO | Finished: https://api.gbif.org/v1/species/4430263/synonyms | total=0
2026-07-05 15:20:47 | INFO | Fetching: https://api.gbif.org/v1/species/4430248/synonyms | params={}
2026-07-05 15:20:47 | INFO | Finished: https://api.gbif.org/v1/species/4430248/synonyms | total=0
2026-07-05 15:20:47 | INFO | Fetching: https://api.gbif.org/v1/species/4430239/synonyms | params={}
2026-07-05 15:20:47 | INFO | Finished: https://api.gbif.org/v1/species/4430239/synonyms | total=0
2026-07-05 15:20:47 | INFO | Fetching: https://api.gbif.org/v1/species/8145594/synonyms | params={}
2026-07-05 15:20:48 | INFO | Finished: https://api.gbif.org/v1/species/8145594/synonyms | total=0
2026-07-05 15:20:48 | INFO | Fetching: https://api.gbif.org/v1/species/4430227/synonyms | params={}
2026-07-05 15:20:48 | INFO | Finished: https://api.gbif.org/v1/species/4430227/synonyms | total=0
2026-07-05 15:20:48 | INFO | Fetching: https://api.gbif.org/v1/species/4430385/synonyms | params={}
2026-07-05 15:20:48 | INFO | Finished: https://api.gbif.org/v1/species/4430385/synonyms | total=0
2026-07-05 15:20:48 | INFO | Fetching: https://api.gbif.org/v1/species/4430377/synonyms | params={}
2026-07-05 15:20:48 | INFO | Finished: https://api.gbif.org/v1/species/4430377/synonyms | total=0
2026-07-05 15:20:48 | INFO | Fetching: https://api.gbif.org/v1/species/4430357/synonyms | params={}
2026-07-05 15:20:49 | INFO | Finished: https://api.gbif.org/v1/species/4430357/synonyms | total=0
2026-07-05 15:20:49 | INFO | Fetching: https://api.gbif.org/v1/species/4430350/synonyms | params={}
2026-07-05 15:20:49 | INFO | Finished: https://api.gbif.org/v1/species/4430350/synonyms | total=0
2026-07-05 15:20:49 | INFO | Fetching: https://api.gbif.org/v1/species/4430342/synonyms | params={}
2026-07-05 15:20:49 | INFO | Finished: https://api.gbif.org/v1/species/4430342/synonyms | total=0
2026-07-05 15:20:49 | INFO | Fetching: https://api.gbif.org/v1/species/5737281/synonyms | params={}
2026-07-05 15:20:49 | INFO | Finished: https://api.gbif.org/v1/species/5737281/synonyms | total=0
2026-07-05 15:20:49 | INFO | Fetching: https://api.gbif.org/v1/species/4430325/synonyms | params={}
2026-07-05 15:20:50 | INFO | Finished: https://api.gbif.org/v1/species/4430325/synonyms | total=0
2026-07-05 15:20:50 | INFO | Fetching: https://api.gbif.org/v1/species/6067312/synonyms | params={}
2026-07-05 15:20:50 | INFO | Finished: https://api.gbif.org/v1/species/6067312/synonyms | total=0
2026-07-05 15:20:50 | INFO | Fetching: https://api.gbif.org/v1/species/5737286/synonyms | params={}
2026-07-05 15:20:50 | INFO | Finished: https://api.gbif.org/v1/species/5737286/synonyms | total=0
2026-07-05 15:20:50 | INFO | Fetching: https://api.gbif.org/v1/species/4430313/synonyms | params={}
2026-07-05 15:20:50 | INFO | Finished: https://api.gbif.org/v1/species/4430313/synonyms | total=0
2026-07-05 15:20:50 | INFO | Fetching: https://api.gbif.org/v1/species/8185131/synonyms | params={}
2026-07-05 15:20:51 | INFO | Finished: https://api.gbif.org/v1/species/8185131/synonyms | total=0
2026-07-05 15:20:51 | INFO | Fetching: https://api.gbif.org/v1/species/4430294/synonyms | params={}
2026-07-05 15:20:51 | INFO | Finished: https://api.gbif.org/v1/species/4430294/synonyms | total=0
2026-07-05 15:20:51 | INFO | Fetching: https://api.gbif.org/v1/species/5737284/synonyms | params={}
2026-07-05 15:20:51 | INFO | Finished: https://api.gbif.org/v1/species/5737284/synonyms | total=0
2026-07-05 15:20:51 | INFO | Fetching: https://api.gbif.org/v1/species/4430279/synonyms | params={}
2026-07-05 15:20:51 | INFO | Finished: https://api.gbif.org/v1/species/4430279/synonyms | total=2
2026-07-05 15:20:51 | INFO | Fetching: https://api.gbif.org/v1/species/4430262/synonyms | params={}
2026-07-05 15:20:52 | INFO | Finished: https://api.gbif.org/v1/species/4430262/synonyms | total=0
2026-07-05 15:20:52 | INFO | Fetching: https://api.gbif.org/v1/species/4430247/synonyms | params={}
2026-07-05 15:20:52 | INFO | Finished: https://api.gbif.org/v1/species/4430247/synonyms | total=0
2026-07-05 15:20:52 | INFO | Fetching: https://api.gbif.org/v1/species/4430238/synonyms | params={}
2026-07-05 15:20:52 | INFO | Finished: https://api.gbif.org/v1/species/4430238/synonyms | total=0
2026-07-05 15:20:52 | INFO | Fetching: https://api.gbif.org/v1/species/12187712/synonyms | params={}
2026-07-05 15:20:53 | INFO | Finished: https://api.gbif.org/v1/species/12187712/synonyms | total=0
2026-07-05 15:20:53 | INFO | Fetching: https://api.gbif.org/v1/species/8731380/synonyms | params={}
2026-07-05 15:20:53 | INFO | Finished: https://api.gbif.org/v1/species/8731380/synonyms | total=0
2026-07-05 15:20:53 | INFO | Fetching: https://api.gbif.org/v1/species/4430226/synonyms | params={}
2026-07-05 15:20:53 | INFO | Finished: https://api.gbif.org/v1/species/4430226/synonyms | total=0
2026-07-05 15:20:53 | INFO | Fetching: https://api.gbif.org/v1/species/6960204/synonyms | params={}
2026-07-05 15:20:53 | INFO | Finished: https://api.gbif.org/v1/species/6960204/synonyms | total=0
2026-07-05 15:20:53 | INFO | Fetching: https://api.gbif.org/v1/species/4430384/synonyms | params={}
2026-07-05 15:20:54 | INFO | Finished: https://api.gbif.org/v1/species/4430384/synonyms | total=0
2026-07-05 15:20:54 | INFO | Fetching: https://api.gbif.org/v1/species/4430376/synonyms | params={}
2026-07-05 15:20:54 | INFO | Finished: https://api.gbif.org/v1/species/4430376/synonyms | total=0
2026-07-05 15:20:54 | INFO | Fetching: https://api.gbif.org/v1/species/6960124/synonyms | params={}
2026-07-05 15:20:54 | INFO | Finished: https://api.gbif.org/v1/species/6960124/synonyms | total=0
2026-07-05 15:20:54 | INFO | Fetching: https://api.gbif.org/v1/species/6067322/synonyms | params={}
2026-07-05 15:20:54 | INFO | Finished: https://api.gbif.org/v1/species/6067322/synonyms | total=0
2026-07-05 15:20:54 | INFO | Fetching: https://api.gbif.org/v1/species/6960120/synonyms | params={}
2026-07-05 15:20:55 | INFO | Finished: https://api.gbif.org/v1/species/6960120/synonyms | total=0
2026-07-05 15:20:55 | INFO | Fetching: https://api.gbif.org/v1/species/5737291/synonyms | params={}
2026-07-05 15:20:55 | INFO | Finished: https://api.gbif.org/v1/species/5737291/synonyms | total=0
2026-07-05 15:20:55 | INFO | Fetching: https://api.gbif.org/v1/species/4430356/synonyms | params={}
2026-07-05 15:20:55 | INFO | Finished: https://api.gbif.org/v1/species/4430356/synonyms | total=0
2026-07-05 15:20:55 | INFO | Fetching: https://api.gbif.org/v1/species/4430348/synonyms | params={}
2026-07-05 15:20:55 | INFO | Finished: https://api.gbif.org/v1/species/4430348/synonyms | total=1
2026-07-05 15:20:55 | INFO | Fetching: https://api.gbif.org/v1/species/11167292/synonyms | params={}
2026-07-05 15:20:56 | INFO | Finished: https://api.gbif.org/v1/species/11167292/synonyms | total=0
2026-07-05 15:20:56 | INFO | Fetching: https://api.gbif.org/v1/species/4430340/synonyms | params={}
2026-07-05 15:20:56 | INFO | Finished: https://api.gbif.org/v1/species/4430340/synonyms | total=0
2026-07-05 15:20:56 | INFO | Fetching: https://api.gbif.org/v1/species/6067328/synonyms | params={}
2026-07-05 15:20:56 | INFO | Finished: https://api.gbif.org/v1/species/6067328/synonyms | total=0
2026-07-05 15:20:56 | INFO | Fetching: https://api.gbif.org/v1/species/4430322/synonyms | params={}
2026-07-05 15:20:56 | INFO | Finished: https://api.gbif.org/v1/species/4430322/synonyms | total=1
2026-07-05 15:20:56 | INFO | Fetching: https://api.gbif.org/v1/species/4430309/synonyms | params={}
2026-07-05 15:20:56 | INFO | Finished: https://api.gbif.org/v1/species/4430309/synonyms | total=2
2026-07-05 15:20:56 | INFO | Fetching: https://api.gbif.org/v1/species/6067316/synonyms | params={}
2026-07-05 15:20:57 | INFO | Finished: https://api.gbif.org/v1/species/6067316/synonyms | total=0
2026-07-05 15:20:57 | INFO | Fetching: https://api.gbif.org/v1/species/4430290/synonyms | params={}
2026-07-05 15:20:57 | INFO | Finished: https://api.gbif.org/v1/species/4430290/synonyms | total=0
2026-07-05 15:20:57 | INFO | Fetching: https://api.gbif.org/v1/species/4430269/synonyms | params={}
2026-07-05 15:20:57 | INFO | Finished: https://api.gbif.org/v1/species/4430269/synonyms | total=0
2026-07-05 15:20:57 | INFO | Fetching: https://api.gbif.org/v1/species/4430260/synonyms | params={}
2026-07-05 15:20:58 | INFO | Finished: https://api.gbif.org/v1/species/4430260/synonyms | total=0
2026-07-05 15:20:58 | INFO | Fetching: https://api.gbif.org/v1/species/4430245/synonyms | params={}
2026-07-05 15:20:58 | INFO | Finished: https://api.gbif.org/v1/species/4430245/synonyms | total=0
2026-07-05 15:20:58 | INFO | Fetching: https://api.gbif.org/v1/species/4430233/synonyms | params={}
2026-07-05 15:20:58 | INFO | Finished: https://api.gbif.org/v1/species/4430233/synonyms | total=0
2026-07-05 15:20:58 | INFO | Fetching: https://api.gbif.org/v1/species/4430390/synonyms | params={}
2026-07-05 15:20:58 | INFO | Finished: https://api.gbif.org/v1/species/4430390/synonyms | total=4
2026-07-05 15:20:58 | INFO | Fetching: https://api.gbif.org/v1/species/4430382/synonyms | params={}
2026-07-05 15:20:59 | INFO | Finished: https://api.gbif.org/v1/species/4430382/synonyms | total=0
2026-07-05 15:20:59 | INFO | Fetching: https://api.gbif.org/v1/species/4430365/synonyms | params={}
2026-07-05 15:20:59 | INFO | Finished: https://api.gbif.org/v1/species/4430365/synonyms | total=9
2026-07-05 15:20:59 | INFO | Fetching: https://api.gbif.org/v1/species/7366572/synonyms | params={}
2026-07-05 15:20:59 | INFO | Finished: https://api.gbif.org/v1/species/7366572/synonyms | total=0
2026-07-05 15:20:59 | INFO | Fetching: https://api.gbif.org/v1/species/5737287/synonyms | params={}
2026-07-05 15:20:59 | INFO | Finished: https://api.gbif.org/v1/species/5737287/synonyms | total=1
2026-07-05 15:20:59 | INFO | Fetching: https://api.gbif.org/v1/species/4430354/synonyms | params={}
2026-07-05 15:21:00 | INFO | Finished: https://api.gbif.org/v1/species/4430354/synonyms | total=0
2026-07-05 15:21:00 | INFO | Fetching: https://api.gbif.org/v1/species/4430346/synonyms | params={}
2026-07-05 15:21:00 | INFO | Finished: https://api.gbif.org/v1/species/4430346/synonyms | total=0
2026-07-05 15:21:00 | INFO | Fetching: https://api.gbif.org/v1/species/6130969/synonyms | params={}
2026-07-05 15:21:00 | INFO | Finished: https://api.gbif.org/v1/species/6130969/synonyms | total=0
2026-07-05 15:21:00 | INFO | Fetching: https://api.gbif.org/v1/species/4430335/synonyms | params={}
2026-07-05 15:21:00 | INFO | Finished: https://api.gbif.org/v1/species/4430335/synonyms | total=0
2026-07-05 15:21:00 | INFO | Fetching: https://api.gbif.org/v1/species/6067323/synonyms | params={}
2026-07-05 15:21:01 | INFO | Finished: https://api.gbif.org/v1/species/6067323/synonyms | total=0
2026-07-05 15:21:01 | INFO | Fetching: https://api.gbif.org/v1/species/5737289/synonyms | params={}
2026-07-05 15:21:01 | INFO | Finished: https://api.gbif.org/v1/species/5737289/synonyms | total=0
2026-07-05 15:21:01 | INFO | Fetching: https://api.gbif.org/v1/species/4430288/synonyms | params={}
2026-07-05 15:21:01 | INFO | Finished: https://api.gbif.org/v1/species/4430288/synonyms | total=0
2026-07-05 15:21:01 | INFO | Fetching: https://api.gbif.org/v1/species/6067329/synonyms | params={}
2026-07-05 15:21:01 | INFO | Finished: https://api.gbif.org/v1/species/6067329/synonyms | total=0
2026-07-05 15:21:01 | INFO | Fetching: https://api.gbif.org/v1/species/5737282/synonyms | params={}
2026-07-05 15:21:02 | INFO | Finished: https://api.gbif.org/v1/species/5737282/synonyms | total=0
2026-07-05 15:21:02 | INFO | Fetching: https://api.gbif.org/v1/species/6713790/synonyms | params={}
2026-07-05 15:21:02 | INFO | Finished: https://api.gbif.org/v1/species/6713790/synonyms | total=0
2026-07-05 15:21:02 | INFO | Fetching: https://api.gbif.org/v1/species/4430266/synonyms | params={}
2026-07-05 15:21:02 | INFO | Finished: https://api.gbif.org/v1/species/4430266/synonyms | total=0
2026-07-05 15:21:02 | INFO | Fetching: https://api.gbif.org/v1/species/6067324/synonyms | params={}
2026-07-05 15:21:02 | INFO | Finished: https://api.gbif.org/v1/species/6067324/synonyms | total=0
2026-07-05 15:21:02 | INFO | Fetching: https://api.gbif.org/v1/species/6067317/synonyms | params={}
2026-07-05 15:21:03 | INFO | Finished: https://api.gbif.org/v1/species/6067317/synonyms | total=0
2026-07-05 15:21:03 | INFO | Fetching: https://api.gbif.org/v1/species/4430258/synonyms | params={}
2026-07-05 15:21:03 | INFO | Finished: https://api.gbif.org/v1/species/4430258/synonyms | total=0
2026-07-05 15:21:03 | INFO | Fetching: https://api.gbif.org/v1/species/9084636/synonyms | params={}
2026-07-05 15:21:03 | INFO | Finished: https://api.gbif.org/v1/species/9084636/synonyms | total=0
2026-07-05 15:21:03 | INFO | Fetching: https://api.gbif.org/v1/species/6960226/synonyms | params={}
2026-07-05 15:21:03 | INFO | Finished: https://api.gbif.org/v1/species/6960226/synonyms | total=0
2026-07-05 15:21:03 | INFO | Fetching: https://api.gbif.org/v1/species/4430230/synonyms | params={}
2026-07-05 15:21:04 | INFO | Finished: https://api.gbif.org/v1/species/4430230/synonyms | total=1
2026-07-05 15:21:04 | INFO | Fetching: https://api.gbif.org/v1/species/4430388/synonyms | params={}
2026-07-05 15:21:04 | INFO | Finished: https://api.gbif.org/v1/species/4430388/synonyms | total=0
2026-07-05 15:21:04 | INFO | Fetching: https://api.gbif.org/v1/species/4430380/synonyms | params={}
2026-07-05 15:21:04 | INFO | Finished: https://api.gbif.org/v1/species/4430380/synonyms | total=0
2026-07-05 15:21:04 | INFO | Fetching: https://api.gbif.org/v1/species/5737283/synonyms | params={}
2026-07-05 15:21:04 | INFO | Finished: https://api.gbif.org/v1/species/5737283/synonyms | total=0
2026-07-05 15:21:04 | INFO | Fetching: https://api.gbif.org/v1/species/4430361/synonyms | params={}
2026-07-05 15:21:05 | INFO | Finished: https://api.gbif.org/v1/species/4430361/synonyms | total=0
2026-07-05 15:21:05 | INFO | Fetching: https://api.gbif.org/v1/species/5737288/synonyms | params={}
2026-07-05 15:21:05 | INFO | Finished: https://api.gbif.org/v1/species/5737288/synonyms | total=0
2026-07-05 15:21:05 | INFO | Fetching: https://api.gbif.org/v1/species/5743878/synonyms | params={}
2026-07-05 15:21:05 | INFO | Finished: https://api.gbif.org/v1/species/5743878/synonyms | total=14
2026-07-05 15:21:05 | INFO | Fetching: https://api.gbif.org/v1/species/6067105/synonyms | params={}
2026-07-05 15:21:05 | INFO | Finished: https://api.gbif.org/v1/species/6067105/synonyms | total=0
2026-07-05 15:21:05 | INFO | Fetching: https://api.gbif.org/v1/species/6067096/synonyms | params={}
2026-07-05 15:21:06 | INFO | Finished: https://api.gbif.org/v1/species/6067096/synonyms | total=0
2026-07-05 15:21:06 | INFO | Fetching: https://api.gbif.org/v1/species/8722862/synonyms | params={}
2026-07-05 15:21:06 | INFO | Finished: https://api.gbif.org/v1/species/8722862/synonyms | total=4
2026-07-05 15:21:06 | INFO | Fetching: https://api.gbif.org/v1/species/6067088/synonyms | params={}
2026-07-05 15:21:06 | INFO | Finished: https://api.gbif.org/v1/species/6067088/synonyms | total=0
2026-07-05 15:21:06 | INFO | Fetching: https://api.gbif.org/v1/species/6960859/synonyms | params={}
2026-07-05 15:21:06 | INFO | Finished: https://api.gbif.org/v1/species/6960859/synonyms | total=0
2026-07-05 15:21:06 | INFO | Fetching: https://api.gbif.org/v1/species/6067072/synonyms | params={}
2026-07-05 15:21:07 | INFO | Finished: https://api.gbif.org/v1/species/6067072/synonyms | total=0
2026-07-05 15:21:07 | INFO | Fetching: https://api.gbif.org/v1/species/6067064/synonyms | params={}
2026-07-05 15:21:07 | INFO | Finished: https://api.gbif.org/v1/species/6067064/synonyms | total=0
2026-07-05 15:21:07 | INFO | Fetching: https://api.gbif.org/v1/species/6067046/synonyms | params={}
2026-07-05 15:21:07 | INFO | Finished: https://api.gbif.org/v1/species/6067046/synonyms | total=0
2026-07-05 15:21:07 | INFO | Fetching: https://api.gbif.org/v1/species/6067144/synonyms | params={}
2026-07-05 15:21:07 | INFO | Finished: https://api.gbif.org/v1/species/6067144/synonyms | total=0
2026-07-05 15:21:08 | INFO | Fetching: https://api.gbif.org/v1/species/6067136/synonyms | params={}
2026-07-05 15:21:08 | INFO | Finished: https://api.gbif.org/v1/species/6067136/synonyms | total=0
2026-07-05 15:21:08 | INFO | Fetching: https://api.gbif.org/v1/species/6067128/synonyms | params={}
2026-07-05 15:21:08 | INFO | Finished: https://api.gbif.org/v1/species/6067128/synonyms | total=0
2026-07-05 15:21:08 | INFO | Fetching: https://api.gbif.org/v1/species/6067120/synonyms | params={}
2026-07-05 15:21:08 | INFO | Finished: https://api.gbif.org/v1/species/6067120/synonyms | total=0
2026-07-05 15:21:08 | INFO | Fetching: https://api.gbif.org/v1/species/6067112/synonyms | params={}
2026-07-05 15:21:09 | INFO | Finished: https://api.gbif.org/v1/species/6067112/synonyms | total=0
2026-07-05 15:21:09 | INFO | Fetching: https://api.gbif.org/v1/species/6067094/synonyms | params={}
2026-07-05 15:21:09 | INFO | Finished: https://api.gbif.org/v1/species/6067094/synonyms | total=0
2026-07-05 15:21:09 | INFO | Fetching: https://api.gbif.org/v1/species/6960828/synonyms | params={}
2026-07-05 15:21:09 | INFO | Finished: https://api.gbif.org/v1/species/6960828/synonyms | total=0
2026-07-05 15:21:09 | INFO | Fetching: https://api.gbif.org/v1/species/6067078/synonyms | params={}
2026-07-05 15:21:09 | INFO | Finished: https://api.gbif.org/v1/species/6067078/synonyms | total=0
2026-07-05 15:21:09 | INFO | Fetching: https://api.gbif.org/v1/species/6067070/synonyms | params={}
2026-07-05 15:21:10 | INFO | Finished: https://api.gbif.org/v1/species/6067070/synonyms | total=0
2026-07-05 15:21:10 | INFO | Fetching: https://api.gbif.org/v1/species/6067054/synonyms | params={}
2026-07-05 15:21:10 | INFO | Finished: https://api.gbif.org/v1/species/6067054/synonyms | total=0
2026-07-05 15:21:10 | INFO | Fetching: https://api.gbif.org/v1/species/6067043/synonyms | params={}
2026-07-05 15:21:10 | INFO | Finished: https://api.gbif.org/v1/species/6067043/synonyms | total=0
2026-07-05 15:21:10 | INFO | Fetching: https://api.gbif.org/v1/species/6067126/synonyms | params={}
2026-07-05 15:21:10 | INFO | Finished: https://api.gbif.org/v1/species/6067126/synonyms | total=0
2026-07-05 15:21:10 | INFO | Fetching: https://api.gbif.org/v1/species/9907123/synonyms | params={}
2026-07-05 15:21:11 | INFO | Finished: https://api.gbif.org/v1/species/9907123/synonyms | total=0
2026-07-05 15:21:11 | INFO | Fetching: https://api.gbif.org/v1/species/6067110/synonyms | params={}
2026-07-05 15:21:11 | INFO | Finished: https://api.gbif.org/v1/species/6067110/synonyms | total=0
2026-07-05 15:21:11 | INFO | Fetching: https://api.gbif.org/v1/species/6067101/synonyms | params={}
2026-07-05 15:21:11 | INFO | Finished: https://api.gbif.org/v1/species/6067101/synonyms | total=0
2026-07-05 15:21:11 | INFO | Fetching: https://api.gbif.org/v1/species/6067084/synonyms | params={}
2026-07-05 15:21:11 | INFO | Finished: https://api.gbif.org/v1/species/6067084/synonyms | total=0
2026-07-05 15:21:11 | INFO | Fetching: https://api.gbif.org/v1/species/6067068/synonyms | params={}
2026-07-05 15:21:12 | INFO | Finished: https://api.gbif.org/v1/species/6067068/synonyms | total=0
2026-07-05 15:21:12 | INFO | Fetching: https://api.gbif.org/v1/species/6067060/synonyms | params={}
2026-07-05 15:21:12 | INFO | Finished: https://api.gbif.org/v1/species/6067060/synonyms | total=0
2026-07-05 15:21:12 | INFO | Fetching: https://api.gbif.org/v1/species/6067041/synonyms | params={}
2026-07-05 15:21:12 | INFO | Finished: https://api.gbif.org/v1/species/6067041/synonyms | total=0
2026-07-05 15:21:12 | INFO | Fetching: https://api.gbif.org/v1/species/6960843/synonyms | params={}
2026-07-05 15:21:12 | INFO | Finished: https://api.gbif.org/v1/species/6960843/synonyms | total=0
2026-07-05 15:21:12 | INFO | Fetching: https://api.gbif.org/v1/species/6960871/synonyms | params={}
2026-07-05 15:21:13 | INFO | Finished: https://api.gbif.org/v1/species/6960871/synonyms | total=0
2026-07-05 15:21:13 | INFO | Fetching: https://api.gbif.org/v1/species/6067116/synonyms | params={}
2026-07-05 15:21:13 | INFO | Finished: https://api.gbif.org/v1/species/6067116/synonyms | total=0
2026-07-05 15:21:13 | INFO | Fetching: https://api.gbif.org/v1/species/6067091/synonyms | params={}
2026-07-05 15:21:13 | INFO | Finished: https://api.gbif.org/v1/species/6067091/synonyms | total=0
2026-07-05 15:21:13 | INFO | Fetching: https://api.gbif.org/v1/species/6067067/synonyms | params={}
2026-07-05 15:21:13 | INFO | Finished: https://api.gbif.org/v1/species/6067067/synonyms | total=0
2026-07-05 15:21:13 | INFO | Fetching: https://api.gbif.org/v1/species/6067059/synonyms | params={}
2026-07-05 15:21:14 | INFO | Finished: https://api.gbif.org/v1/species/6067059/synonyms | total=0
2026-07-05 15:21:14 | INFO | Fetching: https://api.gbif.org/v1/species/6960878/synonyms | params={}
2026-07-05 15:21:14 | INFO | Finished: https://api.gbif.org/v1/species/6960878/synonyms | total=0
2026-07-05 15:21:14 | INFO | Fetching: https://api.gbif.org/v1/species/6067139/synonyms | params={}
2026-07-05 15:21:14 | INFO | Finished: https://api.gbif.org/v1/species/6067139/synonyms | total=0
2026-07-05 15:21:14 | INFO | Fetching: https://api.gbif.org/v1/species/6067131/synonyms | params={}
2026-07-05 15:21:14 | INFO | Finished: https://api.gbif.org/v1/species/6067131/synonyms | total=0
2026-07-05 15:21:14 | INFO | Fetching: https://api.gbif.org/v1/species/6960888/synonyms | params={}
2026-07-05 15:21:15 | INFO | Finished: https://api.gbif.org/v1/species/6960888/synonyms | total=0
2026-07-05 15:21:15 | INFO | Fetching: https://api.gbif.org/v1/species/5743881/synonyms | params={}
2026-07-05 15:21:15 | INFO | Finished: https://api.gbif.org/v1/species/5743881/synonyms | total=0
2026-07-05 15:21:15 | INFO | Fetching: https://api.gbif.org/v1/species/6067107/synonyms | params={}
2026-07-05 15:21:15 | INFO | Finished: https://api.gbif.org/v1/species/6067107/synonyms | total=0
2026-07-05 15:21:15 | INFO | Fetching: https://api.gbif.org/v1/species/6067098/synonyms | params={}
2026-07-05 15:21:15 | INFO | Finished: https://api.gbif.org/v1/species/6067098/synonyms | total=0
2026-07-05 15:21:15 | INFO | Fetching: https://api.gbif.org/v1/species/6067074/synonyms | params={}
2026-07-05 15:21:16 | INFO | Finished: https://api.gbif.org/v1/species/6067074/synonyms | total=0
2026-07-05 15:21:16 | INFO | Fetching: https://api.gbif.org/v1/species/6067039/synonyms | params={}
2026-07-05 15:21:16 | INFO | Finished: https://api.gbif.org/v1/species/6067039/synonyms | total=0
2026-07-05 15:21:16 | INFO | Fetching: https://api.gbif.org/v1/species/6067138/synonyms | params={}
2026-07-05 15:21:16 | INFO | Finished: https://api.gbif.org/v1/species/6067138/synonyms | total=0
2026-07-05 15:21:16 | INFO | Fetching: https://api.gbif.org/v1/species/6067045/synonyms | params={}
2026-07-05 15:21:16 | INFO | Finished: https://api.gbif.org/v1/species/6067045/synonyms | total=0
2026-07-05 15:21:16 | INFO | Fetching: https://api.gbif.org/v1/species/6067106/synonyms | params={}
2026-07-05 15:21:17 | INFO | Finished: https://api.gbif.org/v1/species/6067106/synonyms | total=0
2026-07-05 15:21:17 | INFO | Fetching: https://api.gbif.org/v1/species/6067097/synonyms | params={}
2026-07-05 15:21:17 | INFO | Finished: https://api.gbif.org/v1/species/6067097/synonyms | total=0
2026-07-05 15:21:17 | INFO | Fetching: https://api.gbif.org/v1/species/6067073/synonyms | params={}
2026-07-05 15:21:17 | INFO | Finished: https://api.gbif.org/v1/species/6067073/synonyms | total=0
2026-07-05 15:21:17 | INFO | Fetching: https://api.gbif.org/v1/species/6960832/synonyms | params={}
2026-07-05 15:21:17 | INFO | Finished: https://api.gbif.org/v1/species/6960832/synonyms | total=0
2026-07-05 15:21:17 | INFO | Fetching: https://api.gbif.org/v1/species/6067044/synonyms | params={}
2026-07-05 15:21:18 | INFO | Finished: https://api.gbif.org/v1/species/6067044/synonyms | total=0
2026-07-05 15:21:18 | INFO | Fetching: https://api.gbif.org/v1/species/6067119/synonyms | params={}
2026-07-05 15:21:18 | INFO | Finished: https://api.gbif.org/v1/species/6067119/synonyms | total=0
2026-07-05 15:21:18 | INFO | Fetching: https://api.gbif.org/v1/species/6067093/synonyms | params={}
2026-07-05 15:21:18 | INFO | Finished: https://api.gbif.org/v1/species/6067093/synonyms | total=0
2026-07-05 15:21:18 | INFO | Fetching: https://api.gbif.org/v1/species/6067069/synonyms | params={}
2026-07-05 15:21:19 | INFO | Finished: https://api.gbif.org/v1/species/6067069/synonyms | total=0
2026-07-05 15:21:19 | INFO | Fetching: https://api.gbif.org/v1/species/6067061/synonyms | params={}
2026-07-05 15:21:19 | INFO | Finished: https://api.gbif.org/v1/species/6067061/synonyms | total=0
2026-07-05 15:21:19 | INFO | Fetching: https://api.gbif.org/v1/species/6067053/synonyms | params={}
2026-07-05 15:21:19 | INFO | Finished: https://api.gbif.org/v1/species/6067053/synonyms | total=0
2026-07-05 15:21:19 | INFO | Fetching: https://api.gbif.org/v1/species/6067125/synonyms | params={}
2026-07-05 15:21:19 | INFO | Finished: https://api.gbif.org/v1/species/6067125/synonyms | total=0
2026-07-05 15:21:19 | INFO | Fetching: https://api.gbif.org/v1/species/6067117/synonyms | params={}
2026-07-05 15:21:20 | INFO | Finished: https://api.gbif.org/v1/species/6067117/synonyms | total=0
2026-07-05 15:21:20 | INFO | Fetching: https://api.gbif.org/v1/species/6067109/synonyms | params={}
2026-07-05 15:21:20 | INFO | Finished: https://api.gbif.org/v1/species/6067109/synonyms | total=0
2026-07-05 15:21:20 | INFO | Fetching: https://api.gbif.org/v1/species/6067100/synonyms | params={}
2026-07-05 15:21:20 | INFO | Finished: https://api.gbif.org/v1/species/6067100/synonyms | total=0
2026-07-05 15:21:20 | INFO | Fetching: https://api.gbif.org/v1/species/6067115/synonyms | params={}
2026-07-05 15:21:20 | INFO | Finished: https://api.gbif.org/v1/species/6067115/synonyms | total=0
2026-07-05 15:21:20 | INFO | Fetching: https://api.gbif.org/v1/species/8466110/synonyms | params={}
2026-07-05 15:21:21 | INFO | Finished: https://api.gbif.org/v1/species/8466110/synonyms | total=1
2026-07-05 15:21:21 | INFO | Fetching: https://api.gbif.org/v1/species/11162873/synonyms | params={}
2026-07-05 15:21:21 | INFO | Finished: https://api.gbif.org/v1/species/11162873/synonyms | total=0
2026-07-05 15:21:21 | INFO | Fetching: https://api.gbif.org/v1/species/9323429/synonyms | params={}
2026-07-05 15:21:21 | INFO | Finished: https://api.gbif.org/v1/species/9323429/synonyms | total=0
2026-07-05 15:21:21 | INFO | Fetching: https://api.gbif.org/v1/species/10822808/synonyms | params={}
2026-07-05 15:21:21 | INFO | Finished: https://api.gbif.org/v1/species/10822808/synonyms | total=0
2026-07-05 15:21:21 | INFO | Fetching: https://api.gbif.org/v1/species/5737376/synonyms | params={}
2026-07-05 15:21:22 | INFO | Finished: https://api.gbif.org/v1/species/5737376/synonyms | total=1
2026-07-05 15:21:22 | INFO | Fetching: https://api.gbif.org/v1/species/6961818/synonyms | params={}
2026-07-05 15:21:22 | INFO | Finished: https://api.gbif.org/v1/species/6961818/synonyms | total=0
2026-07-05 15:21:22 | INFO | Fetching: https://api.gbif.org/v1/species/5737397/synonyms | params={}
2026-07-05 15:21:22 | INFO | Finished: https://api.gbif.org/v1/species/5737397/synonyms | total=1
2026-07-05 15:21:22 | INFO | Fetching: https://api.gbif.org/v1/species/8109029/synonyms | params={}
2026-07-05 15:21:22 | INFO | Finished: https://api.gbif.org/v1/species/8109029/synonyms | total=0
2026-07-05 15:21:22 | INFO | Fetching: https://api.gbif.org/v1/species/9120980/synonyms | params={}
2026-07-05 15:21:23 | INFO | Finished: https://api.gbif.org/v1/species/9120980/synonyms | total=0
2026-07-05 15:21:23 | INFO | Fetching: https://api.gbif.org/v1/species/9312651/synonyms | params={}
2026-07-05 15:21:23 | INFO | Finished: https://api.gbif.org/v1/species/9312651/synonyms | total=0
2026-07-05 15:21:23 | INFO | Fetching: https://api.gbif.org/v1/species/11153478/synonyms | params={}
2026-07-05 15:21:23 | INFO | Finished: https://api.gbif.org/v1/species/11153478/synonyms | total=0
2026-07-05 15:21:23 | INFO | Fetching: https://api.gbif.org/v1/species/9440687/synonyms | params={}
2026-07-05 15:21:23 | INFO | Finished: https://api.gbif.org/v1/species/9440687/synonyms | total=0
2026-07-05 15:21:23 | INFO | Fetching: https://api.gbif.org/v1/species/5737372/synonyms | params={}
2026-07-05 15:21:24 | INFO | Finished: https://api.gbif.org/v1/species/5737372/synonyms | total=2
2026-07-05 15:21:24 | INFO | Fetching: https://api.gbif.org/v1/species/9514509/synonyms | params={}
2026-07-05 15:21:24 | INFO | Finished: https://api.gbif.org/v1/species/9514509/synonyms | total=0
2026-07-05 15:21:24 | INFO | Fetching: https://api.gbif.org/v1/species/9575840/synonyms | params={}
2026-07-05 15:21:24 | INFO | Finished: https://api.gbif.org/v1/species/9575840/synonyms | total=0
2026-07-05 15:21:24 | INFO | Fetching: https://api.gbif.org/v1/species/5737402/synonyms | params={}
2026-07-05 15:21:25 | INFO | Finished: https://api.gbif.org/v1/species/5737402/synonyms | total=1
2026-07-05 15:21:25 | INFO | Fetching: https://api.gbif.org/v1/species/11153191/synonyms | params={}
2026-07-05 15:21:25 | INFO | Finished: https://api.gbif.org/v1/species/11153191/synonyms | total=0
2026-07-05 15:21:25 | INFO | Fetching: https://api.gbif.org/v1/species/5737382/synonyms | params={}
2026-07-05 15:21:25 | INFO | Finished: https://api.gbif.org/v1/species/5737382/synonyms | total=2
2026-07-05 15:21:25 | INFO | Fetching: https://api.gbif.org/v1/species/9518256/synonyms | params={}
2026-07-05 15:21:25 | INFO | Finished: https://api.gbif.org/v1/species/9518256/synonyms | total=0
2026-07-05 15:21:25 | INFO | Fetching: https://api.gbif.org/v1/species/7703492/synonyms | params={}
2026-07-05 15:21:26 | INFO | Finished: https://api.gbif.org/v1/species/7703492/synonyms | total=0
2026-07-05 15:21:26 | INFO | Fetching: https://api.gbif.org/v1/species/5737399/synonyms | params={}
2026-07-05 15:21:26 | INFO | Finished: https://api.gbif.org/v1/species/5737399/synonyms | total=2
2026-07-05 15:21:26 | INFO | Fetching: https://api.gbif.org/v1/species/11173576/synonyms | params={}
2026-07-05 15:21:26 | INFO | Finished: https://api.gbif.org/v1/species/11173576/synonyms | total=0
2026-07-05 15:21:26 | INFO | Fetching: https://api.gbif.org/v1/species/11205771/synonyms | params={}
2026-07-05 15:21:26 | INFO | Finished: https://api.gbif.org/v1/species/11205771/synonyms | total=0
2026-07-05 15:21:26 | INFO | Fetching: https://api.gbif.org/v1/species/7851290/synonyms | params={}
2026-07-05 15:21:27 | INFO | Finished: https://api.gbif.org/v1/species/7851290/synonyms | total=0
2026-07-05 15:21:27 | INFO | Fetching: https://api.gbif.org/v1/species/5737387/synonyms | params={}
2026-07-05 15:21:27 | INFO | Finished: https://api.gbif.org/v1/species/5737387/synonyms | total=2
2026-07-05 15:21:27 | INFO | Fetching: https://api.gbif.org/v1/species/11217659/synonyms | params={}
2026-07-05 15:21:27 | INFO | Finished: https://api.gbif.org/v1/species/11217659/synonyms | total=0
2026-07-05 15:21:27 | INFO | Fetching: https://api.gbif.org/v1/species/8876555/synonyms | params={}
2026-07-05 15:21:27 | INFO | Finished: https://api.gbif.org/v1/species/8876555/synonyms | total=0
2026-07-05 15:21:27 | INFO | Fetching: https://api.gbif.org/v1/species/5737378/synonyms | params={}
2026-07-05 15:21:28 | INFO | Finished: https://api.gbif.org/v1/species/5737378/synonyms | total=4
2026-07-05 15:21:28 | INFO | Fetching: https://api.gbif.org/v1/species/9444317/synonyms | params={}
2026-07-05 15:21:28 | INFO | Finished: https://api.gbif.org/v1/species/9444317/synonyms | total=0
2026-07-05 15:21:28 | INFO | Fetching: https://api.gbif.org/v1/species/5737373/synonyms | params={}
2026-07-05 15:21:28 | INFO | Finished: https://api.gbif.org/v1/species/5737373/synonyms | total=0
2026-07-05 15:21:28 | INFO | Fetching: https://api.gbif.org/v1/species/9080366/synonyms | params={}
2026-07-05 15:21:28 | INFO | Finished: https://api.gbif.org/v1/species/9080366/synonyms | total=0
2026-07-05 15:21:28 | INFO | Fetching: https://api.gbif.org/v1/species/5737398/synonyms | params={}
2026-07-05 15:21:29 | INFO | Finished: https://api.gbif.org/v1/species/5737398/synonyms | total=2
2026-07-05 15:21:29 | INFO | Fetching: https://api.gbif.org/v1/species/5737388/synonyms | params={}
2026-07-05 15:21:29 | INFO | Finished: https://api.gbif.org/v1/species/5737388/synonyms | total=1
2026-07-05 15:21:29 | INFO | Fetching: https://api.gbif.org/v1/species/10801211/synonyms | params={}
2026-07-05 15:21:29 | INFO | Finished: https://api.gbif.org/v1/species/10801211/synonyms | total=0
2026-07-05 15:21:29 | INFO | Fetching: https://api.gbif.org/v1/species/11143047/synonyms | params={}
2026-07-05 15:21:30 | INFO | Finished: https://api.gbif.org/v1/species/11143047/synonyms | total=0
2026-07-05 15:21:30 | INFO | Fetching: https://api.gbif.org/v1/species/8424329/synonyms | params={}
2026-07-05 15:21:30 | INFO | Finished: https://api.gbif.org/v1/species/8424329/synonyms | total=0
2026-07-05 15:21:30 | INFO | Fetching: https://api.gbif.org/v1/species/6961852/synonyms | params={}
2026-07-05 15:21:30 | INFO | Finished: https://api.gbif.org/v1/species/6961852/synonyms | total=0
2026-07-05 15:21:30 | INFO | Fetching: https://api.gbif.org/v1/species/5737377/synonyms | params={}
2026-07-05 15:21:30 | INFO | Finished: https://api.gbif.org/v1/species/5737377/synonyms | total=1
2026-07-05 15:21:30 | INFO | Fetching: https://api.gbif.org/v1/species/6960506/synonyms | params={}
2026-07-05 15:21:30 | INFO | Finished: https://api.gbif.org/v1/species/6960506/synonyms | total=0
2026-07-05 15:21:30 | INFO | Fetching: https://api.gbif.org/v1/species/11195920/synonyms | params={}
2026-07-05 15:21:31 | INFO | Finished: https://api.gbif.org/v1/species/11195920/synonyms | total=0
2026-07-05 15:21:31 | INFO | Fetching: https://api.gbif.org/v1/species/8735149/synonyms | params={}
2026-07-05 15:21:31 | INFO | Finished: https://api.gbif.org/v1/species/8735149/synonyms | total=0
2026-07-05 15:21:31 | INFO | Fetching: https://api.gbif.org/v1/species/9560838/synonyms | params={}
2026-07-05 15:21:31 | INFO | Finished: https://api.gbif.org/v1/species/9560838/synonyms | total=0
2026-07-05 15:21:31 | INFO | Fetching: https://api.gbif.org/v1/species/6961838/synonyms | params={}
2026-07-05 15:21:32 | INFO | Finished: https://api.gbif.org/v1/species/6961838/synonyms | total=0
2026-07-05 15:21:32 | INFO | Fetching: https://api.gbif.org/v1/species/11121478/synonyms | params={}
2026-07-05 15:21:32 | INFO | Finished: https://api.gbif.org/v1/species/11121478/synonyms | total=0
2026-07-05 15:21:32 | INFO | Fetching: https://api.gbif.org/v1/species/11185314/synonyms | params={}
2026-07-05 15:21:32 | INFO | Finished: https://api.gbif.org/v1/species/11185314/synonyms | total=0
2026-07-05 15:21:32 | INFO | Fetching: https://api.gbif.org/v1/species/8928952/synonyms | params={}
2026-07-05 15:21:32 | INFO | Finished: https://api.gbif.org/v1/species/8928952/synonyms | total=0
2026-07-05 15:21:32 | INFO | Fetching: https://api.gbif.org/v1/species/7599516/synonyms | params={}
2026-07-05 15:21:33 | INFO | Finished: https://api.gbif.org/v1/species/7599516/synonyms | total=0
2026-07-05 15:21:33 | INFO | Fetching: https://api.gbif.org/v1/species/8112728/synonyms | params={}
2026-07-05 15:21:33 | INFO | Finished: https://api.gbif.org/v1/species/8112728/synonyms | total=0
2026-07-05 15:21:33 | INFO | Fetching: https://api.gbif.org/v1/species/11121205/synonyms | params={}
2026-07-05 15:21:33 | INFO | Finished: https://api.gbif.org/v1/species/11121205/synonyms | total=1
2026-07-05 15:21:33 | INFO | Fetching: https://api.gbif.org/v1/species/5737379/synonyms | params={}
2026-07-05 15:21:33 | INFO | Finished: https://api.gbif.org/v1/species/5737379/synonyms | total=1
2026-07-05 15:21:33 | INFO | Fetching: https://api.gbif.org/v1/species/8838681/synonyms | params={}
2026-07-05 15:21:34 | INFO | Finished: https://api.gbif.org/v1/species/8838681/synonyms | total=0
2026-07-05 15:21:34 | INFO | Fetching: https://api.gbif.org/v1/species/5737401/synonyms | params={}
2026-07-05 15:21:34 | INFO | Finished: https://api.gbif.org/v1/species/5737401/synonyms | total=1
2026-07-05 15:21:34 | INFO | Fetching: https://api.gbif.org/v1/species/5737394/synonyms | params={}
2026-07-05 15:21:34 | INFO | Finished: https://api.gbif.org/v1/species/5737394/synonyms | total=2
2026-07-05 15:21:34 | INFO | Fetching: https://api.gbif.org/v1/species/11111723/synonyms | params={}
2026-07-05 15:21:34 | INFO | Finished: https://api.gbif.org/v1/species/11111723/synonyms | total=0
2026-07-05 15:21:34 | INFO | Fetching: https://api.gbif.org/v1/species/9624996/synonyms | params={}
2026-07-05 15:21:35 | INFO | Finished: https://api.gbif.org/v1/species/9624996/synonyms | total=0
2026-07-05 15:21:35 | INFO | Fetching: https://api.gbif.org/v1/species/8170724/synonyms | params={}
2026-07-05 15:21:35 | INFO | Finished: https://api.gbif.org/v1/species/8170724/synonyms | total=0
2026-07-05 15:21:35 | INFO | Fetching: https://api.gbif.org/v1/species/5737384/synonyms | params={}
2026-07-05 15:21:35 | INFO | Finished: https://api.gbif.org/v1/species/5737384/synonyms | total=0
2026-07-05 15:21:35 | INFO | Fetching: https://api.gbif.org/v1/species/6130974/synonyms | params={}
2026-07-05 15:21:36 | INFO | Finished: https://api.gbif.org/v1/species/6130974/synonyms | total=0
2026-07-05 15:21:36 | INFO | Fetching: https://api.gbif.org/v1/species/7400583/synonyms | params={}
2026-07-05 15:21:36 | INFO | Finished: https://api.gbif.org/v1/species/7400583/synonyms | total=0
2026-07-05 15:21:36 | INFO | Fetching: https://api.gbif.org/v1/species/8372537/synonyms | params={}
2026-07-05 15:21:36 | INFO | Finished: https://api.gbif.org/v1/species/8372537/synonyms | total=0
2026-07-05 15:21:36 | INFO | Fetching: https://api.gbif.org/v1/species/7353258/synonyms | params={}
2026-07-05 15:21:36 | INFO | Finished: https://api.gbif.org/v1/species/7353258/synonyms | total=0
2026-07-05 15:21:36 | INFO | Fetching: https://api.gbif.org/v1/species/5737390/synonyms | params={}
2026-07-05 15:21:37 | INFO | Finished: https://api.gbif.org/v1/species/5737390/synonyms | total=1
2026-07-05 15:21:37 | INFO | Fetching: https://api.gbif.org/v1/species/8821507/synonyms | params={}
2026-07-05 15:21:37 | INFO | Finished: https://api.gbif.org/v1/species/8821507/synonyms | total=0
2026-07-05 15:21:37 | INFO | Fetching: https://api.gbif.org/v1/species/9636495/synonyms | params={}
2026-07-05 15:21:37 | INFO | Finished: https://api.gbif.org/v1/species/9636495/synonyms | total=0
2026-07-05 15:21:37 | INFO | Fetching: https://api.gbif.org/v1/species/5737389/synonyms | params={}
2026-07-05 15:21:37 | INFO | Finished: https://api.gbif.org/v1/species/5737389/synonyms | total=1
2026-07-05 15:21:37 | INFO | Fetching: https://api.gbif.org/v1/species/11205488/synonyms | params={}
2026-07-05 15:21:38 | INFO | Finished: https://api.gbif.org/v1/species/11205488/synonyms | total=0
2026-07-05 15:21:38 | INFO | Fetching: https://api.gbif.org/v1/species/9569505/synonyms | params={}
2026-07-05 15:21:38 | INFO | Finished: https://api.gbif.org/v1/species/9569505/synonyms | total=1
2026-07-05 15:21:38 | INFO | Fetching: https://api.gbif.org/v1/species/11173293/synonyms | params={}
2026-07-05 15:21:38 | INFO | Finished: https://api.gbif.org/v1/species/11173293/synonyms | total=0
2026-07-05 15:21:38 | INFO | Fetching: https://api.gbif.org/v1/species/6960770/synonyms | params={}
2026-07-05 15:21:38 | INFO | Finished: https://api.gbif.org/v1/species/6960770/synonyms | total=0
2026-07-05 15:21:38 | INFO | Fetching: https://api.gbif.org/v1/species/7897334/synonyms | params={}
2026-07-05 15:21:39 | INFO | Finished: https://api.gbif.org/v1/species/7897334/synonyms | total=0
2026-07-05 15:21:39 | INFO | Fetching: https://api.gbif.org/v1/species/7540842/synonyms | params={}
2026-07-05 15:21:39 | INFO | Finished: https://api.gbif.org/v1/species/7540842/synonyms | total=0
2026-07-05 15:21:39 | INFO | Fetching: https://api.gbif.org/v1/species/9251033/synonyms | params={}
2026-07-05 15:21:39 | INFO | Finished: https://api.gbif.org/v1/species/9251033/synonyms | total=0
2026-07-05 15:21:39 | INFO | Fetching: https://api.gbif.org/v1/species/9384569/synonyms | params={}
2026-07-05 15:21:39 | INFO | Finished: https://api.gbif.org/v1/species/9384569/synonyms | total=0
2026-07-05 15:21:39 | INFO | Fetching: https://api.gbif.org/v1/species/9503420/synonyms | params={}
2026-07-05 15:21:40 | INFO | Finished: https://api.gbif.org/v1/species/9503420/synonyms | total=0
2026-07-05 15:21:40 | INFO | Fetching: https://api.gbif.org/v1/species/7794939/synonyms | params={}
2026-07-05 15:21:40 | INFO | Finished: https://api.gbif.org/v1/species/7794939/synonyms | total=0
2026-07-05 15:21:40 | INFO | Fetching: https://api.gbif.org/v1/species/11195045/synonyms | params={}
2026-07-05 15:21:40 | INFO | Finished: https://api.gbif.org/v1/species/11195045/synonyms | total=0
2026-07-05 15:21:40 | INFO | Fetching: https://api.gbif.org/v1/species/11185598/synonyms | params={}
2026-07-05 15:21:41 | INFO | Finished: https://api.gbif.org/v1/species/11185598/synonyms | total=0
2026-07-05 15:21:41 | INFO | Fetching: https://api.gbif.org/v1/species/7900960/synonyms | params={}
2026-07-05 15:21:41 | INFO | Finished: https://api.gbif.org/v1/species/7900960/synonyms | total=0
2026-07-05 15:21:41 | INFO | Fetching: https://api.gbif.org/v1/species/5737374/synonyms | params={}
2026-07-05 15:21:41 | INFO | Finished: https://api.gbif.org/v1/species/5737374/synonyms | total=2
2026-07-05 15:21:41 | INFO | Fetching: https://api.gbif.org/v1/species/5737391/synonyms | params={}
2026-07-05 15:21:41 | INFO | Finished: https://api.gbif.org/v1/species/5737391/synonyms | total=3
2026-07-05 15:21:41 | INFO | Fetching: https://api.gbif.org/v1/species/5737395/synonyms | params={}
2026-07-05 15:21:42 | INFO | Finished: https://api.gbif.org/v1/species/5737395/synonyms | total=2
2026-07-05 15:21:42 | INFO | Fetching: https://api.gbif.org/v1/species/9382335/synonyms | params={}
2026-07-05 15:21:42 | INFO | Finished: https://api.gbif.org/v1/species/9382335/synonyms | total=0
2026-07-05 15:21:42 | INFO | Fetching: https://api.gbif.org/v1/species/8313549/synonyms | params={}
2026-07-05 15:21:42 | INFO | Finished: https://api.gbif.org/v1/species/8313549/synonyms | total=0
2026-07-05 15:21:42 | INFO | Fetching: https://api.gbif.org/v1/species/8967769/synonyms | params={}
2026-07-05 15:21:42 | INFO | Finished: https://api.gbif.org/v1/species/8967769/synonyms | total=0
2026-07-05 15:21:42 | INFO | Fetching: https://api.gbif.org/v1/species/5737385/synonyms | params={}
2026-07-05 15:21:43 | INFO | Finished: https://api.gbif.org/v1/species/5737385/synonyms | total=2
2026-07-05 15:21:43 | INFO | Fetching: https://api.gbif.org/v1/species/7486122/synonyms | params={}
2026-07-05 15:21:43 | INFO | Finished: https://api.gbif.org/v1/species/7486122/synonyms | total=0
2026-07-05 15:21:43 | INFO | Fetching: https://api.gbif.org/v1/species/9337924/synonyms | params={}
2026-07-05 15:21:43 | INFO | Finished: https://api.gbif.org/v1/species/9337924/synonyms | total=0
2026-07-05 15:21:43 | INFO | Fetching: https://api.gbif.org/v1/species/11215964/synonyms | params={}
2026-07-05 15:21:43 | INFO | Finished: https://api.gbif.org/v1/species/11215964/synonyms | total=0
2026-07-05 15:21:43 | INFO | Fetching: https://api.gbif.org/v1/species/9390686/synonyms | params={}
2026-07-05 15:21:44 | INFO | Finished: https://api.gbif.org/v1/species/9390686/synonyms | total=0
2026-07-05 15:21:44 | INFO | Fetching: https://api.gbif.org/v1/species/5737400/synonyms | params={}
2026-07-05 15:21:44 | INFO | Finished: https://api.gbif.org/v1/species/5737400/synonyms | total=0
2026-07-05 15:21:44 | INFO | Fetching: https://api.gbif.org/v1/species/5737396/synonyms | params={}
2026-07-05 15:21:44 | INFO | Finished: https://api.gbif.org/v1/species/5737396/synonyms | total=2
2026-07-05 15:21:44 | INFO | Fetching: https://api.gbif.org/v1/species/9455297/synonyms | params={}
2026-07-05 15:21:44 | INFO | Finished: https://api.gbif.org/v1/species/9455297/synonyms | total=0
2026-07-05 15:21:44 | INFO | Fetching: https://api.gbif.org/v1/species/5737380/synonyms | params={}
2026-07-05 15:21:45 | INFO | Finished: https://api.gbif.org/v1/species/5737380/synonyms | total=1
2026-07-05 15:21:45 | INFO | Fetching: https://api.gbif.org/v1/species/9218778/synonyms | params={}
2026-07-05 15:21:45 | INFO | Finished: https://api.gbif.org/v1/species/9218778/synonyms | total=0
2026-07-05 15:21:45 | INFO | Fetching: https://api.gbif.org/v1/species/8159900/synonyms | params={}
2026-07-05 15:21:45 | INFO | Finished: https://api.gbif.org/v1/species/8159900/synonyms | total=0
2026-07-05 15:21:45 | INFO | Fetching: https://api.gbif.org/v1/species/6961786/synonyms | params={}
2026-07-05 15:21:45 | INFO | Finished: https://api.gbif.org/v1/species/6961786/synonyms | total=0
2026-07-05 15:21:45 | INFO | Fetching: https://api.gbif.org/v1/species/6961773/synonyms | params={}
2026-07-05 15:21:46 | INFO | Finished: https://api.gbif.org/v1/species/6961773/synonyms | total=0
2026-07-05 15:21:46 | INFO | Fetching: https://api.gbif.org/v1/species/9256387/synonyms | params={}
2026-07-05 15:21:46 | INFO | Finished: https://api.gbif.org/v1/species/9256387/synonyms | total=0
2026-07-05 15:21:46 | INFO | Fetching: https://api.gbif.org/v1/species/5737403/synonyms | params={}
2026-07-05 15:21:46 | INFO | Finished: https://api.gbif.org/v1/species/5737403/synonyms | total=1
2026-07-05 15:21:46 | INFO | Fetching: https://api.gbif.org/v1/species/5737386/synonyms | params={}
2026-07-05 15:21:47 | INFO | Finished: https://api.gbif.org/v1/species/5737386/synonyms | total=2
2026-07-05 15:21:47 | INFO | Fetching: https://api.gbif.org/v1/species/6961789/synonyms | params={}
2026-07-05 15:21:47 | INFO | Finished: https://api.gbif.org/v1/species/6961789/synonyms | total=0
2026-07-05 15:21:47 | INFO | Fetching: https://api.gbif.org/v1/species/11852078/synonyms | params={}
2026-07-05 15:21:47 | INFO | Finished: https://api.gbif.org/v1/species/11852078/synonyms | total=0
2026-07-05 15:21:47 | INFO | Fetching: https://api.gbif.org/v1/species/7647811/synonyms | params={}
2026-07-05 15:21:47 | INFO | Finished: https://api.gbif.org/v1/species/7647811/synonyms | total=0
2026-07-05 15:21:47 | INFO | Fetching: https://api.gbif.org/v1/species/7840622/synonyms | params={}
2026-07-05 15:21:48 | INFO | Finished: https://api.gbif.org/v1/species/7840622/synonyms | total=0
2026-07-05 15:21:48 | INFO | Fetching: https://api.gbif.org/v1/species/7397167/synonyms | params={}
2026-07-05 15:21:48 | INFO | Finished: https://api.gbif.org/v1/species/7397167/synonyms | total=0
2026-07-05 15:21:48 | INFO | Fetching: https://api.gbif.org/v1/species/6961775/synonyms | params={}
2026-07-05 15:21:48 | INFO | Finished: https://api.gbif.org/v1/species/6961775/synonyms | total=0
2026-07-05 15:21:48 | INFO | Fetching: https://api.gbif.org/v1/species/9176973/synonyms | params={}
2026-07-05 15:21:48 | INFO | Finished: https://api.gbif.org/v1/species/9176973/synonyms | total=0
2026-07-05 15:21:48 | INFO | Fetching: https://api.gbif.org/v1/species/8218055/synonyms | params={}
2026-07-05 15:21:49 | INFO | Finished: https://api.gbif.org/v1/species/8218055/synonyms | total=0
2026-07-05 15:21:49 | INFO | Fetching: https://api.gbif.org/v1/species/5737392/synonyms | params={}
2026-07-05 15:21:49 | INFO | Finished: https://api.gbif.org/v1/species/5737392/synonyms | total=1
2026-07-05 15:21:49 | INFO | Fetching: https://api.gbif.org/v1/species/11133357/synonyms | params={}
2026-07-05 15:21:49 | INFO | Finished: https://api.gbif.org/v1/species/11133357/synonyms | total=0
2026-07-05 15:21:49 | INFO | Fetching: https://api.gbif.org/v1/species/9025420/synonyms | params={}
2026-07-05 15:21:49 | INFO | Finished: https://api.gbif.org/v1/species/9025420/synonyms | total=0
2026-07-05 15:21:49 | INFO | Fetching: https://api.gbif.org/v1/species/8784563/synonyms | params={}
2026-07-05 15:21:50 | INFO | Finished: https://api.gbif.org/v1/species/8784563/synonyms | total=0
2026-07-05 15:21:50 | INFO | Fetching: https://api.gbif.org/v1/species/11153392/synonyms | params={}
2026-07-05 15:21:50 | INFO | Finished: https://api.gbif.org/v1/species/11153392/synonyms | total=0
2026-07-05 15:21:50 | INFO | Fetching: https://api.gbif.org/v1/species/6067114/synonyms | params={}
2026-07-05 15:21:50 | INFO | Finished: https://api.gbif.org/v1/species/6067114/synonyms | total=0
2026-07-05 15:21:50 | INFO | Fetching: https://api.gbif.org/v1/species/6067080/synonyms | params={}
2026-07-05 15:21:50 | INFO | Finished: https://api.gbif.org/v1/species/6067080/synonyms | total=0
2026-07-05 15:21:50 | INFO | Fetching: https://api.gbif.org/v1/species/6067056/synonyms | params={}
2026-07-05 15:21:51 | INFO | Finished: https://api.gbif.org/v1/species/6067056/synonyms | total=0
2026-07-05 15:21:51 | INFO | Fetching: https://api.gbif.org/v1/species/6067103/synonyms | params={}
2026-07-05 15:21:51 | INFO | Finished: https://api.gbif.org/v1/species/6067103/synonyms | total=0
2026-07-05 15:21:51 | INFO | Fetching: https://api.gbif.org/v1/species/6067062/synonyms | params={}
2026-07-05 15:21:51 | INFO | Finished: https://api.gbif.org/v1/species/6067062/synonyms | total=0
2026-07-05 15:21:51 | INFO | Fetching: https://api.gbif.org/v1/species/6067134/synonyms | params={}
2026-07-05 15:21:51 | INFO | Finished: https://api.gbif.org/v1/species/6067134/synonyms | total=1
2026-07-05 15:21:51 | INFO | Fetching: https://api.gbif.org/v1/species/6067118/synonyms | params={}
2026-07-05 15:21:52 | INFO | Finished: https://api.gbif.org/v1/species/6067118/synonyms | total=0
2026-07-05 15:21:52 | INFO | Fetching: https://api.gbif.org/v1/species/6067076/synonyms | params={}
2026-07-05 15:21:52 | INFO | Finished: https://api.gbif.org/v1/species/6067076/synonyms | total=0
2026-07-05 15:21:52 | INFO | Fetching: https://api.gbif.org/v1/species/6067140/synonyms | params={}
2026-07-05 15:21:52 | INFO | Finished: https://api.gbif.org/v1/species/6067140/synonyms | total=0
2026-07-05 15:21:52 | INFO | Fetching: https://api.gbif.org/v1/species/6067132/synonyms | params={}
2026-07-05 15:21:52 | INFO | Finished: https://api.gbif.org/v1/species/6067132/synonyms | total=0
2026-07-05 15:21:52 | INFO | Fetching: https://api.gbif.org/v1/species/6067124/synonyms | params={}
2026-07-05 15:21:53 | INFO | Finished: https://api.gbif.org/v1/species/6067124/synonyms | total=0
2026-07-05 15:21:53 | INFO | Fetching: https://api.gbif.org/v1/species/6067040/synonyms | params={}
2026-07-05 15:21:53 | INFO | Finished: https://api.gbif.org/v1/species/6067040/synonyms | total=0
2026-07-05 15:21:53 | INFO | Fetching: https://api.gbif.org/v1/species/6067082/synonyms | params={}
2026-07-05 15:21:53 | INFO | Finished: https://api.gbif.org/v1/species/6067082/synonyms | total=0
2026-07-05 15:21:53 | INFO | Fetching: https://api.gbif.org/v1/species/6067122/synonyms | params={}
2026-07-05 15:21:53 | INFO | Finished: https://api.gbif.org/v1/species/6067122/synonyms | total=0
2026-07-05 15:21:53 | INFO | Fetching: https://api.gbif.org/v1/species/6067089/synonyms | params={}
2026-07-05 15:21:54 | INFO | Finished: https://api.gbif.org/v1/species/6067089/synonyms | total=0
2026-07-05 15:21:54 | INFO | Fetching: https://api.gbif.org/v1/species/6067129/synonyms | params={}
2026-07-05 15:21:54 | INFO | Finished: https://api.gbif.org/v1/species/6067129/synonyms | total=0
2026-07-05 15:21:54 | INFO | Fetching: https://api.gbif.org/v1/species/6067113/synonyms | params={}
2026-07-05 15:21:54 | INFO | Finished: https://api.gbif.org/v1/species/6067113/synonyms | total=0
2026-07-05 15:21:54 | INFO | Fetching: https://api.gbif.org/v1/species/6067104/synonyms | params={}
2026-07-05 15:21:55 | INFO | Finished: https://api.gbif.org/v1/species/6067104/synonyms | total=0
2026-07-05 15:21:55 | INFO | Fetching: https://api.gbif.org/v1/species/6067071/synonyms | params={}
2026-07-05 15:21:55 | INFO | Finished: https://api.gbif.org/v1/species/6067071/synonyms | total=0
2026-07-05 15:21:55 | INFO | Fetching: https://api.gbif.org/v1/species/6067055/synonyms | params={}
2026-07-05 15:21:55 | INFO | Finished: https://api.gbif.org/v1/species/6067055/synonyms | total=0
2026-07-05 15:21:55 | INFO | Fetching: https://api.gbif.org/v1/species/6067135/synonyms | params={}
2026-07-05 15:21:55 | INFO | Finished: https://api.gbif.org/v1/species/6067135/synonyms | total=0
2026-07-05 15:21:55 | INFO | Fetching: https://api.gbif.org/v1/species/6067102/synonyms | params={}
2026-07-05 15:21:56 | INFO | Finished: https://api.gbif.org/v1/species/6067102/synonyms | total=0
2026-07-05 15:21:56 | INFO | Fetching: https://api.gbif.org/v1/species/6067141/synonyms | params={}
2026-07-05 15:21:56 | INFO | Finished: https://api.gbif.org/v1/species/6067141/synonyms | total=0
2026-07-05 15:21:56 | INFO | Fetching: https://api.gbif.org/v1/species/6067133/synonyms | params={}
2026-07-05 15:21:56 | INFO | Finished: https://api.gbif.org/v1/species/6067133/synonyms | total=0
2026-07-05 15:21:56 | INFO | Fetching: https://api.gbif.org/v1/species/6960102/synonyms | params={}
2026-07-05 15:21:56 | INFO | Finished: https://api.gbif.org/v1/species/6960102/synonyms | total=0
2026-07-05 15:21:56 | INFO | Fetching: https://api.gbif.org/v1/species/6960103/synonyms | params={}
2026-07-05 15:21:57 | INFO | Finished: https://api.gbif.org/v1/species/6960103/synonyms | total=0
2026-07-05 15:21:57 | INFO | Fetching: https://api.gbif.org/v1/species/9372408/synonyms | params={}
2026-07-05 15:21:57 | INFO | Finished: https://api.gbif.org/v1/species/9372408/synonyms | total=0
2026-07-05 15:21:57 | INFO | Fetching: https://api.gbif.org/v1/species/6960104/synonyms | params={}
2026-07-05 15:21:57 | INFO | Finished: https://api.gbif.org/v1/species/6960104/synonyms | total=0
2026-07-05 15:21:57 | INFO | Fetching: https://api.gbif.org/v1/species/6960101/synonyms | params={}
2026-07-05 15:21:57 | INFO | Finished: https://api.gbif.org/v1/species/6960101/synonyms | total=0
2026-07-05 15:21:57 | INFO | Fetching: https://api.gbif.org/v1/species/8931510/synonyms | params={}
2026-07-05 15:21:58 | INFO | Finished: https://api.gbif.org/v1/species/8931510/synonyms | total=0
2026-07-05 15:21:58 | INFO | Fetching: https://api.gbif.org/v1/species/9630429/synonyms | params={}
2026-07-05 15:21:58 | INFO | Finished: https://api.gbif.org/v1/species/9630429/synonyms | total=1
2026-07-05 15:21:58 | INFO | Fetching: https://api.gbif.org/v1/species/11180639/synonyms | params={}
2026-07-05 15:21:58 | INFO | Finished: https://api.gbif.org/v1/species/11180639/synonyms | total=0
2026-07-05 15:21:58 | INFO | Fetching: https://api.gbif.org/v1/species/4429742/synonyms | params={}
2026-07-05 15:21:58 | INFO | Finished: https://api.gbif.org/v1/species/4429742/synonyms | total=0
2026-07-05 15:21:58 | INFO | Fetching: https://api.gbif.org/v1/species/4429712/synonyms | params={}
2026-07-05 15:21:59 | INFO | Finished: https://api.gbif.org/v1/species/4429712/synonyms | total=4
2026-07-05 15:21:59 | INFO | Fetching: https://api.gbif.org/v1/species/6066977/synonyms | params={}
2026-07-05 15:21:59 | INFO | Finished: https://api.gbif.org/v1/species/6066977/synonyms | total=0
2026-07-05 15:21:59 | INFO | Fetching: https://api.gbif.org/v1/species/4429687/synonyms | params={}
2026-07-05 15:21:59 | INFO | Finished: https://api.gbif.org/v1/species/4429687/synonyms | total=1
2026-07-05 15:21:59 | INFO | Fetching: https://api.gbif.org/v1/species/4429655/synonyms | params={}
2026-07-05 15:21:59 | INFO | Finished: https://api.gbif.org/v1/species/4429655/synonyms | total=0
2026-07-05 15:21:59 | INFO | Fetching: https://api.gbif.org/v1/species/6066961/synonyms | params={}
2026-07-05 15:22:00 | INFO | Finished: https://api.gbif.org/v1/species/6066961/synonyms | total=0
2026-07-05 15:22:00 | INFO | Fetching: https://api.gbif.org/v1/species/6066948/synonyms | params={}
2026-07-05 15:22:00 | INFO | Finished: https://api.gbif.org/v1/species/6066948/synonyms | total=0
2026-07-05 15:22:00 | INFO | Fetching: https://api.gbif.org/v1/species/6066979/synonyms | params={}
2026-07-05 15:22:00 | INFO | Finished: https://api.gbif.org/v1/species/6066979/synonyms | total=0
2026-07-05 15:22:00 | INFO | Fetching: https://api.gbif.org/v1/species/4429799/synonyms | params={}
2026-07-05 15:22:00 | INFO | Finished: https://api.gbif.org/v1/species/4429799/synonyms | total=3
2026-07-05 15:22:00 | INFO | Fetching: https://api.gbif.org/v1/species/4429718/synonyms | params={}
2026-07-05 15:22:01 | INFO | Finished: https://api.gbif.org/v1/species/4429718/synonyms | total=7
2026-07-05 15:22:01 | INFO | Fetching: https://api.gbif.org/v1/species/4429731/synonyms | params={}
2026-07-05 15:22:01 | INFO | Finished: https://api.gbif.org/v1/species/4429731/synonyms | total=0
2026-07-05 15:22:01 | INFO | Fetching: https://api.gbif.org/v1/species/4429699/synonyms | params={}
2026-07-05 15:22:01 | INFO | Finished: https://api.gbif.org/v1/species/4429699/synonyms | total=0
2026-07-05 15:22:01 | INFO | Fetching: https://api.gbif.org/v1/species/8937628/synonyms | params={}
2026-07-05 15:22:01 | INFO | Finished: https://api.gbif.org/v1/species/8937628/synonyms | total=0
2026-07-05 15:22:01 | INFO | Fetching: https://api.gbif.org/v1/species/6066963/synonyms | params={}
2026-07-05 15:22:02 | INFO | Finished: https://api.gbif.org/v1/species/6066963/synonyms | total=0
2026-07-05 15:22:02 | INFO | Fetching: https://api.gbif.org/v1/species/11166545/synonyms | params={}
2026-07-05 15:22:02 | INFO | Finished: https://api.gbif.org/v1/species/11166545/synonyms | total=0
2026-07-05 15:22:02 | INFO | Fetching: https://api.gbif.org/v1/species/4429662/synonyms | params={}
2026-07-05 15:22:02 | INFO | Finished: https://api.gbif.org/v1/species/4429662/synonyms | total=0
2026-07-05 15:22:02 | INFO | Fetching: https://api.gbif.org/v1/species/6066950/synonyms | params={}
2026-07-05 15:22:02 | INFO | Finished: https://api.gbif.org/v1/species/6066950/synonyms | total=0
2026-07-05 15:22:02 | INFO | Fetching: https://api.gbif.org/v1/species/9181327/synonyms | params={}
2026-07-05 15:22:03 | INFO | Finished: https://api.gbif.org/v1/species/9181327/synonyms | total=0
2026-07-05 15:22:03 | INFO | Fetching: https://api.gbif.org/v1/species/4429688/synonyms | params={}
2026-07-05 15:22:03 | INFO | Finished: https://api.gbif.org/v1/species/4429688/synonyms | total=2
2026-07-05 15:22:03 | INFO | Fetching: https://api.gbif.org/v1/species/6962123/synonyms | params={}
2026-07-05 15:22:03 | INFO | Finished: https://api.gbif.org/v1/species/6962123/synonyms | total=0
2026-07-05 15:22:03 | INFO | Fetching: https://api.gbif.org/v1/species/4429815/synonyms | params={}
2026-07-05 15:22:04 | INFO | Finished: https://api.gbif.org/v1/species/4429815/synonyms | total=2
2026-07-05 15:22:04 | INFO | Fetching: https://api.gbif.org/v1/species/6066981/synonyms | params={}
2026-07-05 15:22:04 | INFO | Finished: https://api.gbif.org/v1/species/6066981/synonyms | total=1
2026-07-05 15:22:04 | INFO | Fetching: https://api.gbif.org/v1/species/6066965/synonyms | params={}
2026-07-05 15:22:04 | INFO | Finished: https://api.gbif.org/v1/species/6066965/synonyms | total=0
2026-07-05 15:22:04 | INFO | Fetching: https://api.gbif.org/v1/species/4429779/synonyms | params={}
2026-07-05 15:22:04 | INFO | Finished: https://api.gbif.org/v1/species/4429779/synonyms | total=0
2026-07-05 15:22:04 | INFO | Fetching: https://api.gbif.org/v1/species/4429737/synonyms | params={}
2026-07-05 15:22:05 | INFO | Finished: https://api.gbif.org/v1/species/4429737/synonyms | total=0
2026-07-05 15:22:05 | INFO | Fetching: https://api.gbif.org/v1/species/4429706/synonyms | params={}
2026-07-05 15:22:05 | INFO | Finished: https://api.gbif.org/v1/species/4429706/synonyms | total=1
2026-07-05 15:22:05 | INFO | Fetching: https://api.gbif.org/v1/species/6066952/synonyms | params={}
2026-07-05 15:22:05 | INFO | Finished: https://api.gbif.org/v1/species/6066952/synonyms | total=0
2026-07-05 15:22:05 | INFO | Fetching: https://api.gbif.org/v1/species/4429672/synonyms | params={}
2026-07-05 15:22:05 | INFO | Finished: https://api.gbif.org/v1/species/4429672/synonyms | total=2
2026-07-05 15:22:05 | INFO | Fetching: https://api.gbif.org/v1/species/6066984/synonyms | params={}
2026-07-05 15:22:06 | INFO | Finished: https://api.gbif.org/v1/species/6066984/synonyms | total=0
2026-07-05 15:22:06 | INFO | Fetching: https://api.gbif.org/v1/species/4429644/synonyms | params={}
2026-07-05 15:22:06 | INFO | Finished: https://api.gbif.org/v1/species/4429644/synonyms | total=0
2026-07-05 15:22:06 | INFO | Fetching: https://api.gbif.org/v1/species/6066967/synonyms | params={}
2026-07-05 15:22:06 | INFO | Finished: https://api.gbif.org/v1/species/6066967/synonyms | total=0
2026-07-05 15:22:06 | INFO | Fetching: https://api.gbif.org/v1/species/9021230/synonyms | params={}
2026-07-05 15:22:06 | INFO | Finished: https://api.gbif.org/v1/species/9021230/synonyms | total=0
2026-07-05 15:22:06 | INFO | Fetching: https://api.gbif.org/v1/species/9617175/synonyms | params={}
2026-07-05 15:22:07 | INFO | Finished: https://api.gbif.org/v1/species/9617175/synonyms | total=0
2026-07-05 15:22:07 | INFO | Fetching: https://api.gbif.org/v1/species/4429786/synonyms | params={}
2026-07-05 15:22:07 | INFO | Finished: https://api.gbif.org/v1/species/4429786/synonyms | total=0
2026-07-05 15:22:07 | INFO | Fetching: https://api.gbif.org/v1/species/4429743/synonyms | params={}
2026-07-05 15:22:07 | INFO | Finished: https://api.gbif.org/v1/species/4429743/synonyms | total=0
2026-07-05 15:22:07 | INFO | Fetching: https://api.gbif.org/v1/species/8788392/synonyms | params={}
2026-07-05 15:22:07 | INFO | Finished: https://api.gbif.org/v1/species/8788392/synonyms | total=0
2026-07-05 15:22:07 | INFO | Fetching: https://api.gbif.org/v1/species/4429717/synonyms | params={}
2026-07-05 15:22:08 | INFO | Finished: https://api.gbif.org/v1/species/4429717/synonyms | total=2
2026-07-05 15:22:08 | INFO | Fetching: https://api.gbif.org/v1/species/6962196/synonyms | params={}
2026-07-05 15:22:08 | INFO | Finished: https://api.gbif.org/v1/species/6962196/synonyms | total=0
2026-07-05 15:22:08 | INFO | Fetching: https://api.gbif.org/v1/species/6962136/synonyms | params={}
2026-07-05 15:22:08 | INFO | Finished: https://api.gbif.org/v1/species/6962136/synonyms | total=0
2026-07-05 15:22:08 | INFO | Fetching: https://api.gbif.org/v1/species/6066954/synonyms | params={}
2026-07-05 15:22:09 | INFO | Finished: https://api.gbif.org/v1/species/6066954/synonyms | total=0
2026-07-05 15:22:09 | INFO | Fetching: https://api.gbif.org/v1/species/4429689/synonyms | params={}
2026-07-05 15:22:09 | INFO | Finished: https://api.gbif.org/v1/species/4429689/synonyms | total=0
2026-07-05 15:22:09 | INFO | Fetching: https://api.gbif.org/v1/species/6066986/synonyms | params={}
2026-07-05 15:22:09 | INFO | Finished: https://api.gbif.org/v1/species/6066986/synonyms | total=1
2026-07-05 15:22:09 | INFO | Fetching: https://api.gbif.org/v1/species/6962145/synonyms | params={}
2026-07-05 15:22:09 | INFO | Finished: https://api.gbif.org/v1/species/6962145/synonyms | total=0
2026-07-05 15:22:09 | INFO | Fetching: https://api.gbif.org/v1/species/6066970/synonyms | params={}
2026-07-05 15:22:10 | INFO | Finished: https://api.gbif.org/v1/species/6066970/synonyms | total=0
2026-07-05 15:22:10 | INFO | Fetching: https://api.gbif.org/v1/species/4429803/synonyms | params={}
2026-07-05 15:22:10 | INFO | Finished: https://api.gbif.org/v1/species/4429803/synonyms | total=0
2026-07-05 15:22:10 | INFO | Fetching: https://api.gbif.org/v1/species/4429760/synonyms | params={}
2026-07-05 15:22:10 | INFO | Finished: https://api.gbif.org/v1/species/4429760/synonyms | total=11
2026-07-05 15:22:10 | INFO | Fetching: https://api.gbif.org/v1/species/4429732/synonyms | params={}
2026-07-05 15:22:10 | INFO | Finished: https://api.gbif.org/v1/species/4429732/synonyms | total=0
2026-07-05 15:22:10 | INFO | Fetching: https://api.gbif.org/v1/species/4429700/synonyms | params={}
2026-07-05 15:22:11 | INFO | Finished: https://api.gbif.org/v1/species/4429700/synonyms | total=3
2026-07-05 15:22:11 | INFO | Fetching: https://api.gbif.org/v1/species/4429839/synonyms | params={}
2026-07-05 15:22:11 | INFO | Finished: https://api.gbif.org/v1/species/4429839/synonyms | total=1
2026-07-05 15:22:11 | INFO | Fetching: https://api.gbif.org/v1/species/4429817/synonyms | params={}
2026-07-05 15:22:11 | INFO | Finished: https://api.gbif.org/v1/species/4429817/synonyms | total=0
2026-07-05 15:22:11 | INFO | Fetching: https://api.gbif.org/v1/species/6962140/synonyms | params={}
2026-07-05 15:22:11 | INFO | Finished: https://api.gbif.org/v1/species/6962140/synonyms | total=0
2026-07-05 15:22:11 | INFO | Fetching: https://api.gbif.org/v1/species/4429780/synonyms | params={}
2026-07-05 15:22:12 | INFO | Finished: https://api.gbif.org/v1/species/4429780/synonyms | total=1
2026-07-05 15:22:12 | INFO | Fetching: https://api.gbif.org/v1/species/6066989/synonyms | params={}
2026-07-05 15:22:12 | INFO | Finished: https://api.gbif.org/v1/species/6066989/synonyms | total=0
2026-07-05 15:22:12 | INFO | Fetching: https://api.gbif.org/v1/species/6066972/synonyms | params={}
2026-07-05 15:22:12 | INFO | Finished: https://api.gbif.org/v1/species/6066972/synonyms | total=0
2026-07-05 15:22:12 | INFO | Fetching: https://api.gbif.org/v1/species/6962163/synonyms | params={}
2026-07-05 15:22:13 | INFO | Finished: https://api.gbif.org/v1/species/6962163/synonyms | total=0
2026-07-05 15:22:13 | INFO | Fetching: https://api.gbif.org/v1/species/4429738/synonyms | params={}
2026-07-05 15:22:13 | INFO | Finished: https://api.gbif.org/v1/species/4429738/synonyms | total=0
2026-07-05 15:22:13 | INFO | Fetching: https://api.gbif.org/v1/species/4429708/synonyms | params={}
2026-07-05 15:22:13 | INFO | Finished: https://api.gbif.org/v1/species/4429708/synonyms | total=1
2026-07-05 15:22:13 | INFO | Fetching: https://api.gbif.org/v1/species/4429675/synonyms | params={}
2026-07-05 15:22:13 | INFO | Finished: https://api.gbif.org/v1/species/4429675/synonyms | total=9
2026-07-05 15:22:13 | INFO | Fetching: https://api.gbif.org/v1/species/6066957/synonyms | params={}
2026-07-05 15:22:14 | INFO | Finished: https://api.gbif.org/v1/species/6066957/synonyms | total=0
2026-07-05 15:22:14 | INFO | Fetching: https://api.gbif.org/v1/species/6066992/synonyms | params={}
2026-07-05 15:22:14 | INFO | Finished: https://api.gbif.org/v1/species/6066992/synonyms | total=0
2026-07-05 15:22:14 | INFO | Fetching: https://api.gbif.org/v1/species/4429645/synonyms | params={}
2026-07-05 15:22:14 | INFO | Finished: https://api.gbif.org/v1/species/4429645/synonyms | total=0
2026-07-05 15:22:14 | INFO | Fetching: https://api.gbif.org/v1/species/6962084/synonyms | params={}
2026-07-05 15:22:14 | INFO | Finished: https://api.gbif.org/v1/species/6962084/synonyms | total=0
2026-07-05 15:22:14 | INFO | Fetching: https://api.gbif.org/v1/species/6962055/synonyms | params={}
2026-07-05 15:22:15 | INFO | Finished: https://api.gbif.org/v1/species/6962055/synonyms | total=0
2026-07-05 15:22:15 | INFO | Fetching: https://api.gbif.org/v1/species/4429823/synonyms | params={}
2026-07-05 15:22:15 | INFO | Finished: https://api.gbif.org/v1/species/4429823/synonyms | total=0
2026-07-05 15:22:15 | INFO | Fetching: https://api.gbif.org/v1/species/6066974/synonyms | params={}
2026-07-05 15:22:15 | INFO | Finished: https://api.gbif.org/v1/species/6066974/synonyms | total=0
2026-07-05 15:22:15 | INFO | Fetching: https://api.gbif.org/v1/species/6066959/synonyms | params={}
2026-07-05 15:22:15 | INFO | Finished: https://api.gbif.org/v1/species/6066959/synonyms | total=0
2026-07-05 15:22:15 | INFO | Fetching: https://api.gbif.org/v1/species/6962113/synonyms | params={}
2026-07-05 15:22:16 | INFO | Finished: https://api.gbif.org/v1/species/6962113/synonyms | total=0
2026-07-05 15:22:16 | INFO | Fetching: https://api.gbif.org/v1/species/4429787/synonyms | params={}
2026-07-05 15:22:16 | INFO | Finished: https://api.gbif.org/v1/species/4429787/synonyms | total=0
2026-07-05 15:22:16 | INFO | Fetching: https://api.gbif.org/v1/species/6962117/synonyms | params={}
2026-07-05 15:22:16 | INFO | Finished: https://api.gbif.org/v1/species/6962117/synonyms | total=0
2026-07-05 15:22:16 | INFO | Fetching: https://api.gbif.org/v1/species/6962174/synonyms | params={}
2026-07-05 15:22:16 | INFO | Finished: https://api.gbif.org/v1/species/6962174/synonyms | total=0
2026-07-05 15:22:16 | INFO | Fetching: https://api.gbif.org/v1/species/11192346/synonyms | params={}
2026-07-05 15:22:17 | INFO | Finished: https://api.gbif.org/v1/species/11192346/synonyms | total=0
2026-07-05 15:22:17 | INFO | Fetching: https://api.gbif.org/v1/species/6962141/synonyms | params={}
2026-07-05 15:22:17 | INFO | Finished: https://api.gbif.org/v1/species/6962141/synonyms | total=0
2026-07-05 15:22:17 | INFO | Fetching: https://api.gbif.org/v1/species/4429744/synonyms | params={}
2026-07-05 15:22:17 | INFO | Finished: https://api.gbif.org/v1/species/4429744/synonyms | total=0
2026-07-05 15:22:17 | INFO | Fetching: https://api.gbif.org/v1/species/4429690/synonyms | params={}
2026-07-05 15:22:17 | INFO | Finished: https://api.gbif.org/v1/species/4429690/synonyms | total=1
2026-07-05 15:22:17 | INFO | Fetching: https://api.gbif.org/v1/species/4429659/synonyms | params={}
2026-07-05 15:22:18 | INFO | Finished: https://api.gbif.org/v1/species/4429659/synonyms | total=0
2026-07-05 15:22:18 | INFO | Fetching: https://api.gbif.org/v1/species/4429829/synonyms | params={}
2026-07-05 15:22:18 | INFO | Finished: https://api.gbif.org/v1/species/4429829/synonyms | total=3
2026-07-05 15:22:18 | INFO | Fetching: https://api.gbif.org/v1/species/6962202/synonyms | params={}
2026-07-05 15:22:18 | INFO | Finished: https://api.gbif.org/v1/species/6962202/synonyms | total=0
2026-07-05 15:22:18 | INFO | Fetching: https://api.gbif.org/v1/species/6962170/synonyms | params={}
2026-07-05 15:22:18 | INFO | Finished: https://api.gbif.org/v1/species/6962170/synonyms | total=0
2026-07-05 15:22:18 | INFO | Fetching: https://api.gbif.org/v1/species/4429807/synonyms | params={}
2026-07-05 15:22:19 | INFO | Finished: https://api.gbif.org/v1/species/4429807/synonyms | total=8
2026-07-05 15:22:19 | INFO | Fetching: https://api.gbif.org/v1/species/6066994/synonyms | params={}
2026-07-05 15:22:19 | INFO | Finished: https://api.gbif.org/v1/species/6066994/synonyms | total=0
2026-07-05 15:22:19 | INFO | Fetching: https://api.gbif.org/v1/species/6066976/synonyms | params={}
2026-07-05 15:22:19 | INFO | Finished: https://api.gbif.org/v1/species/6066976/synonyms | total=0
2026-07-05 15:22:19 | INFO | Fetching: https://api.gbif.org/v1/species/6962208/synonyms | params={}
2026-07-05 15:22:20 | INFO | Finished: https://api.gbif.org/v1/species/6962208/synonyms | total=0
2026-07-05 15:22:20 | INFO | Fetching: https://api.gbif.org/v1/species/4429770/synonyms | params={}
2026-07-05 15:22:20 | INFO | Finished: https://api.gbif.org/v1/species/4429770/synonyms | total=8
2026-07-05 15:22:20 | INFO | Fetching: https://api.gbif.org/v1/species/6066991/synonyms | params={}
2026-07-05 15:22:20 | INFO | Finished: https://api.gbif.org/v1/species/6066991/synonyms | total=0
2026-07-05 15:22:20 | INFO | Fetching: https://api.gbif.org/v1/species/4429733/synonyms | params={}
2026-07-05 15:22:20 | INFO | Finished: https://api.gbif.org/v1/species/4429733/synonyms | total=0
2026-07-05 15:22:20 | INFO | Fetching: https://api.gbif.org/v1/species/4429704/synonyms | params={}
2026-07-05 15:22:21 | INFO | Finished: https://api.gbif.org/v1/species/4429704/synonyms | total=0
2026-07-05 15:22:21 | INFO | Fetching: https://api.gbif.org/v1/species/4429669/synonyms | params={}
2026-07-05 15:22:21 | INFO | Finished: https://api.gbif.org/v1/species/4429669/synonyms | total=1
2026-07-05 15:22:21 | INFO | Fetching: https://api.gbif.org/v1/species/6066960/synonyms | params={}
2026-07-05 15:22:21 | INFO | Finished: https://api.gbif.org/v1/species/6066960/synonyms | total=0
2026-07-05 15:22:21 | INFO | Fetching: https://api.gbif.org/v1/species/4429840/synonyms | params={}
2026-07-05 15:22:21 | INFO | Finished: https://api.gbif.org/v1/species/4429840/synonyms | total=0
2026-07-05 15:22:21 | INFO | Fetching: https://api.gbif.org/v1/species/10435436/synonyms | params={}
2026-07-05 15:22:22 | INFO | Finished: https://api.gbif.org/v1/species/10435436/synonyms | total=0
2026-07-05 15:22:22 | INFO | Fetching: https://api.gbif.org/v1/species/4429818/synonyms | params={}
2026-07-05 15:22:22 | INFO | Finished: https://api.gbif.org/v1/species/4429818/synonyms | total=0
2026-07-05 15:22:22 | INFO | Fetching: https://api.gbif.org/v1/species/8691524/synonyms | params={}
2026-07-05 15:22:22 | INFO | Finished: https://api.gbif.org/v1/species/8691524/synonyms | total=0
2026-07-05 15:22:22 | INFO | Fetching: https://api.gbif.org/v1/species/9516456/synonyms | params={}
2026-07-05 15:22:22 | INFO | Finished: https://api.gbif.org/v1/species/9516456/synonyms | total=0
2026-07-05 15:22:22 | INFO | Fetching: https://api.gbif.org/v1/species/4429782/synonyms | params={}
2026-07-05 15:22:23 | INFO | Finished: https://api.gbif.org/v1/species/4429782/synonyms | total=2
2026-07-05 15:22:23 | INFO | Fetching: https://api.gbif.org/v1/species/6066947/synonyms | params={}
2026-07-05 15:22:23 | INFO | Finished: https://api.gbif.org/v1/species/6066947/synonyms | total=0
2026-07-05 15:22:23 | INFO | Fetching: https://api.gbif.org/v1/species/6962072/synonyms | params={}
2026-07-05 15:22:23 | INFO | Finished: https://api.gbif.org/v1/species/6962072/synonyms | total=0
2026-07-05 15:22:23 | INFO | Fetching: https://api.gbif.org/v1/species/6066978/synonyms | params={}
2026-07-05 15:22:23 | INFO | Finished: https://api.gbif.org/v1/species/6066978/synonyms | total=1
2026-07-05 15:22:23 | INFO | Fetching: https://api.gbif.org/v1/species/4429739/synonyms | params={}
2026-07-05 15:22:24 | INFO | Finished: https://api.gbif.org/v1/species/4429739/synonyms | total=1
2026-07-05 15:22:24 | INFO | Fetching: https://api.gbif.org/v1/species/6962058/synonyms | params={}
2026-07-05 15:22:24 | INFO | Finished: https://api.gbif.org/v1/species/6962058/synonyms | total=0
2026-07-05 15:22:24 | INFO | Fetching: https://api.gbif.org/v1/species/6066962/synonyms | params={}
2026-07-05 15:22:24 | INFO | Finished: https://api.gbif.org/v1/species/6066962/synonyms | total=0
2026-07-05 15:22:24 | INFO | Fetching: https://api.gbif.org/v1/species/4429710/synonyms | params={}
2026-07-05 15:22:24 | INFO | Finished: https://api.gbif.org/v1/species/4429710/synonyms | total=0
2026-07-05 15:22:24 | INFO | Fetching: https://api.gbif.org/v1/species/4429685/synonyms | params={}
2026-07-05 15:22:25 | INFO | Finished: https://api.gbif.org/v1/species/4429685/synonyms | total=0
2026-07-05 15:22:25 | INFO | Fetching: https://api.gbif.org/v1/species/11218108/synonyms | params={}
2026-07-05 15:22:25 | INFO | Finished: https://api.gbif.org/v1/species/11218108/synonyms | total=0
2026-07-05 15:22:25 | INFO | Fetching: https://api.gbif.org/v1/species/4429646/synonyms | params={}
2026-07-05 15:22:25 | INFO | Finished: https://api.gbif.org/v1/species/4429646/synonyms | total=8
2026-07-05 15:22:25 | INFO | Fetching: https://api.gbif.org/v1/species/4429824/synonyms | params={}
2026-07-05 15:22:25 | INFO | Finished: https://api.gbif.org/v1/species/4429824/synonyms | total=2
2026-07-05 15:22:25 | INFO | Fetching: https://api.gbif.org/v1/species/4429788/synonyms | params={}
2026-07-05 15:22:26 | INFO | Finished: https://api.gbif.org/v1/species/4429788/synonyms | total=5
2026-07-05 15:22:26 | INFO | Fetching: https://api.gbif.org/v1/species/4429745/synonyms | params={}
2026-07-05 15:22:26 | INFO | Finished: https://api.gbif.org/v1/species/4429745/synonyms | total=3
2026-07-05 15:22:26 | INFO | Fetching: https://api.gbif.org/v1/species/4429721/synonyms | params={}
2026-07-05 15:22:26 | INFO | Finished: https://api.gbif.org/v1/species/4429721/synonyms | total=10
2026-07-05 15:22:26 | INFO | Fetching: https://api.gbif.org/v1/species/6066949/synonyms | params={}
2026-07-05 15:22:26 | INFO | Finished: https://api.gbif.org/v1/species/6066949/synonyms | total=0
2026-07-05 15:22:26 | INFO | Fetching: https://api.gbif.org/v1/species/4429693/synonyms | params={}
2026-07-05 15:22:27 | INFO | Finished: https://api.gbif.org/v1/species/4429693/synonyms | total=1
2026-07-05 15:22:27 | INFO | Fetching: https://api.gbif.org/v1/species/4429660/synonyms | params={}
2026-07-05 15:22:27 | INFO | Finished: https://api.gbif.org/v1/species/4429660/synonyms | total=0
2026-07-05 15:22:27 | INFO | Fetching: https://api.gbif.org/v1/species/4429833/synonyms | params={}
2026-07-05 15:22:27 | INFO | Finished: https://api.gbif.org/v1/species/4429833/synonyms | total=0
2026-07-05 15:22:27 | INFO | Fetching: https://api.gbif.org/v1/species/4429814/synonyms | params={}
2026-07-05 15:22:27 | INFO | Finished: https://api.gbif.org/v1/species/4429814/synonyms | total=0
2026-07-05 15:22:27 | INFO | Fetching: https://api.gbif.org/v1/species/6066980/synonyms | params={}
2026-07-05 15:22:28 | INFO | Finished: https://api.gbif.org/v1/species/6066980/synonyms | total=0
2026-07-05 15:22:28 | INFO | Fetching: https://api.gbif.org/v1/species/4429777/synonyms | params={}
2026-07-05 15:22:28 | INFO | Finished: https://api.gbif.org/v1/species/4429777/synonyms | total=1
2026-07-05 15:22:28 | INFO | Fetching: https://api.gbif.org/v1/species/6066964/synonyms | params={}
2026-07-05 15:22:28 | INFO | Finished: https://api.gbif.org/v1/species/6066964/synonyms | total=0
2026-07-05 15:22:28 | INFO | Fetching: https://api.gbif.org/v1/species/4429734/synonyms | params={}
2026-07-05 15:22:28 | INFO | Finished: https://api.gbif.org/v1/species/4429734/synonyms | total=2
2026-07-05 15:22:28 | INFO | Fetching: https://api.gbif.org/v1/species/4429705/synonyms | params={}
2026-07-05 15:22:29 | INFO | Finished: https://api.gbif.org/v1/species/4429705/synonyms | total=0
2026-07-05 15:22:29 | INFO | Fetching: https://api.gbif.org/v1/species/8784322/synonyms | params={}
2026-07-05 15:22:29 | INFO | Finished: https://api.gbif.org/v1/species/8784322/synonyms | total=0
2026-07-05 15:22:29 | INFO | Fetching: https://api.gbif.org/v1/species/6066951/synonyms | params={}
2026-07-05 15:22:29 | INFO | Finished: https://api.gbif.org/v1/species/6066951/synonyms | total=0
2026-07-05 15:22:29 | INFO | Fetching: https://api.gbif.org/v1/species/4429671/synonyms | params={}
2026-07-05 15:22:29 | INFO | Finished: https://api.gbif.org/v1/species/4429671/synonyms | total=0
2026-07-05 15:22:29 | INFO | Fetching: https://api.gbif.org/v1/species/9111826/synonyms | params={}
2026-07-05 15:22:30 | INFO | Finished: https://api.gbif.org/v1/species/9111826/synonyms | total=0
2026-07-05 15:22:30 | INFO | Fetching: https://api.gbif.org/v1/species/6066983/synonyms | params={}
2026-07-05 15:22:30 | INFO | Finished: https://api.gbif.org/v1/species/6066983/synonyms | total=1
2026-07-05 15:22:30 | INFO | Fetching: https://api.gbif.org/v1/species/6962094/synonyms | params={}
2026-07-05 15:22:30 | INFO | Finished: https://api.gbif.org/v1/species/6962094/synonyms | total=0
2026-07-05 15:22:30 | INFO | Fetching: https://api.gbif.org/v1/species/4429841/synonyms | params={}
2026-07-05 15:22:30 | INFO | Finished: https://api.gbif.org/v1/species/4429841/synonyms | total=4
2026-07-05 15:22:30 | INFO | Fetching: https://api.gbif.org/v1/species/4429819/synonyms | params={}
2026-07-05 15:22:31 | INFO | Finished: https://api.gbif.org/v1/species/4429819/synonyms | total=2
2026-07-05 15:22:31 | INFO | Fetching: https://api.gbif.org/v1/species/4429785/synonyms | params={}
2026-07-05 15:22:31 | INFO | Finished: https://api.gbif.org/v1/species/4429785/synonyms | total=0
2026-07-05 15:22:31 | INFO | Fetching: https://api.gbif.org/v1/species/6066966/synonyms | params={}
2026-07-05 15:22:31 | INFO | Finished: https://api.gbif.org/v1/species/6066966/synonyms | total=0
2026-07-05 15:22:31 | INFO | Fetching: https://api.gbif.org/v1/species/6962116/synonyms | params={}
2026-07-05 15:22:31 | INFO | Finished: https://api.gbif.org/v1/species/6962116/synonyms | total=0
2026-07-05 15:22:31 | INFO | Fetching: https://api.gbif.org/v1/species/4429741/synonyms | params={}
2026-07-05 15:22:32 | INFO | Finished: https://api.gbif.org/v1/species/4429741/synonyms | total=0
2026-07-05 15:22:32 | INFO | Fetching: https://api.gbif.org/v1/species/6066953/synonyms | params={}
2026-07-05 15:22:32 | INFO | Finished: https://api.gbif.org/v1/species/6066953/synonyms | total=0
2026-07-05 15:22:32 | INFO | Fetching: https://api.gbif.org/v1/species/4429711/synonyms | params={}
2026-07-05 15:22:32 | INFO | Finished: https://api.gbif.org/v1/species/4429711/synonyms | total=0
2026-07-05 15:22:32 | INFO | Fetching: https://api.gbif.org/v1/species/6066985/synonyms | params={}
2026-07-05 15:22:32 | INFO | Finished: https://api.gbif.org/v1/species/6066985/synonyms | total=0
2026-07-05 15:22:32 | INFO | Fetching: https://api.gbif.org/v1/species/6066968/synonyms | params={}
2026-07-05 15:22:33 | INFO | Finished: https://api.gbif.org/v1/species/6066968/synonyms | total=1
2026-07-05 15:22:33 | INFO | Fetching: https://api.gbif.org/v1/species/6066988/synonyms | params={}
2026-07-05 15:22:33 | INFO | Finished: https://api.gbif.org/v1/species/6066988/synonyms | total=0
2026-07-05 15:22:33 | INFO | Fetching: https://api.gbif.org/v1/species/4429686/synonyms | params={}
2026-07-05 15:22:33 | INFO | Finished: https://api.gbif.org/v1/species/4429686/synonyms | total=0
2026-07-05 15:22:33 | INFO | Fetching: https://api.gbif.org/v1/species/4429654/synonyms | params={}
2026-07-05 15:22:33 | INFO | Finished: https://api.gbif.org/v1/species/4429654/synonyms | total=0
2026-07-05 15:22:33 | INFO | Fetching: https://api.gbif.org/v1/species/4429827/synonyms | params={}
2026-07-05 15:22:34 | INFO | Finished: https://api.gbif.org/v1/species/4429827/synonyms | total=0
2026-07-05 15:22:34 | INFO | Fetching: https://api.gbif.org/v1/species/8558159/synonyms | params={}
2026-07-05 15:22:34 | INFO | Finished: https://api.gbif.org/v1/species/8558159/synonyms | total=0
2026-07-05 15:22:34 | INFO | Fetching: https://api.gbif.org/v1/species/6066955/synonyms | params={}
2026-07-05 15:22:34 | INFO | Finished: https://api.gbif.org/v1/species/6066955/synonyms | total=0
2026-07-05 15:22:34 | INFO | Fetching: https://api.gbif.org/v1/species/5737321/synonyms | params={}
2026-07-05 15:22:34 | INFO | Finished: https://api.gbif.org/v1/species/5737321/synonyms | total=0
2026-07-05 15:22:34 | INFO | Fetching: https://api.gbif.org/v1/species/6962125/synonyms | params={}
2026-07-05 15:22:35 | INFO | Finished: https://api.gbif.org/v1/species/6962125/synonyms | total=0
2026-07-05 15:22:35 | INFO | Fetching: https://api.gbif.org/v1/species/6962184/synonyms | params={}
2026-07-05 15:22:35 | INFO | Finished: https://api.gbif.org/v1/species/6962184/synonyms | total=0
2026-07-05 15:22:35 | INFO | Fetching: https://api.gbif.org/v1/species/6066971/synonyms | params={}
2026-07-05 15:22:35 | INFO | Finished: https://api.gbif.org/v1/species/6066971/synonyms | total=0
2026-07-05 15:22:35 | INFO | Fetching: https://api.gbif.org/v1/species/6066956/synonyms | params={}
2026-07-05 15:22:35 | INFO | Finished: https://api.gbif.org/v1/species/6066956/synonyms | total=0
2026-07-05 15:22:35 | INFO | Fetching: https://api.gbif.org/v1/species/4429793/synonyms | params={}
2026-07-05 15:22:36 | INFO | Finished: https://api.gbif.org/v1/species/4429793/synonyms | total=6
2026-07-05 15:22:36 | INFO | Fetching: https://api.gbif.org/v1/species/4429749/synonyms | params={}
2026-07-05 15:22:36 | INFO | Finished: https://api.gbif.org/v1/species/4429749/synonyms | total=18
2026-07-05 15:22:36 | INFO | Fetching: https://api.gbif.org/v1/species/6066990/synonyms | params={}
2026-07-05 15:22:36 | INFO | Finished: https://api.gbif.org/v1/species/6066990/synonyms | total=0
2026-07-05 15:22:36 | INFO | Fetching: https://api.gbif.org/v1/species/4429728/synonyms | params={}
2026-07-05 15:22:36 | INFO | Finished: https://api.gbif.org/v1/species/4429728/synonyms | total=2
2026-07-05 15:22:36 | INFO | Fetching: https://api.gbif.org/v1/species/11140353/synonyms | params={}
2026-07-05 15:22:37 | INFO | Finished: https://api.gbif.org/v1/species/11140353/synonyms | total=0
2026-07-05 15:22:37 | INFO | Fetching: https://api.gbif.org/v1/species/6066973/synonyms | params={}
2026-07-05 15:22:37 | INFO | Finished: https://api.gbif.org/v1/species/6066973/synonyms | total=0
2026-07-05 15:22:37 | INFO | Fetching: https://api.gbif.org/v1/species/6962162/synonyms | params={}
2026-07-05 15:22:37 | INFO | Finished: https://api.gbif.org/v1/species/6962162/synonyms | total=0
2026-07-05 15:22:37 | INFO | Fetching: https://api.gbif.org/v1/species/6066958/synonyms | params={}
2026-07-05 15:22:37 | INFO | Finished: https://api.gbif.org/v1/species/6066958/synonyms | total=0
2026-07-05 15:22:37 | INFO | Fetching: https://api.gbif.org/v1/species/4429661/synonyms | params={}
2026-07-05 15:22:38 | INFO | Finished: https://api.gbif.org/v1/species/4429661/synonyms | total=0
2026-07-05 15:22:38 | INFO | Fetching: https://api.gbif.org/v1/species/4429834/synonyms | params={}
2026-07-05 15:22:38 | INFO | Finished: https://api.gbif.org/v1/species/4429834/synonyms | total=3
2026-07-05 15:22:38 | INFO | Fetching: https://api.gbif.org/v1/species/6066993/synonyms | params={}
2026-07-05 15:22:38 | INFO | Finished: https://api.gbif.org/v1/species/6066993/synonyms | total=0
2026-07-05 15:22:38 | INFO | Fetching: https://api.gbif.org/v1/species/9025676/synonyms | params={}
2026-07-05 15:22:38 | INFO | Finished: https://api.gbif.org/v1/species/9025676/synonyms | total=0
2026-07-05 15:22:38 | INFO | Fetching: https://api.gbif.org/v1/species/6066975/synonyms | params={}
2026-07-05 15:22:39 | INFO | Finished: https://api.gbif.org/v1/species/6066975/synonyms | total=0
2026-07-05 15:22:39 | INFO | Fetching: https://api.gbif.org/v1/species/8588339/synonyms | params={}
2026-07-05 15:22:39 | INFO | Finished: https://api.gbif.org/v1/species/8588339/synonyms | total=1
2026-07-05 15:22:39 | INFO | Fetching: https://api.gbif.org/v1/species/9524051/synonyms | params={}
2026-07-05 15:22:39 | INFO | Finished: https://api.gbif.org/v1/species/9524051/synonyms | total=2
2026-07-05 15:22:39 | INFO | Fetching: https://api.gbif.org/v1/species/8640916/synonyms | params={}
2026-07-05 15:22:39 | INFO | Finished: https://api.gbif.org/v1/species/8640916/synonyms | total=1
2026-07-05 15:22:39 | INFO | Fetching: https://api.gbif.org/v1/species/4429894/synonyms | params={}
2026-07-05 15:22:40 | INFO | Finished: https://api.gbif.org/v1/species/4429894/synonyms | total=1
2026-07-05 15:22:40 | INFO | Fetching: https://api.gbif.org/v1/species/8844354/synonyms | params={}
2026-07-05 15:22:40 | INFO | Finished: https://api.gbif.org/v1/species/8844354/synonyms | total=0
2026-07-05 15:22:40 | INFO | Fetching: https://api.gbif.org/v1/species/9001521/synonyms | params={}
2026-07-05 15:22:40 | INFO | Finished: https://api.gbif.org/v1/species/9001521/synonyms | total=0
2026-07-05 15:22:40 | INFO | Fetching: https://api.gbif.org/v1/species/8158067/synonyms | params={}
2026-07-05 15:22:41 | INFO | Finished: https://api.gbif.org/v1/species/8158067/synonyms | total=0
2026-07-05 15:22:41 | INFO | Fetching: https://api.gbif.org/v1/species/8128368/synonyms | params={}
2026-07-05 15:22:41 | INFO | Finished: https://api.gbif.org/v1/species/8128368/synonyms | total=0
2026-07-05 15:22:41 | INFO | Fetching: https://api.gbif.org/v1/species/11768466/synonyms | params={}
2026-07-05 15:22:41 | INFO | Finished: https://api.gbif.org/v1/species/11768466/synonyms | total=0
2026-07-05 15:22:41 | INFO | Fetching: https://api.gbif.org/v1/species/11183411/synonyms | params={}
2026-07-05 15:22:41 | INFO | Finished: https://api.gbif.org/v1/species/11183411/synonyms | total=0
2026-07-05 15:22:41 | INFO | Fetching: https://api.gbif.org/v1/species/8883962/synonyms | params={}
2026-07-05 15:22:42 | INFO | Finished: https://api.gbif.org/v1/species/8883962/synonyms | total=0
2026-07-05 15:22:42 | INFO | Fetching: https://api.gbif.org/v1/species/8777484/synonyms | params={}
2026-07-05 15:22:42 | INFO | Finished: https://api.gbif.org/v1/species/8777484/synonyms | total=0
2026-07-05 15:22:42 | INFO | Fetching: https://api.gbif.org/v1/species/8096149/synonyms | params={}
2026-07-05 15:22:42 | INFO | Finished: https://api.gbif.org/v1/species/8096149/synonyms | total=4
2026-07-05 15:22:42 | INFO | Fetching: https://api.gbif.org/v1/species/9168979/synonyms | params={}
2026-07-05 15:22:42 | INFO | Finished: https://api.gbif.org/v1/species/9168979/synonyms | total=0
2026-07-05 15:22:42 | INFO | Fetching: https://api.gbif.org/v1/species/10180099/synonyms | params={}
2026-07-05 15:22:43 | INFO | Finished: https://api.gbif.org/v1/species/10180099/synonyms | total=0
2026-07-05 15:22:43 | INFO | Fetching: https://api.gbif.org/v1/species/7792422/synonyms | params={}
2026-07-05 15:22:43 | INFO | Finished: https://api.gbif.org/v1/species/7792422/synonyms | total=3
2026-07-05 15:22:43 | INFO | Fetching: https://api.gbif.org/v1/species/8828742/synonyms | params={}
2026-07-05 15:22:43 | INFO | Finished: https://api.gbif.org/v1/species/8828742/synonyms | total=0
2026-07-05 15:22:43 | INFO | Fetching: https://api.gbif.org/v1/species/4308846/synonyms | params={}
2026-07-05 15:22:43 | INFO | Finished: https://api.gbif.org/v1/species/4308846/synonyms | total=7
2026-07-05 15:22:43 | INFO | Fetching: https://api.gbif.org/v1/species/11878275/synonyms | params={}
2026-07-05 15:22:44 | INFO | Finished: https://api.gbif.org/v1/species/11878275/synonyms | total=0
2026-07-05 15:22:44 | INFO | Fetching: https://api.gbif.org/v1/species/8242788/synonyms | params={}
2026-07-05 15:22:44 | INFO | Finished: https://api.gbif.org/v1/species/8242788/synonyms | total=0
2026-07-05 15:22:44 | INFO | Fetching: https://api.gbif.org/v1/species/8742113/synonyms | params={}
2026-07-05 15:22:44 | INFO | Finished: https://api.gbif.org/v1/species/8742113/synonyms | total=0
2026-07-05 15:22:44 | INFO | Fetching: https://api.gbif.org/v1/species/8831434/synonyms | params={}
2026-07-05 15:22:44 | INFO | Finished: https://api.gbif.org/v1/species/8831434/synonyms | total=0
2026-07-05 15:22:44 | INFO | Fetching: https://api.gbif.org/v1/species/7556384/synonyms | params={}
2026-07-05 15:22:45 | INFO | Finished: https://api.gbif.org/v1/species/7556384/synonyms | total=1
2026-07-05 15:22:45 | INFO | Fetching: https://api.gbif.org/v1/species/9165994/synonyms | params={}
2026-07-05 15:22:45 | INFO | Finished: https://api.gbif.org/v1/species/9165994/synonyms | total=0
2026-07-05 15:22:45 | INFO | Fetching: https://api.gbif.org/v1/species/8886746/synonyms | params={}
2026-07-05 15:22:45 | INFO | Finished: https://api.gbif.org/v1/species/8886746/synonyms | total=0
2026-07-05 15:22:45 | INFO | Fetching: https://api.gbif.org/v1/species/8921503/synonyms | params={}
2026-07-05 15:22:45 | INFO | Finished: https://api.gbif.org/v1/species/8921503/synonyms | total=0
2026-07-05 15:22:45 | INFO | Fetching: https://api.gbif.org/v1/species/7899129/synonyms | params={}
2026-07-05 15:22:46 | INFO | Finished: https://api.gbif.org/v1/species/7899129/synonyms | total=0
2026-07-05 15:22:46 | INFO | Fetching: https://api.gbif.org/v1/species/8975285/synonyms | params={}
2026-07-05 15:22:46 | INFO | Finished: https://api.gbif.org/v1/species/8975285/synonyms | total=0
2026-07-05 15:22:46 | INFO | Fetching: https://api.gbif.org/v1/species/9036065/synonyms | params={}
2026-07-05 15:22:46 | INFO | Finished: https://api.gbif.org/v1/species/9036065/synonyms | total=0
2026-07-05 15:22:46 | INFO | Fetching: https://api.gbif.org/v1/species/11175510/synonyms | params={}
2026-07-05 15:22:47 | INFO | Finished: https://api.gbif.org/v1/species/11175510/synonyms | total=0
2026-07-05 15:22:47 | INFO | Fetching: https://api.gbif.org/v1/species/9131774/synonyms | params={}
2026-07-05 15:22:47 | INFO | Finished: https://api.gbif.org/v1/species/9131774/synonyms | total=0
2026-07-05 15:22:47 | INFO | Fetching: https://api.gbif.org/v1/species/8978152/synonyms | params={}
2026-07-05 15:22:47 | INFO | Finished: https://api.gbif.org/v1/species/8978152/synonyms | total=0
2026-07-05 15:22:47 | INFO | Fetching: https://api.gbif.org/v1/species/8774859/synonyms | params={}
2026-07-05 15:22:47 | INFO | Finished: https://api.gbif.org/v1/species/8774859/synonyms | total=0
2026-07-05 15:22:47 | INFO | Fetching: https://api.gbif.org/v1/species/11131432/synonyms | params={}
2026-07-05 15:22:48 | INFO | Finished: https://api.gbif.org/v1/species/11131432/synonyms | total=0
2026-07-05 15:22:48 | INFO | Fetching: https://api.gbif.org/v1/species/11799301/synonyms | params={}
2026-07-05 15:22:48 | INFO | Finished: https://api.gbif.org/v1/species/11799301/synonyms | total=0
2026-07-05 15:22:48 | INFO | Fetching: https://api.gbif.org/v1/species/11820322/synonyms | params={}
2026-07-05 15:22:48 | INFO | Finished: https://api.gbif.org/v1/species/11820322/synonyms | total=0
2026-07-05 15:22:48 | INFO | Fetching: https://api.gbif.org/v1/species/9072529/synonyms | params={}
2026-07-05 15:22:48 | INFO | Finished: https://api.gbif.org/v1/species/9072529/synonyms | total=0
2026-07-05 15:22:48 | INFO | Fetching: https://api.gbif.org/v1/species/10107617/synonyms | params={}
2026-07-05 15:22:49 | INFO | Finished: https://api.gbif.org/v1/species/10107617/synonyms | total=0
2026-07-05 15:22:49 | INFO | Fetching: https://api.gbif.org/v1/species/9226901/synonyms | params={}
2026-07-05 15:22:49 | INFO | Finished: https://api.gbif.org/v1/species/9226901/synonyms | total=0
2026-07-05 15:22:49 | INFO | Fetching: https://api.gbif.org/v1/species/5811543/synonyms | params={}
2026-07-05 15:22:49 | INFO | Finished: https://api.gbif.org/v1/species/5811543/synonyms | total=1
2026-07-05 15:22:49 | INFO | Fetching: https://api.gbif.org/v1/species/8918724/synonyms | params={}
2026-07-05 15:22:49 | INFO | Finished: https://api.gbif.org/v1/species/8918724/synonyms | total=0
2026-07-05 15:22:49 | INFO | Fetching: https://api.gbif.org/v1/species/8389330/synonyms | params={}
2026-07-05 15:22:50 | INFO | Finished: https://api.gbif.org/v1/species/8389330/synonyms | total=0
2026-07-05 15:22:50 | INFO | Fetching: https://api.gbif.org/v1/species/9034204/synonyms | params={}
2026-07-05 15:22:50 | INFO | Finished: https://api.gbif.org/v1/species/9034204/synonyms | total=0
2026-07-05 15:22:50 | INFO | Fetching: https://api.gbif.org/v1/species/8744714/synonyms | params={}
2026-07-05 15:22:50 | INFO | Finished: https://api.gbif.org/v1/species/8744714/synonyms | total=0
2026-07-05 15:22:50 | INFO | Fetching: https://api.gbif.org/v1/species/9069611/synonyms | params={}
2026-07-05 15:22:50 | INFO | Finished: https://api.gbif.org/v1/species/9069611/synonyms | total=0
2026-07-05 15:22:50 | INFO | Fetching: https://api.gbif.org/v1/species/4989415/synonyms | params={}
2026-07-05 15:22:51 | INFO | Finished: https://api.gbif.org/v1/species/4989415/synonyms | total=0
2026-07-05 15:22:51 | INFO | Fetching: https://api.gbif.org/v1/species/11123391/synonyms | params={}
2026-07-05 15:22:51 | INFO | Finished: https://api.gbif.org/v1/species/11123391/synonyms | total=0
2026-07-05 15:22:51 | INFO | Fetching: https://api.gbif.org/v1/species/9128799/synonyms | params={}
2026-07-05 15:22:51 | INFO | Finished: https://api.gbif.org/v1/species/9128799/synonyms | total=0
2026-07-05 15:22:51 | INFO | Fetching: https://api.gbif.org/v1/species/7945587/synonyms | params={}
2026-07-05 15:22:51 | INFO | Finished: https://api.gbif.org/v1/species/7945587/synonyms | total=1
2026-07-05 15:22:51 | INFO | Fetching: https://api.gbif.org/v1/species/6097345/synonyms | params={}
2026-07-05 15:22:52 | INFO | Finished: https://api.gbif.org/v1/species/6097345/synonyms | total=1
2026-07-05 15:22:52 | INFO | Fetching: https://api.gbif.org/v1/species/8759510/synonyms | params={}
2026-07-05 15:22:52 | INFO | Finished: https://api.gbif.org/v1/species/8759510/synonyms | total=0
2026-07-05 15:22:52 | INFO | Fetching: https://api.gbif.org/v1/species/5811545/synonyms | params={}
2026-07-05 15:22:52 | INFO | Finished: https://api.gbif.org/v1/species/5811545/synonyms | total=0
2026-07-05 15:22:52 | INFO | Fetching: https://api.gbif.org/v1/species/6097343/synonyms | params={}
2026-07-05 15:22:52 | INFO | Finished: https://api.gbif.org/v1/species/6097343/synonyms | total=1
2026-07-05 15:22:52 | INFO | Fetching: https://api.gbif.org/v1/species/9068194/synonyms | params={}
2026-07-05 15:22:53 | INFO | Finished: https://api.gbif.org/v1/species/9068194/synonyms | total=0
2026-07-05 15:22:53 | INFO | Fetching: https://api.gbif.org/v1/species/7766562/synonyms | params={}
2026-07-05 15:22:53 | INFO | Finished: https://api.gbif.org/v1/species/7766562/synonyms | total=1
2026-07-05 15:22:53 | INFO | Fetching: https://api.gbif.org/v1/species/8840289/synonyms | params={}
2026-07-05 15:22:53 | INFO | Finished: https://api.gbif.org/v1/species/8840289/synonyms | total=0
2026-07-05 15:22:53 | INFO | Fetching: https://api.gbif.org/v1/species/6097344/synonyms | params={}
2026-07-05 15:22:53 | INFO | Finished: https://api.gbif.org/v1/species/6097344/synonyms | total=3
2026-07-05 15:22:53 | INFO | Fetching: https://api.gbif.org/v1/species/10591218/synonyms | params={}
2026-07-05 15:22:54 | INFO | Finished: https://api.gbif.org/v1/species/10591218/synonyms | total=0
2026-07-05 15:22:54 | INFO | Fetching: https://api.gbif.org/v1/species/8474233/synonyms | params={}
2026-07-05 15:22:54 | INFO | Finished: https://api.gbif.org/v1/species/8474233/synonyms | total=0
2026-07-05 15:22:54 | INFO | Fetching: https://api.gbif.org/v1/species/8944417/synonyms | params={}
2026-07-05 15:22:54 | INFO | Finished: https://api.gbif.org/v1/species/8944417/synonyms | total=0
2026-07-05 15:22:54 | INFO | Fetching: https://api.gbif.org/v1/species/10652752/synonyms | params={}
2026-07-05 15:22:54 | INFO | Finished: https://api.gbif.org/v1/species/10652752/synonyms | total=0
2026-07-05 15:22:54 | INFO | Fetching: https://api.gbif.org/v1/species/7439931/synonyms | params={}
2026-07-05 15:22:55 | INFO | Finished: https://api.gbif.org/v1/species/7439931/synonyms | total=1
2026-07-05 15:22:55 | INFO | Fetching: https://api.gbif.org/v1/species/8895824/synonyms | params={}
2026-07-05 15:22:55 | INFO | Finished: https://api.gbif.org/v1/species/8895824/synonyms | total=0
2026-07-05 15:22:55 | INFO | Fetching: https://api.gbif.org/v1/species/8423145/synonyms | params={}
2026-07-05 15:22:55 | INFO | Finished: https://api.gbif.org/v1/species/8423145/synonyms | total=0
2026-07-05 15:22:55 | INFO | Fetching: https://api.gbif.org/v1/species/9170477/synonyms | params={}
2026-07-05 15:22:55 | INFO | Finished: https://api.gbif.org/v1/species/9170477/synonyms | total=0
2026-07-05 15:22:55 | INFO | Fetching: https://api.gbif.org/v1/species/10182429/synonyms | params={}
2026-07-05 15:22:56 | INFO | Finished: https://api.gbif.org/v1/species/10182429/synonyms | total=0
2026-07-05 15:22:56 | INFO | Fetching: https://api.gbif.org/v1/species/8973893/synonyms | params={}
2026-07-05 15:22:56 | INFO | Finished: https://api.gbif.org/v1/species/8973893/synonyms | total=0
2026-07-05 15:22:56 | INFO | Fetching: https://api.gbif.org/v1/species/10578648/synonyms | params={}
2026-07-05 15:22:56 | INFO | Finished: https://api.gbif.org/v1/species/10578648/synonyms | total=0
2026-07-05 15:22:56 | INFO | Fetching: https://api.gbif.org/v1/species/10067351/synonyms | params={}
2026-07-05 15:22:57 | INFO | Finished: https://api.gbif.org/v1/species/10067351/synonyms | total=1
2026-07-05 15:22:57 | INFO | Fetching: https://api.gbif.org/v1/species/7759706/synonyms | params={}
2026-07-05 15:22:57 | INFO | Finished: https://api.gbif.org/v1/species/7759706/synonyms | total=1
2026-07-05 15:22:57 | INFO | Fetching: https://api.gbif.org/v1/species/5811551/synonyms | params={}
2026-07-05 15:22:57 | INFO | Finished: https://api.gbif.org/v1/species/5811551/synonyms | total=0
2026-07-05 15:22:57 | INFO | Fetching: https://api.gbif.org/v1/species/5811546/synonyms | params={}
2026-07-05 15:22:57 | INFO | Finished: https://api.gbif.org/v1/species/5811546/synonyms | total=0
2026-07-05 15:22:57 | INFO | Fetching: https://api.gbif.org/v1/species/11465163/synonyms | params={}
2026-07-05 15:22:58 | INFO | Finished: https://api.gbif.org/v1/species/11465163/synonyms | total=0
2026-07-05 15:22:58 | INFO | Fetching: https://api.gbif.org/v1/species/11790793/synonyms | params={}
2026-07-05 15:22:58 | INFO | Finished: https://api.gbif.org/v1/species/11790793/synonyms | total=0
2026-07-05 15:22:58 | INFO | Fetching: https://api.gbif.org/v1/species/11203329/synonyms | params={}
2026-07-05 15:22:58 | INFO | Finished: https://api.gbif.org/v1/species/11203329/synonyms | total=0
2026-07-05 15:22:58 | INFO | Fetching: https://api.gbif.org/v1/species/7355603/synonyms | params={}
2026-07-05 15:22:58 | INFO | Finished: https://api.gbif.org/v1/species/7355603/synonyms | total=0
2026-07-05 15:22:58 | INFO | Fetching: https://api.gbif.org/v1/species/6097342/synonyms | params={}
2026-07-05 15:22:59 | INFO | Finished: https://api.gbif.org/v1/species/6097342/synonyms | total=10
2026-07-05 15:22:59 | INFO | Fetching: https://api.gbif.org/v1/species/5811549/synonyms | params={}
2026-07-05 15:22:59 | INFO | Finished: https://api.gbif.org/v1/species/5811549/synonyms | total=0
2026-07-05 15:22:59 | INFO | Fetching: https://api.gbif.org/v1/species/11523533/synonyms | params={}
2026-07-05 15:22:59 | INFO | Finished: https://api.gbif.org/v1/species/11523533/synonyms | total=0
2026-07-05 15:22:59 | INFO | Fetching: https://api.gbif.org/v1/species/10520785/synonyms | params={}
2026-07-05 15:22:59 | INFO | Finished: https://api.gbif.org/v1/species/10520785/synonyms | total=0
2026-07-05 15:22:59 | INFO | Fetching: https://api.gbif.org/v1/species/9951277/synonyms | params={}
2026-07-05 15:23:00 | INFO | Finished: https://api.gbif.org/v1/species/9951277/synonyms | total=0
2026-07-05 15:23:00 | INFO | Fetching: https://api.gbif.org/v1/species/11754733/synonyms | params={}
2026-07-05 15:23:00 | INFO | Finished: https://api.gbif.org/v1/species/11754733/synonyms | total=0
2026-07-05 15:23:00 | INFO | Fetching: https://api.gbif.org/v1/species/9074000/synonyms | params={}
2026-07-05 15:23:00 | INFO | Finished: https://api.gbif.org/v1/species/9074000/synonyms | total=0
2026-07-05 15:23:00 | INFO | Fetching: https://api.gbif.org/v1/species/8832770/synonyms | params={}
2026-07-05 15:23:00 | INFO | Finished: https://api.gbif.org/v1/species/8832770/synonyms | total=0
2026-07-05 15:23:00 | INFO | Fetching: https://api.gbif.org/v1/species/10385312/synonyms | params={}
2026-07-05 15:23:01 | INFO | Finished: https://api.gbif.org/v1/species/10385312/synonyms | total=1
2026-07-05 15:23:01 | INFO | Fetching: https://api.gbif.org/v1/species/7559631/synonyms | params={}
2026-07-05 15:23:01 | INFO | Finished: https://api.gbif.org/v1/species/7559631/synonyms | total=1
2026-07-05 15:23:01 | INFO | Fetching: https://api.gbif.org/v1/species/9096532/synonyms | params={}
2026-07-05 15:23:01 | INFO | Finished: https://api.gbif.org/v1/species/9096532/synonyms | total=0
2026-07-05 15:23:01 | INFO | Fetching: https://api.gbif.org/v1/species/9202051/synonyms | params={}
2026-07-05 15:23:01 | INFO | Finished: https://api.gbif.org/v1/species/9202051/synonyms | total=0
2026-07-05 15:23:01 | INFO | Fetching: https://api.gbif.org/v1/species/10204439/synonyms | params={}
2026-07-05 15:23:02 | INFO | Finished: https://api.gbif.org/v1/species/10204439/synonyms | total=0
2026-07-05 15:23:02 | INFO | Fetching: https://api.gbif.org/v1/species/10449272/synonyms | params={}
2026-07-05 15:23:02 | INFO | Finished: https://api.gbif.org/v1/species/10449272/synonyms | total=1
2026-07-05 15:23:02 | INFO | Fetching: https://api.gbif.org/v1/species/10479090/synonyms | params={}
2026-07-05 15:23:02 | INFO | Finished: https://api.gbif.org/v1/species/10479090/synonyms | total=0
2026-07-05 15:23:02 | INFO | Fetching: https://api.gbif.org/v1/species/10234123/synonyms | params={}
2026-07-05 15:23:02 | INFO | Finished: https://api.gbif.org/v1/species/10234123/synonyms | total=0
2026-07-05 15:23:02 | INFO | Fetching: https://api.gbif.org/v1/species/9127326/synonyms | params={}
2026-07-05 15:23:03 | INFO | Finished: https://api.gbif.org/v1/species/9127326/synonyms | total=0
2026-07-05 15:23:03 | INFO | Fetching: https://api.gbif.org/v1/species/8952174/synonyms | params={}
2026-07-05 15:23:03 | INFO | Finished: https://api.gbif.org/v1/species/8952174/synonyms | total=0
2026-07-05 15:23:03 | INFO | Fetching: https://api.gbif.org/v1/species/8442041/synonyms | params={}
2026-07-05 15:23:03 | INFO | Finished: https://api.gbif.org/v1/species/8442041/synonyms | total=0
2026-07-05 15:23:03 | INFO | Fetching: https://api.gbif.org/v1/species/7575166/synonyms | params={}
2026-07-05 15:23:03 | INFO | Finished: https://api.gbif.org/v1/species/7575166/synonyms | total=0
2026-07-05 15:23:03 | INFO | Fetching: https://api.gbif.org/v1/species/9845905/synonyms | params={}
2026-07-05 15:23:04 | INFO | Finished: https://api.gbif.org/v1/species/9845905/synonyms | total=1
2026-07-05 15:23:04 | INFO | Fetching: https://api.gbif.org/v1/species/8740806/synonyms | params={}
2026-07-05 15:23:04 | INFO | Finished: https://api.gbif.org/v1/species/8740806/synonyms | total=0
2026-07-05 15:23:04 | INFO | Fetching: https://api.gbif.org/v1/species/8263802/synonyms | params={}
2026-07-05 15:23:04 | INFO | Finished: https://api.gbif.org/v1/species/8263802/synonyms | total=0
2026-07-05 15:23:04 | INFO | Fetching: https://api.gbif.org/v1/species/5811552/synonyms | params={}
2026-07-05 15:23:04 | INFO | Finished: https://api.gbif.org/v1/species/5811552/synonyms | total=0
2026-07-05 15:23:04 | INFO | Fetching: https://api.gbif.org/v1/species/5811544/synonyms | params={}
2026-07-05 15:23:05 | INFO | Finished: https://api.gbif.org/v1/species/5811544/synonyms | total=0
2026-07-05 15:23:05 | INFO | Fetching: https://api.gbif.org/v1/species/9178070/synonyms | params={}
2026-07-05 15:23:05 | INFO | Finished: https://api.gbif.org/v1/species/9178070/synonyms | total=0
2026-07-05 15:23:05 | INFO | Fetching: https://api.gbif.org/v1/species/10515546/synonyms | params={}
2026-07-05 15:23:05 | INFO | Finished: https://api.gbif.org/v1/species/10515546/synonyms | total=0
2026-07-05 15:23:05 | INFO | Fetching: https://api.gbif.org/v1/species/10319058/synonyms | params={}
2026-07-05 15:23:05 | INFO | Finished: https://api.gbif.org/v1/species/10319058/synonyms | total=0
2026-07-05 15:23:05 | INFO | Fetching: https://api.gbif.org/v1/species/9969234/synonyms | params={}
2026-07-05 15:23:06 | INFO | Finished: https://api.gbif.org/v1/species/9969234/synonyms | total=0
2026-07-05 15:23:06 | INFO | Fetching: https://api.gbif.org/v1/species/9924498/synonyms | params={}
2026-07-05 15:23:06 | INFO | Finished: https://api.gbif.org/v1/species/9924498/synonyms | total=0
2026-07-05 15:23:06 | INFO | Fetching: https://api.gbif.org/v1/species/4435647/synonyms | params={}
2026-07-05 15:23:06 | INFO | Finished: https://api.gbif.org/v1/species/4435647/synonyms | total=0
2026-07-05 15:23:06 | INFO | Fetching: https://api.gbif.org/v1/species/8502099/synonyms | params={}
2026-07-05 15:23:06 | INFO | Finished: https://api.gbif.org/v1/species/8502099/synonyms | total=0
2026-07-05 15:23:06 | INFO | Fetching: https://api.gbif.org/v1/species/8819915/synonyms | params={}
2026-07-05 15:23:07 | INFO | Finished: https://api.gbif.org/v1/species/8819915/synonyms | total=0
2026-07-05 15:23:07 | INFO | Fetching: https://api.gbif.org/v1/species/8568488/synonyms | params={}
2026-07-05 15:23:07 | INFO | Finished: https://api.gbif.org/v1/species/8568488/synonyms | total=0
2026-07-05 15:23:07 | INFO | Fetching: https://api.gbif.org/v1/species/8702939/synonyms | params={}
2026-07-05 15:23:07 | INFO | Finished: https://api.gbif.org/v1/species/8702939/synonyms | total=0
2026-07-05 15:23:07 | INFO | Fetching: https://api.gbif.org/v1/species/9006725/synonyms | params={}
2026-07-05 15:23:07 | INFO | Finished: https://api.gbif.org/v1/species/9006725/synonyms | total=0
2026-07-05 15:23:07 | INFO | Fetching: https://api.gbif.org/v1/species/10270650/synonyms | params={}
2026-07-05 15:23:08 | INFO | Finished: https://api.gbif.org/v1/species/10270650/synonyms | total=0
2026-07-05 15:23:08 | INFO | Fetching: https://api.gbif.org/v1/species/4435642/synonyms | params={}
2026-07-05 15:23:08 | INFO | Finished: https://api.gbif.org/v1/species/4435642/synonyms | total=0
2026-07-05 15:23:08 | INFO | Fetching: https://api.gbif.org/v1/species/9982003/synonyms | params={}
2026-07-05 15:23:08 | INFO | Finished: https://api.gbif.org/v1/species/9982003/synonyms | total=0
2026-07-05 15:23:08 | INFO | Fetching: https://api.gbif.org/v1/species/10306210/synonyms | params={}
2026-07-05 15:23:09 | INFO | Finished: https://api.gbif.org/v1/species/10306210/synonyms | total=0
2026-07-05 15:23:09 | INFO | Fetching: https://api.gbif.org/v1/species/10506321/synonyms | params={}
2026-07-05 15:23:09 | INFO | Finished: https://api.gbif.org/v1/species/10506321/synonyms | total=0
2026-07-05 15:23:09 | INFO | Fetching: https://api.gbif.org/v1/species/8579773/synonyms | params={}
2026-07-05 15:23:09 | INFO | Finished: https://api.gbif.org/v1/species/8579773/synonyms | total=0
2026-07-05 15:23:09 | INFO | Fetching: https://api.gbif.org/v1/species/12223627/synonyms | params={}
2026-07-05 15:23:09 | INFO | Finished: https://api.gbif.org/v1/species/12223627/synonyms | total=0
2026-07-05 15:23:09 | INFO | Fetching: https://api.gbif.org/v1/species/10261423/synonyms | params={}
2026-07-05 15:23:10 | INFO | Finished: https://api.gbif.org/v1/species/10261423/synonyms | total=0
2026-07-05 15:23:10 | INFO | Fetching: https://api.gbif.org/v1/species/8861278/synonyms | params={}
2026-07-05 15:23:10 | INFO | Finished: https://api.gbif.org/v1/species/8861278/synonyms | total=0
2026-07-05 15:23:10 | INFO | Fetching: https://api.gbif.org/v1/species/4435609/synonyms | params={}
2026-07-05 15:23:10 | INFO | Finished: https://api.gbif.org/v1/species/4435609/synonyms | total=5
2026-07-05 15:23:10 | INFO | Fetching: https://api.gbif.org/v1/species/10520008/synonyms | params={}
2026-07-05 15:23:10 | INFO | Finished: https://api.gbif.org/v1/species/10520008/synonyms | total=0
2026-07-05 15:23:10 | INFO | Fetching: https://api.gbif.org/v1/species/8491422/synonyms | params={}
2026-07-05 15:23:11 | INFO | Finished: https://api.gbif.org/v1/species/8491422/synonyms | total=0
2026-07-05 15:23:11 | INFO | Fetching: https://api.gbif.org/v1/species/10559777/synonyms | params={}
2026-07-05 15:23:11 | INFO | Finished: https://api.gbif.org/v1/species/10559777/synonyms | total=0
2026-07-05 15:23:11 | INFO | Fetching: https://api.gbif.org/v1/species/8456705/synonyms | params={}
2026-07-05 15:23:11 | INFO | Finished: https://api.gbif.org/v1/species/8456705/synonyms | total=0
2026-07-05 15:23:11 | INFO | Fetching: https://api.gbif.org/v1/species/4435650/synonyms | params={}
2026-07-05 15:23:11 | INFO | Finished: https://api.gbif.org/v1/species/4435650/synonyms | total=1
2026-07-05 15:23:11 | INFO | Fetching: https://api.gbif.org/v1/species/8914659/synonyms | params={}
2026-07-05 15:23:12 | INFO | Finished: https://api.gbif.org/v1/species/8914659/synonyms | total=0
2026-07-05 15:23:12 | INFO | Fetching: https://api.gbif.org/v1/species/4435606/synonyms | params={}
2026-07-05 15:23:12 | INFO | Finished: https://api.gbif.org/v1/species/4435606/synonyms | total=0
2026-07-05 15:23:12 | INFO | Fetching: https://api.gbif.org/v1/species/4760672/synonyms | params={}
2026-07-05 15:23:12 | INFO | Finished: https://api.gbif.org/v1/species/4760672/synonyms | total=0
2026-07-05 15:23:12 | INFO | Fetching: https://api.gbif.org/v1/species/10155226/synonyms | params={}
2026-07-05 15:23:12 | INFO | Finished: https://api.gbif.org/v1/species/10155226/synonyms | total=0
2026-07-05 15:23:12 | INFO | Fetching: https://api.gbif.org/v1/species/7961254/synonyms | params={}
2026-07-05 15:23:13 | INFO | Finished: https://api.gbif.org/v1/species/7961254/synonyms | total=0
2026-07-05 15:23:13 | INFO | Fetching: https://api.gbif.org/v1/species/10376836/synonyms | params={}
2026-07-05 15:23:13 | INFO | Finished: https://api.gbif.org/v1/species/10376836/synonyms | total=0
2026-07-05 15:23:13 | INFO | Fetching: https://api.gbif.org/v1/species/8618349/synonyms | params={}
2026-07-05 15:23:13 | INFO | Finished: https://api.gbif.org/v1/species/8618349/synonyms | total=0
2026-07-05 15:23:13 | INFO | Fetching: https://api.gbif.org/v1/species/4435634/synonyms | params={}
2026-07-05 15:23:14 | INFO | Finished: https://api.gbif.org/v1/species/4435634/synonyms | total=0
2026-07-05 15:23:14 | INFO | Fetching: https://api.gbif.org/v1/species/4435648/synonyms | params={}
2026-07-05 15:23:14 | INFO | Finished: https://api.gbif.org/v1/species/4435648/synonyms | total=3
2026-07-05 15:23:14 | INFO | Fetching: https://api.gbif.org/v1/species/8697621/synonyms | params={}
2026-07-05 15:23:39 | ERROR | Request failed: https://api.gbif.org/v1/species/8697621/synonyms | params={'limit': 2000, 'offset': 0} | error=HTTPSConnectionPool(host='api.gbif.org', port=443): Max retries exceeded with url: /v1/species/8697621/synonyms?limit=2000&offset=0 (Caused by ConnectTimeoutError(<HTTPSConnection(host='api.gbif.org', port=443) at 0x114329bd0>, 'Connection to api.gbif.org timed out. (connect timeout=60)'))
