2026-07-05 16:34:33 | INFO | Output file: data/lamiales_taxa_with_current_names_all.csv
2026-07-05 16:34:33 | INFO | Log file: logs/gbif_lamiales_harvester_all.log
2026-07-05 16:34:33 | INFO | Root taxon key: 724
2026-07-05 16:34:33 | INFO | Starting traversal from root taxon key: 724
2026-07-05 16:34:33 | INFO | Fetching: https://api.gbif.org/v1/species/724/children | params={}
2026-07-05 16:34:33 | INFO | Finished: https://api.gbif.org/v1/species/724/children | total=32
2026-07-05 16:34:33 | INFO | Fetching: https://api.gbif.org/v1/species/724/children | params={}
2026-07-05 16:34:34 | INFO | Finished: https://api.gbif.org/v1/species/724/children | total=32
2026-07-05 16:34:34 | INFO | Randomly selected 32/32 children for taxon 724
2026-07-05 16:34:34 | INFO | Taxon key 724 has 32 children
2026-07-05 16:34:34 | INFO | Fetching: https://api.gbif.org/v1/species/9462299/children | params={}
2026-07-05 16:34:34 | INFO | Finished: https://api.gbif.org/v1/species/9462299/children | total=1
2026-07-05 16:34:34 | INFO | Fetching: https://api.gbif.org/v1/species/9462299/children | params={}
2026-07-05 16:34:34 | INFO | Finished: https://api.gbif.org/v1/species/9462299/children | total=1
2026-07-05 16:34:34 | INFO | Randomly selected 1/1 children for taxon 9462299
2026-07-05 16:34:34 | INFO | Taxon key 9462299 has 1 children
2026-07-05 16:34:34 | INFO | Fetching: https://api.gbif.org/v1/species/12091504/children | params={}
2026-07-05 16:34:34 | INFO | Finished: https://api.gbif.org/v1/species/12091504/children | total=1
2026-07-05 16:34:34 | INFO | Fetching: https://api.gbif.org/v1/species/12091504/children | params={}
2026-07-05 16:34:35 | INFO | Finished: https://api.gbif.org/v1/species/12091504/children | total=1
2026-07-05 16:34:35 | INFO | Randomly selected 1/1 children for taxon 12091504
2026-07-05 16:34:35 | INFO | Taxon key 12091504 has 1 children
2026-07-05 16:34:35 | INFO | Fetching: https://api.gbif.org/v1/species/12063330/children | params={}
2026-07-05 16:34:35 | INFO | Finished: https://api.gbif.org/v1/species/12063330/children | total=1
2026-07-05 16:34:35 | INFO | Fetching: https://api.gbif.org/v1/species/12063330/children | params={}
2026-07-05 16:34:35 | INFO | Finished: https://api.gbif.org/v1/species/12063330/children | total=1
2026-07-05 16:34:35 | INFO | Randomly selected 1/1 children for taxon 12063330
2026-07-05 16:34:35 | INFO | Taxon key 12063330 has 1 children
2026-07-05 16:34:35 | INFO | Fetching: https://api.gbif.org/v1/species/6101214/children | params={}
2026-07-05 16:34:35 | INFO | Finished: https://api.gbif.org/v1/species/6101214/children | total=1
2026-07-05 16:34:35 | INFO | Fetching: https://api.gbif.org/v1/species/6101214/children | params={}
2026-07-05 16:34:35 | INFO | Finished: https://api.gbif.org/v1/species/6101214/children | total=1
2026-07-05 16:34:35 | INFO | Randomly selected 1/1 children for taxon 6101214
2026-07-05 16:34:35 | INFO | Taxon key 6101214 has 1 children
2026-07-05 16:34:35 | INFO | Fetching: https://api.gbif.org/v1/species/2478862/children | params={}
2026-07-05 16:34:36 | INFO | Finished: https://api.gbif.org/v1/species/2478862/children | total=2
2026-07-05 16:34:36 | INFO | Fetching: https://api.gbif.org/v1/species/2478862/children | params={}
2026-07-05 16:34:36 | INFO | Finished: https://api.gbif.org/v1/species/2478862/children | total=2
2026-07-05 16:34:36 | INFO | Randomly selected 2/2 children for taxon 2478862
2026-07-05 16:34:36 | INFO | Taxon key 2478862 has 2 children
2026-07-05 16:34:36 | INFO | Fetching: https://api.gbif.org/v1/species/2478863/children | params={}
2026-07-05 16:34:36 | INFO | Finished: https://api.gbif.org/v1/species/2478863/children | total=3
2026-07-05 16:34:36 | INFO | Fetching: https://api.gbif.org/v1/species/2478863/children | params={}
2026-07-05 16:34:36 | INFO | Finished: https://api.gbif.org/v1/species/2478863/children | total=3
2026-07-05 16:34:36 | INFO | Randomly selected 3/3 children for taxon 2478863
2026-07-05 16:34:36 | INFO | Taxon key 2478863 has 3 children
2026-07-05 16:34:36 | INFO | Fetching: https://api.gbif.org/v1/species/2478866/children | params={}
2026-07-05 16:34:37 | INFO | Finished: https://api.gbif.org/v1/species/2478866/children | total=1
2026-07-05 16:34:37 | INFO | Fetching: https://api.gbif.org/v1/species/2478866/children | params={}
2026-07-05 16:34:37 | INFO | Finished: https://api.gbif.org/v1/species/2478866/children | total=1
2026-07-05 16:34:37 | INFO | Randomly selected 1/1 children for taxon 2478866
2026-07-05 16:34:37 | INFO | Taxon key 2478866 has 1 children
2026-07-05 16:34:37 | INFO | Fetching: https://api.gbif.org/v1/species/9343/children | params={}
2026-07-05 16:34:37 | INFO | Finished: https://api.gbif.org/v1/species/9343/children | total=15
2026-07-05 16:34:37 | INFO | Fetching: https://api.gbif.org/v1/species/9343/children | params={}
2026-07-05 16:34:37 | INFO | Finished: https://api.gbif.org/v1/species/9343/children | total=15
2026-07-05 16:34:37 | INFO | Randomly selected 15/15 children for taxon 9343
2026-07-05 16:34:37 | INFO | Taxon key 9343 has 15 children
2026-07-05 16:34:37 | INFO | Fetching: https://api.gbif.org/v1/species/2478755/children | params={}
2026-07-05 16:34:38 | INFO | Finished: https://api.gbif.org/v1/species/2478755/children | total=7
2026-07-05 16:34:38 | INFO | Fetching: https://api.gbif.org/v1/species/2478755/children | params={}
2026-07-05 16:34:38 | INFO | Finished: https://api.gbif.org/v1/species/2478755/children | total=7
2026-07-05 16:34:38 | INFO | Randomly selected 7/7 children for taxon 2478755
2026-07-05 16:34:38 | INFO | Taxon key 2478755 has 7 children
2026-07-05 16:34:38 | INFO | Fetching: https://api.gbif.org/v1/species/2478758/children | params={}
2026-07-05 16:34:38 | INFO | Finished: https://api.gbif.org/v1/species/2478758/children | total=1
2026-07-05 16:34:38 | INFO | Fetching: https://api.gbif.org/v1/species/2478758/children | params={}
2026-07-05 16:34:38 | INFO | Finished: https://api.gbif.org/v1/species/2478758/children | total=1
2026-07-05 16:34:38 | INFO | Randomly selected 1/1 children for taxon 2478758
2026-07-05 16:34:38 | INFO | Taxon key 2478758 has 1 children
2026-07-05 16:34:38 | INFO | Fetching: https://api.gbif.org/v1/species/2478761/children | params={}
2026-07-05 16:34:38 | INFO | Finished: https://api.gbif.org/v1/species/2478761/children | total=2
2026-07-05 16:34:38 | INFO | Fetching: https://api.gbif.org/v1/species/2478761/children | params={}
2026-07-05 16:34:39 | INFO | Finished: https://api.gbif.org/v1/species/2478761/children | total=2
2026-07-05 16:34:39 | INFO | Randomly selected 2/2 children for taxon 2478761
2026-07-05 16:34:39 | INFO | Taxon key 2478761 has 2 children
2026-07-05 16:34:39 | INFO | Fetching: https://api.gbif.org/v1/species/5789359/children | params={}
2026-07-05 16:34:39 | INFO | Finished: https://api.gbif.org/v1/species/5789359/children | total=1
2026-07-05 16:34:39 | INFO | Fetching: https://api.gbif.org/v1/species/5789359/children | params={}
2026-07-05 16:34:39 | INFO | Finished: https://api.gbif.org/v1/species/5789359/children | total=1
2026-07-05 16:34:39 | INFO | Randomly selected 1/1 children for taxon 5789359
2026-07-05 16:34:39 | INFO | Taxon key 5789359 has 1 children
2026-07-05 16:34:39 | INFO | Fetching: https://api.gbif.org/v1/species/2478760/children | params={}
2026-07-05 16:34:39 | INFO | Finished: https://api.gbif.org/v1/species/2478760/children | total=1
2026-07-05 16:34:39 | INFO | Fetching: https://api.gbif.org/v1/species/2478760/children | params={}
2026-07-05 16:34:39 | INFO | Finished: https://api.gbif.org/v1/species/2478760/children | total=1
2026-07-05 16:34:39 | INFO | Randomly selected 1/1 children for taxon 2478760
2026-07-05 16:34:39 | INFO | Taxon key 2478760 has 1 children
2026-07-05 16:34:39 | INFO | Fetching: https://api.gbif.org/v1/species/2478764/children | params={}
2026-07-05 16:34:40 | INFO | Finished: https://api.gbif.org/v1/species/2478764/children | total=12
2026-07-05 16:34:40 | INFO | Fetching: https://api.gbif.org/v1/species/2478764/children | params={}
2026-07-05 16:34:40 | INFO | Finished: https://api.gbif.org/v1/species/2478764/children | total=12
2026-07-05 16:34:40 | INFO | Randomly selected 12/12 children for taxon 2478764
2026-07-05 16:34:40 | INFO | Taxon key 2478764 has 12 children
2026-07-05 16:34:40 | INFO | Fetching: https://api.gbif.org/v1/species/2478782/children | params={}
2026-07-05 16:34:40 | INFO | Finished: https://api.gbif.org/v1/species/2478782/children | total=5
2026-07-05 16:34:40 | INFO | Fetching: https://api.gbif.org/v1/species/2478782/children | params={}
2026-07-05 16:34:40 | INFO | Finished: https://api.gbif.org/v1/species/2478782/children | total=5
2026-07-05 16:34:40 | INFO | Randomly selected 5/5 children for taxon 2478782
2026-07-05 16:34:40 | INFO | Taxon key 2478782 has 5 children
2026-07-05 16:34:40 | INFO | Fetching: https://api.gbif.org/v1/species/2478774/children | params={}
2026-07-05 16:34:41 | INFO | Finished: https://api.gbif.org/v1/species/2478774/children | total=4
2026-07-05 16:34:41 | INFO | Fetching: https://api.gbif.org/v1/species/2478774/children | params={}
2026-07-05 16:34:41 | INFO | Finished: https://api.gbif.org/v1/species/2478774/children | total=4
2026-07-05 16:34:41 | INFO | Randomly selected 4/4 children for taxon 2478774
2026-07-05 16:34:41 | INFO | Taxon key 2478774 has 4 children
2026-07-05 16:34:41 | INFO | Fetching: https://api.gbif.org/v1/species/2478765/children | params={}
2026-07-05 16:34:41 | INFO | Finished: https://api.gbif.org/v1/species/2478765/children | total=3
2026-07-05 16:34:41 | INFO | Fetching: https://api.gbif.org/v1/species/2478765/children | params={}
2026-07-05 16:34:41 | INFO | Finished: https://api.gbif.org/v1/species/2478765/children | total=3
2026-07-05 16:34:41 | INFO | Randomly selected 3/3 children for taxon 2478765
2026-07-05 16:34:41 | INFO | Taxon key 2478765 has 3 children
2026-07-05 16:34:41 | INFO | Fetching: https://api.gbif.org/v1/species/2478771/children | params={}
2026-07-05 16:34:42 | INFO | Finished: https://api.gbif.org/v1/species/2478771/children | total=3
2026-07-05 16:34:42 | INFO | Fetching: https://api.gbif.org/v1/species/2478771/children | params={}
2026-07-05 16:34:42 | INFO | Finished: https://api.gbif.org/v1/species/2478771/children | total=3
2026-07-05 16:34:42 | INFO | Randomly selected 3/3 children for taxon 2478771
2026-07-05 16:34:42 | INFO | Taxon key 2478771 has 3 children
2026-07-05 16:34:42 | INFO | Fetching: https://api.gbif.org/v1/species/2478770/children | params={}
2026-07-05 16:34:42 | INFO | Finished: https://api.gbif.org/v1/species/2478770/children | total=1
2026-07-05 16:34:42 | INFO | Fetching: https://api.gbif.org/v1/species/2478770/children | params={}
2026-07-05 16:34:42 | INFO | Finished: https://api.gbif.org/v1/species/2478770/children | total=1
2026-07-05 16:34:42 | INFO | Randomly selected 1/1 children for taxon 2478770
2026-07-05 16:34:42 | INFO | Taxon key 2478770 has 1 children
2026-07-05 16:34:42 | INFO | Fetching: https://api.gbif.org/v1/species/2478779/children | params={}
2026-07-05 16:34:42 | INFO | Finished: https://api.gbif.org/v1/species/2478779/children | total=4
2026-07-05 16:34:42 | INFO | Fetching: https://api.gbif.org/v1/species/2478779/children | params={}
2026-07-05 16:34:43 | INFO | Finished: https://api.gbif.org/v1/species/2478779/children | total=4
2026-07-05 16:34:43 | INFO | Randomly selected 4/4 children for taxon 2478779
2026-07-05 16:34:43 | INFO | Taxon key 2478779 has 4 children
2026-07-05 16:34:43 | INFO | Fetching: https://api.gbif.org/v1/species/2478813/children | params={}
2026-07-05 16:34:43 | INFO | Finished: https://api.gbif.org/v1/species/2478813/children | total=17
2026-07-05 16:34:43 | INFO | Fetching: https://api.gbif.org/v1/species/2478813/children | params={}
2026-07-05 16:34:43 | INFO | Finished: https://api.gbif.org/v1/species/2478813/children | total=17
2026-07-05 16:34:43 | INFO | Randomly selected 17/17 children for taxon 2478813
2026-07-05 16:34:43 | INFO | Taxon key 2478813 has 17 children
2026-07-05 16:34:43 | INFO | Fetching: https://api.gbif.org/v1/species/2478827/children | params={}
2026-07-05 16:34:43 | INFO | Finished: https://api.gbif.org/v1/species/2478827/children | total=1
2026-07-05 16:34:43 | INFO | Fetching: https://api.gbif.org/v1/species/2478827/children | params={}
2026-07-05 16:34:44 | INFO | Finished: https://api.gbif.org/v1/species/2478827/children | total=1
2026-07-05 16:34:44 | INFO | Randomly selected 1/1 children for taxon 2478827
2026-07-05 16:34:44 | INFO | Taxon key 2478827 has 1 children
2026-07-05 16:34:44 | INFO | Fetching: https://api.gbif.org/v1/species/2478838/children | params={}
2026-07-05 16:34:44 | INFO | Finished: https://api.gbif.org/v1/species/2478838/children | total=6
2026-07-05 16:34:44 | INFO | Fetching: https://api.gbif.org/v1/species/2478838/children | params={}
2026-07-05 16:34:44 | INFO | Finished: https://api.gbif.org/v1/species/2478838/children | total=6
2026-07-05 16:34:44 | INFO | Randomly selected 6/6 children for taxon 2478838
2026-07-05 16:34:44 | INFO | Taxon key 2478838 has 6 children
2026-07-05 16:34:44 | INFO | Fetching: https://api.gbif.org/v1/species/2478814/children | params={}
2026-07-05 16:34:44 | INFO | Finished: https://api.gbif.org/v1/species/2478814/children | total=4
2026-07-05 16:34:44 | INFO | Fetching: https://api.gbif.org/v1/species/2478814/children | params={}
2026-07-05 16:34:44 | INFO | Finished: https://api.gbif.org/v1/species/2478814/children | total=4
2026-07-05 16:34:44 | INFO | Randomly selected 4/4 children for taxon 2478814
2026-07-05 16:34:44 | INFO | Taxon key 2478814 has 4 children
2026-07-05 16:34:44 | INFO | Fetching: https://api.gbif.org/v1/species/2478822/children | params={}
2026-07-05 16:34:45 | INFO | Finished: https://api.gbif.org/v1/species/2478822/children | total=3
2026-07-05 16:34:45 | INFO | Fetching: https://api.gbif.org/v1/species/2478822/children | params={}
2026-07-05 16:34:45 | INFO | Finished: https://api.gbif.org/v1/species/2478822/children | total=3
2026-07-05 16:34:45 | INFO | Randomly selected 3/3 children for taxon 2478822
2026-07-05 16:34:45 | INFO | Taxon key 2478822 has 3 children
2026-07-05 16:34:45 | INFO | Fetching: https://api.gbif.org/v1/species/2478834/children | params={}
2026-07-05 16:34:45 | INFO | Finished: https://api.gbif.org/v1/species/2478834/children | total=4
2026-07-05 16:34:45 | INFO | Fetching: https://api.gbif.org/v1/species/2478834/children | params={}
2026-07-05 16:34:45 | INFO | Finished: https://api.gbif.org/v1/species/2478834/children | total=4
2026-07-05 16:34:45 | INFO | Randomly selected 4/4 children for taxon 2478834
2026-07-05 16:34:45 | INFO | Taxon key 2478834 has 4 children
2026-07-05 16:34:45 | INFO | Fetching: https://api.gbif.org/v1/species/5789361/children | params={}
2026-07-05 16:34:46 | INFO | Finished: https://api.gbif.org/v1/species/5789361/children | total=1
2026-07-05 16:34:46 | INFO | Fetching: https://api.gbif.org/v1/species/5789361/children | params={}
2026-07-05 16:34:46 | INFO | Finished: https://api.gbif.org/v1/species/5789361/children | total=1
2026-07-05 16:34:46 | INFO | Randomly selected 1/1 children for taxon 5789361
2026-07-05 16:34:46 | INFO | Taxon key 5789361 has 1 children
2026-07-05 16:34:46 | INFO | Fetching: https://api.gbif.org/v1/species/2478817/children | params={}
2026-07-05 16:34:46 | INFO | Finished: https://api.gbif.org/v1/species/2478817/children | total=3
2026-07-05 16:34:46 | INFO | Fetching: https://api.gbif.org/v1/species/2478817/children | params={}
2026-07-05 16:34:46 | INFO | Finished: https://api.gbif.org/v1/species/2478817/children | total=3
2026-07-05 16:34:46 | INFO | Randomly selected 3/3 children for taxon 2478817
2026-07-05 16:34:46 | INFO | Taxon key 2478817 has 3 children
2026-07-05 16:34:46 | INFO | Fetching: https://api.gbif.org/v1/species/2478828/children | params={}
2026-07-05 16:34:46 | INFO | Finished: https://api.gbif.org/v1/species/2478828/children | total=4
2026-07-05 16:34:46 | INFO | Fetching: https://api.gbif.org/v1/species/2478828/children | params={}
2026-07-05 16:34:47 | INFO | Finished: https://api.gbif.org/v1/species/2478828/children | total=4
2026-07-05 16:34:47 | INFO | Randomly selected 4/4 children for taxon 2478828
2026-07-05 16:34:47 | INFO | Taxon key 2478828 has 4 children
2026-07-05 16:34:47 | INFO | Fetching: https://api.gbif.org/v1/species/2478937/children | params={}
2026-07-05 16:34:47 | INFO | Finished: https://api.gbif.org/v1/species/2478937/children | total=13
2026-07-05 16:34:47 | INFO | Fetching: https://api.gbif.org/v1/species/2478937/children | params={}
2026-07-05 16:34:47 | INFO | Finished: https://api.gbif.org/v1/species/2478937/children | total=13
2026-07-05 16:34:47 | INFO | Randomly selected 13/13 children for taxon 2478937
2026-07-05 16:34:47 | INFO | Taxon key 2478937 has 13 children
2026-07-05 16:34:47 | INFO | Fetching: https://api.gbif.org/v1/species/6101210/children | params={}
2026-07-05 16:34:47 | INFO | Finished: https://api.gbif.org/v1/species/6101210/children | total=3
2026-07-05 16:34:47 | INFO | Fetching: https://api.gbif.org/v1/species/6101210/children | params={}
2026-07-05 16:34:47 | INFO | Finished: https://api.gbif.org/v1/species/6101210/children | total=3
2026-07-05 16:34:47 | INFO | Randomly selected 3/3 children for taxon 6101210
2026-07-05 16:34:47 | INFO | Taxon key 6101210 has 3 children
2026-07-05 16:34:47 | INFO | Fetching: https://api.gbif.org/v1/species/5229028/children | params={}
2026-07-05 16:34:48 | INFO | Finished: https://api.gbif.org/v1/species/5229028/children | total=3
2026-07-05 16:34:48 | INFO | Fetching: https://api.gbif.org/v1/species/5229028/children | params={}
2026-07-05 16:34:48 | INFO | Finished: https://api.gbif.org/v1/species/5229028/children | total=3
2026-07-05 16:34:48 | INFO | Randomly selected 3/3 children for taxon 5229028
2026-07-05 16:34:48 | INFO | Taxon key 5229028 has 3 children
2026-07-05 16:34:48 | INFO | Fetching: https://api.gbif.org/v1/species/5229012/children | params={}
2026-07-05 16:34:48 | INFO | Finished: https://api.gbif.org/v1/species/5229012/children | total=9
2026-07-05 16:34:48 | INFO | Fetching: https://api.gbif.org/v1/species/5229012/children | params={}
2026-07-05 16:34:48 | INFO | Finished: https://api.gbif.org/v1/species/5229012/children | total=9
2026-07-05 16:34:48 | INFO | Randomly selected 9/9 children for taxon 5229012
2026-07-05 16:34:48 | INFO | Taxon key 5229012 has 9 children
2026-07-05 16:34:48 | INFO | Fetching: https://api.gbif.org/v1/species/5229025/children | params={}
2026-07-05 16:34:48 | INFO | Finished: https://api.gbif.org/v1/species/5229025/children | total=3
2026-07-05 16:34:48 | INFO | Fetching: https://api.gbif.org/v1/species/5229025/children | params={}
2026-07-05 16:34:49 | INFO | Finished: https://api.gbif.org/v1/species/5229025/children | total=3
2026-07-05 16:34:49 | INFO | Randomly selected 3/3 children for taxon 5229025
2026-07-05 16:34:49 | INFO | Taxon key 5229025 has 3 children
2026-07-05 16:34:49 | INFO | Fetching: https://api.gbif.org/v1/species/5229006/children | params={}
2026-07-05 16:34:49 | INFO | Finished: https://api.gbif.org/v1/species/5229006/children | total=1
2026-07-05 16:34:49 | INFO | Fetching: https://api.gbif.org/v1/species/5229006/children | params={}
2026-07-05 16:34:49 | INFO | Finished: https://api.gbif.org/v1/species/5229006/children | total=1
2026-07-05 16:34:49 | INFO | Randomly selected 1/1 children for taxon 5229006
2026-07-05 16:34:49 | INFO | Taxon key 5229006 has 1 children
2026-07-05 16:34:49 | INFO | Fetching: https://api.gbif.org/v1/species/5229024/children | params={}
2026-07-05 16:34:49 | INFO | Finished: https://api.gbif.org/v1/species/5229024/children | total=2
2026-07-05 16:34:49 | INFO | Fetching: https://api.gbif.org/v1/species/5229024/children | params={}
2026-07-05 16:34:49 | INFO | Finished: https://api.gbif.org/v1/species/5229024/children | total=2
2026-07-05 16:34:49 | INFO | Randomly selected 2/2 children for taxon 5229024
2026-07-05 16:34:49 | INFO | Taxon key 5229024 has 2 children
2026-07-05 16:34:49 | INFO | Fetching: https://api.gbif.org/v1/species/5844042/children | params={}
2026-07-05 16:34:50 | INFO | Finished: https://api.gbif.org/v1/species/5844042/children | total=3
2026-07-05 16:34:50 | INFO | Fetching: https://api.gbif.org/v1/species/5844042/children | params={}
2026-07-05 16:34:50 | INFO | Finished: https://api.gbif.org/v1/species/5844042/children | total=3
2026-07-05 16:34:50 | INFO | Randomly selected 3/3 children for taxon 5844042
2026-07-05 16:34:50 | INFO | Taxon key 5844042 has 3 children
2026-07-05 16:34:50 | INFO | Fetching: https://api.gbif.org/v1/species/6101211/children | params={}
2026-07-05 16:34:50 | INFO | Finished: https://api.gbif.org/v1/species/6101211/children | total=7
2026-07-05 16:34:50 | INFO | Fetching: https://api.gbif.org/v1/species/6101211/children | params={}
2026-07-05 16:34:50 | INFO | Finished: https://api.gbif.org/v1/species/6101211/children | total=7
2026-07-05 16:34:50 | INFO | Randomly selected 7/7 children for taxon 6101211
2026-07-05 16:34:50 | INFO | Taxon key 6101211 has 7 children
2026-07-05 16:34:50 | INFO | Fetching: https://api.gbif.org/v1/species/2478852/children | params={}
2026-07-05 16:34:50 | INFO | Finished: https://api.gbif.org/v1/species/2478852/children | total=4
2026-07-05 16:34:50 | INFO | Fetching: https://api.gbif.org/v1/species/2478852/children | params={}
2026-07-05 16:34:51 | INFO | Finished: https://api.gbif.org/v1/species/2478852/children | total=4
2026-07-05 16:34:51 | INFO | Randomly selected 4/4 children for taxon 2478852
2026-07-05 16:34:51 | INFO | Taxon key 2478852 has 4 children
2026-07-05 16:34:51 | INFO | Fetching: https://api.gbif.org/v1/species/2478854/children | params={}
2026-07-05 16:34:51 | INFO | Finished: https://api.gbif.org/v1/species/2478854/children | total=3
2026-07-05 16:34:51 | INFO | Fetching: https://api.gbif.org/v1/species/2478854/children | params={}
2026-07-05 16:34:51 | INFO | Finished: https://api.gbif.org/v1/species/2478854/children | total=3
2026-07-05 16:34:51 | INFO | Randomly selected 3/3 children for taxon 2478854
2026-07-05 16:34:51 | INFO | Taxon key 2478854 has 3 children
2026-07-05 16:34:51 | INFO | Fetching: https://api.gbif.org/v1/species/2478858/children | params={}
2026-07-05 16:34:51 | INFO | Finished: https://api.gbif.org/v1/species/2478858/children | total=2
2026-07-05 16:34:51 | INFO | Fetching: https://api.gbif.org/v1/species/2478858/children | params={}
2026-07-05 16:34:51 | INFO | Finished: https://api.gbif.org/v1/species/2478858/children | total=2
2026-07-05 16:34:51 | INFO | Randomly selected 2/2 children for taxon 2478858
2026-07-05 16:34:51 | INFO | Taxon key 2478858 has 2 children
2026-07-05 16:34:51 | INFO | Fetching: https://api.gbif.org/v1/species/9333/children | params={}
2026-07-05 16:34:52 | INFO | Finished: https://api.gbif.org/v1/species/9333/children | total=90
2026-07-05 16:34:52 | INFO | Fetching: https://api.gbif.org/v1/species/9333/children | params={}
2026-07-05 16:34:52 | INFO | Finished: https://api.gbif.org/v1/species/9333/children | total=90
2026-07-05 16:34:52 | INFO | Randomly selected 90/90 children for taxon 9333
2026-07-05 16:34:52 | INFO | Taxon key 9333 has 90 children
2026-07-05 16:34:52 | INFO | Fetching: https://api.gbif.org/v1/species/4849474/children | params={}
2026-07-05 16:34:52 | INFO | Finished: https://api.gbif.org/v1/species/4849474/children | total=7
2026-07-05 16:34:52 | INFO | Fetching: https://api.gbif.org/v1/species/4849474/children | params={}
2026-07-05 16:34:53 | INFO | Finished: https://api.gbif.org/v1/species/4849474/children | total=7
2026-07-05 16:34:53 | INFO | Randomly selected 7/7 children for taxon 4849474
2026-07-05 16:34:53 | INFO | Taxon key 4849474 has 7 children
2026-07-05 16:34:53 | INFO | Fetching: https://api.gbif.org/v1/species/8966665/children | params={}
2026-07-05 16:34:53 | INFO | Finished: https://api.gbif.org/v1/species/8966665/children | total=4
2026-07-05 16:34:53 | INFO | Fetching: https://api.gbif.org/v1/species/8966665/children | params={}
2026-07-05 16:34:53 | INFO | Finished: https://api.gbif.org/v1/species/8966665/children | total=4
2026-07-05 16:34:53 | INFO | Randomly selected 4/4 children for taxon 8966665
2026-07-05 16:34:53 | INFO | Taxon key 8966665 has 4 children
2026-07-05 16:34:53 | INFO | Fetching: https://api.gbif.org/v1/species/9104123/children | params={}
2026-07-05 16:34:53 | INFO | Finished: https://api.gbif.org/v1/species/9104123/children | total=2
2026-07-05 16:34:53 | INFO | Fetching: https://api.gbif.org/v1/species/9104123/children | params={}
2026-07-05 16:34:53 | INFO | Finished: https://api.gbif.org/v1/species/9104123/children | total=2
2026-07-05 16:34:53 | INFO | Randomly selected 2/2 children for taxon 9104123
2026-07-05 16:34:53 | INFO | Taxon key 9104123 has 2 children
2026-07-05 16:34:53 | INFO | Fetching: https://api.gbif.org/v1/species/8854301/children | params={}
2026-07-05 16:34:54 | INFO | Finished: https://api.gbif.org/v1/species/8854301/children | total=4
2026-07-05 16:34:54 | INFO | Fetching: https://api.gbif.org/v1/species/8854301/children | params={}
2026-07-05 16:34:54 | INFO | Finished: https://api.gbif.org/v1/species/8854301/children | total=4
2026-07-05 16:34:54 | INFO | Randomly selected 4/4 children for taxon 8854301
2026-07-05 16:34:54 | INFO | Taxon key 8854301 has 4 children
2026-07-05 16:34:54 | INFO | Fetching: https://api.gbif.org/v1/species/9178169/children | params={}
2026-07-05 16:34:54 | INFO | Finished: https://api.gbif.org/v1/species/9178169/children | total=11
2026-07-05 16:34:54 | INFO | Fetching: https://api.gbif.org/v1/species/9178169/children | params={}
2026-07-05 16:34:54 | INFO | Finished: https://api.gbif.org/v1/species/9178169/children | total=11
2026-07-05 16:34:54 | INFO | Randomly selected 11/11 children for taxon 9178169
2026-07-05 16:34:54 | INFO | Taxon key 9178169 has 11 children
2026-07-05 16:34:54 | INFO | Fetching: https://api.gbif.org/v1/species/9045043/children | params={}
2026-07-05 16:34:54 | INFO | Finished: https://api.gbif.org/v1/species/9045043/children | total=12
2026-07-05 16:34:54 | INFO | Fetching: https://api.gbif.org/v1/species/9045043/children | params={}
2026-07-05 16:34:55 | INFO | Finished: https://api.gbif.org/v1/species/9045043/children | total=12
2026-07-05 16:34:55 | INFO | Randomly selected 12/12 children for taxon 9045043
2026-07-05 16:34:55 | INFO | Taxon key 9045043 has 12 children
2026-07-05 16:34:55 | INFO | Fetching: https://api.gbif.org/v1/species/2478164/children | params={}
2026-07-05 16:34:55 | INFO | Finished: https://api.gbif.org/v1/species/2478164/children | total=1
2026-07-05 16:34:55 | INFO | Fetching: https://api.gbif.org/v1/species/2478164/children | params={}
2026-07-05 16:34:55 | INFO | Finished: https://api.gbif.org/v1/species/2478164/children | total=1
2026-07-05 16:34:55 | INFO | Randomly selected 1/1 children for taxon 2478164
2026-07-05 16:34:55 | INFO | Taxon key 2478164 has 1 children
2026-07-05 16:34:55 | INFO | Fetching: https://api.gbif.org/v1/species/2478165/children | params={}
2026-07-05 16:34:55 | INFO | Finished: https://api.gbif.org/v1/species/2478165/children | total=2
2026-07-05 16:34:55 | INFO | Fetching: https://api.gbif.org/v1/species/2478165/children | params={}
2026-07-05 16:34:55 | INFO | Finished: https://api.gbif.org/v1/species/2478165/children | total=2
2026-07-05 16:34:55 | INFO | Randomly selected 2/2 children for taxon 2478165
2026-07-05 16:34:55 | INFO | Taxon key 2478165 has 2 children
2026-07-05 16:34:55 | INFO | Fetching: https://api.gbif.org/v1/species/2478338/children | params={}
2026-07-05 16:34:56 | INFO | Finished: https://api.gbif.org/v1/species/2478338/children | total=15
2026-07-05 16:34:56 | INFO | Fetching: https://api.gbif.org/v1/species/2478338/children | params={}
2026-07-05 16:34:56 | INFO | Finished: https://api.gbif.org/v1/species/2478338/children | total=15
2026-07-05 16:34:56 | INFO | Randomly selected 15/15 children for taxon 2478338
2026-07-05 16:34:56 | INFO | Taxon key 2478338 has 15 children
2026-07-05 16:34:56 | INFO | Fetching: https://api.gbif.org/v1/species/2478382/children | params={}
2026-07-05 16:34:56 | INFO | Finished: https://api.gbif.org/v1/species/2478382/children | total=1
2026-07-05 16:34:56 | INFO | Fetching: https://api.gbif.org/v1/species/2478382/children | params={}
2026-07-05 16:34:56 | INFO | Finished: https://api.gbif.org/v1/species/2478382/children | total=1
2026-07-05 16:34:56 | INFO | Randomly selected 1/1 children for taxon 2478382
2026-07-05 16:34:56 | INFO | Taxon key 2478382 has 1 children
2026-07-05 16:34:56 | INFO | Fetching: https://api.gbif.org/v1/species/2478345/children | params={}
2026-07-05 16:34:57 | INFO | Finished: https://api.gbif.org/v1/species/2478345/children | total=10
2026-07-05 16:34:57 | INFO | Fetching: https://api.gbif.org/v1/species/2478345/children | params={}
2026-07-05 16:34:57 | INFO | Finished: https://api.gbif.org/v1/species/2478345/children | total=10
2026-07-05 16:34:57 | INFO | Randomly selected 10/10 children for taxon 2478345
2026-07-05 16:34:57 | INFO | Taxon key 2478345 has 10 children
2026-07-05 16:34:57 | INFO | Fetching: https://api.gbif.org/v1/species/2478341/children | params={}
2026-07-05 16:34:57 | INFO | Finished: https://api.gbif.org/v1/species/2478341/children | total=4
2026-07-05 16:34:57 | INFO | Fetching: https://api.gbif.org/v1/species/2478341/children | params={}
2026-07-05 16:34:57 | INFO | Finished: https://api.gbif.org/v1/species/2478341/children | total=4
2026-07-05 16:34:57 | INFO | Randomly selected 4/4 children for taxon 2478341
2026-07-05 16:34:57 | INFO | Taxon key 2478341 has 4 children
2026-07-05 16:34:57 | INFO | Fetching: https://api.gbif.org/v1/species/7340156/children | params={}
2026-07-05 16:34:57 | INFO | Finished: https://api.gbif.org/v1/species/7340156/children | total=5
2026-07-05 16:34:57 | INFO | Fetching: https://api.gbif.org/v1/species/7340156/children | params={}
2026-07-05 16:34:57 | INFO | Finished: https://api.gbif.org/v1/species/7340156/children | total=5
2026-07-05 16:34:57 | INFO | Randomly selected 5/5 children for taxon 7340156
2026-07-05 16:34:57 | INFO | Taxon key 7340156 has 5 children
2026-07-05 16:34:57 | INFO | Fetching: https://api.gbif.org/v1/species/5789380/children | params={}
2026-07-05 16:34:58 | INFO | Finished: https://api.gbif.org/v1/species/5789380/children | total=1
2026-07-05 16:34:58 | INFO | Fetching: https://api.gbif.org/v1/species/5789380/children | params={}
2026-07-05 16:34:58 | INFO | Finished: https://api.gbif.org/v1/species/5789380/children | total=1
2026-07-05 16:34:58 | INFO | Randomly selected 1/1 children for taxon 5789380
2026-07-05 16:34:58 | INFO | Taxon key 5789380 has 1 children
2026-07-05 16:34:58 | INFO | Fetching: https://api.gbif.org/v1/species/2478367/children | params={}
2026-07-05 16:34:58 | INFO | Finished: https://api.gbif.org/v1/species/2478367/children | total=6
2026-07-05 16:34:58 | INFO | Fetching: https://api.gbif.org/v1/species/2478367/children | params={}
2026-07-05 16:34:58 | INFO | Finished: https://api.gbif.org/v1/species/2478367/children | total=6
2026-07-05 16:34:58 | INFO | Randomly selected 6/6 children for taxon 2478367
2026-07-05 16:34:58 | INFO | Taxon key 2478367 has 6 children
2026-07-05 16:34:58 | INFO | Fetching: https://api.gbif.org/v1/species/2478378/children | params={}
2026-07-05 16:34:58 | INFO | Finished: https://api.gbif.org/v1/species/2478378/children | total=4
2026-07-05 16:34:58 | INFO | Fetching: https://api.gbif.org/v1/species/2478378/children | params={}
2026-07-05 16:34:59 | INFO | Finished: https://api.gbif.org/v1/species/2478378/children | total=4
2026-07-05 16:34:59 | INFO | Randomly selected 4/4 children for taxon 2478378
2026-07-05 16:34:59 | INFO | Taxon key 2478378 has 4 children
2026-07-05 16:34:59 | INFO | Fetching: https://api.gbif.org/v1/species/2478339/children | params={}
2026-07-05 16:34:59 | INFO | Finished: https://api.gbif.org/v1/species/2478339/children | total=1
2026-07-05 16:34:59 | INFO | Fetching: https://api.gbif.org/v1/species/2478339/children | params={}
2026-07-05 16:34:59 | INFO | Finished: https://api.gbif.org/v1/species/2478339/children | total=1
2026-07-05 16:34:59 | INFO | Randomly selected 1/1 children for taxon 2478339
2026-07-05 16:34:59 | INFO | Taxon key 2478339 has 1 children
2026-07-05 16:34:59 | INFO | Fetching: https://api.gbif.org/v1/species/2478356/children | params={}
2026-07-05 16:34:59 | INFO | Finished: https://api.gbif.org/v1/species/2478356/children | total=1
2026-07-05 16:34:59 | INFO | Fetching: https://api.gbif.org/v1/species/2478356/children | params={}
2026-07-05 16:35:00 | INFO | Finished: https://api.gbif.org/v1/species/2478356/children | total=1
2026-07-05 16:35:00 | INFO | Randomly selected 1/1 children for taxon 2478356
2026-07-05 16:35:00 | INFO | Taxon key 2478356 has 1 children
2026-07-05 16:35:00 | INFO | Fetching: https://api.gbif.org/v1/species/2478357/children | params={}
2026-07-05 16:35:00 | INFO | Finished: https://api.gbif.org/v1/species/2478357/children | total=3
2026-07-05 16:35:00 | INFO | Fetching: https://api.gbif.org/v1/species/2478357/children | params={}
2026-07-05 16:35:00 | INFO | Finished: https://api.gbif.org/v1/species/2478357/children | total=3
2026-07-05 16:35:00 | INFO | Randomly selected 3/3 children for taxon 2478357
2026-07-05 16:35:00 | INFO | Taxon key 2478357 has 3 children
2026-07-05 16:35:00 | INFO | Fetching: https://api.gbif.org/v1/species/2478373/children | params={}
2026-07-05 16:35:00 | INFO | Finished: https://api.gbif.org/v1/species/2478373/children | total=5
2026-07-05 16:35:00 | INFO | Fetching: https://api.gbif.org/v1/species/2478373/children | params={}
2026-07-05 16:35:00 | INFO | Finished: https://api.gbif.org/v1/species/2478373/children | total=5
2026-07-05 16:35:00 | INFO | Randomly selected 5/5 children for taxon 2478373
2026-07-05 16:35:00 | INFO | Taxon key 2478373 has 5 children
2026-07-05 16:35:00 | INFO | Fetching: https://api.gbif.org/v1/species/2478596/children | params={}
2026-07-05 16:35:01 | INFO | Finished: https://api.gbif.org/v1/species/2478596/children | total=5
2026-07-05 16:35:01 | INFO | Fetching: https://api.gbif.org/v1/species/2478596/children | params={}
2026-07-05 16:35:01 | INFO | Finished: https://api.gbif.org/v1/species/2478596/children | total=5
2026-07-05 16:35:01 | INFO | Randomly selected 5/5 children for taxon 2478596
2026-07-05 16:35:01 | INFO | Taxon key 2478596 has 5 children
2026-07-05 16:35:01 | INFO | Fetching: https://api.gbif.org/v1/species/2478605/children | params={}
2026-07-05 16:35:01 | INFO | Finished: https://api.gbif.org/v1/species/2478605/children | total=1
2026-07-05 16:35:01 | INFO | Fetching: https://api.gbif.org/v1/species/2478605/children | params={}
2026-07-05 16:35:01 | INFO | Finished: https://api.gbif.org/v1/species/2478605/children | total=1
2026-07-05 16:35:01 | INFO | Randomly selected 1/1 children for taxon 2478605
2026-07-05 16:35:01 | INFO | Taxon key 2478605 has 1 children
2026-07-05 16:35:01 | INFO | Fetching: https://api.gbif.org/v1/species/2478602/children | params={}
2026-07-05 16:35:01 | INFO | Finished: https://api.gbif.org/v1/species/2478602/children | total=3
2026-07-05 16:35:01 | INFO | Fetching: https://api.gbif.org/v1/species/2478602/children | params={}
2026-07-05 16:35:02 | INFO | Finished: https://api.gbif.org/v1/species/2478602/children | total=3
2026-07-05 16:35:02 | INFO | Randomly selected 3/3 children for taxon 2478602
2026-07-05 16:35:02 | INFO | Taxon key 2478602 has 3 children
2026-07-05 16:35:02 | INFO | Fetching: https://api.gbif.org/v1/species/2478597/children | params={}
2026-07-05 16:35:02 | INFO | Finished: https://api.gbif.org/v1/species/2478597/children | total=2
2026-07-05 16:35:02 | INFO | Fetching: https://api.gbif.org/v1/species/2478597/children | params={}
2026-07-05 16:35:02 | INFO | Finished: https://api.gbif.org/v1/species/2478597/children | total=2
2026-07-05 16:35:02 | INFO | Randomly selected 2/2 children for taxon 2478597
2026-07-05 16:35:02 | INFO | Taxon key 2478597 has 2 children
2026-07-05 16:35:02 | INFO | Fetching: https://api.gbif.org/v1/species/2478206/children | params={}
2026-07-05 16:35:02 | INFO | Finished: https://api.gbif.org/v1/species/2478206/children | total=3
2026-07-05 16:35:02 | INFO | Fetching: https://api.gbif.org/v1/species/2478206/children | params={}
2026-07-05 16:35:02 | INFO | Finished: https://api.gbif.org/v1/species/2478206/children | total=3
2026-07-05 16:35:02 | INFO | Randomly selected 3/3 children for taxon 2478206
2026-07-05 16:35:02 | INFO | Taxon key 2478206 has 3 children
2026-07-05 16:35:02 | INFO | Fetching: https://api.gbif.org/v1/species/2478211/children | params={}
2026-07-05 16:35:03 | INFO | Finished: https://api.gbif.org/v1/species/2478211/children | total=4
2026-07-05 16:35:03 | INFO | Fetching: https://api.gbif.org/v1/species/2478211/children | params={}
2026-07-05 16:35:03 | INFO | Finished: https://api.gbif.org/v1/species/2478211/children | total=4
2026-07-05 16:35:03 | INFO | Randomly selected 4/4 children for taxon 2478211
2026-07-05 16:35:03 | INFO | Taxon key 2478211 has 4 children
2026-07-05 16:35:03 | INFO | Fetching: https://api.gbif.org/v1/species/2478207/children | params={}
2026-07-05 16:35:03 | INFO | Finished: https://api.gbif.org/v1/species/2478207/children | total=3
2026-07-05 16:35:03 | INFO | Fetching: https://api.gbif.org/v1/species/2478207/children | params={}
2026-07-05 16:35:03 | INFO | Finished: https://api.gbif.org/v1/species/2478207/children | total=3
2026-07-05 16:35:03 | INFO | Randomly selected 3/3 children for taxon 2478207
2026-07-05 16:35:03 | INFO | Taxon key 2478207 has 3 children
2026-07-05 16:35:03 | INFO | Fetching: https://api.gbif.org/v1/species/2478587/children | params={}
2026-07-05 16:35:03 | INFO | Finished: https://api.gbif.org/v1/species/2478587/children | total=1
2026-07-05 16:35:03 | INFO | Fetching: https://api.gbif.org/v1/species/2478587/children | params={}
2026-07-05 16:35:04 | INFO | Finished: https://api.gbif.org/v1/species/2478587/children | total=1
2026-07-05 16:35:04 | INFO | Randomly selected 1/1 children for taxon 2478587
2026-07-05 16:35:04 | INFO | Taxon key 2478587 has 1 children
2026-07-05 16:35:04 | INFO | Fetching: https://api.gbif.org/v1/species/2478588/children | params={}
2026-07-05 16:35:04 | INFO | Finished: https://api.gbif.org/v1/species/2478588/children | total=3
2026-07-05 16:35:04 | INFO | Fetching: https://api.gbif.org/v1/species/2478588/children | params={}
2026-07-05 16:35:04 | INFO | Finished: https://api.gbif.org/v1/species/2478588/children | total=3
2026-07-05 16:35:04 | INFO | Randomly selected 3/3 children for taxon 2478588
2026-07-05 16:35:04 | INFO | Taxon key 2478588 has 3 children
2026-07-05 16:35:04 | INFO | Fetching: https://api.gbif.org/v1/species/4849454/children | params={}
2026-07-05 16:35:04 | INFO | Finished: https://api.gbif.org/v1/species/4849454/children | total=4
2026-07-05 16:35:04 | INFO | Fetching: https://api.gbif.org/v1/species/4849454/children | params={}
2026-07-05 16:35:04 | INFO | Finished: https://api.gbif.org/v1/species/4849454/children | total=4
2026-07-05 16:35:04 | INFO | Randomly selected 4/4 children for taxon 4849454
2026-07-05 16:35:04 | INFO | Taxon key 4849454 has 4 children
2026-07-05 16:35:04 | INFO | Fetching: https://api.gbif.org/v1/species/2478487/children | params={}
2026-07-05 16:35:05 | INFO | Finished: https://api.gbif.org/v1/species/2478487/children | total=25
2026-07-05 16:35:05 | INFO | Fetching: https://api.gbif.org/v1/species/2478487/children | params={}
2026-07-05 16:35:05 | INFO | Finished: https://api.gbif.org/v1/species/2478487/children | total=25
2026-07-05 16:35:05 | INFO | Randomly selected 25/25 children for taxon 2478487
2026-07-05 16:35:05 | INFO | Taxon key 2478487 has 25 children
2026-07-05 16:35:05 | INFO | Fetching: https://api.gbif.org/v1/species/2478522/children | params={}
2026-07-05 16:35:05 | INFO | Finished: https://api.gbif.org/v1/species/2478522/children | total=1
2026-07-05 16:35:05 | INFO | Fetching: https://api.gbif.org/v1/species/2478522/children | params={}
2026-07-05 16:35:05 | INFO | Finished: https://api.gbif.org/v1/species/2478522/children | total=1
2026-07-05 16:35:05 | INFO | Randomly selected 1/1 children for taxon 2478522
2026-07-05 16:35:05 | INFO | Taxon key 2478522 has 1 children
2026-07-05 16:35:05 | INFO | Fetching: https://api.gbif.org/v1/species/2478523/children | params={}
2026-07-05 16:35:05 | INFO | Finished: https://api.gbif.org/v1/species/2478523/children | total=5
2026-07-05 16:35:05 | INFO | Fetching: https://api.gbif.org/v1/species/2478523/children | params={}
2026-07-05 16:35:06 | INFO | Finished: https://api.gbif.org/v1/species/2478523/children | total=5
2026-07-05 16:35:06 | INFO | Randomly selected 5/5 children for taxon 2478523
2026-07-05 16:35:06 | INFO | Taxon key 2478523 has 5 children
2026-07-05 16:35:06 | INFO | Fetching: https://api.gbif.org/v1/species/2478544/children | params={}
2026-07-05 16:35:06 | INFO | Finished: https://api.gbif.org/v1/species/2478544/children | total=2
2026-07-05 16:35:06 | INFO | Fetching: https://api.gbif.org/v1/species/2478544/children | params={}
2026-07-05 16:35:06 | INFO | Finished: https://api.gbif.org/v1/species/2478544/children | total=2
2026-07-05 16:35:06 | INFO | Randomly selected 2/2 children for taxon 2478544
2026-07-05 16:35:06 | INFO | Taxon key 2478544 has 2 children
2026-07-05 16:35:06 | INFO | Fetching: https://api.gbif.org/v1/species/2478518/children | params={}
2026-07-05 16:35:06 | INFO | Finished: https://api.gbif.org/v1/species/2478518/children | total=3
2026-07-05 16:35:06 | INFO | Fetching: https://api.gbif.org/v1/species/2478518/children | params={}
2026-07-05 16:35:06 | INFO | Finished: https://api.gbif.org/v1/species/2478518/children | total=3
2026-07-05 16:35:06 | INFO | Randomly selected 3/3 children for taxon 2478518
2026-07-05 16:35:06 | INFO | Taxon key 2478518 has 3 children
2026-07-05 16:35:06 | INFO | Fetching: https://api.gbif.org/v1/species/2478528/children | params={}
2026-07-05 16:35:07 | INFO | Finished: https://api.gbif.org/v1/species/2478528/children | total=2
2026-07-05 16:35:07 | INFO | Fetching: https://api.gbif.org/v1/species/2478528/children | params={}
2026-07-05 16:35:07 | INFO | Finished: https://api.gbif.org/v1/species/2478528/children | total=2
2026-07-05 16:35:07 | INFO | Randomly selected 2/2 children for taxon 2478528
2026-07-05 16:35:07 | INFO | Taxon key 2478528 has 2 children
2026-07-05 16:35:07 | INFO | Fetching: https://api.gbif.org/v1/species/9573362/children | params={}
2026-07-05 16:35:07 | INFO | Finished: https://api.gbif.org/v1/species/9573362/children | total=10
2026-07-05 16:35:07 | INFO | Fetching: https://api.gbif.org/v1/species/9573362/children | params={}
2026-07-05 16:35:07 | INFO | Finished: https://api.gbif.org/v1/species/9573362/children | total=10
2026-07-05 16:35:07 | INFO | Randomly selected 10/10 children for taxon 9573362
2026-07-05 16:35:07 | INFO | Taxon key 9573362 has 10 children
2026-07-05 16:35:07 | INFO | Fetching: https://api.gbif.org/v1/species/2478548/children | params={}
2026-07-05 16:35:07 | INFO | Finished: https://api.gbif.org/v1/species/2478548/children | total=13
2026-07-05 16:35:07 | INFO | Fetching: https://api.gbif.org/v1/species/2478548/children | params={}
2026-07-05 16:35:08 | INFO | Finished: https://api.gbif.org/v1/species/2478548/children | total=13
2026-07-05 16:35:08 | INFO | Randomly selected 13/13 children for taxon 2478548
2026-07-05 16:35:08 | INFO | Taxon key 2478548 has 13 children
2026-07-05 16:35:08 | INFO | Fetching: https://api.gbif.org/v1/species/2478507/children | params={}
2026-07-05 16:35:08 | INFO | Finished: https://api.gbif.org/v1/species/2478507/children | total=4
2026-07-05 16:35:08 | INFO | Fetching: https://api.gbif.org/v1/species/2478507/children | params={}
2026-07-05 16:35:08 | INFO | Finished: https://api.gbif.org/v1/species/2478507/children | total=4
2026-07-05 16:35:08 | INFO | Randomly selected 4/4 children for taxon 2478507
2026-07-05 16:35:08 | INFO | Taxon key 2478507 has 4 children
2026-07-05 16:35:08 | INFO | Fetching: https://api.gbif.org/v1/species/2477643/children | params={}
2026-07-05 16:35:08 | INFO | Finished: https://api.gbif.org/v1/species/2477643/children | total=27
2026-07-05 16:35:08 | INFO | Fetching: https://api.gbif.org/v1/species/2477643/children | params={}
2026-07-05 16:35:08 | INFO | Finished: https://api.gbif.org/v1/species/2477643/children | total=27
2026-07-05 16:35:08 | INFO | Randomly selected 27/27 children for taxon 2477643
2026-07-05 16:35:08 | INFO | Taxon key 2477643 has 27 children
2026-07-05 16:35:08 | INFO | Fetching: https://api.gbif.org/v1/species/5228717/children | params={}
2026-07-05 16:35:09 | INFO | Finished: https://api.gbif.org/v1/species/5228717/children | total=1
2026-07-05 16:35:09 | INFO | Fetching: https://api.gbif.org/v1/species/5228717/children | params={}
2026-07-05 16:35:09 | INFO | Finished: https://api.gbif.org/v1/species/5228717/children | total=1
2026-07-05 16:35:09 | INFO | Randomly selected 1/1 children for taxon 5228717
2026-07-05 16:35:09 | INFO | Taxon key 5228717 has 1 children
2026-07-05 16:35:09 | INFO | Fetching: https://api.gbif.org/v1/species/9541146/children | params={}
2026-07-05 16:35:09 | INFO | Finished: https://api.gbif.org/v1/species/9541146/children | total=5
2026-07-05 16:35:09 | INFO | Fetching: https://api.gbif.org/v1/species/9541146/children | params={}
2026-07-05 16:35:09 | INFO | Finished: https://api.gbif.org/v1/species/9541146/children | total=5
2026-07-05 16:35:09 | INFO | Randomly selected 5/5 children for taxon 9541146
2026-07-05 16:35:09 | INFO | Taxon key 9541146 has 5 children
2026-07-05 16:35:09 | INFO | Fetching: https://api.gbif.org/v1/species/5228797/children | params={}
2026-07-05 16:35:09 | INFO | Finished: https://api.gbif.org/v1/species/5228797/children | total=3
2026-07-05 16:35:09 | INFO | Fetching: https://api.gbif.org/v1/species/5228797/children | params={}
2026-07-05 16:35:10 | INFO | Finished: https://api.gbif.org/v1/species/5228797/children | total=3
2026-07-05 16:35:10 | INFO | Randomly selected 3/3 children for taxon 5228797
2026-07-05 16:35:10 | INFO | Taxon key 5228797 has 3 children
2026-07-05 16:35:10 | INFO | Fetching: https://api.gbif.org/v1/species/5228767/children | params={}
2026-07-05 16:35:10 | INFO | Finished: https://api.gbif.org/v1/species/5228767/children | total=3
2026-07-05 16:35:10 | INFO | Fetching: https://api.gbif.org/v1/species/5228767/children | params={}
2026-07-05 16:35:10 | INFO | Finished: https://api.gbif.org/v1/species/5228767/children | total=3
2026-07-05 16:35:10 | INFO | Randomly selected 3/3 children for taxon 5228767
2026-07-05 16:35:10 | INFO | Taxon key 5228767 has 3 children
2026-07-05 16:35:10 | INFO | Fetching: https://api.gbif.org/v1/species/5228751/children | params={}
2026-07-05 16:35:10 | INFO | Finished: https://api.gbif.org/v1/species/5228751/children | total=3
2026-07-05 16:35:10 | INFO | Fetching: https://api.gbif.org/v1/species/5228751/children | params={}
2026-07-05 16:35:10 | INFO | Finished: https://api.gbif.org/v1/species/5228751/children | total=3
2026-07-05 16:35:10 | INFO | Randomly selected 3/3 children for taxon 5228751
2026-07-05 16:35:10 | INFO | Taxon key 5228751 has 3 children
2026-07-05 16:35:10 | INFO | Fetching: https://api.gbif.org/v1/species/5228725/children | params={}
2026-07-05 16:35:11 | INFO | Finished: https://api.gbif.org/v1/species/5228725/children | total=7
2026-07-05 16:35:11 | INFO | Fetching: https://api.gbif.org/v1/species/5228725/children | params={}
2026-07-05 16:35:11 | INFO | Finished: https://api.gbif.org/v1/species/5228725/children | total=7
2026-07-05 16:35:11 | INFO | Randomly selected 7/7 children for taxon 5228725
2026-07-05 16:35:11 | INFO | Taxon key 5228725 has 7 children
2026-07-05 16:35:11 | INFO | Fetching: https://api.gbif.org/v1/species/5228755/children | params={}
2026-07-05 16:35:11 | INFO | Finished: https://api.gbif.org/v1/species/5228755/children | total=1
2026-07-05 16:35:11 | INFO | Fetching: https://api.gbif.org/v1/species/5228755/children | params={}
2026-07-05 16:35:11 | INFO | Finished: https://api.gbif.org/v1/species/5228755/children | total=1
2026-07-05 16:35:11 | INFO | Randomly selected 1/1 children for taxon 5228755
2026-07-05 16:35:11 | INFO | Taxon key 5228755 has 1 children
2026-07-05 16:35:11 | INFO | Fetching: https://api.gbif.org/v1/species/5228782/children | params={}
2026-07-05 16:35:11 | INFO | Finished: https://api.gbif.org/v1/species/5228782/children | total=2
2026-07-05 16:35:11 | INFO | Fetching: https://api.gbif.org/v1/species/5228782/children | params={}
2026-07-05 16:35:11 | INFO | Finished: https://api.gbif.org/v1/species/5228782/children | total=2
2026-07-05 16:35:11 | INFO | Randomly selected 2/2 children for taxon 5228782
2026-07-05 16:35:11 | INFO | Taxon key 5228782 has 2 children
2026-07-05 16:35:11 | INFO | Fetching: https://api.gbif.org/v1/species/5228757/children | params={}
2026-07-05 16:35:12 | INFO | Finished: https://api.gbif.org/v1/species/5228757/children | total=5
2026-07-05 16:35:12 | INFO | Fetching: https://api.gbif.org/v1/species/5228757/children | params={}
2026-07-05 16:35:12 | INFO | Finished: https://api.gbif.org/v1/species/5228757/children | total=5
2026-07-05 16:35:12 | INFO | Randomly selected 5/5 children for taxon 5228757
2026-07-05 16:35:12 | INFO | Taxon key 5228757 has 5 children
2026-07-05 16:35:12 | INFO | Fetching: https://api.gbif.org/v1/species/5228719/children | params={}
2026-07-05 16:35:12 | INFO | Finished: https://api.gbif.org/v1/species/5228719/children | total=4
2026-07-05 16:35:12 | INFO | Fetching: https://api.gbif.org/v1/species/5228719/children | params={}
2026-07-05 16:35:12 | INFO | Finished: https://api.gbif.org/v1/species/5228719/children | total=4
2026-07-05 16:35:12 | INFO | Randomly selected 4/4 children for taxon 5228719
2026-07-05 16:35:12 | INFO | Taxon key 5228719 has 4 children
2026-07-05 16:35:12 | INFO | Fetching: https://api.gbif.org/v1/species/5228793/children | params={}
2026-07-05 16:35:13 | INFO | Finished: https://api.gbif.org/v1/species/5228793/children | total=2
2026-07-05 16:35:13 | INFO | Fetching: https://api.gbif.org/v1/species/5228793/children | params={}
2026-07-05 16:35:13 | INFO | Finished: https://api.gbif.org/v1/species/5228793/children | total=2
2026-07-05 16:35:13 | INFO | Randomly selected 2/2 children for taxon 5228793
2026-07-05 16:35:13 | INFO | Taxon key 5228793 has 2 children
2026-07-05 16:35:13 | INFO | Fetching: https://api.gbif.org/v1/species/5228733/children | params={}
2026-07-05 16:35:13 | INFO | Finished: https://api.gbif.org/v1/species/5228733/children | total=7
2026-07-05 16:35:13 | INFO | Fetching: https://api.gbif.org/v1/species/5228733/children | params={}
2026-07-05 16:35:13 | INFO | Finished: https://api.gbif.org/v1/species/5228733/children | total=7
2026-07-05 16:35:13 | INFO | Randomly selected 7/7 children for taxon 5228733
2026-07-05 16:35:13 | INFO | Taxon key 5228733 has 7 children
2026-07-05 16:35:13 | INFO | Fetching: https://api.gbif.org/v1/species/5228748/children | params={}
2026-07-05 16:35:13 | INFO | Finished: https://api.gbif.org/v1/species/5228748/children | total=2
2026-07-05 16:35:13 | INFO | Fetching: https://api.gbif.org/v1/species/5228748/children | params={}
2026-07-05 16:35:14 | INFO | Finished: https://api.gbif.org/v1/species/5228748/children | total=2
2026-07-05 16:35:14 | INFO | Randomly selected 2/2 children for taxon 5228748
2026-07-05 16:35:14 | INFO | Taxon key 5228748 has 2 children
2026-07-05 16:35:14 | INFO | Fetching: https://api.gbif.org/v1/species/9587550/children | params={}
2026-07-05 16:35:14 | INFO | Finished: https://api.gbif.org/v1/species/9587550/children | total=7
2026-07-05 16:35:14 | INFO | Fetching: https://api.gbif.org/v1/species/9587550/children | params={}
2026-07-05 16:35:14 | INFO | Finished: https://api.gbif.org/v1/species/9587550/children | total=7
2026-07-05 16:35:14 | INFO | Randomly selected 7/7 children for taxon 9587550
2026-07-05 16:35:14 | INFO | Taxon key 9587550 has 7 children
2026-07-05 16:35:14 | INFO | Fetching: https://api.gbif.org/v1/species/5228762/children | params={}
2026-07-05 16:35:14 | INFO | Finished: https://api.gbif.org/v1/species/5228762/children | total=4
2026-07-05 16:35:14 | INFO | Fetching: https://api.gbif.org/v1/species/5228762/children | params={}
2026-07-05 16:35:14 | INFO | Finished: https://api.gbif.org/v1/species/5228762/children | total=4
2026-07-05 16:35:14 | INFO | Randomly selected 4/4 children for taxon 5228762
2026-07-05 16:35:14 | INFO | Taxon key 5228762 has 4 children
2026-07-05 16:35:14 | INFO | Fetching: https://api.gbif.org/v1/species/5228784/children | params={}
2026-07-05 16:35:15 | INFO | Finished: https://api.gbif.org/v1/species/5228784/children | total=8
2026-07-05 16:35:15 | INFO | Fetching: https://api.gbif.org/v1/species/5228784/children | params={}
2026-07-05 16:35:15 | INFO | Finished: https://api.gbif.org/v1/species/5228784/children | total=8
2026-07-05 16:35:15 | INFO | Randomly selected 8/8 children for taxon 5228784
2026-07-05 16:35:15 | INFO | Taxon key 5228784 has 8 children
2026-07-05 16:35:15 | INFO | Fetching: https://api.gbif.org/v1/species/5228779/children | params={}
2026-07-05 16:35:15 | INFO | Finished: https://api.gbif.org/v1/species/5228779/children | total=2
2026-07-05 16:35:15 | INFO | Fetching: https://api.gbif.org/v1/species/5228779/children | params={}
2026-07-05 16:35:15 | INFO | Finished: https://api.gbif.org/v1/species/5228779/children | total=2
2026-07-05 16:35:15 | INFO | Randomly selected 2/2 children for taxon 5228779
2026-07-05 16:35:15 | INFO | Taxon key 5228779 has 2 children
2026-07-05 16:35:15 | INFO | Fetching: https://api.gbif.org/v1/species/7469263/children | params={}
2026-07-05 16:35:15 | INFO | Finished: https://api.gbif.org/v1/species/7469263/children | total=8
2026-07-05 16:35:15 | INFO | Fetching: https://api.gbif.org/v1/species/7469263/children | params={}
2026-07-05 16:35:15 | INFO | Finished: https://api.gbif.org/v1/species/7469263/children | total=8
2026-07-05 16:35:15 | INFO | Randomly selected 8/8 children for taxon 7469263
2026-07-05 16:35:15 | INFO | Taxon key 7469263 has 8 children
2026-07-05 16:35:15 | INFO | Fetching: https://api.gbif.org/v1/species/5228869/children | params={}
2026-07-05 16:35:16 | INFO | Finished: https://api.gbif.org/v1/species/5228869/children | total=6
2026-07-05 16:35:16 | INFO | Fetching: https://api.gbif.org/v1/species/5228869/children | params={}
2026-07-05 16:35:16 | INFO | Finished: https://api.gbif.org/v1/species/5228869/children | total=6
2026-07-05 16:35:16 | INFO | Randomly selected 6/6 children for taxon 5228869
2026-07-05 16:35:16 | INFO | Taxon key 5228869 has 6 children
2026-07-05 16:35:16 | INFO | Fetching: https://api.gbif.org/v1/species/5228906/children | params={}
2026-07-05 16:35:16 | INFO | Finished: https://api.gbif.org/v1/species/5228906/children | total=10
2026-07-05 16:35:16 | INFO | Fetching: https://api.gbif.org/v1/species/5228906/children | params={}
2026-07-05 16:35:16 | INFO | Finished: https://api.gbif.org/v1/species/5228906/children | total=10
2026-07-05 16:35:16 | INFO | Randomly selected 10/10 children for taxon 5228906
2026-07-05 16:35:16 | INFO | Taxon key 5228906 has 10 children
2026-07-05 16:35:16 | INFO | Fetching: https://api.gbif.org/v1/species/2477732/children | params={}
2026-07-05 16:35:17 | INFO | Finished: https://api.gbif.org/v1/species/2477732/children | total=6
2026-07-05 16:35:17 | INFO | Fetching: https://api.gbif.org/v1/species/2477732/children | params={}
2026-07-05 16:35:17 | INFO | Finished: https://api.gbif.org/v1/species/2477732/children | total=6
2026-07-05 16:35:17 | INFO | Randomly selected 6/6 children for taxon 2477732
2026-07-05 16:35:17 | INFO | Taxon key 2477732 has 6 children
2026-07-05 16:35:17 | INFO | Fetching: https://api.gbif.org/v1/species/2477804/children | params={}
2026-07-05 16:35:17 | INFO | Finished: https://api.gbif.org/v1/species/2477804/children | total=9
2026-07-05 16:35:17 | INFO | Fetching: https://api.gbif.org/v1/species/2477804/children | params={}
2026-07-05 16:35:17 | INFO | Finished: https://api.gbif.org/v1/species/2477804/children | total=9
2026-07-05 16:35:17 | INFO | Randomly selected 9/9 children for taxon 2477804
2026-07-05 16:35:17 | INFO | Taxon key 2477804 has 9 children
2026-07-05 16:35:17 | INFO | Fetching: https://api.gbif.org/v1/species/7340167/children | params={}
2026-07-05 16:35:17 | INFO | Finished: https://api.gbif.org/v1/species/7340167/children | total=5
2026-07-05 16:35:17 | INFO | Fetching: https://api.gbif.org/v1/species/7340167/children | params={}
2026-07-05 16:35:17 | INFO | Finished: https://api.gbif.org/v1/species/7340167/children | total=5
2026-07-05 16:35:17 | INFO | Randomly selected 5/5 children for taxon 7340167
2026-07-05 16:35:17 | INFO | Taxon key 7340167 has 5 children
2026-07-05 16:35:17 | INFO | Fetching: https://api.gbif.org/v1/species/9543753/children | params={}
2026-07-05 16:35:18 | INFO | Finished: https://api.gbif.org/v1/species/9543753/children | total=4
2026-07-05 16:35:18 | INFO | Fetching: https://api.gbif.org/v1/species/9543753/children | params={}
2026-07-05 16:35:18 | INFO | Finished: https://api.gbif.org/v1/species/9543753/children | total=4
2026-07-05 16:35:18 | INFO | Randomly selected 4/4 children for taxon 9543753
2026-07-05 16:35:18 | INFO | Taxon key 9543753 has 4 children
2026-07-05 16:35:18 | INFO | Fetching: https://api.gbif.org/v1/species/2477774/children | params={}
2026-07-05 16:35:18 | INFO | Finished: https://api.gbif.org/v1/species/2477774/children | total=1
2026-07-05 16:35:18 | INFO | Fetching: https://api.gbif.org/v1/species/2477774/children | params={}
2026-07-05 16:35:18 | INFO | Finished: https://api.gbif.org/v1/species/2477774/children | total=1
2026-07-05 16:35:18 | INFO | Randomly selected 1/1 children for taxon 2477774
2026-07-05 16:35:18 | INFO | Taxon key 2477774 has 1 children
2026-07-05 16:35:18 | INFO | Fetching: https://api.gbif.org/v1/species/4843202/children | params={}
2026-07-05 16:35:18 | INFO | Finished: https://api.gbif.org/v1/species/4843202/children | total=2
2026-07-05 16:35:18 | INFO | Fetching: https://api.gbif.org/v1/species/4843202/children | params={}
2026-07-05 16:35:19 | INFO | Finished: https://api.gbif.org/v1/species/4843202/children | total=2
2026-07-05 16:35:19 | INFO | Randomly selected 2/2 children for taxon 4843202
2026-07-05 16:35:19 | INFO | Taxon key 4843202 has 2 children
2026-07-05 16:35:19 | INFO | Fetching: https://api.gbif.org/v1/species/11007905/children | params={}
2026-07-05 16:35:19 | INFO | Finished: https://api.gbif.org/v1/species/11007905/children | total=4
2026-07-05 16:35:19 | INFO | Fetching: https://api.gbif.org/v1/species/11007905/children | params={}
2026-07-05 16:35:19 | INFO | Finished: https://api.gbif.org/v1/species/11007905/children | total=4
2026-07-05 16:35:19 | INFO | Randomly selected 4/4 children for taxon 11007905
2026-07-05 16:35:19 | INFO | Taxon key 11007905 has 4 children
2026-07-05 16:35:19 | INFO | Fetching: https://api.gbif.org/v1/species/10975405/children | params={}
2026-07-05 16:35:19 | INFO | Finished: https://api.gbif.org/v1/species/10975405/children | total=3
2026-07-05 16:35:19 | INFO | Fetching: https://api.gbif.org/v1/species/10975405/children | params={}
2026-07-05 16:35:19 | INFO | Finished: https://api.gbif.org/v1/species/10975405/children | total=3
2026-07-05 16:35:19 | INFO | Randomly selected 3/3 children for taxon 10975405
2026-07-05 16:35:19 | INFO | Taxon key 10975405 has 3 children
2026-07-05 16:35:19 | INFO | Fetching: https://api.gbif.org/v1/species/2477838/children | params={}
2026-07-05 16:35:20 | INFO | Finished: https://api.gbif.org/v1/species/2477838/children | total=1
2026-07-05 16:35:20 | INFO | Fetching: https://api.gbif.org/v1/species/2477838/children | params={}
2026-07-05 16:35:20 | INFO | Finished: https://api.gbif.org/v1/species/2477838/children | total=1
2026-07-05 16:35:20 | INFO | Randomly selected 1/1 children for taxon 2477838
2026-07-05 16:35:20 | INFO | Taxon key 2477838 has 1 children
2026-07-05 16:35:20 | INFO | Fetching: https://api.gbif.org/v1/species/2477839/children | params={}
2026-07-05 16:35:20 | INFO | Finished: https://api.gbif.org/v1/species/2477839/children | total=2
2026-07-05 16:35:20 | INFO | Fetching: https://api.gbif.org/v1/species/2477839/children | params={}
2026-07-05 16:35:20 | INFO | Finished: https://api.gbif.org/v1/species/2477839/children | total=2
2026-07-05 16:35:20 | INFO | Randomly selected 2/2 children for taxon 2477839
2026-07-05 16:35:20 | INFO | Taxon key 2477839 has 2 children
2026-07-05 16:35:20 | INFO | Fetching: https://api.gbif.org/v1/species/2478327/children | params={}
2026-07-05 16:35:20 | INFO | Finished: https://api.gbif.org/v1/species/2478327/children | total=4
2026-07-05 16:35:20 | INFO | Fetching: https://api.gbif.org/v1/species/2478327/children | params={}
2026-07-05 16:35:21 | INFO | Finished: https://api.gbif.org/v1/species/2478327/children | total=4
2026-07-05 16:35:21 | INFO | Randomly selected 4/4 children for taxon 2478327
2026-07-05 16:35:21 | INFO | Taxon key 2478327 has 4 children
2026-07-05 16:35:21 | INFO | Fetching: https://api.gbif.org/v1/species/2478328/children | params={}
2026-07-05 16:35:21 | INFO | Finished: https://api.gbif.org/v1/species/2478328/children | total=3
2026-07-05 16:35:21 | INFO | Fetching: https://api.gbif.org/v1/species/2478328/children | params={}
2026-07-05 16:35:21 | INFO | Finished: https://api.gbif.org/v1/species/2478328/children | total=3
2026-07-05 16:35:21 | INFO | Randomly selected 3/3 children for taxon 2478328
2026-07-05 16:35:21 | INFO | Taxon key 2478328 has 3 children
2026-07-05 16:35:21 | INFO | Fetching: https://api.gbif.org/v1/species/2478332/children | params={}
2026-07-05 16:35:21 | INFO | Finished: https://api.gbif.org/v1/species/2478332/children | total=5
2026-07-05 16:35:21 | INFO | Fetching: https://api.gbif.org/v1/species/2478332/children | params={}
2026-07-05 16:35:21 | INFO | Finished: https://api.gbif.org/v1/species/2478332/children | total=5
2026-07-05 16:35:21 | INFO | Randomly selected 5/5 children for taxon 2478332
2026-07-05 16:35:21 | INFO | Taxon key 2478332 has 5 children
2026-07-05 16:35:21 | INFO | Fetching: https://api.gbif.org/v1/species/2478335/children | params={}
2026-07-05 16:35:22 | INFO | Finished: https://api.gbif.org/v1/species/2478335/children | total=2
2026-07-05 16:35:22 | INFO | Fetching: https://api.gbif.org/v1/species/2478335/children | params={}
2026-07-05 16:35:22 | INFO | Finished: https://api.gbif.org/v1/species/2478335/children | total=2
2026-07-05 16:35:22 | INFO | Randomly selected 2/2 children for taxon 2478335
2026-07-05 16:35:22 | INFO | Taxon key 2478335 has 2 children
2026-07-05 16:35:22 | INFO | Fetching: https://api.gbif.org/v1/species/4849441/children | params={}
2026-07-05 16:35:22 | INFO | Finished: https://api.gbif.org/v1/species/4849441/children | total=1
2026-07-05 16:35:22 | INFO | Fetching: https://api.gbif.org/v1/species/4849441/children | params={}
2026-07-05 16:35:22 | INFO | Finished: https://api.gbif.org/v1/species/4849441/children | total=1
2026-07-05 16:35:22 | INFO | Randomly selected 1/1 children for taxon 4849441
2026-07-05 16:35:22 | INFO | Taxon key 4849441 has 1 children
2026-07-05 16:35:22 | INFO | Fetching: https://api.gbif.org/v1/species/5844053/children | params={}
2026-07-05 16:35:22 | INFO | Finished: https://api.gbif.org/v1/species/5844053/children | total=12
2026-07-05 16:35:22 | INFO | Fetching: https://api.gbif.org/v1/species/5844053/children | params={}
2026-07-05 16:35:23 | INFO | Finished: https://api.gbif.org/v1/species/5844053/children | total=12
2026-07-05 16:35:23 | INFO | Randomly selected 12/12 children for taxon 5844053
2026-07-05 16:35:23 | INFO | Taxon key 5844053 has 12 children
2026-07-05 16:35:23 | INFO | Fetching: https://api.gbif.org/v1/species/2478067/children | params={}
2026-07-05 16:35:23 | INFO | Finished: https://api.gbif.org/v1/species/2478067/children | total=25
2026-07-05 16:35:23 | INFO | Fetching: https://api.gbif.org/v1/species/2478067/children | params={}
2026-07-05 16:35:23 | INFO | Finished: https://api.gbif.org/v1/species/2478067/children | total=25
2026-07-05 16:35:23 | INFO | Randomly selected 25/25 children for taxon 2478067
2026-07-05 16:35:23 | INFO | Taxon key 2478067 has 25 children
2026-07-05 16:35:23 | INFO | Fetching: https://api.gbif.org/v1/species/2478112/children | params={}
2026-07-05 16:35:23 | INFO | Finished: https://api.gbif.org/v1/species/2478112/children | total=4
2026-07-05 16:35:23 | INFO | Fetching: https://api.gbif.org/v1/species/2478112/children | params={}
2026-07-05 16:35:23 | INFO | Finished: https://api.gbif.org/v1/species/2478112/children | total=4
2026-07-05 16:35:23 | INFO | Randomly selected 4/4 children for taxon 2478112
2026-07-05 16:35:23 | INFO | Taxon key 2478112 has 4 children
2026-07-05 16:35:23 | INFO | Fetching: https://api.gbif.org/v1/species/2478075/children | params={}
2026-07-05 16:35:24 | INFO | Finished: https://api.gbif.org/v1/species/2478075/children | total=5
2026-07-05 16:35:24 | INFO | Fetching: https://api.gbif.org/v1/species/2478075/children | params={}
2026-07-05 16:35:24 | INFO | Finished: https://api.gbif.org/v1/species/2478075/children | total=5
2026-07-05 16:35:24 | INFO | Randomly selected 5/5 children for taxon 2478075
2026-07-05 16:35:24 | INFO | Taxon key 2478075 has 5 children
2026-07-05 16:35:24 | INFO | Fetching: https://api.gbif.org/v1/species/6101202/children | params={}
2026-07-05 16:35:24 | INFO | Finished: https://api.gbif.org/v1/species/6101202/children | total=11
2026-07-05 16:35:24 | INFO | Fetching: https://api.gbif.org/v1/species/6101202/children | params={}
2026-07-05 16:35:24 | INFO | Finished: https://api.gbif.org/v1/species/6101202/children | total=11
2026-07-05 16:35:24 | INFO | Randomly selected 11/11 children for taxon 6101202
2026-07-05 16:35:24 | INFO | Taxon key 6101202 has 11 children
2026-07-05 16:35:24 | INFO | Fetching: https://api.gbif.org/v1/species/2478125/children | params={}
2026-07-05 16:35:25 | INFO | Finished: https://api.gbif.org/v1/species/2478125/children | total=5
2026-07-05 16:35:25 | INFO | Fetching: https://api.gbif.org/v1/species/2478125/children | params={}
2026-07-05 16:35:25 | INFO | Finished: https://api.gbif.org/v1/species/2478125/children | total=5
2026-07-05 16:35:25 | INFO | Randomly selected 5/5 children for taxon 2478125
2026-07-05 16:35:25 | INFO | Taxon key 2478125 has 5 children
2026-07-05 16:35:25 | INFO | Fetching: https://api.gbif.org/v1/species/2478071/children | params={}
2026-07-05 16:35:25 | INFO | Finished: https://api.gbif.org/v1/species/2478071/children | total=3
2026-07-05 16:35:25 | INFO | Fetching: https://api.gbif.org/v1/species/2478071/children | params={}
2026-07-05 16:35:25 | INFO | Finished: https://api.gbif.org/v1/species/2478071/children | total=3
2026-07-05 16:35:25 | INFO | Randomly selected 3/3 children for taxon 2478071
2026-07-05 16:35:25 | INFO | Taxon key 2478071 has 3 children
2026-07-05 16:35:25 | INFO | Fetching: https://api.gbif.org/v1/species/2478068/children | params={}
2026-07-05 16:35:25 | INFO | Finished: https://api.gbif.org/v1/species/2478068/children | total=1
2026-07-05 16:35:25 | INFO | Fetching: https://api.gbif.org/v1/species/2478068/children | params={}
2026-07-05 16:35:25 | INFO | Finished: https://api.gbif.org/v1/species/2478068/children | total=1
2026-07-05 16:35:25 | INFO | Randomly selected 1/1 children for taxon 2478068
2026-07-05 16:35:25 | INFO | Taxon key 2478068 has 1 children
2026-07-05 16:35:25 | INFO | Fetching: https://api.gbif.org/v1/species/2478142/children | params={}
2026-07-05 16:35:26 | INFO | Finished: https://api.gbif.org/v1/species/2478142/children | total=1
2026-07-05 16:35:26 | INFO | Fetching: https://api.gbif.org/v1/species/2478142/children | params={}
2026-07-05 16:35:26 | INFO | Finished: https://api.gbif.org/v1/species/2478142/children | total=1
2026-07-05 16:35:26 | INFO | Randomly selected 1/1 children for taxon 2478142
2026-07-05 16:35:26 | INFO | Taxon key 2478142 has 1 children
2026-07-05 16:35:26 | INFO | Fetching: https://api.gbif.org/v1/species/2478124/children | params={}
2026-07-05 16:35:26 | INFO | Finished: https://api.gbif.org/v1/species/2478124/children | total=1
2026-07-05 16:35:26 | INFO | Fetching: https://api.gbif.org/v1/species/2478124/children | params={}
2026-07-05 16:35:26 | INFO | Finished: https://api.gbif.org/v1/species/2478124/children | total=1
2026-07-05 16:35:26 | INFO | Randomly selected 1/1 children for taxon 2478124
2026-07-05 16:35:26 | INFO | Taxon key 2478124 has 1 children
2026-07-05 16:35:26 | INFO | Fetching: https://api.gbif.org/v1/species/2478133/children | params={}
2026-07-05 16:35:27 | INFO | Finished: https://api.gbif.org/v1/species/2478133/children | total=8
2026-07-05 16:35:27 | INFO | Fetching: https://api.gbif.org/v1/species/2478133/children | params={}
2026-07-05 16:35:27 | INFO | Finished: https://api.gbif.org/v1/species/2478133/children | total=8
2026-07-05 16:35:27 | INFO | Randomly selected 8/8 children for taxon 2478133
2026-07-05 16:35:27 | INFO | Taxon key 2478133 has 8 children
2026-07-05 16:35:27 | INFO | Fetching: https://api.gbif.org/v1/species/2478069/children | params={}
2026-07-05 16:35:27 | INFO | Finished: https://api.gbif.org/v1/species/2478069/children | total=1
2026-07-05 16:35:27 | INFO | Fetching: https://api.gbif.org/v1/species/2478069/children | params={}
2026-07-05 16:35:27 | INFO | Finished: https://api.gbif.org/v1/species/2478069/children | total=1
2026-07-05 16:35:27 | INFO | Randomly selected 1/1 children for taxon 2478069
2026-07-05 16:35:27 | INFO | Taxon key 2478069 has 1 children
2026-07-05 16:35:27 | INFO | Fetching: https://api.gbif.org/v1/species/2478130/children | params={}
2026-07-05 16:35:27 | INFO | Finished: https://api.gbif.org/v1/species/2478130/children | total=1
2026-07-05 16:35:27 | INFO | Fetching: https://api.gbif.org/v1/species/2478130/children | params={}
2026-07-05 16:35:27 | INFO | Finished: https://api.gbif.org/v1/species/2478130/children | total=1
2026-07-05 16:35:27 | INFO | Randomly selected 1/1 children for taxon 2478130
2026-07-05 16:35:27 | INFO | Taxon key 2478130 has 1 children
2026-07-05 16:35:27 | INFO | Fetching: https://api.gbif.org/v1/species/2478122/children | params={}
2026-07-05 16:35:28 | INFO | Finished: https://api.gbif.org/v1/species/2478122/children | total=1
2026-07-05 16:35:28 | INFO | Fetching: https://api.gbif.org/v1/species/2478122/children | params={}
2026-07-05 16:35:28 | INFO | Finished: https://api.gbif.org/v1/species/2478122/children | total=1
2026-07-05 16:35:28 | INFO | Randomly selected 1/1 children for taxon 2478122
2026-07-05 16:35:28 | INFO | Taxon key 2478122 has 1 children
2026-07-05 16:35:28 | INFO | Fetching: https://api.gbif.org/v1/species/2478102/children | params={}
2026-07-05 16:35:28 | INFO | Finished: https://api.gbif.org/v1/species/2478102/children | total=3
2026-07-05 16:35:28 | INFO | Fetching: https://api.gbif.org/v1/species/2478102/children | params={}
2026-07-05 16:35:28 | INFO | Finished: https://api.gbif.org/v1/species/2478102/children | total=3
2026-07-05 16:35:28 | INFO | Randomly selected 3/3 children for taxon 2478102
2026-07-05 16:35:28 | INFO | Taxon key 2478102 has 3 children
2026-07-05 16:35:28 | INFO | Fetching: https://api.gbif.org/v1/species/2478098/children | params={}
2026-07-05 16:35:28 | INFO | Finished: https://api.gbif.org/v1/species/2478098/children | total=1
2026-07-05 16:35:28 | INFO | Fetching: https://api.gbif.org/v1/species/2478098/children | params={}
2026-07-05 16:35:29 | INFO | Finished: https://api.gbif.org/v1/species/2478098/children | total=1
2026-07-05 16:35:29 | INFO | Randomly selected 1/1 children for taxon 2478098
2026-07-05 16:35:29 | INFO | Taxon key 2478098 has 1 children
2026-07-05 16:35:29 | INFO | Fetching: https://api.gbif.org/v1/species/2478106/children | params={}
2026-07-05 16:35:29 | INFO | Finished: https://api.gbif.org/v1/species/2478106/children | total=1
2026-07-05 16:35:29 | INFO | Fetching: https://api.gbif.org/v1/species/2478106/children | params={}
2026-07-05 16:35:29 | INFO | Finished: https://api.gbif.org/v1/species/2478106/children | total=1
2026-07-05 16:35:29 | INFO | Randomly selected 1/1 children for taxon 2478106
2026-07-05 16:35:29 | INFO | Taxon key 2478106 has 1 children
2026-07-05 16:35:29 | INFO | Fetching: https://api.gbif.org/v1/species/2478144/children | params={}
2026-07-05 16:35:29 | INFO | Finished: https://api.gbif.org/v1/species/2478144/children | total=1
2026-07-05 16:35:29 | INFO | Fetching: https://api.gbif.org/v1/species/2478144/children | params={}
2026-07-05 16:35:29 | INFO | Finished: https://api.gbif.org/v1/species/2478144/children | total=1
2026-07-05 16:35:29 | INFO | Randomly selected 1/1 children for taxon 2478144
2026-07-05 16:35:29 | INFO | Taxon key 2478144 has 1 children
2026-07-05 16:35:29 | INFO | Fetching: https://api.gbif.org/v1/species/2478101/children | params={}
2026-07-05 16:35:30 | INFO | Finished: https://api.gbif.org/v1/species/2478101/children | total=1
2026-07-05 16:35:30 | INFO | Fetching: https://api.gbif.org/v1/species/2478101/children | params={}
2026-07-05 16:35:30 | INFO | Finished: https://api.gbif.org/v1/species/2478101/children | total=1
2026-07-05 16:35:30 | INFO | Randomly selected 1/1 children for taxon 2478101
2026-07-05 16:35:30 | INFO | Taxon key 2478101 has 1 children
2026-07-05 16:35:30 | INFO | Fetching: https://api.gbif.org/v1/species/2478081/children | params={}
2026-07-05 16:35:30 | INFO | Finished: https://api.gbif.org/v1/species/2478081/children | total=2
2026-07-05 16:35:30 | INFO | Fetching: https://api.gbif.org/v1/species/2478081/children | params={}
2026-07-05 16:35:30 | INFO | Finished: https://api.gbif.org/v1/species/2478081/children | total=2
2026-07-05 16:35:30 | INFO | Randomly selected 2/2 children for taxon 2478081
2026-07-05 16:35:30 | INFO | Taxon key 2478081 has 2 children
2026-07-05 16:35:30 | INFO | Fetching: https://api.gbif.org/v1/species/2478056/children | params={}
2026-07-05 16:35:30 | INFO | Finished: https://api.gbif.org/v1/species/2478056/children | total=3
2026-07-05 16:35:30 | INFO | Fetching: https://api.gbif.org/v1/species/2478056/children | params={}
2026-07-05 16:35:31 | INFO | Finished: https://api.gbif.org/v1/species/2478056/children | total=3
2026-07-05 16:35:31 | INFO | Randomly selected 3/3 children for taxon 2478056
2026-07-05 16:35:31 | INFO | Taxon key 2478056 has 3 children
2026-07-05 16:35:31 | INFO | Fetching: https://api.gbif.org/v1/species/2478057/children | params={}
2026-07-05 16:35:31 | INFO | Finished: https://api.gbif.org/v1/species/2478057/children | total=6
2026-07-05 16:35:31 | INFO | Fetching: https://api.gbif.org/v1/species/2478057/children | params={}
2026-07-05 16:35:31 | INFO | Finished: https://api.gbif.org/v1/species/2478057/children | total=6
2026-07-05 16:35:31 | INFO | Randomly selected 6/6 children for taxon 2478057
2026-07-05 16:35:31 | INFO | Taxon key 2478057 has 6 children
2026-07-05 16:35:31 | INFO | Fetching: https://api.gbif.org/v1/species/2478064/children | params={}
2026-07-05 16:35:31 | INFO | Finished: https://api.gbif.org/v1/species/2478064/children | total=3
2026-07-05 16:35:31 | INFO | Fetching: https://api.gbif.org/v1/species/2478064/children | params={}
2026-07-05 16:35:31 | INFO | Finished: https://api.gbif.org/v1/species/2478064/children | total=3
2026-07-05 16:35:31 | INFO | Randomly selected 3/3 children for taxon 2478064
2026-07-05 16:35:31 | INFO | Taxon key 2478064 has 3 children
2026-07-05 16:35:31 | INFO | Fetching: https://api.gbif.org/v1/species/4845041/children | params={}
2026-07-05 16:35:32 | INFO | Finished: https://api.gbif.org/v1/species/4845041/children | total=6
2026-07-05 16:35:32 | INFO | Fetching: https://api.gbif.org/v1/species/4845041/children | params={}
2026-07-05 16:35:32 | INFO | Finished: https://api.gbif.org/v1/species/4845041/children | total=6
2026-07-05 16:35:32 | INFO | Randomly selected 6/6 children for taxon 4845041
2026-07-05 16:35:32 | INFO | Taxon key 4845041 has 6 children
2026-07-05 16:35:32 | INFO | Fetching: https://api.gbif.org/v1/species/9192501/children | params={}
2026-07-05 16:35:32 | INFO | Finished: https://api.gbif.org/v1/species/9192501/children | total=18
2026-07-05 16:35:32 | INFO | Fetching: https://api.gbif.org/v1/species/9192501/children | params={}
2026-07-05 16:35:32 | INFO | Finished: https://api.gbif.org/v1/species/9192501/children | total=18
2026-07-05 16:35:32 | INFO | Randomly selected 18/18 children for taxon 9192501
2026-07-05 16:35:32 | INFO | Taxon key 9192501 has 18 children
2026-07-05 16:35:32 | INFO | Fetching: https://api.gbif.org/v1/species/9000455/children | params={}
2026-07-05 16:35:32 | INFO | Finished: https://api.gbif.org/v1/species/9000455/children | total=6
2026-07-05 16:35:32 | INFO | Fetching: https://api.gbif.org/v1/species/9000455/children | params={}
2026-07-05 16:35:33 | INFO | Finished: https://api.gbif.org/v1/species/9000455/children | total=6
2026-07-05 16:35:33 | INFO | Randomly selected 6/6 children for taxon 9000455
2026-07-05 16:35:33 | INFO | Taxon key 9000455 has 6 children
2026-07-05 16:35:33 | INFO | Fetching: https://api.gbif.org/v1/species/9046711/children | params={}
2026-07-05 16:35:33 | INFO | Finished: https://api.gbif.org/v1/species/9046711/children | total=1
2026-07-05 16:35:33 | INFO | Fetching: https://api.gbif.org/v1/species/9046711/children | params={}
2026-07-05 16:35:33 | INFO | Finished: https://api.gbif.org/v1/species/9046711/children | total=1
2026-07-05 16:35:33 | INFO | Randomly selected 1/1 children for taxon 9046711
2026-07-05 16:35:33 | INFO | Taxon key 9046711 has 1 children
2026-07-05 16:35:33 | INFO | Fetching: https://api.gbif.org/v1/species/8721784/children | params={}
2026-07-05 16:35:33 | INFO | Finished: https://api.gbif.org/v1/species/8721784/children | total=3
2026-07-05 16:35:33 | INFO | Fetching: https://api.gbif.org/v1/species/8721784/children | params={}
2026-07-05 16:35:33 | INFO | Finished: https://api.gbif.org/v1/species/8721784/children | total=3
2026-07-05 16:35:33 | INFO | Randomly selected 3/3 children for taxon 8721784
2026-07-05 16:35:33 | INFO | Taxon key 8721784 has 3 children
2026-07-05 16:35:33 | INFO | Fetching: https://api.gbif.org/v1/species/9128444/children | params={}
2026-07-05 16:35:34 | INFO | Finished: https://api.gbif.org/v1/species/9128444/children | total=3
2026-07-05 16:35:34 | INFO | Fetching: https://api.gbif.org/v1/species/9128444/children | params={}
2026-07-05 16:35:34 | INFO | Finished: https://api.gbif.org/v1/species/9128444/children | total=3
2026-07-05 16:35:34 | INFO | Randomly selected 3/3 children for taxon 9128444
2026-07-05 16:35:34 | INFO | Taxon key 9128444 has 3 children
2026-07-05 16:35:34 | INFO | Fetching: https://api.gbif.org/v1/species/4848407/children | params={}
2026-07-05 16:35:34 | INFO | Finished: https://api.gbif.org/v1/species/4848407/children | total=1
2026-07-05 16:35:34 | INFO | Fetching: https://api.gbif.org/v1/species/4848407/children | params={}
2026-07-05 16:35:34 | INFO | Finished: https://api.gbif.org/v1/species/4848407/children | total=1
2026-07-05 16:35:34 | INFO | Randomly selected 1/1 children for taxon 4848407
2026-07-05 16:35:34 | INFO | Taxon key 4848407 has 1 children
2026-07-05 16:35:34 | INFO | Fetching: https://api.gbif.org/v1/species/8908559/children | params={}
2026-07-05 16:35:34 | INFO | Finished: https://api.gbif.org/v1/species/8908559/children | total=3
2026-07-05 16:35:34 | INFO | Fetching: https://api.gbif.org/v1/species/8908559/children | params={}
2026-07-05 16:35:35 | INFO | Finished: https://api.gbif.org/v1/species/8908559/children | total=3
2026-07-05 16:35:35 | INFO | Randomly selected 3/3 children for taxon 8908559
2026-07-05 16:35:35 | INFO | Taxon key 8908559 has 3 children
2026-07-05 16:35:35 | INFO | Fetching: https://api.gbif.org/v1/species/2478152/children | params={}
2026-07-05 16:35:35 | INFO | Finished: https://api.gbif.org/v1/species/2478152/children | total=3
2026-07-05 16:35:35 | INFO | Fetching: https://api.gbif.org/v1/species/2478152/children | params={}
2026-07-05 16:35:35 | INFO | Finished: https://api.gbif.org/v1/species/2478152/children | total=3
2026-07-05 16:35:35 | INFO | Randomly selected 3/3 children for taxon 2478152
2026-07-05 16:35:35 | INFO | Taxon key 2478152 has 3 children
2026-07-05 16:35:35 | INFO | Fetching: https://api.gbif.org/v1/species/8012314/children | params={}
2026-07-05 16:35:35 | INFO | Finished: https://api.gbif.org/v1/species/8012314/children | total=7
2026-07-05 16:35:35 | INFO | Fetching: https://api.gbif.org/v1/species/8012314/children | params={}
2026-07-05 16:35:35 | INFO | Finished: https://api.gbif.org/v1/species/8012314/children | total=7
2026-07-05 16:35:35 | INFO | Randomly selected 7/7 children for taxon 8012314
2026-07-05 16:35:35 | INFO | Taxon key 8012314 has 7 children
2026-07-05 16:35:35 | INFO | Fetching: https://api.gbif.org/v1/species/2478160/children | params={}
2026-07-05 16:35:36 | INFO | Finished: https://api.gbif.org/v1/species/2478160/children | total=4
2026-07-05 16:35:36 | INFO | Fetching: https://api.gbif.org/v1/species/2478160/children | params={}
2026-07-05 16:35:36 | INFO | Finished: https://api.gbif.org/v1/species/2478160/children | total=4
2026-07-05 16:35:36 | INFO | Randomly selected 4/4 children for taxon 2478160
2026-07-05 16:35:36 | INFO | Taxon key 2478160 has 4 children
2026-07-05 16:35:36 | INFO | Fetching: https://api.gbif.org/v1/species/3242127/children | params={}
2026-07-05 16:35:36 | INFO | Finished: https://api.gbif.org/v1/species/3242127/children | total=1
2026-07-05 16:35:36 | INFO | Fetching: https://api.gbif.org/v1/species/3242127/children | params={}
2026-07-05 16:35:36 | INFO | Finished: https://api.gbif.org/v1/species/3242127/children | total=1
2026-07-05 16:35:36 | INFO | Randomly selected 1/1 children for taxon 3242127
2026-07-05 16:35:36 | INFO | Taxon key 3242127 has 1 children
2026-07-05 16:35:36 | INFO | Fetching: https://api.gbif.org/v1/species/2478591/children | params={}
2026-07-05 16:35:36 | INFO | Finished: https://api.gbif.org/v1/species/2478591/children | total=2
2026-07-05 16:35:36 | INFO | Fetching: https://api.gbif.org/v1/species/2478591/children | params={}
2026-07-05 16:35:37 | INFO | Finished: https://api.gbif.org/v1/species/2478591/children | total=2
2026-07-05 16:35:37 | INFO | Randomly selected 2/2 children for taxon 2478591
2026-07-05 16:35:37 | INFO | Taxon key 2478591 has 2 children
2026-07-05 16:35:37 | INFO | Fetching: https://api.gbif.org/v1/species/2478593/children | params={}
2026-07-05 16:35:37 | INFO | Finished: https://api.gbif.org/v1/species/2478593/children | total=2
2026-07-05 16:35:37 | INFO | Fetching: https://api.gbif.org/v1/species/2478593/children | params={}
2026-07-05 16:35:37 | INFO | Finished: https://api.gbif.org/v1/species/2478593/children | total=2
2026-07-05 16:35:37 | INFO | Randomly selected 2/2 children for taxon 2478593
2026-07-05 16:35:37 | INFO | Taxon key 2478593 has 2 children
2026-07-05 16:35:37 | INFO | Fetching: https://api.gbif.org/v1/species/2477836/children | params={}
2026-07-05 16:35:37 | INFO | Finished: https://api.gbif.org/v1/species/2477836/children | total=1
2026-07-05 16:35:37 | INFO | Fetching: https://api.gbif.org/v1/species/2477836/children | params={}
2026-07-05 16:35:37 | INFO | Finished: https://api.gbif.org/v1/species/2477836/children | total=1
2026-07-05 16:35:37 | INFO | Randomly selected 1/1 children for taxon 2477836
2026-07-05 16:35:37 | INFO | Taxon key 2477836 has 1 children
2026-07-05 16:35:37 | INFO | Fetching: https://api.gbif.org/v1/species/2477837/children | params={}
2026-07-05 16:35:37 | INFO | Finished: https://api.gbif.org/v1/species/2477837/children | total=1
2026-07-05 16:35:37 | INFO | Fetching: https://api.gbif.org/v1/species/2477837/children | params={}
2026-07-05 16:35:38 | INFO | Finished: https://api.gbif.org/v1/species/2477837/children | total=1
2026-07-05 16:35:38 | INFO | Randomly selected 1/1 children for taxon 2477837
2026-07-05 16:35:38 | INFO | Taxon key 2477837 has 1 children
2026-07-05 16:35:38 | INFO | Fetching: https://api.gbif.org/v1/species/2478215/children | params={}
2026-07-05 16:35:38 | INFO | Finished: https://api.gbif.org/v1/species/2478215/children | total=3
2026-07-05 16:35:38 | INFO | Fetching: https://api.gbif.org/v1/species/2478215/children | params={}
2026-07-05 16:35:38 | INFO | Finished: https://api.gbif.org/v1/species/2478215/children | total=3
2026-07-05 16:35:38 | INFO | Randomly selected 3/3 children for taxon 2478215
2026-07-05 16:35:38 | INFO | Taxon key 2478215 has 3 children
2026-07-05 16:35:38 | INFO | Fetching: https://api.gbif.org/v1/species/2478220/children | params={}
2026-07-05 16:35:38 | INFO | Finished: https://api.gbif.org/v1/species/2478220/children | total=2
2026-07-05 16:35:38 | INFO | Fetching: https://api.gbif.org/v1/species/2478220/children | params={}
2026-07-05 16:35:38 | INFO | Finished: https://api.gbif.org/v1/species/2478220/children | total=2
2026-07-05 16:35:38 | INFO | Randomly selected 2/2 children for taxon 2478220
2026-07-05 16:35:38 | INFO | Taxon key 2478220 has 2 children
2026-07-05 16:35:38 | INFO | Fetching: https://api.gbif.org/v1/species/11049618/children | params={}
2026-07-05 16:35:39 | INFO | Finished: https://api.gbif.org/v1/species/11049618/children | total=2
2026-07-05 16:35:39 | INFO | Fetching: https://api.gbif.org/v1/species/11049618/children | params={}
2026-07-05 16:35:39 | INFO | Finished: https://api.gbif.org/v1/species/11049618/children | total=2
2026-07-05 16:35:39 | INFO | Randomly selected 2/2 children for taxon 11049618
2026-07-05 16:35:39 | INFO | Taxon key 11049618 has 2 children
2026-07-05 16:35:39 | INFO | Fetching: https://api.gbif.org/v1/species/2478216/children | params={}
2026-07-05 16:35:39 | INFO | Finished: https://api.gbif.org/v1/species/2478216/children | total=4
2026-07-05 16:35:39 | INFO | Fetching: https://api.gbif.org/v1/species/2478216/children | params={}
2026-07-05 16:35:39 | INFO | Finished: https://api.gbif.org/v1/species/2478216/children | total=4
2026-07-05 16:35:39 | INFO | Randomly selected 4/4 children for taxon 2478216
2026-07-05 16:35:39 | INFO | Taxon key 2478216 has 4 children
2026-07-05 16:35:39 | INFO | Fetching: https://api.gbif.org/v1/species/7488265/children | params={}
2026-07-05 16:35:39 | INFO | Finished: https://api.gbif.org/v1/species/7488265/children | total=1
2026-07-05 16:35:39 | INFO | Fetching: https://api.gbif.org/v1/species/7488265/children | params={}
2026-07-05 16:35:40 | INFO | Finished: https://api.gbif.org/v1/species/7488265/children | total=1
2026-07-05 16:35:40 | INFO | Randomly selected 1/1 children for taxon 7488265
2026-07-05 16:35:40 | INFO | Taxon key 7488265 has 1 children
2026-07-05 16:35:40 | INFO | Fetching: https://api.gbif.org/v1/species/2477865/children | params={}
2026-07-05 16:35:40 | INFO | Finished: https://api.gbif.org/v1/species/2477865/children | total=6
2026-07-05 16:35:40 | INFO | Fetching: https://api.gbif.org/v1/species/2477865/children | params={}
2026-07-05 16:35:40 | INFO | Finished: https://api.gbif.org/v1/species/2477865/children | total=6
2026-07-05 16:35:40 | INFO | Randomly selected 6/6 children for taxon 2477865
2026-07-05 16:35:40 | INFO | Taxon key 2477865 has 6 children
2026-07-05 16:35:40 | INFO | Fetching: https://api.gbif.org/v1/species/5228824/children | params={}
2026-07-05 16:35:40 | INFO | Finished: https://api.gbif.org/v1/species/5228824/children | total=3
2026-07-05 16:35:40 | INFO | Fetching: https://api.gbif.org/v1/species/5228824/children | params={}
2026-07-05 16:35:40 | INFO | Finished: https://api.gbif.org/v1/species/5228824/children | total=3
2026-07-05 16:35:40 | INFO | Randomly selected 3/3 children for taxon 5228824
2026-07-05 16:35:40 | INFO | Taxon key 5228824 has 3 children
2026-07-05 16:35:40 | INFO | Fetching: https://api.gbif.org/v1/species/2477872/children | params={}
2026-07-05 16:35:41 | INFO | Finished: https://api.gbif.org/v1/species/2477872/children | total=3
2026-07-05 16:35:41 | INFO | Fetching: https://api.gbif.org/v1/species/2477872/children | params={}
2026-07-05 16:35:41 | INFO | Finished: https://api.gbif.org/v1/species/2477872/children | total=3
2026-07-05 16:35:41 | INFO | Randomly selected 3/3 children for taxon 2477872
2026-07-05 16:35:41 | INFO | Taxon key 2477872 has 3 children
2026-07-05 16:35:41 | INFO | Fetching: https://api.gbif.org/v1/species/5228831/children | params={}
2026-07-05 16:35:41 | INFO | Finished: https://api.gbif.org/v1/species/5228831/children | total=6
2026-07-05 16:35:41 | INFO | Fetching: https://api.gbif.org/v1/species/5228831/children | params={}
2026-07-05 16:35:41 | INFO | Finished: https://api.gbif.org/v1/species/5228831/children | total=6
2026-07-05 16:35:41 | INFO | Randomly selected 6/6 children for taxon 5228831
2026-07-05 16:35:41 | INFO | Taxon key 5228831 has 6 children
2026-07-05 16:35:41 | INFO | Fetching: https://api.gbif.org/v1/species/5228839/children | params={}
2026-07-05 16:35:42 | INFO | Finished: https://api.gbif.org/v1/species/5228839/children | total=16
2026-07-05 16:35:42 | INFO | Fetching: https://api.gbif.org/v1/species/5228839/children | params={}
2026-07-05 16:35:42 | INFO | Finished: https://api.gbif.org/v1/species/5228839/children | total=16
2026-07-05 16:35:42 | INFO | Randomly selected 16/16 children for taxon 5228839
2026-07-05 16:35:42 | INFO | Taxon key 5228839 has 16 children
2026-07-05 16:35:42 | INFO | Fetching: https://api.gbif.org/v1/species/8399994/children | params={}
2026-07-05 16:35:42 | INFO | Finished: https://api.gbif.org/v1/species/8399994/children | total=9
2026-07-05 16:35:42 | INFO | Fetching: https://api.gbif.org/v1/species/8399994/children | params={}
2026-07-05 16:35:42 | INFO | Finished: https://api.gbif.org/v1/species/8399994/children | total=9
2026-07-05 16:35:42 | INFO | Randomly selected 9/9 children for taxon 8399994
2026-07-05 16:35:42 | INFO | Taxon key 8399994 has 9 children
2026-07-05 16:35:42 | INFO | Fetching: https://api.gbif.org/v1/species/8959883/children | params={}
2026-07-05 16:35:42 | INFO | Finished: https://api.gbif.org/v1/species/8959883/children | total=10
2026-07-05 16:35:42 | INFO | Fetching: https://api.gbif.org/v1/species/8959883/children | params={}
2026-07-05 16:35:43 | INFO | Finished: https://api.gbif.org/v1/species/8959883/children | total=10
2026-07-05 16:35:43 | INFO | Randomly selected 10/10 children for taxon 8959883
2026-07-05 16:35:43 | INFO | Taxon key 8959883 has 10 children
2026-07-05 16:35:43 | INFO | Fetching: https://api.gbif.org/v1/species/9149595/children | params={}
2026-07-05 16:35:43 | INFO | Finished: https://api.gbif.org/v1/species/9149595/children | total=8
2026-07-05 16:35:43 | INFO | Fetching: https://api.gbif.org/v1/species/9149595/children | params={}
2026-07-05 16:35:43 | INFO | Finished: https://api.gbif.org/v1/species/9149595/children | total=8
2026-07-05 16:35:43 | INFO | Randomly selected 8/8 children for taxon 9149595
2026-07-05 16:35:43 | INFO | Taxon key 9149595 has 8 children
2026-07-05 16:35:43 | INFO | Fetching: https://api.gbif.org/v1/species/9015784/children | params={}
2026-07-05 16:35:43 | INFO | Finished: https://api.gbif.org/v1/species/9015784/children | total=14
2026-07-05 16:35:43 | INFO | Fetching: https://api.gbif.org/v1/species/9015784/children | params={}
2026-07-05 16:35:43 | INFO | Finished: https://api.gbif.org/v1/species/9015784/children | total=14
2026-07-05 16:35:43 | INFO | Randomly selected 14/14 children for taxon 9015784
2026-07-05 16:35:43 | INFO | Taxon key 9015784 has 14 children
2026-07-05 16:35:43 | INFO | Fetching: https://api.gbif.org/v1/species/8238455/children | params={}
2026-07-05 16:35:44 | INFO | Finished: https://api.gbif.org/v1/species/8238455/children | total=2
2026-07-05 16:35:44 | INFO | Fetching: https://api.gbif.org/v1/species/8238455/children | params={}
2026-07-05 16:35:44 | INFO | Finished: https://api.gbif.org/v1/species/8238455/children | total=2
2026-07-05 16:35:44 | INFO | Randomly selected 2/2 children for taxon 8238455
2026-07-05 16:35:44 | INFO | Taxon key 8238455 has 2 children
2026-07-05 16:35:44 | INFO | Fetching: https://api.gbif.org/v1/species/9090105/children | params={}
2026-07-05 16:35:44 | INFO | Finished: https://api.gbif.org/v1/species/9090105/children | total=6
2026-07-05 16:35:44 | INFO | Fetching: https://api.gbif.org/v1/species/9090105/children | params={}
2026-07-05 16:35:44 | INFO | Finished: https://api.gbif.org/v1/species/9090105/children | total=6
2026-07-05 16:35:44 | INFO | Randomly selected 6/6 children for taxon 9090105
2026-07-05 16:35:44 | INFO | Taxon key 9090105 has 6 children
2026-07-05 16:35:44 | INFO | Fetching: https://api.gbif.org/v1/species/5228802/children | params={}
2026-07-05 16:35:44 | INFO | Finished: https://api.gbif.org/v1/species/5228802/children | total=6
2026-07-05 16:35:44 | INFO | Fetching: https://api.gbif.org/v1/species/5228802/children | params={}
2026-07-05 16:35:45 | INFO | Finished: https://api.gbif.org/v1/species/5228802/children | total=6
2026-07-05 16:35:45 | INFO | Randomly selected 6/6 children for taxon 5228802
2026-07-05 16:35:45 | INFO | Taxon key 5228802 has 6 children
2026-07-05 16:35:45 | INFO | Fetching: https://api.gbif.org/v1/species/5228813/children | params={}
2026-07-05 16:35:45 | INFO | Finished: https://api.gbif.org/v1/species/5228813/children | total=2
2026-07-05 16:35:45 | INFO | Fetching: https://api.gbif.org/v1/species/5228813/children | params={}
2026-07-05 16:35:45 | INFO | Finished: https://api.gbif.org/v1/species/5228813/children | total=2
2026-07-05 16:35:45 | INFO | Randomly selected 2/2 children for taxon 5228813
2026-07-05 16:35:45 | INFO | Taxon key 5228813 has 2 children
2026-07-05 16:35:45 | INFO | Fetching: https://api.gbif.org/v1/species/5228803/children | params={}
2026-07-05 16:35:45 | INFO | Finished: https://api.gbif.org/v1/species/5228803/children | total=7
2026-07-05 16:35:45 | INFO | Fetching: https://api.gbif.org/v1/species/5228803/children | params={}
2026-07-05 16:35:45 | INFO | Finished: https://api.gbif.org/v1/species/5228803/children | total=7
2026-07-05 16:35:45 | INFO | Randomly selected 7/7 children for taxon 5228803
2026-07-05 16:35:45 | INFO | Taxon key 5228803 has 7 children
2026-07-05 16:35:45 | INFO | Fetching: https://api.gbif.org/v1/species/5228816/children | params={}
2026-07-05 16:35:46 | INFO | Finished: https://api.gbif.org/v1/species/5228816/children | total=5
2026-07-05 16:35:46 | INFO | Fetching: https://api.gbif.org/v1/species/5228816/children | params={}
2026-07-05 16:35:46 | INFO | Finished: https://api.gbif.org/v1/species/5228816/children | total=5
2026-07-05 16:35:46 | INFO | Randomly selected 5/5 children for taxon 5228816
2026-07-05 16:35:46 | INFO | Taxon key 5228816 has 5 children
2026-07-05 16:35:46 | INFO | Fetching: https://api.gbif.org/v1/species/2478384/children | params={}
2026-07-05 16:35:46 | INFO | Finished: https://api.gbif.org/v1/species/2478384/children | total=12
2026-07-05 16:35:46 | INFO | Fetching: https://api.gbif.org/v1/species/2478384/children | params={}
2026-07-05 16:35:46 | INFO | Finished: https://api.gbif.org/v1/species/2478384/children | total=12
2026-07-05 16:35:46 | INFO | Randomly selected 12/12 children for taxon 2478384
2026-07-05 16:35:46 | INFO | Taxon key 2478384 has 12 children
2026-07-05 16:35:46 | INFO | Fetching: https://api.gbif.org/v1/species/2478430/children | params={}
2026-07-05 16:35:46 | INFO | Finished: https://api.gbif.org/v1/species/2478430/children | total=2
2026-07-05 16:35:46 | INFO | Fetching: https://api.gbif.org/v1/species/2478430/children | params={}
2026-07-05 16:35:47 | INFO | Finished: https://api.gbif.org/v1/species/2478430/children | total=2
2026-07-05 16:35:47 | INFO | Randomly selected 2/2 children for taxon 2478430
2026-07-05 16:35:47 | INFO | Taxon key 2478430 has 2 children
2026-07-05 16:35:47 | INFO | Fetching: https://api.gbif.org/v1/species/2478385/children | params={}
2026-07-05 16:35:47 | INFO | Finished: https://api.gbif.org/v1/species/2478385/children | total=4
2026-07-05 16:35:47 | INFO | Fetching: https://api.gbif.org/v1/species/2478385/children | params={}
2026-07-05 16:35:47 | INFO | Finished: https://api.gbif.org/v1/species/2478385/children | total=4
2026-07-05 16:35:47 | INFO | Randomly selected 4/4 children for taxon 2478385
2026-07-05 16:35:47 | INFO | Taxon key 2478385 has 4 children
2026-07-05 16:35:47 | INFO | Fetching: https://api.gbif.org/v1/species/2478411/children | params={}
2026-07-05 16:35:47 | INFO | Finished: https://api.gbif.org/v1/species/2478411/children | total=5
2026-07-05 16:35:47 | INFO | Fetching: https://api.gbif.org/v1/species/2478411/children | params={}
2026-07-05 16:35:47 | INFO | Finished: https://api.gbif.org/v1/species/2478411/children | total=5
2026-07-05 16:35:47 | INFO | Randomly selected 5/5 children for taxon 2478411
2026-07-05 16:35:47 | INFO | Taxon key 2478411 has 5 children
2026-07-05 16:35:47 | INFO | Fetching: https://api.gbif.org/v1/species/2478424/children | params={}
2026-07-05 16:35:48 | INFO | Finished: https://api.gbif.org/v1/species/2478424/children | total=5
2026-07-05 16:35:48 | INFO | Fetching: https://api.gbif.org/v1/species/2478424/children | params={}
2026-07-05 16:35:48 | INFO | Finished: https://api.gbif.org/v1/species/2478424/children | total=5
2026-07-05 16:35:48 | INFO | Randomly selected 5/5 children for taxon 2478424
2026-07-05 16:35:48 | INFO | Taxon key 2478424 has 5 children
2026-07-05 16:35:48 | INFO | Fetching: https://api.gbif.org/v1/species/2478392/children | params={}
2026-07-05 16:35:48 | INFO | Finished: https://api.gbif.org/v1/species/2478392/children | total=2
2026-07-05 16:35:48 | INFO | Fetching: https://api.gbif.org/v1/species/2478392/children | params={}
2026-07-05 16:35:48 | INFO | Finished: https://api.gbif.org/v1/species/2478392/children | total=2
2026-07-05 16:35:48 | INFO | Randomly selected 2/2 children for taxon 2478392
2026-07-05 16:35:48 | INFO | Taxon key 2478392 has 2 children
2026-07-05 16:35:48 | INFO | Fetching: https://api.gbif.org/v1/species/2478399/children | params={}
2026-07-05 16:35:48 | INFO | Finished: https://api.gbif.org/v1/species/2478399/children | total=11
2026-07-05 16:35:48 | INFO | Fetching: https://api.gbif.org/v1/species/2478399/children | params={}
2026-07-05 16:35:49 | INFO | Finished: https://api.gbif.org/v1/species/2478399/children | total=11
2026-07-05 16:35:49 | INFO | Randomly selected 11/11 children for taxon 2478399
2026-07-05 16:35:49 | INFO | Taxon key 2478399 has 11 children
2026-07-05 16:35:49 | INFO | Fetching: https://api.gbif.org/v1/species/2478419/children | params={}
2026-07-05 16:35:49 | INFO | Finished: https://api.gbif.org/v1/species/2478419/children | total=2
2026-07-05 16:35:49 | INFO | Fetching: https://api.gbif.org/v1/species/2478419/children | params={}
2026-07-05 16:35:49 | INFO | Finished: https://api.gbif.org/v1/species/2478419/children | total=2
2026-07-05 16:35:49 | INFO | Randomly selected 2/2 children for taxon 2478419
2026-07-05 16:35:49 | INFO | Taxon key 2478419 has 2 children
2026-07-05 16:35:49 | INFO | Fetching: https://api.gbif.org/v1/species/4850317/children | params={}
2026-07-05 16:35:49 | INFO | Finished: https://api.gbif.org/v1/species/4850317/children | total=3
2026-07-05 16:35:49 | INFO | Fetching: https://api.gbif.org/v1/species/4850317/children | params={}
2026-07-05 16:35:49 | INFO | Finished: https://api.gbif.org/v1/species/4850317/children | total=3
2026-07-05 16:35:49 | INFO | Randomly selected 3/3 children for taxon 4850317
2026-07-05 16:35:49 | INFO | Taxon key 4850317 has 3 children
2026-07-05 16:35:49 | INFO | Fetching: https://api.gbif.org/v1/species/8773033/children | params={}
2026-07-05 16:35:50 | INFO | Finished: https://api.gbif.org/v1/species/8773033/children | total=6
2026-07-05 16:35:50 | INFO | Fetching: https://api.gbif.org/v1/species/8773033/children | params={}
2026-07-05 16:35:50 | INFO | Finished: https://api.gbif.org/v1/species/8773033/children | total=6
2026-07-05 16:35:50 | INFO | Randomly selected 6/6 children for taxon 8773033
2026-07-05 16:35:50 | INFO | Taxon key 8773033 has 6 children
2026-07-05 16:35:50 | INFO | Fetching: https://api.gbif.org/v1/species/8916767/children | params={}
2026-07-05 16:35:50 | INFO | Finished: https://api.gbif.org/v1/species/8916767/children | total=1
2026-07-05 16:35:50 | INFO | Fetching: https://api.gbif.org/v1/species/8916767/children | params={}
2026-07-05 16:35:50 | INFO | Finished: https://api.gbif.org/v1/species/8916767/children | total=1
2026-07-05 16:35:50 | INFO | Randomly selected 1/1 children for taxon 8916767
2026-07-05 16:35:50 | INFO | Taxon key 8916767 has 1 children
2026-07-05 16:35:50 | INFO | Fetching: https://api.gbif.org/v1/species/2477899/children | params={}
2026-07-05 16:35:50 | INFO | Finished: https://api.gbif.org/v1/species/2477899/children | total=14
2026-07-05 16:35:50 | INFO | Fetching: https://api.gbif.org/v1/species/2477899/children | params={}
2026-07-05 16:35:51 | INFO | Finished: https://api.gbif.org/v1/species/2477899/children | total=14
2026-07-05 16:35:51 | INFO | Randomly selected 14/14 children for taxon 2477899
2026-07-05 16:35:51 | INFO | Taxon key 2477899 has 14 children
2026-07-05 16:35:51 | INFO | Fetching: https://api.gbif.org/v1/species/2478031/children | params={}
2026-07-05 16:35:51 | INFO | Finished: https://api.gbif.org/v1/species/2478031/children | total=4
2026-07-05 16:35:51 | INFO | Fetching: https://api.gbif.org/v1/species/2478031/children | params={}
2026-07-05 16:35:51 | INFO | Finished: https://api.gbif.org/v1/species/2478031/children | total=4
2026-07-05 16:35:51 | INFO | Randomly selected 4/4 children for taxon 2478031
2026-07-05 16:35:51 | INFO | Taxon key 2478031 has 4 children
2026-07-05 16:35:51 | INFO | Fetching: https://api.gbif.org/v1/species/5789375/children | params={}
2026-07-05 16:35:51 | INFO | Finished: https://api.gbif.org/v1/species/5789375/children | total=1
2026-07-05 16:35:51 | INFO | Fetching: https://api.gbif.org/v1/species/5789375/children | params={}
2026-07-05 16:35:51 | INFO | Finished: https://api.gbif.org/v1/species/5789375/children | total=1
2026-07-05 16:35:51 | INFO | Randomly selected 1/1 children for taxon 5789375
2026-07-05 16:35:51 | INFO | Taxon key 5789375 has 1 children
2026-07-05 16:35:51 | INFO | Fetching: https://api.gbif.org/v1/species/2477968/children | params={}
2026-07-05 16:35:52 | INFO | Finished: https://api.gbif.org/v1/species/2477968/children | total=26
2026-07-05 16:35:52 | INFO | Fetching: https://api.gbif.org/v1/species/2477968/children | params={}
2026-07-05 16:35:52 | INFO | Finished: https://api.gbif.org/v1/species/2477968/children | total=26
2026-07-05 16:35:52 | INFO | Randomly selected 26/26 children for taxon 2477968
2026-07-05 16:35:52 | INFO | Taxon key 2477968 has 26 children
2026-07-05 16:35:52 | INFO | Fetching: https://api.gbif.org/v1/species/2477911/children | params={}
2026-07-05 16:35:52 | INFO | Finished: https://api.gbif.org/v1/species/2477911/children | total=2
2026-07-05 16:35:52 | INFO | Fetching: https://api.gbif.org/v1/species/2477911/children | params={}
2026-07-05 16:35:52 | INFO | Finished: https://api.gbif.org/v1/species/2477911/children | total=2
2026-07-05 16:35:52 | INFO | Randomly selected 2/2 children for taxon 2477911
2026-07-05 16:35:52 | INFO | Taxon key 2477911 has 2 children
2026-07-05 16:35:52 | INFO | Fetching: https://api.gbif.org/v1/species/2477927/children | params={}
2026-07-05 16:35:53 | INFO | Finished: https://api.gbif.org/v1/species/2477927/children | total=15
2026-07-05 16:35:53 | INFO | Fetching: https://api.gbif.org/v1/species/2477927/children | params={}
2026-07-05 16:35:53 | INFO | Finished: https://api.gbif.org/v1/species/2477927/children | total=15
2026-07-05 16:35:53 | INFO | Randomly selected 15/15 children for taxon 2477927
2026-07-05 16:35:53 | INFO | Taxon key 2477927 has 15 children
2026-07-05 16:35:53 | INFO | Fetching: https://api.gbif.org/v1/species/2478150/children | params={}
2026-07-05 16:35:53 | INFO | Finished: https://api.gbif.org/v1/species/2478150/children | total=4
2026-07-05 16:35:53 | INFO | Fetching: https://api.gbif.org/v1/species/2478150/children | params={}
2026-07-05 16:35:53 | INFO | Finished: https://api.gbif.org/v1/species/2478150/children | total=4
2026-07-05 16:35:53 | INFO | Randomly selected 4/4 children for taxon 2478150
2026-07-05 16:35:53 | INFO | Taxon key 2478150 has 4 children
2026-07-05 16:35:53 | INFO | Fetching: https://api.gbif.org/v1/species/2477993/children | params={}
2026-07-05 16:35:54 | INFO | Finished: https://api.gbif.org/v1/species/2477993/children | total=2
2026-07-05 16:35:54 | INFO | Fetching: https://api.gbif.org/v1/species/2477993/children | params={}
2026-07-05 16:35:54 | INFO | Finished: https://api.gbif.org/v1/species/2477993/children | total=2
2026-07-05 16:35:54 | INFO | Randomly selected 2/2 children for taxon 2477993
2026-07-05 16:35:54 | INFO | Taxon key 2477993 has 2 children
2026-07-05 16:35:54 | INFO | Fetching: https://api.gbif.org/v1/species/2477965/children | params={}
2026-07-05 16:35:54 | INFO | Finished: https://api.gbif.org/v1/species/2477965/children | total=3
2026-07-05 16:35:54 | INFO | Fetching: https://api.gbif.org/v1/species/2477965/children | params={}
2026-07-05 16:35:54 | INFO | Finished: https://api.gbif.org/v1/species/2477965/children | total=3
2026-07-05 16:35:54 | INFO | Randomly selected 3/3 children for taxon 2477965
2026-07-05 16:35:54 | INFO | Taxon key 2477965 has 3 children
2026-07-05 16:35:54 | INFO | Fetching: https://api.gbif.org/v1/species/2478023/children | params={}
2026-07-05 16:35:54 | INFO | Finished: https://api.gbif.org/v1/species/2478023/children | total=2
2026-07-05 16:35:54 | INFO | Fetching: https://api.gbif.org/v1/species/2478023/children | params={}
2026-07-05 16:35:54 | INFO | Finished: https://api.gbif.org/v1/species/2478023/children | total=2
2026-07-05 16:35:54 | INFO | Randomly selected 2/2 children for taxon 2478023
2026-07-05 16:35:54 | INFO | Taxon key 2478023 has 2 children
2026-07-05 16:35:54 | INFO | Fetching: https://api.gbif.org/v1/species/6101207/children | params={}
2026-07-05 16:35:55 | INFO | Finished: https://api.gbif.org/v1/species/6101207/children | total=3
2026-07-05 16:35:55 | INFO | Fetching: https://api.gbif.org/v1/species/6101207/children | params={}
2026-07-05 16:35:55 | INFO | Finished: https://api.gbif.org/v1/species/6101207/children | total=3
2026-07-05 16:35:55 | INFO | Randomly selected 3/3 children for taxon 6101207
2026-07-05 16:35:55 | INFO | Taxon key 6101207 has 3 children
2026-07-05 16:35:55 | INFO | Fetching: https://api.gbif.org/v1/species/8677100/children | params={}
2026-07-05 16:35:55 | INFO | Finished: https://api.gbif.org/v1/species/8677100/children | total=2
2026-07-05 16:35:55 | INFO | Fetching: https://api.gbif.org/v1/species/8677100/children | params={}
2026-07-05 16:35:55 | INFO | Finished: https://api.gbif.org/v1/species/8677100/children | total=2
2026-07-05 16:35:55 | INFO | Randomly selected 2/2 children for taxon 8677100
2026-07-05 16:35:55 | INFO | Taxon key 8677100 has 2 children
2026-07-05 16:35:55 | INFO | Fetching: https://api.gbif.org/v1/species/11016979/children | params={}
2026-07-05 16:35:56 | INFO | Finished: https://api.gbif.org/v1/species/11016979/children | total=16
2026-07-05 16:35:56 | INFO | Fetching: https://api.gbif.org/v1/species/11016979/children | params={}
2026-07-05 16:35:56 | INFO | Finished: https://api.gbif.org/v1/species/11016979/children | total=16
2026-07-05 16:35:56 | INFO | Randomly selected 16/16 children for taxon 11016979
2026-07-05 16:35:56 | INFO | Taxon key 11016979 has 16 children
2026-07-05 16:35:56 | INFO | Fetching: https://api.gbif.org/v1/species/2478244/children | params={}
2026-07-05 16:35:56 | INFO | Finished: https://api.gbif.org/v1/species/2478244/children | total=4
2026-07-05 16:35:56 | INFO | Fetching: https://api.gbif.org/v1/species/2478244/children | params={}
2026-07-05 16:35:56 | INFO | Finished: https://api.gbif.org/v1/species/2478244/children | total=4
2026-07-05 16:35:56 | INFO | Randomly selected 4/4 children for taxon 2478244
2026-07-05 16:35:56 | INFO | Taxon key 2478244 has 4 children
2026-07-05 16:35:56 | INFO | Fetching: https://api.gbif.org/v1/species/7340161/children | params={}
2026-07-05 16:35:56 | INFO | Finished: https://api.gbif.org/v1/species/7340161/children | total=21
2026-07-05 16:35:56 | INFO | Fetching: https://api.gbif.org/v1/species/7340161/children | params={}
2026-07-05 16:35:57 | INFO | Finished: https://api.gbif.org/v1/species/7340161/children | total=21
2026-07-05 16:35:57 | INFO | Randomly selected 21/21 children for taxon 7340161
2026-07-05 16:35:57 | INFO | Taxon key 7340161 has 21 children
2026-07-05 16:35:57 | INFO | Fetching: https://api.gbif.org/v1/species/7340159/children | params={}
2026-07-05 16:35:57 | INFO | Finished: https://api.gbif.org/v1/species/7340159/children | total=8
2026-07-05 16:35:57 | INFO | Fetching: https://api.gbif.org/v1/species/7340159/children | params={}
2026-07-05 16:35:57 | INFO | Finished: https://api.gbif.org/v1/species/7340159/children | total=8
2026-07-05 16:35:57 | INFO | Randomly selected 8/8 children for taxon 7340159
2026-07-05 16:35:57 | INFO | Taxon key 7340159 has 8 children
2026-07-05 16:35:57 | INFO | Fetching: https://api.gbif.org/v1/species/2478237/children | params={}
2026-07-05 16:35:57 | INFO | Finished: https://api.gbif.org/v1/species/2478237/children | total=7
2026-07-05 16:35:57 | INFO | Fetching: https://api.gbif.org/v1/species/2478237/children | params={}
2026-07-05 16:35:57 | INFO | Finished: https://api.gbif.org/v1/species/2478237/children | total=7
2026-07-05 16:35:57 | INFO | Randomly selected 7/7 children for taxon 2478237
2026-07-05 16:35:57 | INFO | Taxon key 2478237 has 7 children
2026-07-05 16:35:57 | INFO | Fetching: https://api.gbif.org/v1/species/2478271/children | params={}
2026-07-05 16:35:58 | INFO | Finished: https://api.gbif.org/v1/species/2478271/children | total=1
2026-07-05 16:35:58 | INFO | Fetching: https://api.gbif.org/v1/species/2478271/children | params={}
2026-07-05 16:35:58 | INFO | Finished: https://api.gbif.org/v1/species/2478271/children | total=1
2026-07-05 16:35:58 | INFO | Randomly selected 1/1 children for taxon 2478271
2026-07-05 16:35:58 | INFO | Taxon key 2478271 has 1 children
2026-07-05 16:35:58 | INFO | Fetching: https://api.gbif.org/v1/species/2478272/children | params={}
2026-07-05 16:35:58 | INFO | Finished: https://api.gbif.org/v1/species/2478272/children | total=6
2026-07-05 16:35:58 | INFO | Fetching: https://api.gbif.org/v1/species/2478272/children | params={}
2026-07-05 16:35:58 | INFO | Finished: https://api.gbif.org/v1/species/2478272/children | total=6
2026-07-05 16:35:58 | INFO | Randomly selected 6/6 children for taxon 2478272
2026-07-05 16:35:58 | INFO | Taxon key 2478272 has 6 children
2026-07-05 16:35:58 | INFO | Fetching: https://api.gbif.org/v1/species/2478236/children | params={}
2026-07-05 16:35:58 | INFO | Finished: https://api.gbif.org/v1/species/2478236/children | total=1
2026-07-05 16:35:58 | INFO | Fetching: https://api.gbif.org/v1/species/2478236/children | params={}
2026-07-05 16:35:59 | INFO | Finished: https://api.gbif.org/v1/species/2478236/children | total=1
2026-07-05 16:35:59 | INFO | Randomly selected 1/1 children for taxon 2478236
2026-07-05 16:35:59 | INFO | Taxon key 2478236 has 1 children
2026-07-05 16:35:59 | INFO | Fetching: https://api.gbif.org/v1/species/2478248/children | params={}
2026-07-05 16:35:59 | INFO | Finished: https://api.gbif.org/v1/species/2478248/children | total=4
2026-07-05 16:35:59 | INFO | Fetching: https://api.gbif.org/v1/species/2478248/children | params={}
2026-07-05 16:35:59 | INFO | Finished: https://api.gbif.org/v1/species/2478248/children | total=4
2026-07-05 16:35:59 | INFO | Randomly selected 4/4 children for taxon 2478248
2026-07-05 16:35:59 | INFO | Taxon key 2478248 has 4 children
2026-07-05 16:35:59 | INFO | Fetching: https://api.gbif.org/v1/species/2478233/children | params={}
2026-07-05 16:35:59 | INFO | Finished: https://api.gbif.org/v1/species/2478233/children | total=3
2026-07-05 16:35:59 | INFO | Fetching: https://api.gbif.org/v1/species/2478233/children | params={}
2026-07-05 16:35:59 | INFO | Finished: https://api.gbif.org/v1/species/2478233/children | total=3
2026-07-05 16:35:59 | INFO | Randomly selected 3/3 children for taxon 2478233
2026-07-05 16:35:59 | INFO | Taxon key 2478233 has 3 children
2026-07-05 16:35:59 | INFO | Fetching: https://api.gbif.org/v1/species/5789382/children | params={}
2026-07-05 16:36:00 | INFO | Finished: https://api.gbif.org/v1/species/5789382/children | total=1
2026-07-05 16:36:00 | INFO | Fetching: https://api.gbif.org/v1/species/5789382/children | params={}
2026-07-05 16:36:00 | INFO | Finished: https://api.gbif.org/v1/species/5789382/children | total=1
2026-07-05 16:36:00 | INFO | Randomly selected 1/1 children for taxon 5789382
2026-07-05 16:36:00 | INFO | Taxon key 5789382 has 1 children
2026-07-05 16:36:00 | INFO | Fetching: https://api.gbif.org/v1/species/2478259/children | params={}
2026-07-05 16:36:00 | INFO | Finished: https://api.gbif.org/v1/species/2478259/children | total=11
2026-07-05 16:36:00 | INFO | Fetching: https://api.gbif.org/v1/species/2478259/children | params={}
2026-07-05 16:36:00 | INFO | Finished: https://api.gbif.org/v1/species/2478259/children | total=11
2026-07-05 16:36:00 | INFO | Randomly selected 11/11 children for taxon 2478259
2026-07-05 16:36:00 | INFO | Taxon key 2478259 has 11 children
2026-07-05 16:36:00 | INFO | Fetching: https://api.gbif.org/v1/species/2478256/children | params={}
2026-07-05 16:36:00 | INFO | Finished: https://api.gbif.org/v1/species/2478256/children | total=3
2026-07-05 16:36:00 | INFO | Fetching: https://api.gbif.org/v1/species/2478256/children | params={}
2026-07-05 16:36:01 | INFO | Finished: https://api.gbif.org/v1/species/2478256/children | total=3
2026-07-05 16:36:01 | INFO | Randomly selected 3/3 children for taxon 2478256
2026-07-05 16:36:01 | INFO | Taxon key 2478256 has 3 children
2026-07-05 16:36:01 | INFO | Fetching: https://api.gbif.org/v1/species/4849440/children | params={}
2026-07-05 16:36:01 | INFO | Finished: https://api.gbif.org/v1/species/4849440/children | total=5
2026-07-05 16:36:01 | INFO | Fetching: https://api.gbif.org/v1/species/4849440/children | params={}
2026-07-05 16:36:01 | INFO | Finished: https://api.gbif.org/v1/species/4849440/children | total=5
2026-07-05 16:36:01 | INFO | Randomly selected 5/5 children for taxon 4849440
2026-07-05 16:36:01 | INFO | Taxon key 4849440 has 5 children
2026-07-05 16:36:01 | INFO | Fetching: https://api.gbif.org/v1/species/6101205/children | params={}
2026-07-05 16:36:01 | INFO | Finished: https://api.gbif.org/v1/species/6101205/children | total=5
2026-07-05 16:36:01 | INFO | Fetching: https://api.gbif.org/v1/species/6101205/children | params={}
2026-07-05 16:36:01 | INFO | Finished: https://api.gbif.org/v1/species/6101205/children | total=5
2026-07-05 16:36:01 | INFO | Randomly selected 5/5 children for taxon 6101205
2026-07-05 16:36:01 | INFO | Taxon key 6101205 has 5 children
2026-07-05 16:36:01 | INFO | Fetching: https://api.gbif.org/v1/species/6101204/children | params={}
2026-07-05 16:36:02 | INFO | Finished: https://api.gbif.org/v1/species/6101204/children | total=3
2026-07-05 16:36:02 | INFO | Fetching: https://api.gbif.org/v1/species/6101204/children | params={}
2026-07-05 16:36:02 | INFO | Finished: https://api.gbif.org/v1/species/6101204/children | total=3
2026-07-05 16:36:02 | INFO | Randomly selected 3/3 children for taxon 6101204
2026-07-05 16:36:02 | INFO | Taxon key 6101204 has 3 children
2026-07-05 16:36:02 | INFO | Fetching: https://api.gbif.org/v1/species/6101206/children | params={}
2026-07-05 16:36:02 | INFO | Finished: https://api.gbif.org/v1/species/6101206/children | total=9
2026-07-05 16:36:02 | INFO | Fetching: https://api.gbif.org/v1/species/6101206/children | params={}
2026-07-05 16:36:02 | INFO | Finished: https://api.gbif.org/v1/species/6101206/children | total=9
2026-07-05 16:36:02 | INFO | Randomly selected 9/9 children for taxon 6101206
2026-07-05 16:36:02 | INFO | Taxon key 6101206 has 9 children
2026-07-05 16:36:02 | INFO | Fetching: https://api.gbif.org/v1/species/2478036/children | params={}
2026-07-05 16:36:02 | INFO | Finished: https://api.gbif.org/v1/species/2478036/children | total=9
2026-07-05 16:36:02 | INFO | Fetching: https://api.gbif.org/v1/species/2478036/children | params={}
2026-07-05 16:36:03 | INFO | Finished: https://api.gbif.org/v1/species/2478036/children | total=9
2026-07-05 16:36:03 | INFO | Randomly selected 9/9 children for taxon 2478036
2026-07-05 16:36:03 | INFO | Taxon key 2478036 has 9 children
2026-07-05 16:36:03 | INFO | Fetching: https://api.gbif.org/v1/species/7467150/children | params={}
2026-07-05 16:36:03 | INFO | Finished: https://api.gbif.org/v1/species/7467150/children | total=2
2026-07-05 16:36:03 | INFO | Fetching: https://api.gbif.org/v1/species/7467150/children | params={}
2026-07-05 16:36:03 | INFO | Finished: https://api.gbif.org/v1/species/7467150/children | total=2
2026-07-05 16:36:03 | INFO | Randomly selected 2/2 children for taxon 7467150
2026-07-05 16:36:03 | INFO | Taxon key 7467150 has 2 children
2026-07-05 16:36:03 | INFO | Fetching: https://api.gbif.org/v1/species/2478040/children | params={}
2026-07-05 16:36:03 | INFO | Finished: https://api.gbif.org/v1/species/2478040/children | total=5
2026-07-05 16:36:03 | INFO | Fetching: https://api.gbif.org/v1/species/2478040/children | params={}
2026-07-05 16:36:03 | INFO | Finished: https://api.gbif.org/v1/species/2478040/children | total=5
2026-07-05 16:36:03 | INFO | Randomly selected 5/5 children for taxon 2478040
2026-07-05 16:36:03 | INFO | Taxon key 2478040 has 5 children
2026-07-05 16:36:03 | INFO | Fetching: https://api.gbif.org/v1/species/7387276/children | params={}
2026-07-05 16:36:04 | INFO | Finished: https://api.gbif.org/v1/species/7387276/children | total=5
2026-07-05 16:36:04 | INFO | Fetching: https://api.gbif.org/v1/species/7387276/children | params={}
2026-07-05 16:36:04 | INFO | Finished: https://api.gbif.org/v1/species/7387276/children | total=5
2026-07-05 16:36:04 | INFO | Randomly selected 5/5 children for taxon 7387276
2026-07-05 16:36:04 | INFO | Taxon key 7387276 has 5 children
2026-07-05 16:36:04 | INFO | Fetching: https://api.gbif.org/v1/species/2478037/children | params={}
2026-07-05 16:36:04 | INFO | Finished: https://api.gbif.org/v1/species/2478037/children | total=2
2026-07-05 16:36:04 | INFO | Fetching: https://api.gbif.org/v1/species/2478037/children | params={}
2026-07-05 16:36:04 | INFO | Finished: https://api.gbif.org/v1/species/2478037/children | total=2
2026-07-05 16:36:04 | INFO | Randomly selected 2/2 children for taxon 2478037
2026-07-05 16:36:04 | INFO | Taxon key 2478037 has 2 children
2026-07-05 16:36:04 | INFO | Fetching: https://api.gbif.org/v1/species/4844732/children | params={}
2026-07-05 16:36:04 | INFO | Finished: https://api.gbif.org/v1/species/4844732/children | total=15
2026-07-05 16:36:04 | INFO | Fetching: https://api.gbif.org/v1/species/4844732/children | params={}
2026-07-05 16:36:05 | INFO | Finished: https://api.gbif.org/v1/species/4844732/children | total=15
2026-07-05 16:36:05 | INFO | Randomly selected 15/15 children for taxon 4844732
2026-07-05 16:36:05 | INFO | Taxon key 4844732 has 15 children
2026-07-05 16:36:05 | INFO | Fetching: https://api.gbif.org/v1/species/8841297/children | params={}
2026-07-05 16:36:05 | INFO | Finished: https://api.gbif.org/v1/species/8841297/children | total=1
2026-07-05 16:36:05 | INFO | Fetching: https://api.gbif.org/v1/species/8841297/children | params={}
2026-07-05 16:36:05 | INFO | Finished: https://api.gbif.org/v1/species/8841297/children | total=1
2026-07-05 16:36:05 | INFO | Randomly selected 1/1 children for taxon 8841297
2026-07-05 16:36:05 | INFO | Taxon key 8841297 has 1 children
2026-07-05 16:36:05 | INFO | Fetching: https://api.gbif.org/v1/species/8818908/children | params={}
2026-07-05 16:36:05 | INFO | Finished: https://api.gbif.org/v1/species/8818908/children | total=3
2026-07-05 16:36:05 | INFO | Fetching: https://api.gbif.org/v1/species/8818908/children | params={}
2026-07-05 16:36:05 | INFO | Finished: https://api.gbif.org/v1/species/8818908/children | total=3
2026-07-05 16:36:05 | INFO | Randomly selected 3/3 children for taxon 8818908
2026-07-05 16:36:05 | INFO | Taxon key 8818908 has 3 children
2026-07-05 16:36:05 | INFO | Fetching: https://api.gbif.org/v1/species/2478432/children | params={}
2026-07-05 16:36:06 | INFO | Finished: https://api.gbif.org/v1/species/2478432/children | total=15
2026-07-05 16:36:06 | INFO | Fetching: https://api.gbif.org/v1/species/2478432/children | params={}
2026-07-05 16:36:06 | INFO | Finished: https://api.gbif.org/v1/species/2478432/children | total=15
2026-07-05 16:36:06 | INFO | Randomly selected 15/15 children for taxon 2478432
2026-07-05 16:36:06 | INFO | Taxon key 2478432 has 15 children
2026-07-05 16:36:06 | INFO | Fetching: https://api.gbif.org/v1/species/5228955/children | params={}
2026-07-05 16:36:06 | INFO | Finished: https://api.gbif.org/v1/species/5228955/children | total=5
2026-07-05 16:36:06 | INFO | Fetching: https://api.gbif.org/v1/species/5228955/children | params={}
2026-07-05 16:36:06 | INFO | Finished: https://api.gbif.org/v1/species/5228955/children | total=5
2026-07-05 16:36:06 | INFO | Randomly selected 5/5 children for taxon 5228955
2026-07-05 16:36:06 | INFO | Taxon key 5228955 has 5 children
2026-07-05 16:36:06 | INFO | Fetching: https://api.gbif.org/v1/species/5228945/children | params={}
2026-07-05 16:36:06 | INFO | Finished: https://api.gbif.org/v1/species/5228945/children | total=4
2026-07-05 16:36:06 | INFO | Fetching: https://api.gbif.org/v1/species/5228945/children | params={}
2026-07-05 16:36:07 | INFO | Finished: https://api.gbif.org/v1/species/5228945/children | total=4
2026-07-05 16:36:07 | INFO | Randomly selected 4/4 children for taxon 5228945
2026-07-05 16:36:07 | INFO | Taxon key 5228945 has 4 children
2026-07-05 16:36:07 | INFO | Fetching: https://api.gbif.org/v1/species/5228920/children | params={}
2026-07-05 16:36:07 | INFO | Finished: https://api.gbif.org/v1/species/5228920/children | total=2
2026-07-05 16:36:07 | INFO | Fetching: https://api.gbif.org/v1/species/5228920/children | params={}
2026-07-05 16:36:07 | INFO | Finished: https://api.gbif.org/v1/species/5228920/children | total=2
2026-07-05 16:36:07 | INFO | Randomly selected 2/2 children for taxon 5228920
2026-07-05 16:36:07 | INFO | Taxon key 5228920 has 2 children
2026-07-05 16:36:07 | INFO | Fetching: https://api.gbif.org/v1/species/5228917/children | params={}
2026-07-05 16:36:07 | INFO | Finished: https://api.gbif.org/v1/species/5228917/children | total=2
2026-07-05 16:36:07 | INFO | Fetching: https://api.gbif.org/v1/species/5228917/children | params={}
2026-07-05 16:36:07 | INFO | Finished: https://api.gbif.org/v1/species/5228917/children | total=2
2026-07-05 16:36:07 | INFO | Randomly selected 2/2 children for taxon 5228917
2026-07-05 16:36:07 | INFO | Taxon key 5228917 has 2 children
2026-07-05 16:36:07 | INFO | Fetching: https://api.gbif.org/v1/species/5228950/children | params={}
2026-07-05 16:36:08 | INFO | Finished: https://api.gbif.org/v1/species/5228950/children | total=5
2026-07-05 16:36:08 | INFO | Fetching: https://api.gbif.org/v1/species/5228950/children | params={}
2026-07-05 16:36:08 | INFO | Finished: https://api.gbif.org/v1/species/5228950/children | total=5
2026-07-05 16:36:08 | INFO | Randomly selected 5/5 children for taxon 5228950
2026-07-05 16:36:08 | INFO | Taxon key 5228950 has 5 children
2026-07-05 16:36:08 | INFO | Fetching: https://api.gbif.org/v1/species/5228935/children | params={}
2026-07-05 16:36:08 | INFO | Finished: https://api.gbif.org/v1/species/5228935/children | total=4
2026-07-05 16:36:08 | INFO | Fetching: https://api.gbif.org/v1/species/5228935/children | params={}
2026-07-05 16:36:08 | INFO | Finished: https://api.gbif.org/v1/species/5228935/children | total=4
2026-07-05 16:36:08 | INFO | Randomly selected 4/4 children for taxon 5228935
2026-07-05 16:36:08 | INFO | Taxon key 5228935 has 4 children
2026-07-05 16:36:08 | INFO | Fetching: https://api.gbif.org/v1/species/5228966/children | params={}
2026-07-05 16:36:08 | INFO | Finished: https://api.gbif.org/v1/species/5228966/children | total=3
2026-07-05 16:36:08 | INFO | Fetching: https://api.gbif.org/v1/species/5228966/children | params={}
2026-07-05 16:36:09 | INFO | Finished: https://api.gbif.org/v1/species/5228966/children | total=3
2026-07-05 16:36:09 | INFO | Randomly selected 3/3 children for taxon 5228966
2026-07-05 16:36:09 | INFO | Taxon key 5228966 has 3 children
2026-07-05 16:36:09 | INFO | Fetching: https://api.gbif.org/v1/species/5228941/children | params={}
2026-07-05 16:36:09 | INFO | Finished: https://api.gbif.org/v1/species/5228941/children | total=2
2026-07-05 16:36:09 | INFO | Fetching: https://api.gbif.org/v1/species/5228941/children | params={}
2026-07-05 16:36:09 | INFO | Finished: https://api.gbif.org/v1/species/5228941/children | total=2
2026-07-05 16:36:09 | INFO | Randomly selected 2/2 children for taxon 5228941
2026-07-05 16:36:09 | INFO | Taxon key 5228941 has 2 children
2026-07-05 16:36:09 | INFO | Fetching: https://api.gbif.org/v1/species/5228959/children | params={}
2026-07-05 16:36:09 | INFO | Finished: https://api.gbif.org/v1/species/5228959/children | total=7
2026-07-05 16:36:09 | INFO | Fetching: https://api.gbif.org/v1/species/5228959/children | params={}
2026-07-05 16:36:09 | INFO | Finished: https://api.gbif.org/v1/species/5228959/children | total=7
2026-07-05 16:36:09 | INFO | Randomly selected 7/7 children for taxon 5228959
2026-07-05 16:36:09 | INFO | Taxon key 5228959 has 7 children
2026-07-05 16:36:09 | INFO | Fetching: https://api.gbif.org/v1/species/5228940/children | params={}
2026-07-05 16:36:10 | INFO | Finished: https://api.gbif.org/v1/species/5228940/children | total=1
2026-07-05 16:36:10 | INFO | Fetching: https://api.gbif.org/v1/species/5228940/children | params={}
2026-07-05 16:36:10 | INFO | Finished: https://api.gbif.org/v1/species/5228940/children | total=1
2026-07-05 16:36:10 | INFO | Randomly selected 1/1 children for taxon 5228940
2026-07-05 16:36:10 | INFO | Taxon key 5228940 has 1 children
2026-07-05 16:36:10 | INFO | Fetching: https://api.gbif.org/v1/species/2478168/children | params={}
2026-07-05 16:36:10 | INFO | Finished: https://api.gbif.org/v1/species/2478168/children | total=11
2026-07-05 16:36:10 | INFO | Fetching: https://api.gbif.org/v1/species/2478168/children | params={}
2026-07-05 16:36:10 | INFO | Finished: https://api.gbif.org/v1/species/2478168/children | total=11
2026-07-05 16:36:10 | INFO | Randomly selected 11/11 children for taxon 2478168
2026-07-05 16:36:10 | INFO | Taxon key 2478168 has 11 children
2026-07-05 16:36:10 | INFO | Fetching: https://api.gbif.org/v1/species/10982824/children | params={}
2026-07-05 16:36:10 | INFO | Finished: https://api.gbif.org/v1/species/10982824/children | total=2
2026-07-05 16:36:10 | INFO | Fetching: https://api.gbif.org/v1/species/10982824/children | params={}
2026-07-05 16:36:11 | INFO | Finished: https://api.gbif.org/v1/species/10982824/children | total=2
2026-07-05 16:36:11 | INFO | Randomly selected 2/2 children for taxon 10982824
2026-07-05 16:36:11 | INFO | Taxon key 10982824 has 2 children
2026-07-05 16:36:11 | INFO | Fetching: https://api.gbif.org/v1/species/2478203/children | params={}
2026-07-05 16:36:11 | INFO | Finished: https://api.gbif.org/v1/species/2478203/children | total=2
2026-07-05 16:36:11 | INFO | Fetching: https://api.gbif.org/v1/species/2478203/children | params={}
2026-07-05 16:36:11 | INFO | Finished: https://api.gbif.org/v1/species/2478203/children | total=2
2026-07-05 16:36:11 | INFO | Randomly selected 2/2 children for taxon 2478203
2026-07-05 16:36:11 | INFO | Taxon key 2478203 has 2 children
2026-07-05 16:36:11 | INFO | Fetching: https://api.gbif.org/v1/species/2478195/children | params={}
2026-07-05 16:36:11 | INFO | Finished: https://api.gbif.org/v1/species/2478195/children | total=3
2026-07-05 16:36:11 | INFO | Fetching: https://api.gbif.org/v1/species/2478195/children | params={}
2026-07-05 16:36:11 | INFO | Finished: https://api.gbif.org/v1/species/2478195/children | total=3
2026-07-05 16:36:11 | INFO | Randomly selected 3/3 children for taxon 2478195
2026-07-05 16:36:11 | INFO | Taxon key 2478195 has 3 children
2026-07-05 16:36:11 | INFO | Fetching: https://api.gbif.org/v1/species/2478189/children | params={}
2026-07-05 16:36:12 | INFO | Finished: https://api.gbif.org/v1/species/2478189/children | total=5
2026-07-05 16:36:12 | INFO | Fetching: https://api.gbif.org/v1/species/2478189/children | params={}
2026-07-05 16:36:12 | INFO | Finished: https://api.gbif.org/v1/species/2478189/children | total=5
2026-07-05 16:36:12 | INFO | Randomly selected 5/5 children for taxon 2478189
2026-07-05 16:36:12 | INFO | Taxon key 2478189 has 5 children
2026-07-05 16:36:12 | INFO | Fetching: https://api.gbif.org/v1/species/2478181/children | params={}
2026-07-05 16:36:12 | INFO | Finished: https://api.gbif.org/v1/species/2478181/children | total=2
2026-07-05 16:36:12 | INFO | Fetching: https://api.gbif.org/v1/species/2478181/children | params={}
2026-07-05 16:36:12 | INFO | Finished: https://api.gbif.org/v1/species/2478181/children | total=2
2026-07-05 16:36:12 | INFO | Randomly selected 2/2 children for taxon 2478181
2026-07-05 16:36:12 | INFO | Taxon key 2478181 has 2 children
2026-07-05 16:36:12 | INFO | Fetching: https://api.gbif.org/v1/species/2478174/children | params={}
2026-07-05 16:36:12 | INFO | Finished: https://api.gbif.org/v1/species/2478174/children | total=6
2026-07-05 16:36:12 | INFO | Fetching: https://api.gbif.org/v1/species/2478174/children | params={}
2026-07-05 16:36:12 | INFO | Finished: https://api.gbif.org/v1/species/2478174/children | total=6
2026-07-05 16:36:12 | INFO | Randomly selected 6/6 children for taxon 2478174
2026-07-05 16:36:12 | INFO | Taxon key 2478174 has 6 children
2026-07-05 16:36:12 | INFO | Fetching: https://api.gbif.org/v1/species/2478560/children | params={}
2026-07-05 16:36:13 | INFO | Finished: https://api.gbif.org/v1/species/2478560/children | total=13
2026-07-05 16:36:13 | INFO | Fetching: https://api.gbif.org/v1/species/2478560/children | params={}
2026-07-05 16:36:13 | INFO | Finished: https://api.gbif.org/v1/species/2478560/children | total=13
2026-07-05 16:36:13 | INFO | Randomly selected 13/13 children for taxon 2478560
2026-07-05 16:36:13 | INFO | Taxon key 2478560 has 13 children
2026-07-05 16:36:13 | INFO | Fetching: https://api.gbif.org/v1/species/2478573/children | params={}
2026-07-05 16:36:13 | INFO | Finished: https://api.gbif.org/v1/species/2478573/children | total=6
2026-07-05 16:36:13 | INFO | Fetching: https://api.gbif.org/v1/species/2478573/children | params={}
2026-07-05 16:36:13 | INFO | Finished: https://api.gbif.org/v1/species/2478573/children | total=6
2026-07-05 16:36:13 | INFO | Randomly selected 6/6 children for taxon 2478573
2026-07-05 16:36:13 | INFO | Taxon key 2478573 has 6 children
2026-07-05 16:36:13 | INFO | Fetching: https://api.gbif.org/v1/species/2478561/children | params={}
2026-07-05 16:36:14 | INFO | Finished: https://api.gbif.org/v1/species/2478561/children | total=2
2026-07-05 16:36:14 | INFO | Fetching: https://api.gbif.org/v1/species/2478561/children | params={}
2026-07-05 16:36:14 | INFO | Finished: https://api.gbif.org/v1/species/2478561/children | total=2
2026-07-05 16:36:14 | INFO | Randomly selected 2/2 children for taxon 2478561
2026-07-05 16:36:14 | INFO | Taxon key 2478561 has 2 children
2026-07-05 16:36:14 | INFO | Fetching: https://api.gbif.org/v1/species/2478569/children | params={}
2026-07-05 16:36:14 | INFO | Finished: https://api.gbif.org/v1/species/2478569/children | total=3
2026-07-05 16:36:14 | INFO | Fetching: https://api.gbif.org/v1/species/2478569/children | params={}
2026-07-05 16:36:14 | INFO | Finished: https://api.gbif.org/v1/species/2478569/children | total=3
2026-07-05 16:36:14 | INFO | Randomly selected 3/3 children for taxon 2478569
2026-07-05 16:36:14 | INFO | Taxon key 2478569 has 3 children
2026-07-05 16:36:14 | INFO | Fetching: https://api.gbif.org/v1/species/2478564/children | params={}
2026-07-05 16:36:14 | INFO | Finished: https://api.gbif.org/v1/species/2478564/children | total=4
2026-07-05 16:36:14 | INFO | Fetching: https://api.gbif.org/v1/species/2478564/children | params={}
2026-07-05 16:36:14 | INFO | Finished: https://api.gbif.org/v1/species/2478564/children | total=4
2026-07-05 16:36:14 | INFO | Randomly selected 4/4 children for taxon 2478564
2026-07-05 16:36:14 | INFO | Taxon key 2478564 has 4 children
2026-07-05 16:36:14 | INFO | Fetching: https://api.gbif.org/v1/species/2478578/children | params={}
2026-07-05 16:36:15 | INFO | Finished: https://api.gbif.org/v1/species/2478578/children | total=1
2026-07-05 16:36:15 | INFO | Fetching: https://api.gbif.org/v1/species/2478578/children | params={}
2026-07-05 16:36:15 | INFO | Finished: https://api.gbif.org/v1/species/2478578/children | total=1
2026-07-05 16:36:15 | INFO | Randomly selected 1/1 children for taxon 2478578
2026-07-05 16:36:15 | INFO | Taxon key 2478578 has 1 children
2026-07-05 16:36:15 | INFO | Fetching: https://api.gbif.org/v1/species/2478572/children | params={}
2026-07-05 16:36:15 | INFO | Finished: https://api.gbif.org/v1/species/2478572/children | total=1
2026-07-05 16:36:15 | INFO | Fetching: https://api.gbif.org/v1/species/2478572/children | params={}
2026-07-05 16:36:15 | INFO | Finished: https://api.gbif.org/v1/species/2478572/children | total=1
2026-07-05 16:36:15 | INFO | Randomly selected 1/1 children for taxon 2478572
2026-07-05 16:36:15 | INFO | Taxon key 2478572 has 1 children
2026-07-05 16:36:15 | INFO | Fetching: https://api.gbif.org/v1/species/2478577/children | params={}
2026-07-05 16:36:15 | INFO | Finished: https://api.gbif.org/v1/species/2478577/children | total=1
2026-07-05 16:36:15 | INFO | Fetching: https://api.gbif.org/v1/species/2478577/children | params={}
2026-07-05 16:36:16 | INFO | Finished: https://api.gbif.org/v1/species/2478577/children | total=1
2026-07-05 16:36:16 | INFO | Randomly selected 1/1 children for taxon 2478577
2026-07-05 16:36:16 | INFO | Taxon key 2478577 has 1 children
2026-07-05 16:36:16 | INFO | Fetching: https://api.gbif.org/v1/species/2478584/children | params={}
2026-07-05 16:36:16 | INFO | Finished: https://api.gbif.org/v1/species/2478584/children | total=4
2026-07-05 16:36:16 | INFO | Fetching: https://api.gbif.org/v1/species/2478584/children | params={}
2026-07-05 16:36:16 | INFO | Finished: https://api.gbif.org/v1/species/2478584/children | total=4
2026-07-05 16:36:16 | INFO | Randomly selected 4/4 children for taxon 2478584
2026-07-05 16:36:16 | INFO | Taxon key 2478584 has 4 children
2026-07-05 16:36:16 | INFO | Fetching: https://api.gbif.org/v1/species/2478580/children | params={}
2026-07-05 16:36:16 | INFO | Finished: https://api.gbif.org/v1/species/2478580/children | total=5
2026-07-05 16:36:16 | INFO | Fetching: https://api.gbif.org/v1/species/2478580/children | params={}
2026-07-05 16:36:16 | INFO | Finished: https://api.gbif.org/v1/species/2478580/children | total=5
2026-07-05 16:36:16 | INFO | Randomly selected 5/5 children for taxon 2478580
2026-07-05 16:36:16 | INFO | Taxon key 2478580 has 5 children
2026-07-05 16:36:16 | INFO | Fetching: https://api.gbif.org/v1/species/2478224/children | params={}
2026-07-05 16:36:17 | INFO | Finished: https://api.gbif.org/v1/species/2478224/children | total=2
2026-07-05 16:36:17 | INFO | Fetching: https://api.gbif.org/v1/species/2478224/children | params={}
2026-07-05 16:36:17 | INFO | Finished: https://api.gbif.org/v1/species/2478224/children | total=2
2026-07-05 16:36:17 | INFO | Randomly selected 2/2 children for taxon 2478224
2026-07-05 16:36:17 | INFO | Taxon key 2478224 has 2 children
2026-07-05 16:36:17 | INFO | Fetching: https://api.gbif.org/v1/species/2478225/children | params={}
2026-07-05 16:36:17 | INFO | Finished: https://api.gbif.org/v1/species/2478225/children | total=1
2026-07-05 16:36:17 | INFO | Fetching: https://api.gbif.org/v1/species/2478225/children | params={}
2026-07-05 16:36:17 | INFO | Finished: https://api.gbif.org/v1/species/2478225/children | total=1
2026-07-05 16:36:17 | INFO | Randomly selected 1/1 children for taxon 2478225
2026-07-05 16:36:17 | INFO | Taxon key 2478225 has 1 children
2026-07-05 16:36:17 | INFO | Fetching: https://api.gbif.org/v1/species/2478226/children | params={}
2026-07-05 16:36:17 | INFO | Finished: https://api.gbif.org/v1/species/2478226/children | total=6
2026-07-05 16:36:17 | INFO | Fetching: https://api.gbif.org/v1/species/2478226/children | params={}
2026-07-05 16:36:18 | INFO | Finished: https://api.gbif.org/v1/species/2478226/children | total=6
2026-07-05 16:36:18 | INFO | Randomly selected 6/6 children for taxon 2478226
2026-07-05 16:36:18 | INFO | Taxon key 2478226 has 6 children
2026-07-05 16:36:18 | INFO | Fetching: https://api.gbif.org/v1/species/9496451/children | params={}
2026-07-05 16:36:18 | INFO | Finished: https://api.gbif.org/v1/species/9496451/children | total=1
2026-07-05 16:36:18 | INFO | Fetching: https://api.gbif.org/v1/species/9496451/children | params={}
2026-07-05 16:36:18 | INFO | Finished: https://api.gbif.org/v1/species/9496451/children | total=1
2026-07-05 16:36:18 | INFO | Randomly selected 1/1 children for taxon 9496451
2026-07-05 16:36:18 | INFO | Taxon key 9496451 has 1 children
2026-07-05 16:36:18 | INFO | Fetching: https://api.gbif.org/v1/species/3242200/children | params={}
2026-07-05 16:36:18 | INFO | Finished: https://api.gbif.org/v1/species/3242200/children | total=5
2026-07-05 16:36:18 | INFO | Fetching: https://api.gbif.org/v1/species/3242200/children | params={}
2026-07-05 16:36:18 | INFO | Finished: https://api.gbif.org/v1/species/3242200/children | total=5
2026-07-05 16:36:18 | INFO | Randomly selected 5/5 children for taxon 3242200
2026-07-05 16:36:18 | INFO | Taxon key 3242200 has 5 children
2026-07-05 16:36:18 | INFO | Fetching: https://api.gbif.org/v1/species/2478743/children | params={}
2026-07-05 16:36:19 | INFO | Finished: https://api.gbif.org/v1/species/2478743/children | total=36
2026-07-05 16:36:19 | INFO | Fetching: https://api.gbif.org/v1/species/2478743/children | params={}
2026-07-05 16:36:19 | INFO | Finished: https://api.gbif.org/v1/species/2478743/children | total=36
2026-07-05 16:36:19 | INFO | Randomly selected 36/36 children for taxon 2478743
2026-07-05 16:36:19 | INFO | Taxon key 2478743 has 36 children
2026-07-05 16:36:19 | INFO | Fetching: https://api.gbif.org/v1/species/7760921/children | params={}
2026-07-05 16:36:19 | INFO | Finished: https://api.gbif.org/v1/species/7760921/children | total=3
2026-07-05 16:36:19 | INFO | Fetching: https://api.gbif.org/v1/species/7760921/children | params={}
2026-07-05 16:36:19 | INFO | Finished: https://api.gbif.org/v1/species/7760921/children | total=3
2026-07-05 16:36:19 | INFO | Randomly selected 3/3 children for taxon 7760921
2026-07-05 16:36:19 | INFO | Taxon key 7760921 has 3 children
2026-07-05 16:36:19 | INFO | Fetching: https://api.gbif.org/v1/species/7796884/children | params={}
2026-07-05 16:36:20 | INFO | Finished: https://api.gbif.org/v1/species/7796884/children | total=1
2026-07-05 16:36:20 | INFO | Fetching: https://api.gbif.org/v1/species/7796884/children | params={}
2026-07-05 16:36:20 | INFO | Finished: https://api.gbif.org/v1/species/7796884/children | total=1
2026-07-05 16:36:20 | INFO | Randomly selected 1/1 children for taxon 7796884
2026-07-05 16:36:20 | INFO | Taxon key 7796884 has 1 children
2026-07-05 16:36:20 | INFO | Fetching: https://api.gbif.org/v1/species/7982358/children | params={}
2026-07-05 16:36:20 | INFO | Finished: https://api.gbif.org/v1/species/7982358/children | total=6
2026-07-05 16:36:20 | INFO | Fetching: https://api.gbif.org/v1/species/7982358/children | params={}
2026-07-05 16:36:20 | INFO | Finished: https://api.gbif.org/v1/species/7982358/children | total=6
2026-07-05 16:36:20 | INFO | Randomly selected 6/6 children for taxon 7982358
2026-07-05 16:36:20 | INFO | Taxon key 7982358 has 6 children
2026-07-05 16:36:20 | INFO | Fetching: https://api.gbif.org/v1/species/5229003/children | params={}
2026-07-05 16:36:20 | INFO | Finished: https://api.gbif.org/v1/species/5229003/children | total=1
2026-07-05 16:36:20 | INFO | Fetching: https://api.gbif.org/v1/species/5229003/children | params={}
2026-07-05 16:36:21 | INFO | Finished: https://api.gbif.org/v1/species/5229003/children | total=1
2026-07-05 16:36:21 | INFO | Randomly selected 1/1 children for taxon 5229003
2026-07-05 16:36:21 | INFO | Taxon key 5229003 has 1 children
2026-07-05 16:36:21 | INFO | Fetching: https://api.gbif.org/v1/species/7792756/children | params={}
2026-07-05 16:36:21 | INFO | Finished: https://api.gbif.org/v1/species/7792756/children | total=1
2026-07-05 16:36:21 | INFO | Fetching: https://api.gbif.org/v1/species/7792756/children | params={}
2026-07-05 16:36:21 | INFO | Finished: https://api.gbif.org/v1/species/7792756/children | total=1
2026-07-05 16:36:21 | INFO | Randomly selected 1/1 children for taxon 7792756
2026-07-05 16:36:21 | INFO | Taxon key 7792756 has 1 children
2026-07-05 16:36:21 | INFO | Fetching: https://api.gbif.org/v1/species/7515275/children | params={}
2026-07-05 16:36:21 | INFO | Finished: https://api.gbif.org/v1/species/7515275/children | total=2
2026-07-05 16:36:21 | INFO | Fetching: https://api.gbif.org/v1/species/7515275/children | params={}
2026-07-05 16:36:21 | INFO | Finished: https://api.gbif.org/v1/species/7515275/children | total=2
2026-07-05 16:36:21 | INFO | Randomly selected 2/2 children for taxon 7515275
2026-07-05 16:36:21 | INFO | Taxon key 7515275 has 2 children
2026-07-05 16:36:21 | INFO | Fetching: https://api.gbif.org/v1/species/7934047/children | params={}
2026-07-05 16:36:22 | INFO | Finished: https://api.gbif.org/v1/species/7934047/children | total=2
2026-07-05 16:36:22 | INFO | Fetching: https://api.gbif.org/v1/species/7934047/children | params={}
2026-07-05 16:36:22 | INFO | Finished: https://api.gbif.org/v1/species/7934047/children | total=2
2026-07-05 16:36:22 | INFO | Randomly selected 2/2 children for taxon 7934047
2026-07-05 16:36:22 | INFO | Taxon key 7934047 has 2 children
2026-07-05 16:36:22 | INFO | Fetching: https://api.gbif.org/v1/species/8205724/children | params={}
2026-07-05 16:36:22 | INFO | Finished: https://api.gbif.org/v1/species/8205724/children | total=2
2026-07-05 16:36:22 | INFO | Fetching: https://api.gbif.org/v1/species/8205724/children | params={}
2026-07-05 16:36:22 | INFO | Finished: https://api.gbif.org/v1/species/8205724/children | total=2
2026-07-05 16:36:22 | INFO | Randomly selected 2/2 children for taxon 8205724
2026-07-05 16:36:22 | INFO | Taxon key 8205724 has 2 children
2026-07-05 16:36:22 | INFO | Fetching: https://api.gbif.org/v1/species/7484096/children | params={}
2026-07-05 16:36:22 | INFO | Finished: https://api.gbif.org/v1/species/7484096/children | total=3
2026-07-05 16:36:22 | INFO | Fetching: https://api.gbif.org/v1/species/7484096/children | params={}
2026-07-05 16:36:22 | INFO | Finished: https://api.gbif.org/v1/species/7484096/children | total=3
2026-07-05 16:36:22 | INFO | Randomly selected 3/3 children for taxon 7484096
2026-07-05 16:36:22 | INFO | Taxon key 7484096 has 3 children
2026-07-05 16:36:22 | INFO | Fetching: https://api.gbif.org/v1/species/7687489/children | params={}
2026-07-05 16:36:23 | INFO | Finished: https://api.gbif.org/v1/species/7687489/children | total=2
2026-07-05 16:36:23 | INFO | Fetching: https://api.gbif.org/v1/species/7687489/children | params={}
2026-07-05 16:36:23 | INFO | Finished: https://api.gbif.org/v1/species/7687489/children | total=2
2026-07-05 16:36:23 | INFO | Randomly selected 2/2 children for taxon 7687489
2026-07-05 16:36:23 | INFO | Taxon key 7687489 has 2 children
2026-07-05 16:36:23 | INFO | Fetching: https://api.gbif.org/v1/species/7691806/children | params={}
2026-07-05 16:36:23 | INFO | Finished: https://api.gbif.org/v1/species/7691806/children | total=10
2026-07-05 16:36:23 | INFO | Fetching: https://api.gbif.org/v1/species/7691806/children | params={}
2026-07-05 16:36:23 | INFO | Finished: https://api.gbif.org/v1/species/7691806/children | total=10
2026-07-05 16:36:23 | INFO | Randomly selected 10/10 children for taxon 7691806
2026-07-05 16:36:23 | INFO | Taxon key 7691806 has 10 children
2026-07-05 16:36:23 | INFO | Fetching: https://api.gbif.org/v1/species/7381546/children | params={}
2026-07-05 16:36:23 | INFO | Finished: https://api.gbif.org/v1/species/7381546/children | total=5
2026-07-05 16:36:23 | INFO | Fetching: https://api.gbif.org/v1/species/7381546/children | params={}
2026-07-05 16:36:24 | INFO | Finished: https://api.gbif.org/v1/species/7381546/children | total=5
2026-07-05 16:36:24 | INFO | Randomly selected 5/5 children for taxon 7381546
2026-07-05 16:36:24 | INFO | Taxon key 7381546 has 5 children
2026-07-05 16:36:24 | INFO | Fetching: https://api.gbif.org/v1/species/7360840/children | params={}
2026-07-05 16:36:24 | INFO | Finished: https://api.gbif.org/v1/species/7360840/children | total=2
2026-07-05 16:36:24 | INFO | Fetching: https://api.gbif.org/v1/species/7360840/children | params={}
2026-07-05 16:36:24 | INFO | Finished: https://api.gbif.org/v1/species/7360840/children | total=2
2026-07-05 16:36:24 | INFO | Randomly selected 2/2 children for taxon 7360840
2026-07-05 16:36:24 | INFO | Taxon key 7360840 has 2 children
2026-07-05 16:36:24 | INFO | Fetching: https://api.gbif.org/v1/species/7501799/children | params={}
2026-07-05 16:36:24 | INFO | Finished: https://api.gbif.org/v1/species/7501799/children | total=2
2026-07-05 16:36:24 | INFO | Fetching: https://api.gbif.org/v1/species/7501799/children | params={}
2026-07-05 16:36:24 | INFO | Finished: https://api.gbif.org/v1/species/7501799/children | total=2
2026-07-05 16:36:24 | INFO | Randomly selected 2/2 children for taxon 7501799
2026-07-05 16:36:24 | INFO | Taxon key 7501799 has 2 children
2026-07-05 16:36:24 | INFO | Fetching: https://api.gbif.org/v1/species/7385758/children | params={}
2026-07-05 16:36:25 | INFO | Finished: https://api.gbif.org/v1/species/7385758/children | total=2
2026-07-05 16:36:25 | INFO | Fetching: https://api.gbif.org/v1/species/7385758/children | params={}
2026-07-05 16:36:25 | INFO | Finished: https://api.gbif.org/v1/species/7385758/children | total=2
2026-07-05 16:36:25 | INFO | Randomly selected 2/2 children for taxon 7385758
2026-07-05 16:36:25 | INFO | Taxon key 7385758 has 2 children
2026-07-05 16:36:25 | INFO | Fetching: https://api.gbif.org/v1/species/7885381/children | params={}
2026-07-05 16:36:25 | INFO | Finished: https://api.gbif.org/v1/species/7885381/children | total=6
2026-07-05 16:36:25 | INFO | Fetching: https://api.gbif.org/v1/species/7885381/children | params={}
2026-07-05 16:36:25 | INFO | Finished: https://api.gbif.org/v1/species/7885381/children | total=6
2026-07-05 16:36:25 | INFO | Randomly selected 6/6 children for taxon 7885381
2026-07-05 16:36:25 | INFO | Taxon key 7885381 has 6 children
2026-07-05 16:36:25 | INFO | Fetching: https://api.gbif.org/v1/species/7497537/children | params={}
2026-07-05 16:36:25 | INFO | Finished: https://api.gbif.org/v1/species/7497537/children | total=3
2026-07-05 16:36:25 | INFO | Fetching: https://api.gbif.org/v1/species/7497537/children | params={}
2026-07-05 16:36:26 | INFO | Finished: https://api.gbif.org/v1/species/7497537/children | total=3
2026-07-05 16:36:26 | INFO | Randomly selected 3/3 children for taxon 7497537
2026-07-05 16:36:26 | INFO | Taxon key 7497537 has 3 children
2026-07-05 16:36:26 | INFO | Fetching: https://api.gbif.org/v1/species/7528533/children | params={}
2026-07-05 16:36:26 | INFO | Finished: https://api.gbif.org/v1/species/7528533/children | total=2
2026-07-05 16:36:26 | INFO | Fetching: https://api.gbif.org/v1/species/7528533/children | params={}
2026-07-05 16:36:26 | INFO | Finished: https://api.gbif.org/v1/species/7528533/children | total=2
2026-07-05 16:36:26 | INFO | Randomly selected 2/2 children for taxon 7528533
2026-07-05 16:36:26 | INFO | Taxon key 7528533 has 2 children
2026-07-05 16:36:26 | INFO | Fetching: https://api.gbif.org/v1/species/7666111/children | params={}
2026-07-05 16:36:26 | INFO | Finished: https://api.gbif.org/v1/species/7666111/children | total=2
2026-07-05 16:36:26 | INFO | Fetching: https://api.gbif.org/v1/species/7666111/children | params={}
2026-07-05 16:36:26 | INFO | Finished: https://api.gbif.org/v1/species/7666111/children | total=2
2026-07-05 16:36:26 | INFO | Randomly selected 2/2 children for taxon 7666111
2026-07-05 16:36:26 | INFO | Taxon key 7666111 has 2 children
2026-07-05 16:36:26 | INFO | Fetching: https://api.gbif.org/v1/species/11548140/children | params={}
2026-07-05 16:36:27 | INFO | Finished: https://api.gbif.org/v1/species/11548140/children | total=2
2026-07-05 16:36:27 | INFO | Fetching: https://api.gbif.org/v1/species/11548140/children | params={}
2026-07-05 16:36:27 | INFO | Finished: https://api.gbif.org/v1/species/11548140/children | total=2
2026-07-05 16:36:27 | INFO | Randomly selected 2/2 children for taxon 11548140
2026-07-05 16:36:27 | INFO | Taxon key 11548140 has 2 children
2026-07-05 16:36:27 | INFO | Fetching: https://api.gbif.org/v1/species/2478986/children | params={}
2026-07-05 16:36:27 | INFO | Finished: https://api.gbif.org/v1/species/2478986/children | total=3
2026-07-05 16:36:27 | INFO | Fetching: https://api.gbif.org/v1/species/2478986/children | params={}
2026-07-05 16:36:27 | INFO | Finished: https://api.gbif.org/v1/species/2478986/children | total=3
2026-07-05 16:36:27 | INFO | Randomly selected 3/3 children for taxon 2478986
2026-07-05 16:36:27 | INFO | Taxon key 2478986 has 3 children
2026-07-05 16:36:27 | INFO | Fetching: https://api.gbif.org/v1/species/8855774/children | params={}
2026-07-05 16:36:27 | INFO | Finished: https://api.gbif.org/v1/species/8855774/children | total=2
2026-07-05 16:36:27 | INFO | Fetching: https://api.gbif.org/v1/species/8855774/children | params={}
2026-07-05 16:36:28 | INFO | Finished: https://api.gbif.org/v1/species/8855774/children | total=2
2026-07-05 16:36:28 | INFO | Randomly selected 2/2 children for taxon 8855774
2026-07-05 16:36:28 | INFO | Taxon key 8855774 has 2 children
2026-07-05 16:36:28 | INFO | Fetching: https://api.gbif.org/v1/species/2478987/children | params={}
2026-07-05 16:36:28 | INFO | Finished: https://api.gbif.org/v1/species/2478987/children | total=2
2026-07-05 16:36:28 | INFO | Fetching: https://api.gbif.org/v1/species/2478987/children | params={}
2026-07-05 16:36:28 | INFO | Finished: https://api.gbif.org/v1/species/2478987/children | total=2
2026-07-05 16:36:28 | INFO | Randomly selected 2/2 children for taxon 2478987
2026-07-05 16:36:28 | INFO | Taxon key 2478987 has 2 children
2026-07-05 16:36:28 | INFO | Fetching: https://api.gbif.org/v1/species/4849497/children | params={}
2026-07-05 16:36:28 | INFO | Finished: https://api.gbif.org/v1/species/4849497/children | total=11
2026-07-05 16:36:28 | INFO | Fetching: https://api.gbif.org/v1/species/4849497/children | params={}
2026-07-05 16:36:28 | INFO | Finished: https://api.gbif.org/v1/species/4849497/children | total=11
2026-07-05 16:36:28 | INFO | Randomly selected 11/11 children for taxon 4849497
2026-07-05 16:36:28 | INFO | Taxon key 4849497 has 11 children
2026-07-05 16:36:28 | INFO | Fetching: https://api.gbif.org/v1/species/2478867/children | params={}
2026-07-05 16:36:29 | INFO | Finished: https://api.gbif.org/v1/species/2478867/children | total=7
2026-07-05 16:36:29 | INFO | Fetching: https://api.gbif.org/v1/species/2478867/children | params={}
2026-07-05 16:36:29 | INFO | Finished: https://api.gbif.org/v1/species/2478867/children | total=7
2026-07-05 16:36:29 | INFO | Randomly selected 7/7 children for taxon 2478867
2026-07-05 16:36:29 | INFO | Taxon key 2478867 has 7 children
2026-07-05 16:36:29 | INFO | Fetching: https://api.gbif.org/v1/species/2478883/children | params={}
2026-07-05 16:36:29 | INFO | Finished: https://api.gbif.org/v1/species/2478883/children | total=7
2026-07-05 16:36:29 | INFO | Fetching: https://api.gbif.org/v1/species/2478883/children | params={}
2026-07-05 16:36:29 | INFO | Finished: https://api.gbif.org/v1/species/2478883/children | total=7
2026-07-05 16:36:29 | INFO | Randomly selected 7/7 children for taxon 2478883
2026-07-05 16:36:29 | INFO | Taxon key 2478883 has 7 children
2026-07-05 16:36:29 | INFO | Fetching: https://api.gbif.org/v1/species/2478874/children | params={}
2026-07-05 16:36:29 | INFO | Finished: https://api.gbif.org/v1/species/2478874/children | total=3
2026-07-05 16:36:29 | INFO | Fetching: https://api.gbif.org/v1/species/2478874/children | params={}
2026-07-05 16:36:30 | INFO | Finished: https://api.gbif.org/v1/species/2478874/children | total=3
2026-07-05 16:36:30 | INFO | Randomly selected 3/3 children for taxon 2478874
2026-07-05 16:36:30 | INFO | Taxon key 2478874 has 3 children
2026-07-05 16:36:30 | INFO | Fetching: https://api.gbif.org/v1/species/2478868/children | params={}
2026-07-05 16:36:30 | INFO | Finished: https://api.gbif.org/v1/species/2478868/children | total=2
2026-07-05 16:36:30 | INFO | Fetching: https://api.gbif.org/v1/species/2478868/children | params={}
2026-07-05 16:36:30 | INFO | Finished: https://api.gbif.org/v1/species/2478868/children | total=2
2026-07-05 16:36:30 | INFO | Randomly selected 2/2 children for taxon 2478868
2026-07-05 16:36:30 | INFO | Taxon key 2478868 has 2 children
2026-07-05 16:36:30 | INFO | Fetching: https://api.gbif.org/v1/species/2478878/children | params={}
2026-07-05 16:36:30 | INFO | Finished: https://api.gbif.org/v1/species/2478878/children | total=4
2026-07-05 16:36:30 | INFO | Fetching: https://api.gbif.org/v1/species/2478878/children | params={}
2026-07-05 16:36:30 | INFO | Finished: https://api.gbif.org/v1/species/2478878/children | total=4
2026-07-05 16:36:30 | INFO | Randomly selected 4/4 children for taxon 2478878
2026-07-05 16:36:30 | INFO | Taxon key 2478878 has 4 children
2026-07-05 16:36:30 | INFO | Fetching: https://api.gbif.org/v1/species/2478871/children | params={}
2026-07-05 16:36:30 | INFO | Finished: https://api.gbif.org/v1/species/2478871/children | total=2
2026-07-05 16:36:30 | INFO | Fetching: https://api.gbif.org/v1/species/2478871/children | params={}
2026-07-05 16:36:31 | INFO | Finished: https://api.gbif.org/v1/species/2478871/children | total=2
2026-07-05 16:36:31 | INFO | Randomly selected 2/2 children for taxon 2478871
2026-07-05 16:36:31 | INFO | Taxon key 2478871 has 2 children
2026-07-05 16:36:31 | INFO | Fetching: https://api.gbif.org/v1/species/2478889/children | params={}
2026-07-05 16:36:31 | INFO | Finished: https://api.gbif.org/v1/species/2478889/children | total=9
2026-07-05 16:36:31 | INFO | Fetching: https://api.gbif.org/v1/species/2478889/children | params={}
2026-07-05 16:36:31 | INFO | Finished: https://api.gbif.org/v1/species/2478889/children | total=9
2026-07-05 16:36:31 | INFO | Randomly selected 9/9 children for taxon 2478889
2026-07-05 16:36:31 | INFO | Taxon key 2478889 has 9 children
2026-07-05 16:36:31 | INFO | Fetching: https://api.gbif.org/v1/species/2478899/children | params={}
2026-07-05 16:36:31 | INFO | Finished: https://api.gbif.org/v1/species/2478899/children | total=2
2026-07-05 16:36:31 | INFO | Fetching: https://api.gbif.org/v1/species/2478899/children | params={}
2026-07-05 16:36:31 | INFO | Finished: https://api.gbif.org/v1/species/2478899/children | total=2
2026-07-05 16:36:31 | INFO | Randomly selected 2/2 children for taxon 2478899
2026-07-05 16:36:31 | INFO | Taxon key 2478899 has 2 children
2026-07-05 16:36:31 | INFO | Fetching: https://api.gbif.org/v1/species/2478850/children | params={}
2026-07-05 16:36:32 | INFO | Finished: https://api.gbif.org/v1/species/2478850/children | total=4
2026-07-05 16:36:32 | INFO | Fetching: https://api.gbif.org/v1/species/2478850/children | params={}
2026-07-05 16:36:32 | INFO | Finished: https://api.gbif.org/v1/species/2478850/children | total=4
2026-07-05 16:36:32 | INFO | Randomly selected 4/4 children for taxon 2478850
2026-07-05 16:36:32 | INFO | Taxon key 2478850 has 4 children
2026-07-05 16:36:32 | INFO | Fetching: https://api.gbif.org/v1/species/2478890/children | params={}
2026-07-05 16:36:32 | INFO | Finished: https://api.gbif.org/v1/species/2478890/children | total=3
2026-07-05 16:36:32 | INFO | Fetching: https://api.gbif.org/v1/species/2478890/children | params={}
2026-07-05 16:36:32 | INFO | Finished: https://api.gbif.org/v1/species/2478890/children | total=3
2026-07-05 16:36:32 | INFO | Randomly selected 3/3 children for taxon 2478890
2026-07-05 16:36:32 | INFO | Taxon key 2478890 has 3 children
2026-07-05 16:36:32 | INFO | Fetching: https://api.gbif.org/v1/species/2478902/children | params={}
2026-07-05 16:36:32 | INFO | Finished: https://api.gbif.org/v1/species/2478902/children | total=3
2026-07-05 16:36:32 | INFO | Fetching: https://api.gbif.org/v1/species/2478902/children | params={}
2026-07-05 16:36:33 | INFO | Finished: https://api.gbif.org/v1/species/2478902/children | total=3
2026-07-05 16:36:33 | INFO | Randomly selected 3/3 children for taxon 2478902
2026-07-05 16:36:33 | INFO | Taxon key 2478902 has 3 children
2026-07-05 16:36:33 | INFO | Fetching: https://api.gbif.org/v1/species/2478893/children | params={}
2026-07-05 16:36:33 | INFO | Finished: https://api.gbif.org/v1/species/2478893/children | total=4
2026-07-05 16:36:33 | INFO | Fetching: https://api.gbif.org/v1/species/2478893/children | params={}
2026-07-05 16:36:33 | INFO | Finished: https://api.gbif.org/v1/species/2478893/children | total=4
2026-07-05 16:36:33 | INFO | Randomly selected 4/4 children for taxon 2478893
2026-07-05 16:36:33 | INFO | Taxon key 2478893 has 4 children
2026-07-05 16:36:33 | INFO | Fetching: https://api.gbif.org/v1/species/2478791/children | params={}
2026-07-05 16:36:33 | INFO | Finished: https://api.gbif.org/v1/species/2478791/children | total=4
2026-07-05 16:36:33 | INFO | Fetching: https://api.gbif.org/v1/species/2478791/children | params={}
2026-07-05 16:36:33 | INFO | Finished: https://api.gbif.org/v1/species/2478791/children | total=4
2026-07-05 16:36:33 | INFO | Randomly selected 4/4 children for taxon 2478791
2026-07-05 16:36:33 | INFO | Taxon key 2478791 has 4 children
2026-07-05 16:36:33 | INFO | Fetching: https://api.gbif.org/v1/species/2478802/children | params={}
2026-07-05 16:36:34 | INFO | Finished: https://api.gbif.org/v1/species/2478802/children | total=6
2026-07-05 16:36:34 | INFO | Fetching: https://api.gbif.org/v1/species/2478802/children | params={}
2026-07-05 16:36:34 | INFO | Finished: https://api.gbif.org/v1/species/2478802/children | total=6
2026-07-05 16:36:34 | INFO | Randomly selected 6/6 children for taxon 2478802
2026-07-05 16:36:34 | INFO | Taxon key 2478802 has 6 children
2026-07-05 16:36:34 | INFO | Fetching: https://api.gbif.org/v1/species/2478792/children | params={}
2026-07-05 16:36:34 | INFO | Finished: https://api.gbif.org/v1/species/2478792/children | total=5
2026-07-05 16:36:34 | INFO | Fetching: https://api.gbif.org/v1/species/2478792/children | params={}
2026-07-05 16:36:34 | INFO | Finished: https://api.gbif.org/v1/species/2478792/children | total=5
2026-07-05 16:36:34 | INFO | Randomly selected 5/5 children for taxon 2478792
2026-07-05 16:36:34 | INFO | Taxon key 2478792 has 5 children
2026-07-05 16:36:34 | INFO | Fetching: https://api.gbif.org/v1/species/2478798/children | params={}
2026-07-05 16:36:34 | INFO | Finished: https://api.gbif.org/v1/species/2478798/children | total=3
2026-07-05 16:36:34 | INFO | Fetching: https://api.gbif.org/v1/species/2478798/children | params={}
2026-07-05 16:36:35 | INFO | Finished: https://api.gbif.org/v1/species/2478798/children | total=3
2026-07-05 16:36:35 | INFO | Randomly selected 3/3 children for taxon 2478798
2026-07-05 16:36:35 | INFO | Taxon key 2478798 has 3 children
2026-07-05 16:36:35 | INFO | Fetching: https://api.gbif.org/v1/species/2478809/children | params={}
2026-07-05 16:36:35 | INFO | Finished: https://api.gbif.org/v1/species/2478809/children | total=3
2026-07-05 16:36:35 | INFO | Fetching: https://api.gbif.org/v1/species/2478809/children | params={}
2026-07-05 16:36:35 | INFO | Finished: https://api.gbif.org/v1/species/2478809/children | total=3
2026-07-05 16:36:35 | INFO | Randomly selected 3/3 children for taxon 2478809
2026-07-05 16:36:35 | INFO | Taxon key 2478809 has 3 children
2026-07-05 16:36:35 | INFO | Fetching: https://api.gbif.org/v1/species/3242346/children | params={}
2026-07-05 16:36:35 | INFO | Finished: https://api.gbif.org/v1/species/3242346/children | total=1
2026-07-05 16:36:35 | INFO | Fetching: https://api.gbif.org/v1/species/3242346/children | params={}
2026-07-05 16:36:35 | INFO | Finished: https://api.gbif.org/v1/species/3242346/children | total=1
2026-07-05 16:36:35 | INFO | Randomly selected 1/1 children for taxon 3242346
2026-07-05 16:36:35 | INFO | Taxon key 3242346 has 1 children
2026-07-05 16:36:35 | INFO | Fetching: https://api.gbif.org/v1/species/2478906/children | params={}
2026-07-05 16:36:36 | INFO | Finished: https://api.gbif.org/v1/species/2478906/children | total=10
2026-07-05 16:36:36 | INFO | Fetching: https://api.gbif.org/v1/species/2478906/children | params={}
2026-07-05 16:36:36 | INFO | Finished: https://api.gbif.org/v1/species/2478906/children | total=10
2026-07-05 16:36:36 | INFO | Randomly selected 10/10 children for taxon 2478906
2026-07-05 16:36:36 | INFO | Taxon key 2478906 has 10 children
2026-07-05 16:36:36 | INFO | Fetching: https://api.gbif.org/v1/species/2478932/children | params={}
2026-07-05 16:36:36 | INFO | Finished: https://api.gbif.org/v1/species/2478932/children | total=4
2026-07-05 16:36:36 | INFO | Fetching: https://api.gbif.org/v1/species/2478932/children | params={}
2026-07-05 16:36:36 | INFO | Finished: https://api.gbif.org/v1/species/2478932/children | total=4
2026-07-05 16:36:36 | INFO | Randomly selected 4/4 children for taxon 2478932
2026-07-05 16:36:36 | INFO | Taxon key 2478932 has 4 children
2026-07-05 16:36:36 | INFO | Fetching: https://api.gbif.org/v1/species/2478924/children | params={}
2026-07-05 16:36:36 | INFO | Finished: https://api.gbif.org/v1/species/2478924/children | total=3
2026-07-05 16:36:36 | INFO | Fetching: https://api.gbif.org/v1/species/2478924/children | params={}
2026-07-05 16:36:37 | INFO | Finished: https://api.gbif.org/v1/species/2478924/children | total=3
2026-07-05 16:36:37 | INFO | Randomly selected 3/3 children for taxon 2478924
2026-07-05 16:36:37 | INFO | Taxon key 2478924 has 3 children
2026-07-05 16:36:37 | INFO | Fetching: https://api.gbif.org/v1/species/2478928/children | params={}
2026-07-05 16:36:37 | INFO | Finished: https://api.gbif.org/v1/species/2478928/children | total=3
2026-07-05 16:36:37 | INFO | Fetching: https://api.gbif.org/v1/species/2478928/children | params={}
2026-07-05 16:36:37 | INFO | Finished: https://api.gbif.org/v1/species/2478928/children | total=3
2026-07-05 16:36:37 | INFO | Randomly selected 3/3 children for taxon 2478928
2026-07-05 16:36:37 | INFO | Taxon key 2478928 has 3 children
2026-07-05 16:36:37 | INFO | Fetching: https://api.gbif.org/v1/species/6101208/children | params={}
2026-07-05 16:36:37 | INFO | Finished: https://api.gbif.org/v1/species/6101208/children | total=3
2026-07-05 16:36:37 | INFO | Fetching: https://api.gbif.org/v1/species/6101208/children | params={}
2026-07-05 16:36:37 | INFO | Finished: https://api.gbif.org/v1/species/6101208/children | total=3
2026-07-05 16:36:37 | INFO | Randomly selected 3/3 children for taxon 6101208
2026-07-05 16:36:37 | INFO | Taxon key 6101208 has 3 children
2026-07-05 16:36:37 | INFO | Fetching: https://api.gbif.org/v1/species/2478907/children | params={}
2026-07-05 16:36:38 | INFO | Finished: https://api.gbif.org/v1/species/2478907/children | total=5
2026-07-05 16:36:38 | INFO | Fetching: https://api.gbif.org/v1/species/2478907/children | params={}
2026-07-05 16:36:38 | INFO | Finished: https://api.gbif.org/v1/species/2478907/children | total=5
2026-07-05 16:36:38 | INFO | Randomly selected 5/5 children for taxon 2478907
2026-07-05 16:36:38 | INFO | Taxon key 2478907 has 5 children
2026-07-05 16:36:38 | INFO | Fetching: https://api.gbif.org/v1/species/2478916/children | params={}
2026-07-05 16:36:38 | INFO | Finished: https://api.gbif.org/v1/species/2478916/children | total=8
2026-07-05 16:36:38 | INFO | Fetching: https://api.gbif.org/v1/species/2478916/children | params={}
2026-07-05 16:36:38 | INFO | Finished: https://api.gbif.org/v1/species/2478916/children | total=8
2026-07-05 16:36:38 | INFO | Randomly selected 8/8 children for taxon 2478916
2026-07-05 16:36:38 | INFO | Taxon key 2478916 has 8 children
2026-07-05 16:36:38 | INFO | Fetching: https://api.gbif.org/v1/species/2478911/children | params={}
2026-07-05 16:36:38 | INFO | Finished: https://api.gbif.org/v1/species/2478911/children | total=1
2026-07-05 16:36:38 | INFO | Fetching: https://api.gbif.org/v1/species/2478911/children | params={}
2026-07-05 16:36:39 | INFO | Finished: https://api.gbif.org/v1/species/2478911/children | total=1
2026-07-05 16:36:39 | INFO | Randomly selected 1/1 children for taxon 2478911
2026-07-05 16:36:39 | INFO | Taxon key 2478911 has 1 children
2026-07-05 16:36:39 | INFO | Fetching: https://api.gbif.org/v1/species/2478991/children | params={}
2026-07-05 16:36:39 | INFO | Finished: https://api.gbif.org/v1/species/2478991/children | total=13
2026-07-05 16:36:39 | INFO | Fetching: https://api.gbif.org/v1/species/2478991/children | params={}
2026-07-05 16:36:39 | INFO | Finished: https://api.gbif.org/v1/species/2478991/children | total=13
2026-07-05 16:36:39 | INFO | Randomly selected 13/13 children for taxon 2478991
2026-07-05 16:36:39 | INFO | Taxon key 2478991 has 13 children
2026-07-05 16:36:39 | INFO | Fetching: https://api.gbif.org/v1/species/2479002/children | params={}
2026-07-05 16:36:39 | INFO | Finished: https://api.gbif.org/v1/species/2479002/children | total=3
2026-07-05 16:36:39 | INFO | Fetching: https://api.gbif.org/v1/species/2479002/children | params={}
2026-07-05 16:36:39 | INFO | Finished: https://api.gbif.org/v1/species/2479002/children | total=3
2026-07-05 16:36:39 | INFO | Randomly selected 3/3 children for taxon 2479002
2026-07-05 16:36:39 | INFO | Taxon key 2479002 has 3 children
2026-07-05 16:36:39 | INFO | Fetching: https://api.gbif.org/v1/species/2478992/children | params={}
2026-07-05 16:36:40 | INFO | Finished: https://api.gbif.org/v1/species/2478992/children | total=4
2026-07-05 16:36:40 | INFO | Fetching: https://api.gbif.org/v1/species/2478992/children | params={}
2026-07-05 16:36:40 | INFO | Finished: https://api.gbif.org/v1/species/2478992/children | total=4
2026-07-05 16:36:40 | INFO | Randomly selected 4/4 children for taxon 2478992
2026-07-05 16:36:40 | INFO | Taxon key 2478992 has 4 children
2026-07-05 16:36:40 | INFO | Fetching: https://api.gbif.org/v1/species/2479007/children | params={}
2026-07-05 16:36:40 | INFO | Finished: https://api.gbif.org/v1/species/2479007/children | total=7
2026-07-05 16:36:40 | INFO | Fetching: https://api.gbif.org/v1/species/2479007/children | params={}
2026-07-05 16:36:40 | INFO | Finished: https://api.gbif.org/v1/species/2479007/children | total=7
2026-07-05 16:36:40 | INFO | Randomly selected 7/7 children for taxon 2479007
2026-07-05 16:36:40 | INFO | Taxon key 2479007 has 7 children
2026-07-05 16:36:40 | INFO | Fetching: https://api.gbif.org/v1/species/2478998/children | params={}
2026-07-05 16:36:41 | INFO | Finished: https://api.gbif.org/v1/species/2478998/children | total=2
2026-07-05 16:36:41 | INFO | Fetching: https://api.gbif.org/v1/species/2478998/children | params={}
2026-07-05 16:36:41 | INFO | Finished: https://api.gbif.org/v1/species/2478998/children | total=2
2026-07-05 16:36:41 | INFO | Randomly selected 2/2 children for taxon 2478998
2026-07-05 16:36:41 | INFO | Taxon key 2478998 has 2 children
2026-07-05 16:36:41 | INFO | Fetching: https://api.gbif.org/v1/species/2479018/children | params={}
2026-07-05 16:36:41 | INFO | Finished: https://api.gbif.org/v1/species/2479018/children | total=6
2026-07-05 16:36:41 | INFO | Fetching: https://api.gbif.org/v1/species/2479018/children | params={}
2026-07-05 16:36:41 | INFO | Finished: https://api.gbif.org/v1/species/2479018/children | total=6
2026-07-05 16:36:41 | INFO | Randomly selected 6/6 children for taxon 2479018
2026-07-05 16:36:41 | INFO | Taxon key 2479018 has 6 children
2026-07-05 16:36:41 | INFO | Fetching: https://api.gbif.org/v1/species/2479015/children | params={}
2026-07-05 16:36:41 | INFO | Finished: https://api.gbif.org/v1/species/2479015/children | total=2
2026-07-05 16:36:41 | INFO | Fetching: https://api.gbif.org/v1/species/2479015/children | params={}
2026-07-05 16:36:42 | INFO | Finished: https://api.gbif.org/v1/species/2479015/children | total=2
2026-07-05 16:36:42 | INFO | Randomly selected 2/2 children for taxon 2479015
2026-07-05 16:36:42 | INFO | Taxon key 2479015 has 2 children
2026-07-05 16:36:42 | INFO | Fetching: https://api.gbif.org/v1/species/2478745/children | params={}
2026-07-05 16:36:42 | INFO | Finished: https://api.gbif.org/v1/species/2478745/children | total=6
2026-07-05 16:36:42 | INFO | Fetching: https://api.gbif.org/v1/species/2478745/children | params={}
2026-07-05 16:36:42 | INFO | Finished: https://api.gbif.org/v1/species/2478745/children | total=6
2026-07-05 16:36:42 | INFO | Randomly selected 6/6 children for taxon 2478745
2026-07-05 16:36:42 | INFO | Taxon key 2478745 has 6 children
2026-07-05 16:36:42 | INFO | Fetching: https://api.gbif.org/v1/species/2478750/children | params={}
2026-07-05 16:36:42 | INFO | Finished: https://api.gbif.org/v1/species/2478750/children | total=3
2026-07-05 16:36:42 | INFO | Fetching: https://api.gbif.org/v1/species/2478750/children | params={}
2026-07-05 16:36:42 | INFO | Finished: https://api.gbif.org/v1/species/2478750/children | total=3
2026-07-05 16:36:42 | INFO | Randomly selected 3/3 children for taxon 2478750
2026-07-05 16:36:42 | INFO | Taxon key 2478750 has 3 children
2026-07-05 16:36:42 | INFO | Fetching: https://api.gbif.org/v1/species/2478747/children | params={}
2026-07-05 16:36:43 | INFO | Finished: https://api.gbif.org/v1/species/2478747/children | total=2
2026-07-05 16:36:43 | INFO | Fetching: https://api.gbif.org/v1/species/2478747/children | params={}
2026-07-05 16:36:43 | INFO | Finished: https://api.gbif.org/v1/species/2478747/children | total=2
2026-07-05 16:36:43 | INFO | Randomly selected 2/2 children for taxon 2478747
2026-07-05 16:36:43 | INFO | Taxon key 2478747 has 2 children
2026-07-05 16:36:43 | INFO | Fetching: https://api.gbif.org/v1/species/2478789/children | params={}
2026-07-05 16:36:43 | INFO | Finished: https://api.gbif.org/v1/species/2478789/children | total=2
2026-07-05 16:36:43 | INFO | Fetching: https://api.gbif.org/v1/species/2478789/children | params={}
2026-07-05 16:36:43 | INFO | Finished: https://api.gbif.org/v1/species/2478789/children | total=2
2026-07-05 16:36:43 | INFO | Randomly selected 2/2 children for taxon 2478789
2026-07-05 16:36:43 | INFO | Taxon key 2478789 has 2 children
2026-07-05 16:36:43 | INFO | Fetching: https://api.gbif.org/v1/species/2478790/children | params={}
2026-07-05 16:36:43 | INFO | Finished: https://api.gbif.org/v1/species/2478790/children | total=2
2026-07-05 16:36:43 | INFO | Fetching: https://api.gbif.org/v1/species/2478790/children | params={}
2026-07-05 16:36:43 | INFO | Finished: https://api.gbif.org/v1/species/2478790/children | total=2
2026-07-05 16:36:43 | INFO | Randomly selected 2/2 children for taxon 2478790
2026-07-05 16:36:43 | INFO | Taxon key 2478790 has 2 children
2026-07-05 16:36:43 | INFO | Fetching: https://api.gbif.org/v1/species/9699/children | params={}
2026-07-05 16:36:44 | INFO | Finished: https://api.gbif.org/v1/species/9699/children | total=5
2026-07-05 16:36:44 | INFO | Fetching: https://api.gbif.org/v1/species/9699/children | params={}
2026-07-05 16:36:44 | INFO | Finished: https://api.gbif.org/v1/species/9699/children | total=5
2026-07-05 16:36:44 | INFO | Randomly selected 5/5 children for taxon 9699
2026-07-05 16:36:44 | INFO | Taxon key 9699 has 5 children
2026-07-05 16:36:44 | INFO | Fetching: https://api.gbif.org/v1/species/2478612/children | params={}
2026-07-05 16:36:44 | INFO | Finished: https://api.gbif.org/v1/species/2478612/children | total=5
2026-07-05 16:36:44 | INFO | Fetching: https://api.gbif.org/v1/species/2478612/children | params={}
2026-07-05 16:36:44 | INFO | Finished: https://api.gbif.org/v1/species/2478612/children | total=5
2026-07-05 16:36:44 | INFO | Randomly selected 5/5 children for taxon 2478612
2026-07-05 16:36:44 | INFO | Taxon key 2478612 has 5 children
2026-07-05 16:36:44 | INFO | Fetching: https://api.gbif.org/v1/species/2478616/children | params={}
2026-07-05 16:36:45 | INFO | Finished: https://api.gbif.org/v1/species/2478616/children | total=3
2026-07-05 16:36:45 | INFO | Fetching: https://api.gbif.org/v1/species/2478616/children | params={}
2026-07-05 16:36:45 | INFO | Finished: https://api.gbif.org/v1/species/2478616/children | total=3
2026-07-05 16:36:45 | INFO | Randomly selected 3/3 children for taxon 2478616
2026-07-05 16:36:45 | INFO | Taxon key 2478616 has 3 children
2026-07-05 16:36:45 | INFO | Fetching: https://api.gbif.org/v1/species/2478613/children | params={}
2026-07-05 16:36:45 | INFO | Finished: https://api.gbif.org/v1/species/2478613/children | total=2
2026-07-05 16:36:45 | INFO | Fetching: https://api.gbif.org/v1/species/2478613/children | params={}
2026-07-05 16:36:45 | INFO | Finished: https://api.gbif.org/v1/species/2478613/children | total=2
2026-07-05 16:36:45 | INFO | Randomly selected 2/2 children for taxon 2478613
2026-07-05 16:36:45 | INFO | Taxon key 2478613 has 2 children
2026-07-05 16:36:45 | INFO | Fetching: https://api.gbif.org/v1/species/2478619/children | params={}
2026-07-05 16:36:45 | INFO | Finished: https://api.gbif.org/v1/species/2478619/children | total=3
2026-07-05 16:36:45 | INFO | Fetching: https://api.gbif.org/v1/species/2478619/children | params={}
2026-07-05 16:36:45 | INFO | Finished: https://api.gbif.org/v1/species/2478619/children | total=3
2026-07-05 16:36:45 | INFO | Randomly selected 3/3 children for taxon 2478619
2026-07-05 16:36:45 | INFO | Taxon key 2478619 has 3 children
2026-07-05 16:36:45 | INFO | Fetching: https://api.gbif.org/v1/species/2478654/children | params={}
2026-07-05 16:36:46 | INFO | Finished: https://api.gbif.org/v1/species/2478654/children | total=2
2026-07-05 16:36:46 | INFO | Fetching: https://api.gbif.org/v1/species/2478654/children | params={}
2026-07-05 16:36:46 | INFO | Finished: https://api.gbif.org/v1/species/2478654/children | total=2
2026-07-05 16:36:46 | INFO | Randomly selected 2/2 children for taxon 2478654
2026-07-05 16:36:46 | INFO | Taxon key 2478654 has 2 children
2026-07-05 16:36:46 | INFO | Fetching: https://api.gbif.org/v1/species/2478610/children | params={}
2026-07-05 16:36:46 | INFO | Finished: https://api.gbif.org/v1/species/2478610/children | total=1
2026-07-05 16:36:46 | INFO | Fetching: https://api.gbif.org/v1/species/2478610/children | params={}
2026-07-05 16:36:46 | INFO | Finished: https://api.gbif.org/v1/species/2478610/children | total=1
2026-07-05 16:36:46 | INFO | Randomly selected 1/1 children for taxon 2478610
2026-07-05 16:36:46 | INFO | Taxon key 2478610 has 1 children
2026-07-05 16:36:46 | INFO | Fetching: https://api.gbif.org/v1/species/5429212/children | params={}
2026-07-05 16:36:46 | INFO | Finished: https://api.gbif.org/v1/species/5429212/children | total=14
2026-07-05 16:36:46 | INFO | Fetching: https://api.gbif.org/v1/species/5429212/children | params={}
2026-07-05 16:36:47 | INFO | Finished: https://api.gbif.org/v1/species/5429212/children | total=14
2026-07-05 16:36:47 | INFO | Randomly selected 14/14 children for taxon 5429212
2026-07-05 16:36:47 | INFO | Taxon key 5429212 has 14 children
2026-07-05 16:36:47 | INFO | Fetching: https://api.gbif.org/v1/species/5228978/children | params={}
2026-07-05 16:36:47 | INFO | Finished: https://api.gbif.org/v1/species/5228978/children | total=2
2026-07-05 16:36:47 | INFO | Fetching: https://api.gbif.org/v1/species/5228978/children | params={}
2026-07-05 16:36:47 | INFO | Finished: https://api.gbif.org/v1/species/5228978/children | total=2
2026-07-05 16:36:47 | INFO | Randomly selected 2/2 children for taxon 5228978
2026-07-05 16:36:47 | INFO | Taxon key 5228978 has 2 children
2026-07-05 16:36:47 | INFO | Fetching: https://api.gbif.org/v1/species/5228998/children | params={}
2026-07-05 16:36:47 | INFO | Finished: https://api.gbif.org/v1/species/5228998/children | total=3
2026-07-05 16:36:47 | INFO | Fetching: https://api.gbif.org/v1/species/5228998/children | params={}
2026-07-05 16:36:47 | INFO | Finished: https://api.gbif.org/v1/species/5228998/children | total=3
2026-07-05 16:36:47 | INFO | Randomly selected 3/3 children for taxon 5228998
2026-07-05 16:36:47 | INFO | Taxon key 5228998 has 3 children
2026-07-05 16:36:47 | INFO | Fetching: https://api.gbif.org/v1/species/5228985/children | params={}
2026-07-05 16:36:48 | INFO | Finished: https://api.gbif.org/v1/species/5228985/children | total=8
2026-07-05 16:36:48 | INFO | Fetching: https://api.gbif.org/v1/species/5228985/children | params={}
2026-07-05 16:36:48 | INFO | Finished: https://api.gbif.org/v1/species/5228985/children | total=8
2026-07-05 16:36:48 | INFO | Randomly selected 8/8 children for taxon 5228985
2026-07-05 16:36:48 | INFO | Taxon key 5228985 has 8 children
2026-07-05 16:36:48 | INFO | Fetching: https://api.gbif.org/v1/species/5228995/children | params={}
2026-07-05 16:36:48 | INFO | Finished: https://api.gbif.org/v1/species/5228995/children | total=2
2026-07-05 16:36:48 | INFO | Fetching: https://api.gbif.org/v1/species/5228995/children | params={}
2026-07-05 16:36:48 | INFO | Finished: https://api.gbif.org/v1/species/5228995/children | total=2
2026-07-05 16:36:48 | INFO | Randomly selected 2/2 children for taxon 5228995
2026-07-05 16:36:48 | INFO | Taxon key 5228995 has 2 children
2026-07-05 16:36:48 | INFO | Fetching: https://api.gbif.org/v1/species/5228992/children | params={}
2026-07-05 16:36:48 | INFO | Finished: https://api.gbif.org/v1/species/5228992/children | total=3
2026-07-05 16:36:48 | INFO | Fetching: https://api.gbif.org/v1/species/5228992/children | params={}
2026-07-05 16:36:49 | INFO | Finished: https://api.gbif.org/v1/species/5228992/children | total=3
2026-07-05 16:36:49 | INFO | Randomly selected 3/3 children for taxon 5228992
2026-07-05 16:36:49 | INFO | Taxon key 5228992 has 3 children
2026-07-05 16:36:49 | INFO | Fetching: https://api.gbif.org/v1/species/5228981/children | params={}
2026-07-05 16:36:49 | INFO | Finished: https://api.gbif.org/v1/species/5228981/children | total=4
2026-07-05 16:36:49 | INFO | Fetching: https://api.gbif.org/v1/species/5228981/children | params={}
2026-07-05 16:36:49 | INFO | Finished: https://api.gbif.org/v1/species/5228981/children | total=4
2026-07-05 16:36:49 | INFO | Randomly selected 4/4 children for taxon 5228981
2026-07-05 16:36:49 | INFO | Taxon key 5228981 has 4 children
2026-07-05 16:36:49 | INFO | Fetching: https://api.gbif.org/v1/species/5228973/children | params={}
2026-07-05 16:36:49 | INFO | Finished: https://api.gbif.org/v1/species/5228973/children | total=2
2026-07-05 16:36:49 | INFO | Fetching: https://api.gbif.org/v1/species/5228973/children | params={}
2026-07-05 16:36:49 | INFO | Finished: https://api.gbif.org/v1/species/5228973/children | total=2
2026-07-05 16:36:49 | INFO | Randomly selected 2/2 children for taxon 5228973
2026-07-05 16:36:49 | INFO | Taxon key 5228973 has 2 children
2026-07-05 16:36:49 | INFO | Fetching: https://api.gbif.org/v1/species/5229002/children | params={}
2026-07-05 16:36:50 | INFO | Finished: https://api.gbif.org/v1/species/5229002/children | total=1
2026-07-05 16:36:50 | INFO | Fetching: https://api.gbif.org/v1/species/5229002/children | params={}
2026-07-05 16:36:50 | INFO | Finished: https://api.gbif.org/v1/species/5229002/children | total=1
2026-07-05 16:36:50 | INFO | Randomly selected 1/1 children for taxon 5229002
2026-07-05 16:36:50 | INFO | Taxon key 5229002 has 1 children
2026-07-05 16:36:50 | INFO | Fetching: https://api.gbif.org/v1/species/4849552/children | params={}
2026-07-05 16:36:50 | INFO | Finished: https://api.gbif.org/v1/species/4849552/children | total=1
2026-07-05 16:36:50 | INFO | Fetching: https://api.gbif.org/v1/species/4849552/children | params={}
2026-07-05 16:36:50 | INFO | Finished: https://api.gbif.org/v1/species/4849552/children | total=1
2026-07-05 16:36:50 | INFO | Randomly selected 1/1 children for taxon 4849552
2026-07-05 16:36:50 | INFO | Taxon key 4849552 has 1 children
2026-07-05 16:36:50 | INFO | Fetching: https://api.gbif.org/v1/species/7729882/children | params={}
2026-07-05 16:36:50 | INFO | Finished: https://api.gbif.org/v1/species/7729882/children | total=1
2026-07-05 16:36:50 | INFO | Fetching: https://api.gbif.org/v1/species/7729882/children | params={}
2026-07-05 16:36:51 | INFO | Finished: https://api.gbif.org/v1/species/7729882/children | total=1
2026-07-05 16:36:51 | INFO | Randomly selected 1/1 children for taxon 7729882
2026-07-05 16:36:51 | INFO | Taxon key 7729882 has 1 children
2026-07-05 16:36:51 | INFO | Fetching: https://api.gbif.org/v1/species/5244/children | params={}
2026-07-05 16:36:51 | INFO | Finished: https://api.gbif.org/v1/species/5244/children | total=9
2026-07-05 16:36:51 | INFO | Fetching: https://api.gbif.org/v1/species/5244/children | params={}
2026-07-05 16:36:51 | INFO | Finished: https://api.gbif.org/v1/species/5244/children | total=9
2026-07-05 16:36:51 | INFO | Randomly selected 9/9 children for taxon 5244
2026-07-05 16:36:51 | INFO | Taxon key 5244 has 9 children
2026-07-05 16:36:51 | INFO | Fetching: https://api.gbif.org/v1/species/2475079/children | params={}
2026-07-05 16:36:51 | INFO | Finished: https://api.gbif.org/v1/species/2475079/children | total=1
2026-07-05 16:36:51 | INFO | Fetching: https://api.gbif.org/v1/species/2475079/children | params={}
2026-07-05 16:36:51 | INFO | Finished: https://api.gbif.org/v1/species/2475079/children | total=1
2026-07-05 16:36:51 | INFO | Randomly selected 1/1 children for taxon 2475079
2026-07-05 16:36:51 | INFO | Taxon key 2475079 has 1 children
2026-07-05 16:36:51 | INFO | Fetching: https://api.gbif.org/v1/species/2475080/children | params={}
2026-07-05 16:36:52 | INFO | Finished: https://api.gbif.org/v1/species/2475080/children | total=6
2026-07-05 16:36:52 | INFO | Fetching: https://api.gbif.org/v1/species/2475080/children | params={}
2026-07-05 16:36:52 | INFO | Finished: https://api.gbif.org/v1/species/2475080/children | total=6
2026-07-05 16:36:52 | INFO | Randomly selected 6/6 children for taxon 2475080
2026-07-05 16:36:52 | INFO | Taxon key 2475080 has 6 children
2026-07-05 16:36:52 | INFO | Fetching: https://api.gbif.org/v1/species/2475037/children | params={}
2026-07-05 16:36:52 | INFO | Finished: https://api.gbif.org/v1/species/2475037/children | total=1
2026-07-05 16:36:52 | INFO | Fetching: https://api.gbif.org/v1/species/2475037/children | params={}
2026-07-05 16:36:52 | INFO | Finished: https://api.gbif.org/v1/species/2475037/children | total=1
2026-07-05 16:36:52 | INFO | Randomly selected 1/1 children for taxon 2475037
2026-07-05 16:36:52 | INFO | Taxon key 2475037 has 1 children
2026-07-05 16:36:52 | INFO | Fetching: https://api.gbif.org/v1/species/9489592/children | params={}
2026-07-05 16:36:52 | INFO | Finished: https://api.gbif.org/v1/species/9489592/children | total=1
2026-07-05 16:36:52 | INFO | Fetching: https://api.gbif.org/v1/species/9489592/children | params={}
2026-07-05 16:36:52 | INFO | Finished: https://api.gbif.org/v1/species/9489592/children | total=1
2026-07-05 16:36:52 | INFO | Randomly selected 1/1 children for taxon 9489592
2026-07-05 16:36:52 | INFO | Taxon key 9489592 has 1 children
2026-07-05 16:36:52 | INFO | Fetching: https://api.gbif.org/v1/species/7772409/children | params={}
2026-07-05 16:36:53 | INFO | Finished: https://api.gbif.org/v1/species/7772409/children | total=11
2026-07-05 16:36:53 | INFO | Fetching: https://api.gbif.org/v1/species/7772409/children | params={}
2026-07-05 16:36:53 | INFO | Finished: https://api.gbif.org/v1/species/7772409/children | total=11
2026-07-05 16:36:53 | INFO | Randomly selected 11/11 children for taxon 7772409
2026-07-05 16:36:53 | INFO | Taxon key 7772409 has 11 children
2026-07-05 16:36:53 | INFO | Fetching: https://api.gbif.org/v1/species/5228249/children | params={}
2026-07-05 16:36:53 | INFO | Finished: https://api.gbif.org/v1/species/5228249/children | total=2
2026-07-05 16:36:53 | INFO | Fetching: https://api.gbif.org/v1/species/5228249/children | params={}
2026-07-05 16:36:53 | INFO | Finished: https://api.gbif.org/v1/species/5228249/children | total=2
2026-07-05 16:36:53 | INFO | Randomly selected 2/2 children for taxon 5228249
2026-07-05 16:36:53 | INFO | Taxon key 5228249 has 2 children
2026-07-05 16:36:53 | INFO | Fetching: https://api.gbif.org/v1/species/5228236/children | params={}
2026-07-05 16:36:53 | INFO | Finished: https://api.gbif.org/v1/species/5228236/children | total=10
2026-07-05 16:36:53 | INFO | Fetching: https://api.gbif.org/v1/species/5228236/children | params={}
2026-07-05 16:36:54 | INFO | Finished: https://api.gbif.org/v1/species/5228236/children | total=10
2026-07-05 16:36:54 | INFO | Randomly selected 10/10 children for taxon 5228236
2026-07-05 16:36:54 | INFO | Taxon key 5228236 has 10 children
2026-07-05 16:36:54 | INFO | Fetching: https://api.gbif.org/v1/species/5228243/children | params={}
2026-07-05 16:36:54 | INFO | Finished: https://api.gbif.org/v1/species/5228243/children | total=1
2026-07-05 16:36:54 | INFO | Fetching: https://api.gbif.org/v1/species/5228243/children | params={}
2026-07-05 16:36:54 | INFO | Finished: https://api.gbif.org/v1/species/5228243/children | total=1
2026-07-05 16:36:54 | INFO | Randomly selected 1/1 children for taxon 5228243
2026-07-05 16:36:54 | INFO | Taxon key 5228243 has 1 children
2026-07-05 16:36:54 | INFO | Fetching: https://api.gbif.org/v1/species/5228252/children | params={}
2026-07-05 16:36:54 | INFO | Finished: https://api.gbif.org/v1/species/5228252/children | total=1
2026-07-05 16:36:54 | INFO | Fetching: https://api.gbif.org/v1/species/5228252/children | params={}
2026-07-05 16:36:54 | INFO | Finished: https://api.gbif.org/v1/species/5228252/children | total=1
2026-07-05 16:36:54 | INFO | Randomly selected 1/1 children for taxon 5228252
2026-07-05 16:36:54 | INFO | Taxon key 5228252 has 1 children
2026-07-05 16:36:54 | INFO | Fetching: https://api.gbif.org/v1/species/5228256/children | params={}
2026-07-05 16:36:55 | INFO | Finished: https://api.gbif.org/v1/species/5228256/children | total=6
2026-07-05 16:36:55 | INFO | Fetching: https://api.gbif.org/v1/species/5228256/children | params={}
2026-07-05 16:36:55 | INFO | Finished: https://api.gbif.org/v1/species/5228256/children | total=6
2026-07-05 16:36:55 | INFO | Randomly selected 6/6 children for taxon 5228256
2026-07-05 16:36:55 | INFO | Taxon key 5228256 has 6 children
2026-07-05 16:36:55 | INFO | Fetching: https://api.gbif.org/v1/species/5228253/children | params={}
2026-07-05 16:36:55 | INFO | Finished: https://api.gbif.org/v1/species/5228253/children | total=4
2026-07-05 16:36:55 | INFO | Fetching: https://api.gbif.org/v1/species/5228253/children | params={}
2026-07-05 16:36:55 | INFO | Finished: https://api.gbif.org/v1/species/5228253/children | total=4
2026-07-05 16:36:55 | INFO | Randomly selected 4/4 children for taxon 5228253
2026-07-05 16:36:55 | INFO | Taxon key 5228253 has 4 children
2026-07-05 16:36:55 | INFO | Fetching: https://api.gbif.org/v1/species/2475085/children | params={}
2026-07-05 16:36:56 | INFO | Finished: https://api.gbif.org/v1/species/2475085/children | total=2
2026-07-05 16:36:56 | INFO | Fetching: https://api.gbif.org/v1/species/2475085/children | params={}
2026-07-05 16:36:56 | INFO | Finished: https://api.gbif.org/v1/species/2475085/children | total=2
2026-07-05 16:36:56 | INFO | Randomly selected 2/2 children for taxon 2475085
2026-07-05 16:36:56 | INFO | Taxon key 2475085 has 2 children
2026-07-05 16:36:56 | INFO | Fetching: https://api.gbif.org/v1/species/2475039/children | params={}
2026-07-05 16:36:56 | INFO | Finished: https://api.gbif.org/v1/species/2475039/children | total=4
2026-07-05 16:36:56 | INFO | Fetching: https://api.gbif.org/v1/species/2475039/children | params={}
2026-07-05 16:36:56 | INFO | Finished: https://api.gbif.org/v1/species/2475039/children | total=4
2026-07-05 16:36:56 | INFO | Randomly selected 4/4 children for taxon 2475039
2026-07-05 16:36:56 | INFO | Taxon key 2475039 has 4 children
2026-07-05 16:36:56 | INFO | Fetching: https://api.gbif.org/v1/species/2475040/children | params={}
2026-07-05 16:36:56 | INFO | Finished: https://api.gbif.org/v1/species/2475040/children | total=9
2026-07-05 16:36:56 | INFO | Fetching: https://api.gbif.org/v1/species/2475040/children | params={}
2026-07-05 16:36:57 | INFO | Finished: https://api.gbif.org/v1/species/2475040/children | total=9
2026-07-05 16:36:57 | INFO | Randomly selected 9/9 children for taxon 2475040
2026-07-05 16:36:57 | INFO | Taxon key 2475040 has 9 children
2026-07-05 16:36:57 | INFO | Fetching: https://api.gbif.org/v1/species/2475050/children | params={}
2026-07-05 16:36:57 | INFO | Finished: https://api.gbif.org/v1/species/2475050/children | total=1
2026-07-05 16:36:57 | INFO | Fetching: https://api.gbif.org/v1/species/2475050/children | params={}
2026-07-05 16:36:57 | INFO | Finished: https://api.gbif.org/v1/species/2475050/children | total=1
2026-07-05 16:36:57 | INFO | Randomly selected 1/1 children for taxon 2475050
2026-07-05 16:36:57 | INFO | Taxon key 2475050 has 1 children
2026-07-05 16:36:57 | INFO | Fetching: https://api.gbif.org/v1/species/3242201/children | params={}
2026-07-05 16:36:57 | INFO | Finished: https://api.gbif.org/v1/species/3242201/children | total=11
2026-07-05 16:36:57 | INFO | Fetching: https://api.gbif.org/v1/species/3242201/children | params={}
2026-07-05 16:36:57 | INFO | Finished: https://api.gbif.org/v1/species/3242201/children | total=11
2026-07-05 16:36:57 | INFO | Randomly selected 11/11 children for taxon 3242201
2026-07-05 16:36:57 | INFO | Taxon key 3242201 has 11 children
2026-07-05 16:36:57 | INFO | Fetching: https://api.gbif.org/v1/species/2478968/children | params={}
2026-07-05 16:36:58 | INFO | Finished: https://api.gbif.org/v1/species/2478968/children | total=5
2026-07-05 16:36:58 | INFO | Fetching: https://api.gbif.org/v1/species/2478968/children | params={}
2026-07-05 16:36:58 | INFO | Finished: https://api.gbif.org/v1/species/2478968/children | total=5
2026-07-05 16:36:58 | INFO | Randomly selected 5/5 children for taxon 2478968
2026-07-05 16:36:58 | INFO | Taxon key 2478968 has 5 children
2026-07-05 16:36:58 | INFO | Fetching: https://api.gbif.org/v1/species/2478969/children | params={}
2026-07-05 16:36:58 | INFO | Finished: https://api.gbif.org/v1/species/2478969/children | total=3
2026-07-05 16:36:58 | INFO | Fetching: https://api.gbif.org/v1/species/2478969/children | params={}
2026-07-05 16:36:58 | INFO | Finished: https://api.gbif.org/v1/species/2478969/children | total=3
2026-07-05 16:36:58 | INFO | Randomly selected 3/3 children for taxon 2478969
2026-07-05 16:36:58 | INFO | Taxon key 2478969 has 3 children
2026-07-05 16:36:58 | INFO | Fetching: https://api.gbif.org/v1/species/2478973/children | params={}
2026-07-05 16:36:58 | INFO | Finished: https://api.gbif.org/v1/species/2478973/children | total=4
2026-07-05 16:36:58 | INFO | Fetching: https://api.gbif.org/v1/species/2478973/children | params={}
2026-07-05 16:36:59 | INFO | Finished: https://api.gbif.org/v1/species/2478973/children | total=4
2026-07-05 16:36:59 | INFO | Randomly selected 4/4 children for taxon 2478973
2026-07-05 16:36:59 | INFO | Taxon key 2478973 has 4 children
2026-07-05 16:36:59 | INFO | Fetching: https://api.gbif.org/v1/species/2478979/children | params={}
2026-07-05 16:36:59 | INFO | Finished: https://api.gbif.org/v1/species/2478979/children | total=7
2026-07-05 16:36:59 | INFO | Fetching: https://api.gbif.org/v1/species/2478979/children | params={}
2026-07-05 16:36:59 | INFO | Finished: https://api.gbif.org/v1/species/2478979/children | total=7
2026-07-05 16:36:59 | INFO | Randomly selected 7/7 children for taxon 2478979
2026-07-05 16:36:59 | INFO | Taxon key 2478979 has 7 children
2026-07-05 16:36:59 | INFO | Fetching: https://api.gbif.org/v1/species/2479028/children | params={}
2026-07-05 16:36:59 | INFO | Finished: https://api.gbif.org/v1/species/2479028/children | total=12
2026-07-05 16:36:59 | INFO | Fetching: https://api.gbif.org/v1/species/2479028/children | params={}
2026-07-05 16:36:59 | INFO | Finished: https://api.gbif.org/v1/species/2479028/children | total=12
2026-07-05 16:36:59 | INFO | Randomly selected 12/12 children for taxon 2479028
2026-07-05 16:36:59 | INFO | Taxon key 2479028 has 12 children
2026-07-05 16:36:59 | INFO | Fetching: https://api.gbif.org/v1/species/2479029/children | params={}
2026-07-05 16:37:00 | INFO | Finished: https://api.gbif.org/v1/species/2479029/children | total=2
2026-07-05 16:37:00 | INFO | Fetching: https://api.gbif.org/v1/species/2479029/children | params={}
2026-07-05 16:37:00 | INFO | Finished: https://api.gbif.org/v1/species/2479029/children | total=2
2026-07-05 16:37:00 | INFO | Randomly selected 2/2 children for taxon 2479029
2026-07-05 16:37:00 | INFO | Taxon key 2479029 has 2 children
2026-07-05 16:37:00 | INFO | Fetching: https://api.gbif.org/v1/species/2479051/children | params={}
2026-07-05 16:37:00 | INFO | Finished: https://api.gbif.org/v1/species/2479051/children | total=2
2026-07-05 16:37:00 | INFO | Fetching: https://api.gbif.org/v1/species/2479051/children | params={}
2026-07-05 16:37:00 | INFO | Finished: https://api.gbif.org/v1/species/2479051/children | total=2
2026-07-05 16:37:00 | INFO | Randomly selected 2/2 children for taxon 2479051
2026-07-05 16:37:00 | INFO | Taxon key 2479051 has 2 children
2026-07-05 16:37:00 | INFO | Fetching: https://api.gbif.org/v1/species/2479041/children | params={}
2026-07-05 16:37:00 | INFO | Finished: https://api.gbif.org/v1/species/2479041/children | total=3
2026-07-05 16:37:00 | INFO | Fetching: https://api.gbif.org/v1/species/2479041/children | params={}
2026-07-05 16:37:01 | INFO | Finished: https://api.gbif.org/v1/species/2479041/children | total=3
2026-07-05 16:37:01 | INFO | Randomly selected 3/3 children for taxon 2479041
2026-07-05 16:37:01 | INFO | Taxon key 2479041 has 3 children
2026-07-05 16:37:01 | INFO | Fetching: https://api.gbif.org/v1/species/2479046/children | params={}
2026-07-05 16:37:01 | INFO | Finished: https://api.gbif.org/v1/species/2479046/children | total=3
2026-07-05 16:37:01 | INFO | Fetching: https://api.gbif.org/v1/species/2479046/children | params={}
2026-07-05 16:37:01 | INFO | Finished: https://api.gbif.org/v1/species/2479046/children | total=3
2026-07-05 16:37:01 | INFO | Randomly selected 3/3 children for taxon 2479046
2026-07-05 16:37:01 | INFO | Taxon key 2479046 has 3 children
2026-07-05 16:37:01 | INFO | Fetching: https://api.gbif.org/v1/species/2479045/children | params={}
2026-07-05 16:37:01 | INFO | Finished: https://api.gbif.org/v1/species/2479045/children | total=1
2026-07-05 16:37:01 | INFO | Fetching: https://api.gbif.org/v1/species/2479045/children | params={}
2026-07-05 16:37:01 | INFO | Finished: https://api.gbif.org/v1/species/2479045/children | total=1
2026-07-05 16:37:01 | INFO | Randomly selected 1/1 children for taxon 2479045
2026-07-05 16:37:01 | INFO | Taxon key 2479045 has 1 children
2026-07-05 16:37:01 | INFO | Fetching: https://api.gbif.org/v1/species/2479050/children | params={}
2026-07-05 16:37:02 | INFO | Finished: https://api.gbif.org/v1/species/2479050/children | total=1
2026-07-05 16:37:02 | INFO | Fetching: https://api.gbif.org/v1/species/2479050/children | params={}
2026-07-05 16:37:02 | INFO | Finished: https://api.gbif.org/v1/species/2479050/children | total=1
2026-07-05 16:37:02 | INFO | Randomly selected 1/1 children for taxon 2479050
2026-07-05 16:37:02 | INFO | Taxon key 2479050 has 1 children
2026-07-05 16:37:02 | INFO | Fetching: https://api.gbif.org/v1/species/2479031/children | params={}
2026-07-05 16:37:02 | INFO | Finished: https://api.gbif.org/v1/species/2479031/children | total=9
2026-07-05 16:37:02 | INFO | Fetching: https://api.gbif.org/v1/species/2479031/children | params={}
2026-07-05 16:37:02 | INFO | Finished: https://api.gbif.org/v1/species/2479031/children | total=9
2026-07-05 16:37:02 | INFO | Randomly selected 9/9 children for taxon 2479031
2026-07-05 16:37:02 | INFO | Taxon key 2479031 has 9 children
2026-07-05 16:37:02 | INFO | Fetching: https://api.gbif.org/v1/species/5703/children | params={}
2026-07-05 16:37:02 | INFO | Finished: https://api.gbif.org/v1/species/5703/children | total=14
2026-07-05 16:37:02 | INFO | Fetching: https://api.gbif.org/v1/species/5703/children | params={}
2026-07-05 16:37:03 | INFO | Finished: https://api.gbif.org/v1/species/5703/children | total=14
2026-07-05 16:37:03 | INFO | Randomly selected 14/14 children for taxon 5703
2026-07-05 16:37:03 | INFO | Taxon key 5703 has 14 children
2026-07-05 16:37:03 | INFO | Fetching: https://api.gbif.org/v1/species/2475191/children | params={}
2026-07-05 16:37:03 | INFO | Finished: https://api.gbif.org/v1/species/2475191/children | total=6
2026-07-05 16:37:03 | INFO | Fetching: https://api.gbif.org/v1/species/2475191/children | params={}
2026-07-05 16:37:03 | INFO | Finished: https://api.gbif.org/v1/species/2475191/children | total=6
2026-07-05 16:37:03 | INFO | Randomly selected 6/6 children for taxon 2475191
2026-07-05 16:37:03 | INFO | Taxon key 2475191 has 6 children
2026-07-05 16:37:03 | INFO | Fetching: https://api.gbif.org/v1/species/2475201/children | params={}
2026-07-05 16:37:03 | INFO | Finished: https://api.gbif.org/v1/species/2475201/children | total=3
2026-07-05 16:37:03 | INFO | Fetching: https://api.gbif.org/v1/species/2475201/children | params={}
2026-07-05 16:37:03 | INFO | Finished: https://api.gbif.org/v1/species/2475201/children | total=3
2026-07-05 16:37:03 | INFO | Randomly selected 3/3 children for taxon 2475201
2026-07-05 16:37:03 | INFO | Taxon key 2475201 has 3 children
2026-07-05 16:37:03 | INFO | Fetching: https://api.gbif.org/v1/species/2475200/children | params={}
2026-07-05 16:37:04 | INFO | Finished: https://api.gbif.org/v1/species/2475200/children | total=1
2026-07-05 16:37:04 | INFO | Fetching: https://api.gbif.org/v1/species/2475200/children | params={}
2026-07-05 16:37:04 | INFO | Finished: https://api.gbif.org/v1/species/2475200/children | total=1
2026-07-05 16:37:04 | INFO | Randomly selected 1/1 children for taxon 2475200
2026-07-05 16:37:04 | INFO | Taxon key 2475200 has 1 children
2026-07-05 16:37:04 | INFO | Fetching: https://api.gbif.org/v1/species/2475195/children | params={}
2026-07-05 16:37:04 | INFO | Finished: https://api.gbif.org/v1/species/2475195/children | total=1
2026-07-05 16:37:04 | INFO | Fetching: https://api.gbif.org/v1/species/2475195/children | params={}
2026-07-05 16:37:04 | INFO | Finished: https://api.gbif.org/v1/species/2475195/children | total=1
2026-07-05 16:37:04 | INFO | Randomly selected 1/1 children for taxon 2475195
2026-07-05 16:37:04 | INFO | Taxon key 2475195 has 1 children
2026-07-05 16:37:04 | INFO | Fetching: https://api.gbif.org/v1/species/2475192/children | params={}
2026-07-05 16:37:04 | INFO | Finished: https://api.gbif.org/v1/species/2475192/children | total=3
2026-07-05 16:37:04 | INFO | Fetching: https://api.gbif.org/v1/species/2475192/children | params={}
2026-07-05 16:37:05 | INFO | Finished: https://api.gbif.org/v1/species/2475192/children | total=3
2026-07-05 16:37:05 | INFO | Randomly selected 3/3 children for taxon 2475192
2026-07-05 16:37:05 | INFO | Taxon key 2475192 has 3 children
2026-07-05 16:37:05 | INFO | Fetching: https://api.gbif.org/v1/species/2475095/children | params={}
2026-07-05 16:37:05 | INFO | Finished: https://api.gbif.org/v1/species/2475095/children | total=6
2026-07-05 16:37:05 | INFO | Fetching: https://api.gbif.org/v1/species/2475095/children | params={}
2026-07-05 16:37:05 | INFO | Finished: https://api.gbif.org/v1/species/2475095/children | total=6
2026-07-05 16:37:05 | INFO | Randomly selected 6/6 children for taxon 2475095
2026-07-05 16:37:05 | INFO | Taxon key 2475095 has 6 children
2026-07-05 16:37:05 | INFO | Fetching: https://api.gbif.org/v1/species/2475098/children | params={}
2026-07-05 16:37:05 | INFO | Finished: https://api.gbif.org/v1/species/2475098/children | total=5
2026-07-05 16:37:05 | INFO | Fetching: https://api.gbif.org/v1/species/2475098/children | params={}
2026-07-05 16:37:05 | INFO | Finished: https://api.gbif.org/v1/species/2475098/children | total=5
2026-07-05 16:37:05 | INFO | Randomly selected 5/5 children for taxon 2475098
2026-07-05 16:37:05 | INFO | Taxon key 2475098 has 5 children
2026-07-05 16:37:05 | INFO | Fetching: https://api.gbif.org/v1/species/2475102/children | params={}
2026-07-05 16:37:06 | INFO | Finished: https://api.gbif.org/v1/species/2475102/children | total=2
2026-07-05 16:37:06 | INFO | Fetching: https://api.gbif.org/v1/species/2475102/children | params={}
2026-07-05 16:37:06 | INFO | Finished: https://api.gbif.org/v1/species/2475102/children | total=2
2026-07-05 16:37:06 | INFO | Randomly selected 2/2 children for taxon 2475102
2026-07-05 16:37:06 | INFO | Taxon key 2475102 has 2 children
2026-07-05 16:37:06 | INFO | Fetching: https://api.gbif.org/v1/species/7340220/children | params={}
2026-07-05 16:37:06 | INFO | Finished: https://api.gbif.org/v1/species/7340220/children | total=3
2026-07-05 16:37:06 | INFO | Fetching: https://api.gbif.org/v1/species/7340220/children | params={}
2026-07-05 16:37:06 | INFO | Finished: https://api.gbif.org/v1/species/7340220/children | total=3
2026-07-05 16:37:06 | INFO | Randomly selected 3/3 children for taxon 7340220
2026-07-05 16:37:06 | INFO | Taxon key 7340220 has 3 children
2026-07-05 16:37:06 | INFO | Fetching: https://api.gbif.org/v1/species/2475120/children | params={}
2026-07-05 16:37:06 | INFO | Finished: https://api.gbif.org/v1/species/2475120/children | total=6
2026-07-05 16:37:06 | INFO | Fetching: https://api.gbif.org/v1/species/2475120/children | params={}
2026-07-05 16:37:07 | INFO | Finished: https://api.gbif.org/v1/species/2475120/children | total=6
2026-07-05 16:37:07 | INFO | Randomly selected 6/6 children for taxon 2475120
2026-07-05 16:37:07 | INFO | Taxon key 2475120 has 6 children
2026-07-05 16:37:07 | INFO | Fetching: https://api.gbif.org/v1/species/2475130/children | params={}
2026-07-05 16:37:07 | INFO | Finished: https://api.gbif.org/v1/species/2475130/children | total=4
2026-07-05 16:37:07 | INFO | Fetching: https://api.gbif.org/v1/species/2475130/children | params={}
2026-07-05 16:37:07 | INFO | Finished: https://api.gbif.org/v1/species/2475130/children | total=4
2026-07-05 16:37:07 | INFO | Randomly selected 4/4 children for taxon 2475130
2026-07-05 16:37:07 | INFO | Taxon key 2475130 has 4 children
2026-07-05 16:37:07 | INFO | Fetching: https://api.gbif.org/v1/species/2475122/children | params={}
2026-07-05 16:37:07 | INFO | Finished: https://api.gbif.org/v1/species/2475122/children | total=9
2026-07-05 16:37:07 | INFO | Fetching: https://api.gbif.org/v1/species/2475122/children | params={}
2026-07-05 16:37:07 | INFO | Finished: https://api.gbif.org/v1/species/2475122/children | total=9
2026-07-05 16:37:07 | INFO | Randomly selected 9/9 children for taxon 2475122
2026-07-05 16:37:07 | INFO | Taxon key 2475122 has 9 children
2026-07-05 16:37:07 | INFO | Fetching: https://api.gbif.org/v1/species/2475136/children | params={}
2026-07-05 16:37:08 | INFO | Finished: https://api.gbif.org/v1/species/2475136/children | total=4
2026-07-05 16:37:08 | INFO | Fetching: https://api.gbif.org/v1/species/2475136/children | params={}
2026-07-05 16:37:08 | INFO | Finished: https://api.gbif.org/v1/species/2475136/children | total=4
2026-07-05 16:37:08 | INFO | Randomly selected 4/4 children for taxon 2475136
2026-07-05 16:37:08 | INFO | Taxon key 2475136 has 4 children
2026-07-05 16:37:08 | INFO | Fetching: https://api.gbif.org/v1/species/2475177/children | params={}
2026-07-05 16:37:08 | INFO | Finished: https://api.gbif.org/v1/species/2475177/children | total=4
2026-07-05 16:37:08 | INFO | Fetching: https://api.gbif.org/v1/species/2475177/children | params={}
2026-07-05 16:37:08 | INFO | Finished: https://api.gbif.org/v1/species/2475177/children | total=4
2026-07-05 16:37:08 | INFO | Randomly selected 4/4 children for taxon 2475177
2026-07-05 16:37:08 | INFO | Taxon key 2475177 has 4 children
2026-07-05 16:37:08 | INFO | Fetching: https://api.gbif.org/v1/species/2475187/children | params={}
2026-07-05 16:37:08 | INFO | Finished: https://api.gbif.org/v1/species/2475187/children | total=3
2026-07-05 16:37:08 | INFO | Fetching: https://api.gbif.org/v1/species/2475187/children | params={}
2026-07-05 16:37:09 | INFO | Finished: https://api.gbif.org/v1/species/2475187/children | total=3
2026-07-05 16:37:09 | INFO | Randomly selected 3/3 children for taxon 2475187
2026-07-05 16:37:09 | INFO | Taxon key 2475187 has 3 children
2026-07-05 16:37:09 | INFO | Fetching: https://api.gbif.org/v1/species/2475179/children | params={}
2026-07-05 16:37:09 | INFO | Finished: https://api.gbif.org/v1/species/2475179/children | total=8
2026-07-05 16:37:09 | INFO | Fetching: https://api.gbif.org/v1/species/2475179/children | params={}
2026-07-05 16:37:09 | INFO | Finished: https://api.gbif.org/v1/species/2475179/children | total=8
2026-07-05 16:37:09 | INFO | Randomly selected 8/8 children for taxon 2475179
2026-07-05 16:37:09 | INFO | Taxon key 2475179 has 8 children
2026-07-05 16:37:09 | INFO | Fetching: https://api.gbif.org/v1/species/2475190/children | params={}
2026-07-05 16:37:09 | INFO | Finished: https://api.gbif.org/v1/species/2475190/children | total=1
2026-07-05 16:37:09 | INFO | Fetching: https://api.gbif.org/v1/species/2475190/children | params={}
2026-07-05 16:37:09 | INFO | Finished: https://api.gbif.org/v1/species/2475190/children | total=1
2026-07-05 16:37:09 | INFO | Randomly selected 1/1 children for taxon 2475190
2026-07-05 16:37:09 | INFO | Taxon key 2475190 has 1 children
2026-07-05 16:37:09 | INFO | Fetching: https://api.gbif.org/v1/species/2475206/children | params={}
2026-07-05 16:37:10 | INFO | Finished: https://api.gbif.org/v1/species/2475206/children | total=1
2026-07-05 16:37:10 | INFO | Fetching: https://api.gbif.org/v1/species/2475206/children | params={}
2026-07-05 16:37:10 | INFO | Finished: https://api.gbif.org/v1/species/2475206/children | total=1
2026-07-05 16:37:10 | INFO | Randomly selected 1/1 children for taxon 2475206
2026-07-05 16:37:10 | INFO | Taxon key 2475206 has 1 children
2026-07-05 16:37:10 | INFO | Fetching: https://api.gbif.org/v1/species/2475141/children | params={}
2026-07-05 16:37:10 | INFO | Finished: https://api.gbif.org/v1/species/2475141/children | total=8
2026-07-05 16:37:10 | INFO | Fetching: https://api.gbif.org/v1/species/2475141/children | params={}
2026-07-05 16:37:10 | INFO | Finished: https://api.gbif.org/v1/species/2475141/children | total=8
2026-07-05 16:37:10 | INFO | Randomly selected 8/8 children for taxon 2475141
2026-07-05 16:37:10 | INFO | Taxon key 2475141 has 8 children
2026-07-05 16:37:10 | INFO | Fetching: https://api.gbif.org/v1/species/2475154/children | params={}
2026-07-05 16:37:10 | INFO | Finished: https://api.gbif.org/v1/species/2475154/children | total=3
2026-07-05 16:37:10 | INFO | Fetching: https://api.gbif.org/v1/species/2475154/children | params={}
2026-07-05 16:37:11 | INFO | Finished: https://api.gbif.org/v1/species/2475154/children | total=3
2026-07-05 16:37:11 | INFO | Randomly selected 3/3 children for taxon 2475154
2026-07-05 16:37:11 | INFO | Taxon key 2475154 has 3 children
2026-07-05 16:37:11 | INFO | Fetching: https://api.gbif.org/v1/species/2475160/children | params={}
2026-07-05 16:37:11 | INFO | Finished: https://api.gbif.org/v1/species/2475160/children | total=4
2026-07-05 16:37:11 | INFO | Fetching: https://api.gbif.org/v1/species/2475160/children | params={}
2026-07-05 16:37:11 | INFO | Finished: https://api.gbif.org/v1/species/2475160/children | total=4
2026-07-05 16:37:11 | INFO | Randomly selected 4/4 children for taxon 2475160
2026-07-05 16:37:11 | INFO | Taxon key 2475160 has 4 children
2026-07-05 16:37:11 | INFO | Fetching: https://api.gbif.org/v1/species/2475147/children | params={}
2026-07-05 16:37:11 | INFO | Finished: https://api.gbif.org/v1/species/2475147/children | total=6
2026-07-05 16:37:11 | INFO | Fetching: https://api.gbif.org/v1/species/2475147/children | params={}
2026-07-05 16:37:11 | INFO | Finished: https://api.gbif.org/v1/species/2475147/children | total=6
2026-07-05 16:37:11 | INFO | Randomly selected 6/6 children for taxon 2475147
2026-07-05 16:37:11 | INFO | Taxon key 2475147 has 6 children
2026-07-05 16:37:11 | INFO | Fetching: https://api.gbif.org/v1/species/2475143/children | params={}
2026-07-05 16:37:12 | INFO | Finished: https://api.gbif.org/v1/species/2475143/children | total=1
2026-07-05 16:37:12 | INFO | Fetching: https://api.gbif.org/v1/species/2475143/children | params={}
2026-07-05 16:37:12 | INFO | Finished: https://api.gbif.org/v1/species/2475143/children | total=1
2026-07-05 16:37:12 | INFO | Randomly selected 1/1 children for taxon 2475143
2026-07-05 16:37:12 | INFO | Taxon key 2475143 has 1 children
2026-07-05 16:37:12 | INFO | Fetching: https://api.gbif.org/v1/species/2475164/children | params={}
2026-07-05 16:37:12 | INFO | Finished: https://api.gbif.org/v1/species/2475164/children | total=2
2026-07-05 16:37:12 | INFO | Fetching: https://api.gbif.org/v1/species/2475164/children | params={}
2026-07-05 16:37:12 | INFO | Finished: https://api.gbif.org/v1/species/2475164/children | total=2
2026-07-05 16:37:12 | INFO | Randomly selected 2/2 children for taxon 2475164
2026-07-05 16:37:12 | INFO | Taxon key 2475164 has 2 children
2026-07-05 16:37:12 | INFO | Fetching: https://api.gbif.org/v1/species/2475165/children | params={}
2026-07-05 16:37:12 | INFO | Finished: https://api.gbif.org/v1/species/2475165/children | total=4
2026-07-05 16:37:12 | INFO | Fetching: https://api.gbif.org/v1/species/2475165/children | params={}
2026-07-05 16:37:12 | INFO | Finished: https://api.gbif.org/v1/species/2475165/children | total=4
2026-07-05 16:37:12 | INFO | Randomly selected 4/4 children for taxon 2475165
2026-07-05 16:37:12 | INFO | Taxon key 2475165 has 4 children
2026-07-05 16:37:12 | INFO | Fetching: https://api.gbif.org/v1/species/2475171/children | params={}
2026-07-05 16:37:13 | INFO | Finished: https://api.gbif.org/v1/species/2475171/children | total=2
2026-07-05 16:37:13 | INFO | Fetching: https://api.gbif.org/v1/species/2475171/children | params={}
2026-07-05 16:37:13 | INFO | Finished: https://api.gbif.org/v1/species/2475171/children | total=2
2026-07-05 16:37:13 | INFO | Randomly selected 2/2 children for taxon 2475171
2026-07-05 16:37:13 | INFO | Taxon key 2475171 has 2 children
2026-07-05 16:37:13 | INFO | Fetching: https://api.gbif.org/v1/species/2475204/children | params={}
2026-07-05 16:37:13 | INFO | Finished: https://api.gbif.org/v1/species/2475204/children | total=1
2026-07-05 16:37:13 | INFO | Fetching: https://api.gbif.org/v1/species/2475204/children | params={}
2026-07-05 16:37:13 | INFO | Finished: https://api.gbif.org/v1/species/2475204/children | total=1
2026-07-05 16:37:13 | INFO | Randomly selected 1/1 children for taxon 2475204
2026-07-05 16:37:13 | INFO | Taxon key 2475204 has 1 children
2026-07-05 16:37:13 | INFO | Fetching: https://api.gbif.org/v1/species/2475088/children | params={}
2026-07-05 16:37:14 | INFO | Finished: https://api.gbif.org/v1/species/2475088/children | total=1
2026-07-05 16:37:14 | INFO | Fetching: https://api.gbif.org/v1/species/2475088/children | params={}
2026-07-05 16:37:14 | INFO | Finished: https://api.gbif.org/v1/species/2475088/children | total=1
2026-07-05 16:37:14 | INFO | Randomly selected 1/1 children for taxon 2475088
2026-07-05 16:37:14 | INFO | Taxon key 2475088 has 1 children
2026-07-05 16:37:14 | INFO | Fetching: https://api.gbif.org/v1/species/5228262/children | params={}
2026-07-05 16:37:14 | INFO | Finished: https://api.gbif.org/v1/species/5228262/children | total=3
2026-07-05 16:37:14 | INFO | Fetching: https://api.gbif.org/v1/species/5228262/children | params={}
2026-07-05 16:37:14 | INFO | Finished: https://api.gbif.org/v1/species/5228262/children | total=3
2026-07-05 16:37:14 | INFO | Randomly selected 3/3 children for taxon 5228262
2026-07-05 16:37:14 | INFO | Taxon key 5228262 has 3 children
2026-07-05 16:37:14 | INFO | Fetching: https://api.gbif.org/v1/species/7237085/children | params={}
2026-07-05 16:37:14 | INFO | Finished: https://api.gbif.org/v1/species/7237085/children | total=12
2026-07-05 16:37:14 | INFO | Fetching: https://api.gbif.org/v1/species/7237085/children | params={}
2026-07-05 16:37:15 | INFO | Finished: https://api.gbif.org/v1/species/7237085/children | total=12
2026-07-05 16:37:15 | INFO | Randomly selected 12/12 children for taxon 7237085
2026-07-05 16:37:15 | INFO | Taxon key 7237085 has 12 children
2026-07-05 16:37:15 | INFO | Fetching: https://api.gbif.org/v1/species/5228270/children | params={}
2026-07-05 16:37:15 | INFO | Finished: https://api.gbif.org/v1/species/5228270/children | total=4
2026-07-05 16:37:15 | INFO | Fetching: https://api.gbif.org/v1/species/5228270/children | params={}
2026-07-05 16:37:15 | INFO | Finished: https://api.gbif.org/v1/species/5228270/children | total=4
2026-07-05 16:37:15 | INFO | Randomly selected 4/4 children for taxon 5228270
2026-07-05 16:37:15 | INFO | Taxon key 5228270 has 4 children
2026-07-05 16:37:15 | INFO | Fetching: https://api.gbif.org/v1/species/5228265/children | params={}
2026-07-05 16:37:15 | INFO | Finished: https://api.gbif.org/v1/species/5228265/children | total=1
2026-07-05 16:37:15 | INFO | Fetching: https://api.gbif.org/v1/species/5228265/children | params={}
2026-07-05 16:37:15 | INFO | Finished: https://api.gbif.org/v1/species/5228265/children | total=1
2026-07-05 16:37:15 | INFO | Randomly selected 1/1 children for taxon 5228265
2026-07-05 16:37:15 | INFO | Taxon key 5228265 has 1 children
2026-07-05 16:37:15 | INFO | Fetching: https://api.gbif.org/v1/species/5228276/children | params={}
2026-07-05 16:37:16 | INFO | Finished: https://api.gbif.org/v1/species/5228276/children | total=1
2026-07-05 16:37:16 | INFO | Fetching: https://api.gbif.org/v1/species/5228276/children | params={}
2026-07-05 16:37:16 | INFO | Finished: https://api.gbif.org/v1/species/5228276/children | total=1
2026-07-05 16:37:16 | INFO | Randomly selected 1/1 children for taxon 5228276
2026-07-05 16:37:16 | INFO | Taxon key 5228276 has 1 children
2026-07-05 16:37:16 | INFO | Total descendant taxa found: 1948
2026-07-05 16:37:16 | INFO | Fetching: https://api.gbif.org/v1/species/4966661/synonyms | params={}
2026-07-05 16:37:16 | INFO | Finished: https://api.gbif.org/v1/species/4966661/synonyms | total=0
2026-07-05 16:37:16 | INFO | Fetching: https://api.gbif.org/v1/species/12236924/synonyms | params={}
2026-07-05 16:37:16 | INFO | Finished: https://api.gbif.org/v1/species/12236924/synonyms | total=0
2026-07-05 16:37:16 | INFO | Fetching: https://api.gbif.org/v1/species/12188065/synonyms | params={}
2026-07-05 16:37:16 | INFO | Finished: https://api.gbif.org/v1/species/12188065/synonyms | total=0
2026-07-05 16:37:16 | INFO | Fetching: https://api.gbif.org/v1/species/2478866/synonyms | params={}
2026-07-05 16:37:17 | INFO | Finished: https://api.gbif.org/v1/species/2478866/synonyms | total=0
2026-07-05 16:37:17 | INFO | Fetching: https://api.gbif.org/v1/species/2478863/synonyms | params={}
2026-07-05 16:37:17 | INFO | Finished: https://api.gbif.org/v1/species/2478863/synonyms | total=0
2026-07-05 16:37:17 | INFO | Fetching: https://api.gbif.org/v1/species/2478756/synonyms | params={}
2026-07-05 16:37:17 | INFO | Finished: https://api.gbif.org/v1/species/2478756/synonyms | total=1
2026-07-05 16:37:17 | INFO | Fetching: https://api.gbif.org/v1/species/2478760/synonyms | params={}
2026-07-05 16:37:17 | INFO | Finished: https://api.gbif.org/v1/species/2478760/synonyms | total=0
2026-07-05 16:37:17 | INFO | Fetching: https://api.gbif.org/v1/species/2478759/synonyms | params={}
2026-07-05 16:37:18 | INFO | Finished: https://api.gbif.org/v1/species/2478759/synonyms | total=1
2026-07-05 16:37:18 | INFO | Fetching: https://api.gbif.org/v1/species/5789359/synonyms | params={}
2026-07-05 16:37:18 | INFO | Finished: https://api.gbif.org/v1/species/5789359/synonyms | total=3
2026-07-05 16:37:18 | INFO | Fetching: https://api.gbif.org/v1/species/10963065/synonyms | params={}
2026-07-05 16:37:18 | INFO | Finished: https://api.gbif.org/v1/species/10963065/synonyms | total=0
2026-07-05 16:37:18 | INFO | Fetching: https://api.gbif.org/v1/species/2478761/synonyms | params={}
2026-07-05 16:37:18 | INFO | Finished: https://api.gbif.org/v1/species/2478761/synonyms | total=0
2026-07-05 16:37:18 | INFO | Fetching: https://api.gbif.org/v1/species/2478758/synonyms | params={}
2026-07-05 16:37:19 | INFO | Finished: https://api.gbif.org/v1/species/2478758/synonyms | total=0
2026-07-05 16:37:19 | INFO | Fetching: https://api.gbif.org/v1/species/2478779/synonyms | params={}
2026-07-05 16:37:19 | INFO | Finished: https://api.gbif.org/v1/species/2478779/synonyms | total=0
2026-07-05 16:37:19 | INFO | Fetching: https://api.gbif.org/v1/species/7641288/synonyms | params={}
2026-07-05 16:37:19 | INFO | Finished: https://api.gbif.org/v1/species/7641288/synonyms | total=0
2026-07-05 16:37:19 | INFO | Fetching: https://api.gbif.org/v1/species/2478769/synonyms | params={}
2026-07-05 16:37:19 | INFO | Finished: https://api.gbif.org/v1/species/2478769/synonyms | total=0
2026-07-05 16:37:19 | INFO | Fetching: https://api.gbif.org/v1/species/10120588/synonyms | params={}
2026-07-05 16:37:20 | INFO | Finished: https://api.gbif.org/v1/species/10120588/synonyms | total=0
2026-07-05 16:37:20 | INFO | Fetching: https://api.gbif.org/v1/species/2478788/synonyms | params={}
2026-07-05 16:37:20 | INFO | Finished: https://api.gbif.org/v1/species/2478788/synonyms | total=1
2026-07-05 16:37:20 | INFO | Fetching: https://api.gbif.org/v1/species/2478770/synonyms | params={}
2026-07-05 16:37:20 | INFO | Finished: https://api.gbif.org/v1/species/2478770/synonyms | total=0
2026-07-05 16:37:20 | INFO | Fetching: https://api.gbif.org/v1/species/9190622/synonyms | params={}
2026-07-05 16:37:20 | INFO | Finished: https://api.gbif.org/v1/species/9190622/synonyms | total=0
2026-07-05 16:37:20 | INFO | Fetching: https://api.gbif.org/v1/species/9819345/synonyms | params={}
2026-07-05 16:37:20 | INFO | Finished: https://api.gbif.org/v1/species/9819345/synonyms | total=0
2026-07-05 16:37:20 | INFO | Fetching: https://api.gbif.org/v1/species/2478771/synonyms | params={}
2026-07-05 16:37:21 | INFO | Finished: https://api.gbif.org/v1/species/2478771/synonyms | total=0
2026-07-05 16:37:21 | INFO | Fetching: https://api.gbif.org/v1/species/2478765/synonyms | params={}
2026-07-05 16:37:21 | INFO | Finished: https://api.gbif.org/v1/species/2478765/synonyms | total=0
2026-07-05 16:37:21 | INFO | Fetching: https://api.gbif.org/v1/species/2478774/synonyms | params={}
2026-07-05 16:37:21 | INFO | Finished: https://api.gbif.org/v1/species/2478774/synonyms | total=0
2026-07-05 16:37:21 | INFO | Fetching: https://api.gbif.org/v1/species/2478782/synonyms | params={}
2026-07-05 16:37:21 | INFO | Finished: https://api.gbif.org/v1/species/2478782/synonyms | total=0
2026-07-05 16:37:21 | INFO | Fetching: https://api.gbif.org/v1/species/2478828/synonyms | params={}
2026-07-05 16:37:22 | INFO | Finished: https://api.gbif.org/v1/species/2478828/synonyms | total=1
2026-07-05 16:37:22 | INFO | Fetching: https://api.gbif.org/v1/species/2478817/synonyms | params={}
2026-07-05 16:37:22 | INFO | Finished: https://api.gbif.org/v1/species/2478817/synonyms | total=0
2026-07-05 16:37:22 | INFO | Fetching: https://api.gbif.org/v1/species/5789361/synonyms | params={}
2026-07-05 16:37:22 | INFO | Finished: https://api.gbif.org/v1/species/5789361/synonyms | total=2
2026-07-05 16:37:22 | INFO | Fetching: https://api.gbif.org/v1/species/2478833/synonyms | params={}
2026-07-05 16:37:22 | INFO | Finished: https://api.gbif.org/v1/species/2478833/synonyms | total=0
2026-07-05 16:37:22 | INFO | Fetching: https://api.gbif.org/v1/species/10733411/synonyms | params={}
2026-07-05 16:37:23 | INFO | Finished: https://api.gbif.org/v1/species/10733411/synonyms | total=0
2026-07-05 16:37:23 | INFO | Fetching: https://api.gbif.org/v1/species/2478834/synonyms | params={}
2026-07-05 16:37:23 | INFO | Finished: https://api.gbif.org/v1/species/2478834/synonyms | total=0
2026-07-05 16:37:23 | INFO | Fetching: https://api.gbif.org/v1/species/2478822/synonyms | params={}
2026-07-05 16:37:23 | INFO | Finished: https://api.gbif.org/v1/species/2478822/synonyms | total=0
2026-07-05 16:37:23 | INFO | Fetching: https://api.gbif.org/v1/species/2478842/synonyms | params={}
2026-07-05 16:37:23 | INFO | Finished: https://api.gbif.org/v1/species/2478842/synonyms | total=0
2026-07-05 16:37:23 | INFO | Fetching: https://api.gbif.org/v1/species/2478825/synonyms | params={}
2026-07-05 16:37:24 | INFO | Finished: https://api.gbif.org/v1/species/2478825/synonyms | total=0
2026-07-05 16:37:24 | INFO | Fetching: https://api.gbif.org/v1/species/7452232/synonyms | params={}
2026-07-05 16:37:24 | INFO | Finished: https://api.gbif.org/v1/species/7452232/synonyms | total=0
2026-07-05 16:37:24 | INFO | Fetching: https://api.gbif.org/v1/species/2478814/synonyms | params={}
2026-07-05 16:37:24 | INFO | Finished: https://api.gbif.org/v1/species/2478814/synonyms | total=0
2026-07-05 16:37:24 | INFO | Fetching: https://api.gbif.org/v1/species/2478821/synonyms | params={}
2026-07-05 16:37:24 | INFO | Finished: https://api.gbif.org/v1/species/2478821/synonyms | total=1
2026-07-05 16:37:24 | INFO | Fetching: https://api.gbif.org/v1/species/2478826/synonyms | params={}
2026-07-05 16:37:25 | INFO | Finished: https://api.gbif.org/v1/species/2478826/synonyms | total=0
2026-07-05 16:37:25 | INFO | Fetching: https://api.gbif.org/v1/species/2478832/synonyms | params={}
2026-07-05 16:37:25 | INFO | Finished: https://api.gbif.org/v1/species/2478832/synonyms | total=0
2026-07-05 16:37:25 | INFO | Fetching: https://api.gbif.org/v1/species/10673624/synonyms | params={}
2026-07-05 16:37:25 | INFO | Finished: https://api.gbif.org/v1/species/10673624/synonyms | total=0
2026-07-05 16:37:25 | INFO | Fetching: https://api.gbif.org/v1/species/2478838/synonyms | params={}
2026-07-05 16:37:25 | INFO | Finished: https://api.gbif.org/v1/species/2478838/synonyms | total=0
2026-07-05 16:37:25 | INFO | Fetching: https://api.gbif.org/v1/species/2478827/synonyms | params={}
2026-07-05 16:37:25 | INFO | Finished: https://api.gbif.org/v1/species/2478827/synonyms | total=1
2026-07-05 16:37:25 | INFO | Fetching: https://api.gbif.org/v1/species/6101211/synonyms | params={}
2026-07-05 16:37:26 | INFO | Finished: https://api.gbif.org/v1/species/6101211/synonyms | total=1
2026-07-05 16:37:26 | INFO | Fetching: https://api.gbif.org/v1/species/5844042/synonyms | params={}
2026-07-05 16:37:26 | INFO | Finished: https://api.gbif.org/v1/species/5844042/synonyms | total=1
2026-07-05 16:37:26 | INFO | Fetching: https://api.gbif.org/v1/species/5229024/synonyms | params={}
2026-07-05 16:37:26 | INFO | Finished: https://api.gbif.org/v1/species/5229024/synonyms | total=1
2026-07-05 16:37:26 | INFO | Fetching: https://api.gbif.org/v1/species/5229033/synonyms | params={}
2026-07-05 16:37:26 | INFO | Finished: https://api.gbif.org/v1/species/5229033/synonyms | total=0
2026-07-05 16:37:26 | INFO | Fetching: https://api.gbif.org/v1/species/10930552/synonyms | params={}
2026-07-05 16:37:27 | INFO | Finished: https://api.gbif.org/v1/species/10930552/synonyms | total=0
2026-07-05 16:37:27 | INFO | Fetching: https://api.gbif.org/v1/species/5229006/synonyms | params={}
2026-07-05 16:37:27 | INFO | Finished: https://api.gbif.org/v1/species/5229006/synonyms | total=2
2026-07-05 16:37:27 | INFO | Fetching: https://api.gbif.org/v1/species/5229025/synonyms | params={}
2026-07-05 16:37:27 | INFO | Finished: https://api.gbif.org/v1/species/5229025/synonyms | total=0
2026-07-05 16:37:27 | INFO | Fetching: https://api.gbif.org/v1/species/5229005/synonyms | params={}
2026-07-05 16:37:27 | INFO | Finished: https://api.gbif.org/v1/species/5229005/synonyms | total=0
2026-07-05 16:37:27 | INFO | Fetching: https://api.gbif.org/v1/species/5229012/synonyms | params={}
2026-07-05 16:37:28 | INFO | Finished: https://api.gbif.org/v1/species/5229012/synonyms | total=1
2026-07-05 16:37:28 | INFO | Fetching: https://api.gbif.org/v1/species/5229028/synonyms | params={}
2026-07-05 16:37:28 | INFO | Finished: https://api.gbif.org/v1/species/5229028/synonyms | total=1
2026-07-05 16:37:28 | INFO | Fetching: https://api.gbif.org/v1/species/5229032/synonyms | params={}
2026-07-05 16:37:28 | INFO | Finished: https://api.gbif.org/v1/species/5229032/synonyms | total=0
2026-07-05 16:37:28 | INFO | Fetching: https://api.gbif.org/v1/species/6101210/synonyms | params={}
2026-07-05 16:37:28 | INFO | Finished: https://api.gbif.org/v1/species/6101210/synonyms | total=1
2026-07-05 16:37:28 | INFO | Fetching: https://api.gbif.org/v1/species/2478853/synonyms | params={}
2026-07-05 16:37:29 | INFO | Finished: https://api.gbif.org/v1/species/2478853/synonyms | total=0
2026-07-05 16:37:29 | INFO | Fetching: https://api.gbif.org/v1/species/2478858/synonyms | params={}
2026-07-05 16:37:29 | INFO | Finished: https://api.gbif.org/v1/species/2478858/synonyms | total=0
2026-07-05 16:37:29 | INFO | Fetching: https://api.gbif.org/v1/species/2478861/synonyms | params={}
2026-07-05 16:37:29 | INFO | Finished: https://api.gbif.org/v1/species/2478861/synonyms | total=0
2026-07-05 16:37:29 | INFO | Fetching: https://api.gbif.org/v1/species/2478854/synonyms | params={}
2026-07-05 16:37:29 | INFO | Finished: https://api.gbif.org/v1/species/2478854/synonyms | total=0
2026-07-05 16:37:29 | INFO | Fetching: https://api.gbif.org/v1/species/9045043/synonyms | params={}
2026-07-05 16:37:30 | INFO | Finished: https://api.gbif.org/v1/species/9045043/synonyms | total=3
2026-07-05 16:37:30 | INFO | Fetching: https://api.gbif.org/v1/species/9178169/synonyms | params={}
2026-07-05 16:37:30 | INFO | Finished: https://api.gbif.org/v1/species/9178169/synonyms | total=3
2026-07-05 16:37:30 | INFO | Fetching: https://api.gbif.org/v1/species/8854301/synonyms | params={}
2026-07-05 16:37:30 | INFO | Finished: https://api.gbif.org/v1/species/8854301/synonyms | total=3
2026-07-05 16:37:30 | INFO | Fetching: https://api.gbif.org/v1/species/9104123/synonyms | params={}
2026-07-05 16:37:30 | INFO | Finished: https://api.gbif.org/v1/species/9104123/synonyms | total=3
2026-07-05 16:37:30 | INFO | Fetching: https://api.gbif.org/v1/species/8966665/synonyms | params={}
2026-07-05 16:37:31 | INFO | Finished: https://api.gbif.org/v1/species/8966665/synonyms | total=0
2026-07-05 16:37:31 | INFO | Fetching: https://api.gbif.org/v1/species/8951546/synonyms | params={}
2026-07-05 16:37:31 | INFO | Finished: https://api.gbif.org/v1/species/8951546/synonyms | total=4
2026-07-05 16:37:31 | INFO | Fetching: https://api.gbif.org/v1/species/8875463/synonyms | params={}
2026-07-05 16:37:31 | INFO | Finished: https://api.gbif.org/v1/species/8875463/synonyms | total=3
2026-07-05 16:37:31 | INFO | Fetching: https://api.gbif.org/v1/species/2478165/synonyms | params={}
2026-07-05 16:37:31 | INFO | Finished: https://api.gbif.org/v1/species/2478165/synonyms | total=1
2026-07-05 16:37:31 | INFO | Fetching: https://api.gbif.org/v1/species/2478373/synonyms | params={}
2026-07-05 16:37:31 | INFO | Finished: https://api.gbif.org/v1/species/2478373/synonyms | total=2
2026-07-05 16:37:31 | INFO | Fetching: https://api.gbif.org/v1/species/2478357/synonyms | params={}
2026-07-05 16:37:32 | INFO | Finished: https://api.gbif.org/v1/species/2478357/synonyms | total=2
2026-07-05 16:37:32 | INFO | Fetching: https://api.gbif.org/v1/species/2478356/synonyms | params={}
2026-07-05 16:37:32 | INFO | Finished: https://api.gbif.org/v1/species/2478356/synonyms | total=2
2026-07-05 16:37:32 | INFO | Fetching: https://api.gbif.org/v1/species/2478339/synonyms | params={}
2026-07-05 16:37:32 | INFO | Finished: https://api.gbif.org/v1/species/2478339/synonyms | total=1
2026-07-05 16:37:32 | INFO | Fetching: https://api.gbif.org/v1/species/2478378/synonyms | params={}
2026-07-05 16:37:32 | INFO | Finished: https://api.gbif.org/v1/species/2478378/synonyms | total=2
2026-07-05 16:37:32 | INFO | Fetching: https://api.gbif.org/v1/species/2478366/synonyms | params={}
2026-07-05 16:37:33 | INFO | Finished: https://api.gbif.org/v1/species/2478366/synonyms | total=2
2026-07-05 16:37:33 | INFO | Fetching: https://api.gbif.org/v1/species/2478367/synonyms | params={}
2026-07-05 16:37:33 | INFO | Finished: https://api.gbif.org/v1/species/2478367/synonyms | total=2
2026-07-05 16:37:33 | INFO | Fetching: https://api.gbif.org/v1/species/5789380/synonyms | params={}
2026-07-05 16:37:33 | INFO | Finished: https://api.gbif.org/v1/species/5789380/synonyms | total=3
2026-07-05 16:37:33 | INFO | Fetching: https://api.gbif.org/v1/species/2478340/synonyms | params={}
2026-07-05 16:37:33 | INFO | Finished: https://api.gbif.org/v1/species/2478340/synonyms | total=2
2026-07-05 16:37:33 | INFO | Fetching: https://api.gbif.org/v1/species/7340156/synonyms | params={}
2026-07-05 16:37:34 | INFO | Finished: https://api.gbif.org/v1/species/7340156/synonyms | total=3
2026-07-05 16:37:34 | INFO | Fetching: https://api.gbif.org/v1/species/2478341/synonyms | params={}
2026-07-05 16:37:34 | INFO | Finished: https://api.gbif.org/v1/species/2478341/synonyms | total=2
2026-07-05 16:37:34 | INFO | Fetching: https://api.gbif.org/v1/species/2478345/synonyms | params={}
2026-07-05 16:37:34 | INFO | Finished: https://api.gbif.org/v1/species/2478345/synonyms | total=3
2026-07-05 16:37:34 | INFO | Fetching: https://api.gbif.org/v1/species/2478355/synonyms | params={}
2026-07-05 16:37:34 | INFO | Finished: https://api.gbif.org/v1/species/2478355/synonyms | total=1
2026-07-05 16:37:34 | INFO | Fetching: https://api.gbif.org/v1/species/2478382/synonyms | params={}
2026-07-05 16:37:35 | INFO | Finished: https://api.gbif.org/v1/species/2478382/synonyms | total=2
2026-07-05 16:37:35 | INFO | Fetching: https://api.gbif.org/v1/species/9406038/synonyms | params={}
2026-07-05 16:37:35 | INFO | Finished: https://api.gbif.org/v1/species/9406038/synonyms | total=1
2026-07-05 16:37:35 | INFO | Fetching: https://api.gbif.org/v1/species/2478597/synonyms | params={}
2026-07-05 16:37:35 | INFO | Finished: https://api.gbif.org/v1/species/2478597/synonyms | total=1
2026-07-05 16:37:35 | INFO | Fetching: https://api.gbif.org/v1/species/2478602/synonyms | params={}
2026-07-05 16:37:35 | INFO | Finished: https://api.gbif.org/v1/species/2478602/synonyms | total=0
2026-07-05 16:37:35 | INFO | Fetching: https://api.gbif.org/v1/species/2478605/synonyms | params={}
2026-07-05 16:37:35 | INFO | Finished: https://api.gbif.org/v1/species/2478605/synonyms | total=3
2026-07-05 16:37:35 | INFO | Fetching: https://api.gbif.org/v1/species/2478207/synonyms | params={}
2026-07-05 16:37:36 | INFO | Finished: https://api.gbif.org/v1/species/2478207/synonyms | total=0
2026-07-05 16:37:36 | INFO | Fetching: https://api.gbif.org/v1/species/2478210/synonyms | params={}
2026-07-05 16:37:36 | INFO | Finished: https://api.gbif.org/v1/species/2478210/synonyms | total=1
2026-07-05 16:37:36 | INFO | Fetching: https://api.gbif.org/v1/species/2478211/synonyms | params={}
2026-07-05 16:37:36 | INFO | Finished: https://api.gbif.org/v1/species/2478211/synonyms | total=0
2026-07-05 16:37:36 | INFO | Fetching: https://api.gbif.org/v1/species/2478588/synonyms | params={}
2026-07-05 16:37:36 | INFO | Finished: https://api.gbif.org/v1/species/2478588/synonyms | total=2
2026-07-05 16:37:36 | INFO | Fetching: https://api.gbif.org/v1/species/4966651/synonyms | params={}
2026-07-05 16:37:37 | INFO | Finished: https://api.gbif.org/v1/species/4966651/synonyms | total=0
2026-07-05 16:37:37 | INFO | Fetching: https://api.gbif.org/v1/species/4966654/synonyms | params={}
2026-07-05 16:37:37 | INFO | Finished: https://api.gbif.org/v1/species/4966654/synonyms | total=1
2026-07-05 16:37:37 | INFO | Fetching: https://api.gbif.org/v1/species/4966652/synonyms | params={}
2026-07-05 16:37:37 | INFO | Finished: https://api.gbif.org/v1/species/4966652/synonyms | total=0
2026-07-05 16:37:37 | INFO | Fetching: https://api.gbif.org/v1/species/4966653/synonyms | params={}
2026-07-05 16:37:37 | INFO | Finished: https://api.gbif.org/v1/species/4966653/synonyms | total=0
2026-07-05 16:37:37 | INFO | Fetching: https://api.gbif.org/v1/species/2478507/synonyms | params={}
2026-07-05 16:37:38 | INFO | Finished: https://api.gbif.org/v1/species/2478507/synonyms | total=0
2026-07-05 16:37:38 | INFO | Fetching: https://api.gbif.org/v1/species/10786767/synonyms | params={}
2026-07-05 16:37:38 | INFO | Finished: https://api.gbif.org/v1/species/10786767/synonyms | total=0
2026-07-05 16:37:38 | INFO | Fetching: https://api.gbif.org/v1/species/2478548/synonyms | params={}
2026-07-05 16:37:38 | INFO | Finished: https://api.gbif.org/v1/species/2478548/synonyms | total=1
2026-07-05 16:37:38 | INFO | Fetching: https://api.gbif.org/v1/species/9573362/synonyms | params={}
2026-07-05 16:37:38 | INFO | Finished: https://api.gbif.org/v1/species/9573362/synonyms | total=0
2026-07-05 16:37:38 | INFO | Fetching: https://api.gbif.org/v1/species/2478528/synonyms | params={}
2026-07-05 16:37:38 | INFO | Finished: https://api.gbif.org/v1/species/2478528/synonyms | total=0
2026-07-05 16:37:38 | INFO | Fetching: https://api.gbif.org/v1/species/11188079/synonyms | params={}
2026-07-05 16:37:39 | INFO | Finished: https://api.gbif.org/v1/species/11188079/synonyms | total=0
2026-07-05 16:37:39 | INFO | Fetching: https://api.gbif.org/v1/species/9153202/synonyms | params={}
2026-07-05 16:37:39 | INFO | Finished: https://api.gbif.org/v1/species/9153202/synonyms | total=0
2026-07-05 16:37:39 | INFO | Fetching: https://api.gbif.org/v1/species/10433130/synonyms | params={}
2026-07-05 16:37:39 | INFO | Finished: https://api.gbif.org/v1/species/10433130/synonyms | total=0
2026-07-05 16:37:39 | INFO | Fetching: https://api.gbif.org/v1/species/7744656/synonyms | params={}
2026-07-05 16:37:39 | INFO | Finished: https://api.gbif.org/v1/species/7744656/synonyms | total=0
2026-07-05 16:37:39 | INFO | Fetching: https://api.gbif.org/v1/species/10646797/synonyms | params={}
2026-07-05 16:37:40 | INFO | Finished: https://api.gbif.org/v1/species/10646797/synonyms | total=0
2026-07-05 16:37:40 | INFO | Fetching: https://api.gbif.org/v1/species/10006380/synonyms | params={}
2026-07-05 16:37:40 | INFO | Finished: https://api.gbif.org/v1/species/10006380/synonyms | total=0
2026-07-05 16:37:40 | INFO | Fetching: https://api.gbif.org/v1/species/11118751/synonyms | params={}
2026-07-05 16:37:40 | INFO | Finished: https://api.gbif.org/v1/species/11118751/synonyms | total=0
2026-07-05 16:37:40 | INFO | Fetching: https://api.gbif.org/v1/species/2478518/synonyms | params={}
2026-07-05 16:37:40 | INFO | Finished: https://api.gbif.org/v1/species/2478518/synonyms | total=0
2026-07-05 16:37:40 | INFO | Fetching: https://api.gbif.org/v1/species/2478511/synonyms | params={}
2026-07-05 16:37:41 | INFO | Finished: https://api.gbif.org/v1/species/2478511/synonyms | total=0
2026-07-05 16:37:41 | INFO | Fetching: https://api.gbif.org/v1/species/10728664/synonyms | params={}
2026-07-05 16:37:41 | INFO | Finished: https://api.gbif.org/v1/species/10728664/synonyms | total=0
2026-07-05 16:37:41 | INFO | Fetching: https://api.gbif.org/v1/species/7584140/synonyms | params={}
2026-07-05 16:37:41 | INFO | Finished: https://api.gbif.org/v1/species/7584140/synonyms | total=0
2026-07-05 16:37:41 | INFO | Fetching: https://api.gbif.org/v1/species/9029556/synonyms | params={}
2026-07-05 16:37:41 | INFO | Finished: https://api.gbif.org/v1/species/9029556/synonyms | total=2
2026-07-05 16:37:41 | INFO | Fetching: https://api.gbif.org/v1/species/12107555/synonyms | params={}
2026-07-05 16:37:41 | INFO | Finished: https://api.gbif.org/v1/species/12107555/synonyms | total=0
2026-07-05 16:37:41 | INFO | Fetching: https://api.gbif.org/v1/species/11937407/synonyms | params={}
2026-07-05 16:37:42 | INFO | Finished: https://api.gbif.org/v1/species/11937407/synonyms | total=0
2026-07-05 16:37:42 | INFO | Fetching: https://api.gbif.org/v1/species/2478544/synonyms | params={}
2026-07-05 16:37:42 | INFO | Finished: https://api.gbif.org/v1/species/2478544/synonyms | total=0
2026-07-05 16:37:42 | INFO | Fetching: https://api.gbif.org/v1/species/2478547/synonyms | params={}
2026-07-05 16:37:42 | INFO | Finished: https://api.gbif.org/v1/species/2478547/synonyms | total=0
2026-07-05 16:37:42 | INFO | Fetching: https://api.gbif.org/v1/species/2478541/synonyms | params={}
2026-07-05 16:37:42 | INFO | Finished: https://api.gbif.org/v1/species/2478541/synonyms | total=2
2026-07-05 16:37:42 | INFO | Fetching: https://api.gbif.org/v1/species/2478523/synonyms | params={}
2026-07-05 16:37:43 | INFO | Finished: https://api.gbif.org/v1/species/2478523/synonyms | total=0
2026-07-05 16:37:43 | INFO | Fetching: https://api.gbif.org/v1/species/2478502/synonyms | params={}
2026-07-05 16:37:43 | INFO | Finished: https://api.gbif.org/v1/species/2478502/synonyms | total=4
2026-07-05 16:37:43 | INFO | Fetching: https://api.gbif.org/v1/species/2478522/synonyms | params={}
2026-07-05 16:37:43 | INFO | Finished: https://api.gbif.org/v1/species/2478522/synonyms | total=0
2026-07-05 16:37:43 | INFO | Fetching: https://api.gbif.org/v1/species/5228779/synonyms | params={}
2026-07-05 16:37:43 | INFO | Finished: https://api.gbif.org/v1/species/5228779/synonyms | total=0
2026-07-05 16:37:43 | INFO | Fetching: https://api.gbif.org/v1/species/5228784/synonyms | params={}
2026-07-05 16:37:44 | INFO | Finished: https://api.gbif.org/v1/species/5228784/synonyms | total=0
2026-07-05 16:37:44 | INFO | Fetching: https://api.gbif.org/v1/species/5228723/synonyms | params={}
2026-07-05 16:37:44 | INFO | Finished: https://api.gbif.org/v1/species/5228723/synonyms | total=0
2026-07-05 16:37:44 | INFO | Fetching: https://api.gbif.org/v1/species/5228762/synonyms | params={}
2026-07-05 16:37:44 | INFO | Finished: https://api.gbif.org/v1/species/5228762/synonyms | total=0
2026-07-05 16:37:44 | INFO | Fetching: https://api.gbif.org/v1/species/9587550/synonyms | params={}
2026-07-05 16:37:44 | INFO | Finished: https://api.gbif.org/v1/species/9587550/synonyms | total=0
2026-07-05 16:37:44 | INFO | Fetching: https://api.gbif.org/v1/species/5228748/synonyms | params={}
2026-07-05 16:37:44 | INFO | Finished: https://api.gbif.org/v1/species/5228748/synonyms | total=3
2026-07-05 16:37:44 | INFO | Fetching: https://api.gbif.org/v1/species/5228733/synonyms | params={}
2026-07-05 16:37:45 | INFO | Finished: https://api.gbif.org/v1/species/5228733/synonyms | total=1
2026-07-05 16:37:45 | INFO | Fetching: https://api.gbif.org/v1/species/5228796/synonyms | params={}
2026-07-05 16:37:45 | INFO | Finished: https://api.gbif.org/v1/species/5228796/synonyms | total=0
2026-07-05 16:37:45 | INFO | Fetching: https://api.gbif.org/v1/species/5228793/synonyms | params={}
2026-07-05 16:37:45 | INFO | Finished: https://api.gbif.org/v1/species/5228793/synonyms | total=0
2026-07-05 16:37:45 | INFO | Fetching: https://api.gbif.org/v1/species/5228719/synonyms | params={}
2026-07-05 16:37:45 | INFO | Finished: https://api.gbif.org/v1/species/5228719/synonyms | total=0
2026-07-05 16:37:45 | INFO | Fetching: https://api.gbif.org/v1/species/5228757/synonyms | params={}
2026-07-05 16:37:46 | INFO | Finished: https://api.gbif.org/v1/species/5228757/synonyms | total=0
2026-07-05 16:37:46 | INFO | Fetching: https://api.gbif.org/v1/species/5228782/synonyms | params={}
2026-07-05 16:37:46 | INFO | Finished: https://api.gbif.org/v1/species/5228782/synonyms | total=1
2026-07-05 16:37:46 | INFO | Fetching: https://api.gbif.org/v1/species/5228747/synonyms | params={}
2026-07-05 16:37:46 | INFO | Finished: https://api.gbif.org/v1/species/5228747/synonyms | total=1
2026-07-05 16:37:46 | INFO | Fetching: https://api.gbif.org/v1/species/5228755/synonyms | params={}
2026-07-05 16:37:46 | INFO | Finished: https://api.gbif.org/v1/species/5228755/synonyms | total=0
2026-07-05 16:37:46 | INFO | Fetching: https://api.gbif.org/v1/species/5228783/synonyms | params={}
2026-07-05 16:37:47 | INFO | Finished: https://api.gbif.org/v1/species/5228783/synonyms | total=0
2026-07-05 16:37:47 | INFO | Fetching: https://api.gbif.org/v1/species/5228725/synonyms | params={}
2026-07-05 16:37:47 | INFO | Finished: https://api.gbif.org/v1/species/5228725/synonyms | total=0
2026-07-05 16:37:47 | INFO | Fetching: https://api.gbif.org/v1/species/5228724/synonyms | params={}
2026-07-05 16:37:47 | INFO | Finished: https://api.gbif.org/v1/species/5228724/synonyms | total=1
2026-07-05 16:37:47 | INFO | Fetching: https://api.gbif.org/v1/species/5228715/synonyms | params={}
2026-07-05 16:37:47 | INFO | Finished: https://api.gbif.org/v1/species/5228715/synonyms | total=0
2026-07-05 16:37:47 | INFO | Fetching: https://api.gbif.org/v1/species/5228751/synonyms | params={}
2026-07-05 16:37:47 | INFO | Finished: https://api.gbif.org/v1/species/5228751/synonyms | total=0
2026-07-05 16:37:47 | INFO | Fetching: https://api.gbif.org/v1/species/5228767/synonyms | params={}
2026-07-05 16:37:48 | INFO | Finished: https://api.gbif.org/v1/species/5228767/synonyms | total=0
2026-07-05 16:37:48 | INFO | Fetching: https://api.gbif.org/v1/species/5228797/synonyms | params={}
2026-07-05 16:37:48 | INFO | Finished: https://api.gbif.org/v1/species/5228797/synonyms | total=0
2026-07-05 16:37:48 | INFO | Fetching: https://api.gbif.org/v1/species/9541146/synonyms | params={}
2026-07-05 16:37:48 | INFO | Finished: https://api.gbif.org/v1/species/9541146/synonyms | total=0
2026-07-05 16:37:48 | INFO | Fetching: https://api.gbif.org/v1/species/5228771/synonyms | params={}
2026-07-05 16:37:48 | INFO | Finished: https://api.gbif.org/v1/species/5228771/synonyms | total=0
2026-07-05 16:37:48 | INFO | Fetching: https://api.gbif.org/v1/species/5228756/synonyms | params={}
2026-07-05 16:37:49 | INFO | Finished: https://api.gbif.org/v1/species/5228756/synonyms | total=0
2026-07-05 16:37:49 | INFO | Fetching: https://api.gbif.org/v1/species/5228717/synonyms | params={}
2026-07-05 16:37:49 | INFO | Finished: https://api.gbif.org/v1/species/5228717/synonyms | total=0
2026-07-05 16:37:49 | INFO | Fetching: https://api.gbif.org/v1/species/5228716/synonyms | params={}
2026-07-05 16:37:49 | INFO | Finished: https://api.gbif.org/v1/species/5228716/synonyms | total=0
2026-07-05 16:37:49 | INFO | Fetching: https://api.gbif.org/v1/species/5228880/synonyms | params={}
2026-07-05 16:37:49 | INFO | Finished: https://api.gbif.org/v1/species/5228880/synonyms | total=1
2026-07-05 16:37:49 | INFO | Fetching: https://api.gbif.org/v1/species/5228885/synonyms | params={}
2026-07-05 16:37:50 | INFO | Finished: https://api.gbif.org/v1/species/5228885/synonyms | total=0
2026-07-05 16:37:50 | INFO | Fetching: https://api.gbif.org/v1/species/5228906/synonyms | params={}
2026-07-05 16:37:50 | INFO | Finished: https://api.gbif.org/v1/species/5228906/synonyms | total=1
2026-07-05 16:37:50 | INFO | Fetching: https://api.gbif.org/v1/species/5228869/synonyms | params={}
2026-07-05 16:37:50 | INFO | Finished: https://api.gbif.org/v1/species/5228869/synonyms | total=1
2026-07-05 16:37:50 | INFO | Fetching: https://api.gbif.org/v1/species/5228881/synonyms | params={}
2026-07-05 16:37:50 | INFO | Finished: https://api.gbif.org/v1/species/5228881/synonyms | total=1
2026-07-05 16:37:50 | INFO | Fetching: https://api.gbif.org/v1/species/5228883/synonyms | params={}
2026-07-05 16:37:51 | INFO | Finished: https://api.gbif.org/v1/species/5228883/synonyms | total=2
2026-07-05 16:37:51 | INFO | Fetching: https://api.gbif.org/v1/species/5228873/synonyms | params={}
2026-07-05 16:37:51 | INFO | Finished: https://api.gbif.org/v1/species/5228873/synonyms | total=0
2026-07-05 16:37:51 | INFO | Fetching: https://api.gbif.org/v1/species/2477774/synonyms | params={}
2026-07-05 16:37:51 | INFO | Finished: https://api.gbif.org/v1/species/2477774/synonyms | total=1
2026-07-05 16:37:51 | INFO | Fetching: https://api.gbif.org/v1/species/9543753/synonyms | params={}
2026-07-05 16:37:51 | INFO | Finished: https://api.gbif.org/v1/species/9543753/synonyms | total=0
2026-07-05 16:37:51 | INFO | Fetching: https://api.gbif.org/v1/species/7340167/synonyms | params={}
2026-07-05 16:37:51 | INFO | Finished: https://api.gbif.org/v1/species/7340167/synonyms | total=0
2026-07-05 16:37:51 | INFO | Fetching: https://api.gbif.org/v1/species/7618360/synonyms | params={}
2026-07-05 16:37:52 | INFO | Finished: https://api.gbif.org/v1/species/7618360/synonyms | total=0
2026-07-05 16:37:52 | INFO | Fetching: https://api.gbif.org/v1/species/11024172/synonyms | params={}
2026-07-05 16:37:52 | INFO | Finished: https://api.gbif.org/v1/species/11024172/synonyms | total=0
2026-07-05 16:37:52 | INFO | Fetching: https://api.gbif.org/v1/species/2477804/synonyms | params={}
2026-07-05 16:37:52 | INFO | Finished: https://api.gbif.org/v1/species/2477804/synonyms | total=1
2026-07-05 16:37:52 | INFO | Fetching: https://api.gbif.org/v1/species/10975405/synonyms | params={}
2026-07-05 16:37:52 | INFO | Finished: https://api.gbif.org/v1/species/10975405/synonyms | total=2
2026-07-05 16:37:52 | INFO | Fetching: https://api.gbif.org/v1/species/11007905/synonyms | params={}
2026-07-05 16:37:53 | INFO | Finished: https://api.gbif.org/v1/species/11007905/synonyms | total=2
2026-07-05 16:37:53 | INFO | Fetching: https://api.gbif.org/v1/species/2477839/synonyms | params={}
2026-07-05 16:37:53 | INFO | Finished: https://api.gbif.org/v1/species/2477839/synonyms | total=1
2026-07-05 16:37:53 | INFO | Fetching: https://api.gbif.org/v1/species/7620388/synonyms | params={}
2026-07-05 16:37:53 | INFO | Finished: https://api.gbif.org/v1/species/7620388/synonyms | total=0
2026-07-05 16:37:53 | INFO | Fetching: https://api.gbif.org/v1/species/2478335/synonyms | params={}
2026-07-05 16:37:53 | INFO | Finished: https://api.gbif.org/v1/species/2478335/synonyms | total=0
2026-07-05 16:37:53 | INFO | Fetching: https://api.gbif.org/v1/species/2478332/synonyms | params={}
2026-07-05 16:37:54 | INFO | Finished: https://api.gbif.org/v1/species/2478332/synonyms | total=0
2026-07-05 16:37:54 | INFO | Fetching: https://api.gbif.org/v1/species/2478328/synonyms | params={}
2026-07-05 16:37:54 | INFO | Finished: https://api.gbif.org/v1/species/2478328/synonyms | total=0
2026-07-05 16:37:54 | INFO | Fetching: https://api.gbif.org/v1/species/5844053/synonyms | params={}
2026-07-05 16:37:54 | INFO | Finished: https://api.gbif.org/v1/species/5844053/synonyms | total=2
2026-07-05 16:37:54 | INFO | Fetching: https://api.gbif.org/v1/species/2478081/synonyms | params={}
2026-07-05 16:37:54 | INFO | Finished: https://api.gbif.org/v1/species/2478081/synonyms | total=5
2026-07-05 16:37:54 | INFO | Fetching: https://api.gbif.org/v1/species/2478101/synonyms | params={}
2026-07-05 16:37:54 | INFO | Finished: https://api.gbif.org/v1/species/2478101/synonyms | total=0
2026-07-05 16:37:54 | INFO | Fetching: https://api.gbif.org/v1/species/2478144/synonyms | params={}
2026-07-05 16:37:55 | INFO | Finished: https://api.gbif.org/v1/species/2478144/synonyms | total=1
2026-07-05 16:37:55 | INFO | Fetching: https://api.gbif.org/v1/species/2478106/synonyms | params={}
2026-07-05 16:37:55 | INFO | Finished: https://api.gbif.org/v1/species/2478106/synonyms | total=6
2026-07-05 16:37:55 | INFO | Fetching: https://api.gbif.org/v1/species/2478098/synonyms | params={}
2026-07-05 16:37:55 | INFO | Finished: https://api.gbif.org/v1/species/2478098/synonyms | total=1
2026-07-05 16:37:55 | INFO | Fetching: https://api.gbif.org/v1/species/2478102/synonyms | params={}
2026-07-05 16:37:55 | INFO | Finished: https://api.gbif.org/v1/species/2478102/synonyms | total=0
2026-07-05 16:37:55 | INFO | Fetching: https://api.gbif.org/v1/species/2478122/synonyms | params={}
2026-07-05 16:37:56 | INFO | Finished: https://api.gbif.org/v1/species/2478122/synonyms | total=0
2026-07-05 16:37:56 | INFO | Fetching: https://api.gbif.org/v1/species/2478130/synonyms | params={}
2026-07-05 16:37:56 | INFO | Finished: https://api.gbif.org/v1/species/2478130/synonyms | total=3
2026-07-05 16:37:56 | INFO | Fetching: https://api.gbif.org/v1/species/2478069/synonyms | params={}
2026-07-05 16:37:56 | INFO | Finished: https://api.gbif.org/v1/species/2478069/synonyms | total=0
2026-07-05 16:37:56 | INFO | Fetching: https://api.gbif.org/v1/species/2478133/synonyms | params={}
2026-07-05 16:37:56 | INFO | Finished: https://api.gbif.org/v1/species/2478133/synonyms | total=1
2026-07-05 16:37:56 | INFO | Fetching: https://api.gbif.org/v1/species/2478097/synonyms | params={}
2026-07-05 16:37:57 | INFO | Finished: https://api.gbif.org/v1/species/2478097/synonyms | total=1
2026-07-05 16:37:57 | INFO | Fetching: https://api.gbif.org/v1/species/2478105/synonyms | params={}
2026-07-05 16:37:57 | INFO | Finished: https://api.gbif.org/v1/species/2478105/synonyms | total=0
2026-07-05 16:37:57 | INFO | Fetching: https://api.gbif.org/v1/species/2478124/synonyms | params={}
2026-07-05 16:37:57 | INFO | Finished: https://api.gbif.org/v1/species/2478124/synonyms | total=0
2026-07-05 16:37:57 | INFO | Fetching: https://api.gbif.org/v1/species/2478142/synonyms | params={}
2026-07-05 16:37:57 | INFO | Finished: https://api.gbif.org/v1/species/2478142/synonyms | total=3
2026-07-05 16:37:57 | INFO | Fetching: https://api.gbif.org/v1/species/2478096/synonyms | params={}
2026-07-05 16:37:57 | INFO | Finished: https://api.gbif.org/v1/species/2478096/synonyms | total=0
2026-07-05 16:37:57 | INFO | Fetching: https://api.gbif.org/v1/species/2478068/synonyms | params={}
2026-07-05 16:37:58 | INFO | Finished: https://api.gbif.org/v1/species/2478068/synonyms | total=0
2026-07-05 16:37:58 | INFO | Fetching: https://api.gbif.org/v1/species/5789377/synonyms | params={}
2026-07-05 16:37:58 | INFO | Finished: https://api.gbif.org/v1/species/5789377/synonyms | total=1
2026-07-05 16:37:58 | INFO | Fetching: https://api.gbif.org/v1/species/2478071/synonyms | params={}
2026-07-05 16:37:58 | INFO | Finished: https://api.gbif.org/v1/species/2478071/synonyms | total=0
2026-07-05 16:37:58 | INFO | Fetching: https://api.gbif.org/v1/species/2478070/synonyms | params={}
2026-07-05 16:37:58 | INFO | Finished: https://api.gbif.org/v1/species/2478070/synonyms | total=0
2026-07-05 16:37:58 | INFO | Fetching: https://api.gbif.org/v1/species/2478125/synonyms | params={}
2026-07-05 16:37:59 | INFO | Finished: https://api.gbif.org/v1/species/2478125/synonyms | total=0
2026-07-05 16:37:59 | INFO | Fetching: https://api.gbif.org/v1/species/6101202/synonyms | params={}
2026-07-05 16:37:59 | INFO | Finished: https://api.gbif.org/v1/species/6101202/synonyms | total=0
2026-07-05 16:37:59 | INFO | Fetching: https://api.gbif.org/v1/species/12190438/synonyms | params={}
2026-07-05 16:37:59 | INFO | Finished: https://api.gbif.org/v1/species/12190438/synonyms | total=0
2026-07-05 16:37:59 | INFO | Fetching: https://api.gbif.org/v1/species/2478123/synonyms | params={}
2026-07-05 16:37:59 | INFO | Finished: https://api.gbif.org/v1/species/2478123/synonyms | total=1
2026-07-05 16:37:59 | INFO | Fetching: https://api.gbif.org/v1/species/2478075/synonyms | params={}
2026-07-05 16:38:00 | INFO | Finished: https://api.gbif.org/v1/species/2478075/synonyms | total=3
2026-07-05 16:38:00 | INFO | Fetching: https://api.gbif.org/v1/species/2478112/synonyms | params={}
2026-07-05 16:38:00 | INFO | Finished: https://api.gbif.org/v1/species/2478112/synonyms | total=1
2026-07-05 16:38:00 | INFO | Fetching: https://api.gbif.org/v1/species/2478063/synonyms | params={}
2026-07-05 16:38:00 | INFO | Finished: https://api.gbif.org/v1/species/2478063/synonyms | total=0
2026-07-05 16:38:00 | INFO | Fetching: https://api.gbif.org/v1/species/2478064/synonyms | params={}
2026-07-05 16:38:00 | INFO | Finished: https://api.gbif.org/v1/species/2478064/synonyms | total=0
2026-07-05 16:38:00 | INFO | Fetching: https://api.gbif.org/v1/species/2478057/synonyms | params={}
2026-07-05 16:38:01 | INFO | Finished: https://api.gbif.org/v1/species/2478057/synonyms | total=0
2026-07-05 16:38:01 | INFO | Fetching: https://api.gbif.org/v1/species/9128444/synonyms | params={}
2026-07-05 16:38:01 | INFO | Finished: https://api.gbif.org/v1/species/9128444/synonyms | total=4
2026-07-05 16:38:01 | INFO | Fetching: https://api.gbif.org/v1/species/8721784/synonyms | params={}
2026-07-05 16:38:01 | INFO | Finished: https://api.gbif.org/v1/species/8721784/synonyms | total=4
2026-07-05 16:38:01 | INFO | Fetching: https://api.gbif.org/v1/species/9046711/synonyms | params={}
2026-07-05 16:38:01 | INFO | Finished: https://api.gbif.org/v1/species/9046711/synonyms | total=10
2026-07-05 16:38:01 | INFO | Fetching: https://api.gbif.org/v1/species/9000455/synonyms | params={}
2026-07-05 16:38:01 | INFO | Finished: https://api.gbif.org/v1/species/9000455/synonyms | total=4
2026-07-05 16:38:01 | INFO | Fetching: https://api.gbif.org/v1/species/8862287/synonyms | params={}
2026-07-05 16:38:02 | INFO | Finished: https://api.gbif.org/v1/species/8862287/synonyms | total=3
2026-07-05 16:38:02 | INFO | Fetching: https://api.gbif.org/v1/species/9192501/synonyms | params={}
2026-07-05 16:38:02 | INFO | Finished: https://api.gbif.org/v1/species/9192501/synonyms | total=4
2026-07-05 16:38:02 | INFO | Fetching: https://api.gbif.org/v1/species/8908559/synonyms | params={}
2026-07-05 16:38:02 | INFO | Finished: https://api.gbif.org/v1/species/8908559/synonyms | total=2
2026-07-05 16:38:02 | INFO | Fetching: https://api.gbif.org/v1/species/2478160/synonyms | params={}
2026-07-05 16:38:02 | INFO | Finished: https://api.gbif.org/v1/species/2478160/synonyms | total=0
2026-07-05 16:38:02 | INFO | Fetching: https://api.gbif.org/v1/species/9697534/synonyms | params={}
2026-07-05 16:38:03 | INFO | Finished: https://api.gbif.org/v1/species/9697534/synonyms | total=0
2026-07-05 16:38:03 | INFO | Fetching: https://api.gbif.org/v1/species/8012314/synonyms | params={}
2026-07-05 16:38:03 | INFO | Finished: https://api.gbif.org/v1/species/8012314/synonyms | total=0
2026-07-05 16:38:03 | INFO | Fetching: https://api.gbif.org/v1/species/11208104/synonyms | params={}
2026-07-05 16:38:03 | INFO | Finished: https://api.gbif.org/v1/species/11208104/synonyms | total=0
2026-07-05 16:38:03 | INFO | Fetching: https://api.gbif.org/v1/species/2478592/synonyms | params={}
2026-07-05 16:38:03 | INFO | Finished: https://api.gbif.org/v1/species/2478592/synonyms | total=0
2026-07-05 16:38:03 | INFO | Fetching: https://api.gbif.org/v1/species/2478593/synonyms | params={}
2026-07-05 16:38:03 | INFO | Finished: https://api.gbif.org/v1/species/2478593/synonyms | total=1
2026-07-05 16:38:03 | INFO | Fetching: https://api.gbif.org/v1/species/2477837/synonyms | params={}
2026-07-05 16:38:04 | INFO | Finished: https://api.gbif.org/v1/species/2477837/synonyms | total=0
2026-07-05 16:38:04 | INFO | Fetching: https://api.gbif.org/v1/species/2478216/synonyms | params={}
2026-07-05 16:38:04 | INFO | Finished: https://api.gbif.org/v1/species/2478216/synonyms | total=0
2026-07-05 16:38:04 | INFO | Fetching: https://api.gbif.org/v1/species/11049618/synonyms | params={}
2026-07-05 16:38:04 | INFO | Finished: https://api.gbif.org/v1/species/11049618/synonyms | total=3
2026-07-05 16:38:04 | INFO | Fetching: https://api.gbif.org/v1/species/2478220/synonyms | params={}
2026-07-05 16:38:04 | INFO | Finished: https://api.gbif.org/v1/species/2478220/synonyms | total=0
2026-07-05 16:38:04 | INFO | Fetching: https://api.gbif.org/v1/species/4966658/synonyms | params={}
2026-07-05 16:38:05 | INFO | Finished: https://api.gbif.org/v1/species/4966658/synonyms | total=0
2026-07-05 16:38:05 | INFO | Fetching: https://api.gbif.org/v1/species/5228837/synonyms | params={}
2026-07-05 16:38:05 | INFO | Finished: https://api.gbif.org/v1/species/5228837/synonyms | total=0
2026-07-05 16:38:05 | INFO | Fetching: https://api.gbif.org/v1/species/5228839/synonyms | params={}
2026-07-05 16:38:05 | INFO | Finished: https://api.gbif.org/v1/species/5228839/synonyms | total=0
2026-07-05 16:38:05 | INFO | Fetching: https://api.gbif.org/v1/species/5228831/synonyms | params={}
2026-07-05 16:38:05 | INFO | Finished: https://api.gbif.org/v1/species/5228831/synonyms | total=2
2026-07-05 16:38:05 | INFO | Fetching: https://api.gbif.org/v1/species/2477872/synonyms | params={}
2026-07-05 16:38:05 | INFO | Finished: https://api.gbif.org/v1/species/2477872/synonyms | total=1
2026-07-05 16:38:05 | INFO | Fetching: https://api.gbif.org/v1/species/5228824/synonyms | params={}
2026-07-05 16:38:06 | INFO | Finished: https://api.gbif.org/v1/species/5228824/synonyms | total=3
2026-07-05 16:38:06 | INFO | Fetching: https://api.gbif.org/v1/species/5228823/synonyms | params={}
2026-07-05 16:38:06 | INFO | Finished: https://api.gbif.org/v1/species/5228823/synonyms | total=2
2026-07-05 16:38:06 | INFO | Fetching: https://api.gbif.org/v1/species/9090105/synonyms | params={}
2026-07-05 16:38:06 | INFO | Finished: https://api.gbif.org/v1/species/9090105/synonyms | total=2
2026-07-05 16:38:06 | INFO | Fetching: https://api.gbif.org/v1/species/8238455/synonyms | params={}
2026-07-05 16:38:06 | INFO | Finished: https://api.gbif.org/v1/species/8238455/synonyms | total=0
2026-07-05 16:38:06 | INFO | Fetching: https://api.gbif.org/v1/species/8860782/synonyms | params={}
2026-07-05 16:38:07 | INFO | Finished: https://api.gbif.org/v1/species/8860782/synonyms | total=0
2026-07-05 16:38:07 | INFO | Fetching: https://api.gbif.org/v1/species/9015784/synonyms | params={}
2026-07-05 16:38:07 | INFO | Finished: https://api.gbif.org/v1/species/9015784/synonyms | total=4
2026-07-05 16:38:07 | INFO | Fetching: https://api.gbif.org/v1/species/9088491/synonyms | params={}
2026-07-05 16:38:07 | INFO | Finished: https://api.gbif.org/v1/species/9088491/synonyms | total=3
2026-07-05 16:38:07 | INFO | Fetching: https://api.gbif.org/v1/species/9149595/synonyms | params={}
2026-07-05 16:38:07 | INFO | Finished: https://api.gbif.org/v1/species/9149595/synonyms | total=3
2026-07-05 16:38:07 | INFO | Fetching: https://api.gbif.org/v1/species/10793796/synonyms | params={}
2026-07-05 16:38:08 | INFO | Finished: https://api.gbif.org/v1/species/10793796/synonyms | total=0
2026-07-05 16:38:08 | INFO | Fetching: https://api.gbif.org/v1/species/8959883/synonyms | params={}
2026-07-05 16:38:08 | INFO | Finished: https://api.gbif.org/v1/species/8959883/synonyms | total=3
2026-07-05 16:38:08 | INFO | Fetching: https://api.gbif.org/v1/species/5228816/synonyms | params={}
2026-07-05 16:38:08 | INFO | Finished: https://api.gbif.org/v1/species/5228816/synonyms | total=0
2026-07-05 16:38:08 | INFO | Fetching: https://api.gbif.org/v1/species/7602458/synonyms | params={}
2026-07-05 16:38:08 | INFO | Finished: https://api.gbif.org/v1/species/7602458/synonyms | total=2
2026-07-05 16:38:08 | INFO | Fetching: https://api.gbif.org/v1/species/5228803/synonyms | params={}
2026-07-05 16:38:08 | INFO | Finished: https://api.gbif.org/v1/species/5228803/synonyms | total=0
2026-07-05 16:38:08 | INFO | Fetching: https://api.gbif.org/v1/species/7736602/synonyms | params={}
2026-07-05 16:38:09 | INFO | Finished: https://api.gbif.org/v1/species/7736602/synonyms | total=2
2026-07-05 16:38:09 | INFO | Fetching: https://api.gbif.org/v1/species/5228813/synonyms | params={}
2026-07-05 16:38:09 | INFO | Finished: https://api.gbif.org/v1/species/5228813/synonyms | total=0
2026-07-05 16:38:09 | INFO | Fetching: https://api.gbif.org/v1/species/2478391/synonyms | params={}
2026-07-05 16:38:09 | INFO | Finished: https://api.gbif.org/v1/species/2478391/synonyms | total=0
2026-07-05 16:38:09 | INFO | Fetching: https://api.gbif.org/v1/species/2478390/synonyms | params={}
2026-07-05 16:38:09 | INFO | Finished: https://api.gbif.org/v1/species/2478390/synonyms | total=0
2026-07-05 16:38:09 | INFO | Fetching: https://api.gbif.org/v1/species/2478419/synonyms | params={}
2026-07-05 16:38:10 | INFO | Finished: https://api.gbif.org/v1/species/2478419/synonyms | total=0
2026-07-05 16:38:10 | INFO | Fetching: https://api.gbif.org/v1/species/2478399/synonyms | params={}
2026-07-05 16:38:10 | INFO | Finished: https://api.gbif.org/v1/species/2478399/synonyms | total=0
2026-07-05 16:38:10 | INFO | Fetching: https://api.gbif.org/v1/species/2478392/synonyms | params={}
2026-07-05 16:38:10 | INFO | Finished: https://api.gbif.org/v1/species/2478392/synonyms | total=0
2026-07-05 16:38:10 | INFO | Fetching: https://api.gbif.org/v1/species/2478424/synonyms | params={}
2026-07-05 16:38:10 | INFO | Finished: https://api.gbif.org/v1/species/2478424/synonyms | total=0
2026-07-05 16:38:10 | INFO | Fetching: https://api.gbif.org/v1/species/2478411/synonyms | params={}
2026-07-05 16:38:11 | INFO | Finished: https://api.gbif.org/v1/species/2478411/synonyms | total=2
2026-07-05 16:38:11 | INFO | Fetching: https://api.gbif.org/v1/species/2478396/synonyms | params={}
2026-07-05 16:38:11 | INFO | Finished: https://api.gbif.org/v1/species/2478396/synonyms | total=1
2026-07-05 16:38:11 | INFO | Fetching: https://api.gbif.org/v1/species/2478385/synonyms | params={}
2026-07-05 16:38:11 | INFO | Finished: https://api.gbif.org/v1/species/2478385/synonyms | total=4
2026-07-05 16:38:11 | INFO | Fetching: https://api.gbif.org/v1/species/2478398/synonyms | params={}
2026-07-05 16:38:11 | INFO | Finished: https://api.gbif.org/v1/species/2478398/synonyms | total=0
2026-07-05 16:38:11 | INFO | Fetching: https://api.gbif.org/v1/species/2478430/synonyms | params={}
2026-07-05 16:38:12 | INFO | Finished: https://api.gbif.org/v1/species/2478430/synonyms | total=0
2026-07-05 16:38:12 | INFO | Fetching: https://api.gbif.org/v1/species/2478409/synonyms | params={}
2026-07-05 16:38:12 | INFO | Finished: https://api.gbif.org/v1/species/2478409/synonyms | total=0
2026-07-05 16:38:12 | INFO | Fetching: https://api.gbif.org/v1/species/8916767/synonyms | params={}
2026-07-05 16:38:12 | INFO | Finished: https://api.gbif.org/v1/species/8916767/synonyms | total=5
2026-07-05 16:38:12 | INFO | Fetching: https://api.gbif.org/v1/species/8860705/synonyms | params={}
2026-07-05 16:38:12 | INFO | Finished: https://api.gbif.org/v1/species/8860705/synonyms | total=4
2026-07-05 16:38:12 | INFO | Fetching: https://api.gbif.org/v1/species/8773033/synonyms | params={}
2026-07-05 16:38:12 | INFO | Finished: https://api.gbif.org/v1/species/8773033/synonyms | total=5
2026-07-05 16:38:12 | INFO | Fetching: https://api.gbif.org/v1/species/6101207/synonyms | params={}
2026-07-05 16:38:13 | INFO | Finished: https://api.gbif.org/v1/species/6101207/synonyms | total=0
2026-07-05 16:38:13 | INFO | Fetching: https://api.gbif.org/v1/species/2477940/synonyms | params={}
2026-07-05 16:38:13 | INFO | Finished: https://api.gbif.org/v1/species/2477940/synonyms | total=0
2026-07-05 16:38:13 | INFO | Fetching: https://api.gbif.org/v1/species/2478023/synonyms | params={}
2026-07-05 16:38:13 | INFO | Finished: https://api.gbif.org/v1/species/2478023/synonyms | total=0
2026-07-05 16:38:13 | INFO | Fetching: https://api.gbif.org/v1/species/2477965/synonyms | params={}
2026-07-05 16:38:13 | INFO | Finished: https://api.gbif.org/v1/species/2477965/synonyms | total=0
2026-07-05 16:38:13 | INFO | Fetching: https://api.gbif.org/v1/species/2477993/synonyms | params={}
2026-07-05 16:38:14 | INFO | Finished: https://api.gbif.org/v1/species/2477993/synonyms | total=0
2026-07-05 16:38:14 | INFO | Fetching: https://api.gbif.org/v1/species/2478150/synonyms | params={}
2026-07-05 16:38:14 | INFO | Finished: https://api.gbif.org/v1/species/2478150/synonyms | total=2
2026-07-05 16:38:14 | INFO | Fetching: https://api.gbif.org/v1/species/2478035/synonyms | params={}
2026-07-05 16:38:14 | INFO | Finished: https://api.gbif.org/v1/species/2478035/synonyms | total=0
2026-07-05 16:38:14 | INFO | Fetching: https://api.gbif.org/v1/species/2477927/synonyms | params={}
2026-07-05 16:38:14 | INFO | Finished: https://api.gbif.org/v1/species/2477927/synonyms | total=2
2026-07-05 16:38:14 | INFO | Fetching: https://api.gbif.org/v1/species/10341635/synonyms | params={}
2026-07-05 16:38:14 | INFO | Finished: https://api.gbif.org/v1/species/10341635/synonyms | total=0
2026-07-05 16:38:14 | INFO | Fetching: https://api.gbif.org/v1/species/2477911/synonyms | params={}
2026-07-05 16:38:15 | INFO | Finished: https://api.gbif.org/v1/species/2477911/synonyms | total=0
2026-07-05 16:38:15 | INFO | Fetching: https://api.gbif.org/v1/species/2477968/synonyms | params={}
2026-07-05 16:38:15 | INFO | Finished: https://api.gbif.org/v1/species/2477968/synonyms | total=5
2026-07-05 16:38:15 | INFO | Fetching: https://api.gbif.org/v1/species/5789375/synonyms | params={}
2026-07-05 16:38:15 | INFO | Finished: https://api.gbif.org/v1/species/5789375/synonyms | total=3
2026-07-05 16:38:15 | INFO | Fetching: https://api.gbif.org/v1/species/5789373/synonyms | params={}
2026-07-05 16:38:15 | INFO | Finished: https://api.gbif.org/v1/species/5789373/synonyms | total=0
2026-07-05 16:38:15 | INFO | Fetching: https://api.gbif.org/v1/species/2478031/synonyms | params={}
2026-07-05 16:38:16 | INFO | Finished: https://api.gbif.org/v1/species/2478031/synonyms | total=1
2026-07-05 16:38:16 | INFO | Fetching: https://api.gbif.org/v1/species/8544963/synonyms | params={}
2026-07-05 16:38:16 | INFO | Finished: https://api.gbif.org/v1/species/8544963/synonyms | total=0
2026-07-05 16:38:16 | INFO | Fetching: https://api.gbif.org/v1/species/4966650/synonyms | params={}
2026-07-05 16:38:16 | INFO | Finished: https://api.gbif.org/v1/species/4966650/synonyms | total=2
2026-07-05 16:38:16 | INFO | Fetching: https://api.gbif.org/v1/species/6101203/synonyms | params={}
2026-07-05 16:38:16 | INFO | Finished: https://api.gbif.org/v1/species/6101203/synonyms | total=2
2026-07-05 16:38:16 | INFO | Fetching: https://api.gbif.org/v1/species/2478256/synonyms | params={}
2026-07-05 16:38:17 | INFO | Finished: https://api.gbif.org/v1/species/2478256/synonyms | total=0
2026-07-05 16:38:17 | INFO | Fetching: https://api.gbif.org/v1/species/2478259/synonyms | params={}
2026-07-05 16:38:17 | INFO | Finished: https://api.gbif.org/v1/species/2478259/synonyms | total=1
2026-07-05 16:38:17 | INFO | Fetching: https://api.gbif.org/v1/species/5789382/synonyms | params={}
2026-07-05 16:38:17 | INFO | Finished: https://api.gbif.org/v1/species/5789382/synonyms | total=2
2026-07-05 16:38:17 | INFO | Fetching: https://api.gbif.org/v1/species/2478233/synonyms | params={}
2026-07-05 16:38:17 | INFO | Finished: https://api.gbif.org/v1/species/2478233/synonyms | total=1
2026-07-05 16:38:17 | INFO | Fetching: https://api.gbif.org/v1/species/2478248/synonyms | params={}
2026-07-05 16:38:18 | INFO | Finished: https://api.gbif.org/v1/species/2478248/synonyms | total=1
2026-07-05 16:38:18 | INFO | Fetching: https://api.gbif.org/v1/species/8834971/synonyms | params={}
2026-07-05 16:38:18 | INFO | Finished: https://api.gbif.org/v1/species/8834971/synonyms | total=0
2026-07-05 16:38:18 | INFO | Fetching: https://api.gbif.org/v1/species/2478236/synonyms | params={}
2026-07-05 16:38:18 | INFO | Finished: https://api.gbif.org/v1/species/2478236/synonyms | total=0
2026-07-05 16:38:18 | INFO | Fetching: https://api.gbif.org/v1/species/2478272/synonyms | params={}
2026-07-05 16:38:18 | INFO | Finished: https://api.gbif.org/v1/species/2478272/synonyms | total=0
2026-07-05 16:38:18 | INFO | Fetching: https://api.gbif.org/v1/species/10711487/synonyms | params={}
2026-07-05 16:38:18 | INFO | Finished: https://api.gbif.org/v1/species/10711487/synonyms | total=0
2026-07-05 16:38:18 | INFO | Fetching: https://api.gbif.org/v1/species/9331800/synonyms | params={}
2026-07-05 16:38:19 | INFO | Finished: https://api.gbif.org/v1/species/9331800/synonyms | total=0
2026-07-05 16:38:19 | INFO | Fetching: https://api.gbif.org/v1/species/2478271/synonyms | params={}
2026-07-05 16:38:19 | INFO | Finished: https://api.gbif.org/v1/species/2478271/synonyms | total=0
2026-07-05 16:38:19 | INFO | Fetching: https://api.gbif.org/v1/species/2478237/synonyms | params={}
2026-07-05 16:38:19 | INFO | Finished: https://api.gbif.org/v1/species/2478237/synonyms | total=1
2026-07-05 16:38:19 | INFO | Fetching: https://api.gbif.org/v1/species/7340159/synonyms | params={}
2026-07-05 16:38:19 | INFO | Finished: https://api.gbif.org/v1/species/7340159/synonyms | total=2
2026-07-05 16:38:19 | INFO | Fetching: https://api.gbif.org/v1/species/7340161/synonyms | params={}
2026-07-05 16:38:20 | INFO | Finished: https://api.gbif.org/v1/species/7340161/synonyms | total=2
2026-07-05 16:38:20 | INFO | Fetching: https://api.gbif.org/v1/species/2478244/synonyms | params={}
2026-07-05 16:38:20 | INFO | Finished: https://api.gbif.org/v1/species/2478244/synonyms | total=0
2026-07-05 16:38:20 | INFO | Fetching: https://api.gbif.org/v1/species/6101206/synonyms | params={}
2026-07-05 16:38:20 | INFO | Finished: https://api.gbif.org/v1/species/6101206/synonyms | total=1
2026-07-05 16:38:20 | INFO | Fetching: https://api.gbif.org/v1/species/9213892/synonyms | params={}
2026-07-05 16:38:20 | INFO | Finished: https://api.gbif.org/v1/species/9213892/synonyms | total=0
2026-07-05 16:38:20 | INFO | Fetching: https://api.gbif.org/v1/species/6101204/synonyms | params={}
2026-07-05 16:38:20 | INFO | Finished: https://api.gbif.org/v1/species/6101204/synonyms | total=1
2026-07-05 16:38:20 | INFO | Fetching: https://api.gbif.org/v1/species/10844907/synonyms | params={}
2026-07-05 16:38:21 | INFO | Finished: https://api.gbif.org/v1/species/10844907/synonyms | total=0
2026-07-05 16:38:21 | INFO | Fetching: https://api.gbif.org/v1/species/6101205/synonyms | params={}
2026-07-05 16:38:21 | INFO | Finished: https://api.gbif.org/v1/species/6101205/synonyms | total=2
2026-07-05 16:38:21 | INFO | Fetching: https://api.gbif.org/v1/species/8363406/synonyms | params={}
2026-07-05 16:38:21 | INFO | Finished: https://api.gbif.org/v1/species/8363406/synonyms | total=1
2026-07-05 16:38:21 | INFO | Fetching: https://api.gbif.org/v1/species/2478037/synonyms | params={}
2026-07-05 16:38:21 | INFO | Finished: https://api.gbif.org/v1/species/2478037/synonyms | total=0
2026-07-05 16:38:21 | INFO | Fetching: https://api.gbif.org/v1/species/7387276/synonyms | params={}
2026-07-05 16:38:22 | INFO | Finished: https://api.gbif.org/v1/species/7387276/synonyms | total=0
2026-07-05 16:38:22 | INFO | Fetching: https://api.gbif.org/v1/species/8370569/synonyms | params={}
2026-07-05 16:38:22 | INFO | Finished: https://api.gbif.org/v1/species/8370569/synonyms | total=3
2026-07-05 16:38:22 | INFO | Fetching: https://api.gbif.org/v1/species/2478040/synonyms | params={}
2026-07-05 16:38:22 | INFO | Finished: https://api.gbif.org/v1/species/2478040/synonyms | total=0
2026-07-05 16:38:22 | INFO | Fetching: https://api.gbif.org/v1/species/11746102/synonyms | params={}
2026-07-05 16:38:22 | INFO | Finished: https://api.gbif.org/v1/species/11746102/synonyms | total=0
2026-07-05 16:38:22 | INFO | Fetching: https://api.gbif.org/v1/species/6085468/synonyms | params={}
2026-07-05 16:38:23 | INFO | Finished: https://api.gbif.org/v1/species/6085468/synonyms | total=2
2026-07-05 16:38:23 | INFO | Fetching: https://api.gbif.org/v1/species/7467150/synonyms | params={}
2026-07-05 16:38:23 | INFO | Finished: https://api.gbif.org/v1/species/7467150/synonyms | total=0
2026-07-05 16:38:23 | INFO | Fetching: https://api.gbif.org/v1/species/7974590/synonyms | params={}
2026-07-05 16:38:23 | INFO | Finished: https://api.gbif.org/v1/species/7974590/synonyms | total=1
2026-07-05 16:38:23 | INFO | Fetching: https://api.gbif.org/v1/species/10871802/synonyms | params={}
2026-07-05 16:38:23 | INFO | Finished: https://api.gbif.org/v1/species/10871802/synonyms | total=0
2026-07-05 16:38:23 | INFO | Fetching: https://api.gbif.org/v1/species/10696218/synonyms | params={}
2026-07-05 16:38:23 | INFO | Finished: https://api.gbif.org/v1/species/10696218/synonyms | total=0
2026-07-05 16:38:23 | INFO | Fetching: https://api.gbif.org/v1/species/10737595/synonyms | params={}
2026-07-05 16:38:24 | INFO | Finished: https://api.gbif.org/v1/species/10737595/synonyms | total=0
2026-07-05 16:38:24 | INFO | Fetching: https://api.gbif.org/v1/species/10819191/synonyms | params={}
2026-07-05 16:38:24 | INFO | Finished: https://api.gbif.org/v1/species/10819191/synonyms | total=0
2026-07-05 16:38:24 | INFO | Fetching: https://api.gbif.org/v1/species/10710662/synonyms | params={}
2026-07-05 16:38:24 | INFO | Finished: https://api.gbif.org/v1/species/10710662/synonyms | total=0
2026-07-05 16:38:24 | INFO | Fetching: https://api.gbif.org/v1/species/10886228/synonyms | params={}
2026-07-05 16:38:24 | INFO | Finished: https://api.gbif.org/v1/species/10886228/synonyms | total=0
2026-07-05 16:38:24 | INFO | Fetching: https://api.gbif.org/v1/species/10846163/synonyms | params={}
2026-07-05 16:38:25 | INFO | Finished: https://api.gbif.org/v1/species/10846163/synonyms | total=0
2026-07-05 16:38:25 | INFO | Fetching: https://api.gbif.org/v1/species/10804745/synonyms | params={}
2026-07-05 16:38:25 | INFO | Finished: https://api.gbif.org/v1/species/10804745/synonyms | total=0
2026-07-05 16:38:25 | INFO | Fetching: https://api.gbif.org/v1/species/8818908/synonyms | params={}
2026-07-05 16:38:25 | INFO | Finished: https://api.gbif.org/v1/species/8818908/synonyms | total=3
2026-07-05 16:38:25 | INFO | Fetching: https://api.gbif.org/v1/species/10752154/synonyms | params={}
2026-07-05 16:38:25 | INFO | Finished: https://api.gbif.org/v1/species/10752154/synonyms | total=0
2026-07-05 16:38:25 | INFO | Fetching: https://api.gbif.org/v1/species/10763309/synonyms | params={}
2026-07-05 16:38:26 | INFO | Finished: https://api.gbif.org/v1/species/10763309/synonyms | total=0
2026-07-05 16:38:26 | INFO | Fetching: https://api.gbif.org/v1/species/8841297/synonyms | params={}
2026-07-05 16:38:26 | INFO | Finished: https://api.gbif.org/v1/species/8841297/synonyms | total=4
2026-07-05 16:38:26 | INFO | Fetching: https://api.gbif.org/v1/species/10670652/synonyms | params={}
2026-07-05 16:38:26 | INFO | Finished: https://api.gbif.org/v1/species/10670652/synonyms | total=0
2026-07-05 16:38:26 | INFO | Fetching: https://api.gbif.org/v1/species/10777793/synonyms | params={}
2026-07-05 16:38:26 | INFO | Finished: https://api.gbif.org/v1/species/10777793/synonyms | total=0
2026-07-05 16:38:26 | INFO | Fetching: https://api.gbif.org/v1/species/9215800/synonyms | params={}
2026-07-05 16:38:27 | INFO | Finished: https://api.gbif.org/v1/species/9215800/synonyms | total=3
2026-07-05 16:38:27 | INFO | Fetching: https://api.gbif.org/v1/species/5228940/synonyms | params={}
2026-07-05 16:38:27 | INFO | Finished: https://api.gbif.org/v1/species/5228940/synonyms | total=0
2026-07-05 16:38:27 | INFO | Fetching: https://api.gbif.org/v1/species/5228959/synonyms | params={}
2026-07-05 16:38:27 | INFO | Finished: https://api.gbif.org/v1/species/5228959/synonyms | total=1
2026-07-05 16:38:27 | INFO | Fetching: https://api.gbif.org/v1/species/5228941/synonyms | params={}
2026-07-05 16:38:27 | INFO | Finished: https://api.gbif.org/v1/species/5228941/synonyms | total=0
2026-07-05 16:38:27 | INFO | Fetching: https://api.gbif.org/v1/species/5228966/synonyms | params={}
2026-07-05 16:38:27 | INFO | Finished: https://api.gbif.org/v1/species/5228966/synonyms | total=1
2026-07-05 16:38:27 | INFO | Fetching: https://api.gbif.org/v1/species/8868834/synonyms | params={}
2026-07-05 16:38:28 | INFO | Finished: https://api.gbif.org/v1/species/8868834/synonyms | total=3
2026-07-05 16:38:28 | INFO | Fetching: https://api.gbif.org/v1/species/5228935/synonyms | params={}
2026-07-05 16:38:28 | INFO | Finished: https://api.gbif.org/v1/species/5228935/synonyms | total=2
2026-07-05 16:38:28 | INFO | Fetching: https://api.gbif.org/v1/species/5228950/synonyms | params={}
2026-07-05 16:38:28 | INFO | Finished: https://api.gbif.org/v1/species/5228950/synonyms | total=0
2026-07-05 16:38:28 | INFO | Fetching: https://api.gbif.org/v1/species/5228917/synonyms | params={}
2026-07-05 16:38:28 | INFO | Finished: https://api.gbif.org/v1/species/5228917/synonyms | total=0
2026-07-05 16:38:28 | INFO | Fetching: https://api.gbif.org/v1/species/5228949/synonyms | params={}
2026-07-05 16:38:29 | INFO | Finished: https://api.gbif.org/v1/species/5228949/synonyms | total=0
2026-07-05 16:38:29 | INFO | Fetching: https://api.gbif.org/v1/species/9185344/synonyms | params={}
2026-07-05 16:38:29 | INFO | Finished: https://api.gbif.org/v1/species/9185344/synonyms | total=2
2026-07-05 16:38:29 | INFO | Fetching: https://api.gbif.org/v1/species/5228920/synonyms | params={}
2026-07-05 16:38:29 | INFO | Finished: https://api.gbif.org/v1/species/5228920/synonyms | total=0
2026-07-05 16:38:29 | INFO | Fetching: https://api.gbif.org/v1/species/5228945/synonyms | params={}
2026-07-05 16:38:29 | INFO | Finished: https://api.gbif.org/v1/species/5228945/synonyms | total=1
2026-07-05 16:38:29 | INFO | Fetching: https://api.gbif.org/v1/species/5228955/synonyms | params={}
2026-07-05 16:38:30 | INFO | Finished: https://api.gbif.org/v1/species/5228955/synonyms | total=2
2026-07-05 16:38:30 | INFO | Fetching: https://api.gbif.org/v1/species/2478174/synonyms | params={}
2026-07-05 16:38:30 | INFO | Finished: https://api.gbif.org/v1/species/2478174/synonyms | total=0
2026-07-05 16:38:30 | INFO | Fetching: https://api.gbif.org/v1/species/2478181/synonyms | params={}
2026-07-05 16:38:30 | INFO | Finished: https://api.gbif.org/v1/species/2478181/synonyms | total=0
2026-07-05 16:38:30 | INFO | Fetching: https://api.gbif.org/v1/species/2478189/synonyms | params={}
2026-07-05 16:38:30 | INFO | Finished: https://api.gbif.org/v1/species/2478189/synonyms | total=0
2026-07-05 16:38:30 | INFO | Fetching: https://api.gbif.org/v1/species/2478202/synonyms | params={}
2026-07-05 16:38:30 | INFO | Finished: https://api.gbif.org/v1/species/2478202/synonyms | total=0
2026-07-05 16:38:30 | INFO | Fetching: https://api.gbif.org/v1/species/2478194/synonyms | params={}
2026-07-05 16:38:31 | INFO | Finished: https://api.gbif.org/v1/species/2478194/synonyms | total=0
2026-07-05 16:38:31 | INFO | Fetching: https://api.gbif.org/v1/species/2478173/synonyms | params={}
2026-07-05 16:38:31 | INFO | Finished: https://api.gbif.org/v1/species/2478173/synonyms | total=0
2026-07-05 16:38:31 | INFO | Fetching: https://api.gbif.org/v1/species/2478195/synonyms | params={}
2026-07-05 16:38:31 | INFO | Finished: https://api.gbif.org/v1/species/2478195/synonyms | total=0
2026-07-05 16:38:31 | INFO | Fetching: https://api.gbif.org/v1/species/2478203/synonyms | params={}
2026-07-05 16:38:31 | INFO | Finished: https://api.gbif.org/v1/species/2478203/synonyms | total=0
2026-07-05 16:38:31 | INFO | Fetching: https://api.gbif.org/v1/species/2478185/synonyms | params={}
2026-07-05 16:38:32 | INFO | Finished: https://api.gbif.org/v1/species/2478185/synonyms | total=2
2026-07-05 16:38:32 | INFO | Fetching: https://api.gbif.org/v1/species/10982824/synonyms | params={}
2026-07-05 16:38:32 | INFO | Finished: https://api.gbif.org/v1/species/10982824/synonyms | total=0
2026-07-05 16:38:32 | INFO | Fetching: https://api.gbif.org/v1/species/2478169/synonyms | params={}
2026-07-05 16:38:32 | INFO | Finished: https://api.gbif.org/v1/species/2478169/synonyms | total=1
2026-07-05 16:38:32 | INFO | Fetching: https://api.gbif.org/v1/species/2478579/synonyms | params={}
2026-07-05 16:38:32 | INFO | Finished: https://api.gbif.org/v1/species/2478579/synonyms | total=0
2026-07-05 16:38:32 | INFO | Fetching: https://api.gbif.org/v1/species/2478580/synonyms | params={}
2026-07-05 16:38:33 | INFO | Finished: https://api.gbif.org/v1/species/2478580/synonyms | total=0
2026-07-05 16:38:33 | INFO | Fetching: https://api.gbif.org/v1/species/2478584/synonyms | params={}
2026-07-05 16:38:33 | INFO | Finished: https://api.gbif.org/v1/species/2478584/synonyms | total=0
2026-07-05 16:38:33 | INFO | Fetching: https://api.gbif.org/v1/species/2478577/synonyms | params={}
2026-07-05 16:38:33 | INFO | Finished: https://api.gbif.org/v1/species/2478577/synonyms | total=0
2026-07-05 16:38:33 | INFO | Fetching: https://api.gbif.org/v1/species/2478572/synonyms | params={}
2026-07-05 16:38:33 | INFO | Finished: https://api.gbif.org/v1/species/2478572/synonyms | total=0
2026-07-05 16:38:33 | INFO | Fetching: https://api.gbif.org/v1/species/2478578/synonyms | params={}
2026-07-05 16:38:33 | INFO | Finished: https://api.gbif.org/v1/species/2478578/synonyms | total=0
2026-07-05 16:38:33 | INFO | Fetching: https://api.gbif.org/v1/species/2478564/synonyms | params={}
2026-07-05 16:38:34 | INFO | Finished: https://api.gbif.org/v1/species/2478564/synonyms | total=1
2026-07-05 16:38:34 | INFO | Fetching: https://api.gbif.org/v1/species/12356578/synonyms | params={}
2026-07-05 16:38:34 | INFO | Finished: https://api.gbif.org/v1/species/12356578/synonyms | total=0
2026-07-05 16:38:34 | INFO | Fetching: https://api.gbif.org/v1/species/2478569/synonyms | params={}
2026-07-05 16:38:34 | INFO | Finished: https://api.gbif.org/v1/species/2478569/synonyms | total=0
2026-07-05 16:38:34 | INFO | Fetching: https://api.gbif.org/v1/species/2478561/synonyms | params={}
2026-07-05 16:38:34 | INFO | Finished: https://api.gbif.org/v1/species/2478561/synonyms | total=1
2026-07-05 16:38:34 | INFO | Fetching: https://api.gbif.org/v1/species/2478568/synonyms | params={}
2026-07-05 16:38:35 | INFO | Finished: https://api.gbif.org/v1/species/2478568/synonyms | total=0
2026-07-05 16:38:35 | INFO | Fetching: https://api.gbif.org/v1/species/2478573/synonyms | params={}
2026-07-05 16:38:35 | INFO | Finished: https://api.gbif.org/v1/species/2478573/synonyms | total=0
2026-07-05 16:38:35 | INFO | Fetching: https://api.gbif.org/v1/species/10762475/synonyms | params={}
2026-07-05 16:38:35 | INFO | Finished: https://api.gbif.org/v1/species/10762475/synonyms | total=0
2026-07-05 16:38:35 | INFO | Fetching: https://api.gbif.org/v1/species/2478226/synonyms | params={}
2026-07-05 16:38:35 | INFO | Finished: https://api.gbif.org/v1/species/2478226/synonyms | total=0
2026-07-05 16:38:35 | INFO | Fetching: https://api.gbif.org/v1/species/2478225/synonyms | params={}
2026-07-05 16:38:36 | INFO | Finished: https://api.gbif.org/v1/species/2478225/synonyms | total=0
2026-07-05 16:38:36 | INFO | Fetching: https://api.gbif.org/v1/species/12166873/synonyms | params={}
2026-07-05 16:38:36 | INFO | Finished: https://api.gbif.org/v1/species/12166873/synonyms | total=0
2026-07-05 16:38:36 | INFO | Fetching: https://api.gbif.org/v1/species/11989886/synonyms | params={}
2026-07-05 16:38:36 | INFO | Finished: https://api.gbif.org/v1/species/11989886/synonyms | total=0
2026-07-05 16:38:36 | INFO | Fetching: https://api.gbif.org/v1/species/8220278/synonyms | params={}
2026-07-05 16:38:36 | INFO | Finished: https://api.gbif.org/v1/species/8220278/synonyms | total=2
2026-07-05 16:38:36 | INFO | Fetching: https://api.gbif.org/v1/species/7666111/synonyms | params={}
2026-07-05 16:38:36 | INFO | Finished: https://api.gbif.org/v1/species/7666111/synonyms | total=2
2026-07-05 16:38:36 | INFO | Fetching: https://api.gbif.org/v1/species/7528533/synonyms | params={}
2026-07-05 16:38:37 | INFO | Finished: https://api.gbif.org/v1/species/7528533/synonyms | total=2
2026-07-05 16:38:37 | INFO | Fetching: https://api.gbif.org/v1/species/9102538/synonyms | params={}
2026-07-05 16:38:37 | INFO | Finished: https://api.gbif.org/v1/species/9102538/synonyms | total=2
2026-07-05 16:38:37 | INFO | Fetching: https://api.gbif.org/v1/species/8110522/synonyms | params={}
2026-07-05 16:38:37 | INFO | Finished: https://api.gbif.org/v1/species/8110522/synonyms | total=3
2026-07-05 16:38:37 | INFO | Fetching: https://api.gbif.org/v1/species/8359268/synonyms | params={}
2026-07-05 16:38:37 | INFO | Finished: https://api.gbif.org/v1/species/8359268/synonyms | total=2
2026-07-05 16:38:37 | INFO | Fetching: https://api.gbif.org/v1/species/7497537/synonyms | params={}
2026-07-05 16:38:38 | INFO | Finished: https://api.gbif.org/v1/species/7497537/synonyms | total=2
2026-07-05 16:38:38 | INFO | Fetching: https://api.gbif.org/v1/species/7719043/synonyms | params={}
2026-07-05 16:38:38 | INFO | Finished: https://api.gbif.org/v1/species/7719043/synonyms | total=0
2026-07-05 16:38:38 | INFO | Fetching: https://api.gbif.org/v1/species/7471066/synonyms | params={}
2026-07-05 16:38:38 | INFO | Finished: https://api.gbif.org/v1/species/7471066/synonyms | total=2
2026-07-05 16:38:38 | INFO | Fetching: https://api.gbif.org/v1/species/7885381/synonyms | params={}
2026-07-05 16:38:38 | INFO | Finished: https://api.gbif.org/v1/species/7885381/synonyms | total=0
2026-07-05 16:38:38 | INFO | Fetching: https://api.gbif.org/v1/species/7385758/synonyms | params={}
2026-07-05 16:38:38 | INFO | Finished: https://api.gbif.org/v1/species/7385758/synonyms | total=2
2026-07-05 16:38:38 | INFO | Fetching: https://api.gbif.org/v1/species/7501799/synonyms | params={}
2026-07-05 16:38:39 | INFO | Finished: https://api.gbif.org/v1/species/7501799/synonyms | total=1
2026-07-05 16:38:39 | INFO | Fetching: https://api.gbif.org/v1/species/7360840/synonyms | params={}
2026-07-05 16:38:39 | INFO | Finished: https://api.gbif.org/v1/species/7360840/synonyms | total=2
2026-07-05 16:38:39 | INFO | Fetching: https://api.gbif.org/v1/species/8129458/synonyms | params={}
2026-07-05 16:38:39 | INFO | Finished: https://api.gbif.org/v1/species/8129458/synonyms | total=2
2026-07-05 16:38:39 | INFO | Fetching: https://api.gbif.org/v1/species/7381546/synonyms | params={}
2026-07-05 16:38:39 | INFO | Finished: https://api.gbif.org/v1/species/7381546/synonyms | total=2
2026-07-05 16:38:39 | INFO | Fetching: https://api.gbif.org/v1/species/7691806/synonyms | params={}
2026-07-05 16:38:40 | INFO | Finished: https://api.gbif.org/v1/species/7691806/synonyms | total=2
2026-07-05 16:38:40 | INFO | Fetching: https://api.gbif.org/v1/species/7687489/synonyms | params={}
2026-07-05 16:38:40 | INFO | Finished: https://api.gbif.org/v1/species/7687489/synonyms | total=2
2026-07-05 16:38:40 | INFO | Fetching: https://api.gbif.org/v1/species/7484096/synonyms | params={}
2026-07-05 16:38:40 | INFO | Finished: https://api.gbif.org/v1/species/7484096/synonyms | total=1
2026-07-05 16:38:40 | INFO | Fetching: https://api.gbif.org/v1/species/7395391/synonyms | params={}
2026-07-05 16:38:40 | INFO | Finished: https://api.gbif.org/v1/species/7395391/synonyms | total=2
2026-07-05 16:38:40 | INFO | Fetching: https://api.gbif.org/v1/species/8205724/synonyms | params={}
2026-07-05 16:38:41 | INFO | Finished: https://api.gbif.org/v1/species/8205724/synonyms | total=1
2026-07-05 16:38:41 | INFO | Fetching: https://api.gbif.org/v1/species/7934047/synonyms | params={}
2026-07-05 16:38:41 | INFO | Finished: https://api.gbif.org/v1/species/7934047/synonyms | total=2
2026-07-05 16:38:41 | INFO | Fetching: https://api.gbif.org/v1/species/8157718/synonyms | params={}
2026-07-05 16:38:41 | INFO | Finished: https://api.gbif.org/v1/species/8157718/synonyms | total=2
2026-07-05 16:38:41 | INFO | Fetching: https://api.gbif.org/v1/species/7880953/synonyms | params={}
2026-07-05 16:38:41 | INFO | Finished: https://api.gbif.org/v1/species/7880953/synonyms | total=2
2026-07-05 16:38:41 | INFO | Fetching: https://api.gbif.org/v1/species/7515275/synonyms | params={}
2026-07-05 16:38:42 | INFO | Finished: https://api.gbif.org/v1/species/7515275/synonyms | total=2
2026-07-05 16:38:42 | INFO | Fetching: https://api.gbif.org/v1/species/7792756/synonyms | params={}
2026-07-05 16:38:42 | INFO | Finished: https://api.gbif.org/v1/species/7792756/synonyms | total=3
2026-07-05 16:38:42 | INFO | Fetching: https://api.gbif.org/v1/species/8006809/synonyms | params={}
2026-07-05 16:38:42 | INFO | Finished: https://api.gbif.org/v1/species/8006809/synonyms | total=3
2026-07-05 16:38:42 | INFO | Fetching: https://api.gbif.org/v1/species/8114638/synonyms | params={}
2026-07-05 16:38:42 | INFO | Finished: https://api.gbif.org/v1/species/8114638/synonyms | total=2
2026-07-05 16:38:42 | INFO | Fetching: https://api.gbif.org/v1/species/5229003/synonyms | params={}
2026-07-05 16:38:43 | INFO | Finished: https://api.gbif.org/v1/species/5229003/synonyms | total=0
2026-07-05 16:38:43 | INFO | Fetching: https://api.gbif.org/v1/species/7443473/synonyms | params={}
2026-07-05 16:38:43 | INFO | Finished: https://api.gbif.org/v1/species/7443473/synonyms | total=2
2026-07-05 16:38:43 | INFO | Fetching: https://api.gbif.org/v1/species/7522803/synonyms | params={}
2026-07-05 16:38:43 | INFO | Finished: https://api.gbif.org/v1/species/7522803/synonyms | total=3
2026-07-05 16:38:43 | INFO | Fetching: https://api.gbif.org/v1/species/7982358/synonyms | params={}
2026-07-05 16:38:43 | INFO | Finished: https://api.gbif.org/v1/species/7982358/synonyms | total=2
2026-07-05 16:38:43 | INFO | Fetching: https://api.gbif.org/v1/species/7796884/synonyms | params={}
2026-07-05 16:38:43 | INFO | Finished: https://api.gbif.org/v1/species/7796884/synonyms | total=2
2026-07-05 16:38:43 | INFO | Fetching: https://api.gbif.org/v1/species/7760921/synonyms | params={}
2026-07-05 16:38:44 | INFO | Finished: https://api.gbif.org/v1/species/7760921/synonyms | total=3
2026-07-05 16:38:44 | INFO | Fetching: https://api.gbif.org/v1/species/11671727/synonyms | params={}
2026-07-05 16:38:44 | INFO | Finished: https://api.gbif.org/v1/species/11671727/synonyms | total=0
2026-07-05 16:38:44 | INFO | Fetching: https://api.gbif.org/v1/species/11795129/synonyms | params={}
2026-07-05 16:38:44 | INFO | Finished: https://api.gbif.org/v1/species/11795129/synonyms | total=0
2026-07-05 16:38:44 | INFO | Fetching: https://api.gbif.org/v1/species/2478987/synonyms | params={}
2026-07-05 16:38:44 | INFO | Finished: https://api.gbif.org/v1/species/2478987/synonyms | total=2
2026-07-05 16:38:44 | INFO | Fetching: https://api.gbif.org/v1/species/8855774/synonyms | params={}
2026-07-05 16:38:45 | INFO | Finished: https://api.gbif.org/v1/species/8855774/synonyms | total=2
2026-07-05 16:38:45 | INFO | Fetching: https://api.gbif.org/v1/species/8028802/synonyms | params={}
2026-07-05 16:38:45 | INFO | Finished: https://api.gbif.org/v1/species/8028802/synonyms | total=0
2026-07-05 16:38:45 | INFO | Fetching: https://api.gbif.org/v1/species/2478871/synonyms | params={}
2026-07-05 16:38:45 | INFO | Finished: https://api.gbif.org/v1/species/2478871/synonyms | total=0
2026-07-05 16:38:45 | INFO | Fetching: https://api.gbif.org/v1/species/2478888/synonyms | params={}
2026-07-05 16:38:45 | INFO | Finished: https://api.gbif.org/v1/species/2478888/synonyms | total=0
2026-07-05 16:38:45 | INFO | Fetching: https://api.gbif.org/v1/species/2478878/synonyms | params={}
2026-07-05 16:38:46 | INFO | Finished: https://api.gbif.org/v1/species/2478878/synonyms | total=0
2026-07-05 16:38:46 | INFO | Fetching: https://api.gbif.org/v1/species/10850913/synonyms | params={}
2026-07-05 16:38:46 | INFO | Finished: https://api.gbif.org/v1/species/10850913/synonyms | total=0
2026-07-05 16:38:46 | INFO | Fetching: https://api.gbif.org/v1/species/2478868/synonyms | params={}
2026-07-05 16:38:46 | INFO | Finished: https://api.gbif.org/v1/species/2478868/synonyms | total=0
2026-07-05 16:38:46 | INFO | Fetching: https://api.gbif.org/v1/species/2478874/synonyms | params={}
2026-07-05 16:38:46 | INFO | Finished: https://api.gbif.org/v1/species/2478874/synonyms | total=0
2026-07-05 16:38:46 | INFO | Fetching: https://api.gbif.org/v1/species/2478883/synonyms | params={}
2026-07-05 16:38:47 | INFO | Finished: https://api.gbif.org/v1/species/2478883/synonyms | total=0
2026-07-05 16:38:47 | INFO | Fetching: https://api.gbif.org/v1/species/11175558/synonyms | params={}
2026-07-05 16:38:47 | INFO | Finished: https://api.gbif.org/v1/species/11175558/synonyms | total=1
2026-07-05 16:38:47 | INFO | Fetching: https://api.gbif.org/v1/species/11123435/synonyms | params={}
2026-07-05 16:38:47 | INFO | Finished: https://api.gbif.org/v1/species/11123435/synonyms | total=1
2026-07-05 16:38:47 | INFO | Fetching: https://api.gbif.org/v1/species/10884443/synonyms | params={}
2026-07-05 16:38:47 | INFO | Finished: https://api.gbif.org/v1/species/10884443/synonyms | total=0
2026-07-05 16:38:47 | INFO | Fetching: https://api.gbif.org/v1/species/2478893/synonyms | params={}
2026-07-05 16:38:47 | INFO | Finished: https://api.gbif.org/v1/species/2478893/synonyms | total=0
2026-07-05 16:38:47 | INFO | Fetching: https://api.gbif.org/v1/species/8342997/synonyms | params={}
2026-07-05 16:38:48 | INFO | Finished: https://api.gbif.org/v1/species/8342997/synonyms | total=0
2026-07-05 16:38:48 | INFO | Fetching: https://api.gbif.org/v1/species/2478902/synonyms | params={}
2026-07-05 16:38:48 | INFO | Finished: https://api.gbif.org/v1/species/2478902/synonyms | total=0
2026-07-05 16:38:48 | INFO | Fetching: https://api.gbif.org/v1/species/2478890/synonyms | params={}
2026-07-05 16:38:48 | INFO | Finished: https://api.gbif.org/v1/species/2478890/synonyms | total=0
2026-07-05 16:38:48 | INFO | Fetching: https://api.gbif.org/v1/species/2478850/synonyms | params={}
2026-07-05 16:38:48 | INFO | Finished: https://api.gbif.org/v1/species/2478850/synonyms | total=1
2026-07-05 16:38:48 | INFO | Fetching: https://api.gbif.org/v1/species/2478899/synonyms | params={}
2026-07-05 16:38:49 | INFO | Finished: https://api.gbif.org/v1/species/2478899/synonyms | total=0
2026-07-05 16:38:49 | INFO | Fetching: https://api.gbif.org/v1/species/2478809/synonyms | params={}
2026-07-05 16:38:49 | INFO | Finished: https://api.gbif.org/v1/species/2478809/synonyms | total=0
2026-07-05 16:38:49 | INFO | Fetching: https://api.gbif.org/v1/species/2478798/synonyms | params={}
2026-07-05 16:38:49 | INFO | Finished: https://api.gbif.org/v1/species/2478798/synonyms | total=0
2026-07-05 16:38:49 | INFO | Fetching: https://api.gbif.org/v1/species/2478792/synonyms | params={}
2026-07-05 16:38:49 | INFO | Finished: https://api.gbif.org/v1/species/2478792/synonyms | total=2
2026-07-05 16:38:49 | INFO | Fetching: https://api.gbif.org/v1/species/2478802/synonyms | params={}
2026-07-05 16:38:50 | INFO | Finished: https://api.gbif.org/v1/species/2478802/synonyms | total=0
2026-07-05 16:38:50 | INFO | Fetching: https://api.gbif.org/v1/species/10832158/synonyms | params={}
2026-07-05 16:38:50 | INFO | Finished: https://api.gbif.org/v1/species/10832158/synonyms | total=0
2026-07-05 16:38:50 | INFO | Fetching: https://api.gbif.org/v1/species/2478911/synonyms | params={}
2026-07-05 16:38:50 | INFO | Finished: https://api.gbif.org/v1/species/2478911/synonyms | total=0
2026-07-05 16:38:50 | INFO | Fetching: https://api.gbif.org/v1/species/2478916/synonyms | params={}
2026-07-05 16:38:50 | INFO | Finished: https://api.gbif.org/v1/species/2478916/synonyms | total=0
2026-07-05 16:38:50 | INFO | Fetching: https://api.gbif.org/v1/species/2478907/synonyms | params={}
2026-07-05 16:38:51 | INFO | Finished: https://api.gbif.org/v1/species/2478907/synonyms | total=0
2026-07-05 16:38:51 | INFO | Fetching: https://api.gbif.org/v1/species/6101208/synonyms | params={}
2026-07-05 16:38:51 | INFO | Finished: https://api.gbif.org/v1/species/6101208/synonyms | total=0
2026-07-05 16:38:51 | INFO | Fetching: https://api.gbif.org/v1/species/2478936/synonyms | params={}
2026-07-05 16:38:51 | INFO | Finished: https://api.gbif.org/v1/species/2478936/synonyms | total=0
2026-07-05 16:38:51 | INFO | Fetching: https://api.gbif.org/v1/species/5789363/synonyms | params={}
2026-07-05 16:38:51 | INFO | Finished: https://api.gbif.org/v1/species/5789363/synonyms | total=0
2026-07-05 16:38:51 | INFO | Fetching: https://api.gbif.org/v1/species/2478928/synonyms | params={}
2026-07-05 16:38:51 | INFO | Finished: https://api.gbif.org/v1/species/2478928/synonyms | total=0
2026-07-05 16:38:51 | INFO | Fetching: https://api.gbif.org/v1/species/2478924/synonyms | params={}
2026-07-05 16:38:52 | INFO | Finished: https://api.gbif.org/v1/species/2478924/synonyms | total=0
2026-07-05 16:38:52 | INFO | Fetching: https://api.gbif.org/v1/species/2478923/synonyms | params={}
2026-07-05 16:38:52 | INFO | Finished: https://api.gbif.org/v1/species/2478923/synonyms | total=0
2026-07-05 16:38:52 | INFO | Fetching: https://api.gbif.org/v1/species/2478932/synonyms | params={}
2026-07-05 16:38:52 | INFO | Finished: https://api.gbif.org/v1/species/2478932/synonyms | total=0
2026-07-05 16:38:52 | INFO | Fetching: https://api.gbif.org/v1/species/2479015/synonyms | params={}
2026-07-05 16:38:52 | INFO | Finished: https://api.gbif.org/v1/species/2479015/synonyms | total=2
2026-07-05 16:38:52 | INFO | Fetching: https://api.gbif.org/v1/species/2479006/synonyms | params={}
2026-07-05 16:38:53 | INFO | Finished: https://api.gbif.org/v1/species/2479006/synonyms | total=0
2026-07-05 16:38:53 | INFO | Fetching: https://api.gbif.org/v1/species/2479027/synonyms | params={}
2026-07-05 16:38:53 | INFO | Finished: https://api.gbif.org/v1/species/2479027/synonyms | total=2
2026-07-05 16:38:53 | INFO | Fetching: https://api.gbif.org/v1/species/2478997/synonyms | params={}
2026-07-05 16:38:53 | INFO | Finished: https://api.gbif.org/v1/species/2478997/synonyms | total=0
2026-07-05 16:38:53 | INFO | Fetching: https://api.gbif.org/v1/species/12037443/synonyms | params={}
2026-07-05 16:38:53 | INFO | Finished: https://api.gbif.org/v1/species/12037443/synonyms | total=0
2026-07-05 16:38:53 | INFO | Fetching: https://api.gbif.org/v1/species/2479018/synonyms | params={}
2026-07-05 16:38:53 | INFO | Finished: https://api.gbif.org/v1/species/2479018/synonyms | total=0
2026-07-05 16:38:53 | INFO | Fetching: https://api.gbif.org/v1/species/2479026/synonyms | params={}
2026-07-05 16:38:54 | INFO | Finished: https://api.gbif.org/v1/species/2479026/synonyms | total=2
2026-07-05 16:38:54 | INFO | Fetching: https://api.gbif.org/v1/species/2478998/synonyms | params={}
2026-07-05 16:38:54 | INFO | Finished: https://api.gbif.org/v1/species/2478998/synonyms | total=2
2026-07-05 16:38:54 | INFO | Fetching: https://api.gbif.org/v1/species/2479001/synonyms | params={}
2026-07-05 16:38:54 | INFO | Finished: https://api.gbif.org/v1/species/2479001/synonyms | total=0
2026-07-05 16:38:54 | INFO | Fetching: https://api.gbif.org/v1/species/2479025/synonyms | params={}
2026-07-05 16:38:54 | INFO | Finished: https://api.gbif.org/v1/species/2479025/synonyms | total=0
2026-07-05 16:38:54 | INFO | Fetching: https://api.gbif.org/v1/species/2479007/synonyms | params={}
2026-07-05 16:38:55 | INFO | Finished: https://api.gbif.org/v1/species/2479007/synonyms | total=0
2026-07-05 16:38:55 | INFO | Fetching: https://api.gbif.org/v1/species/2478992/synonyms | params={}
2026-07-05 16:38:55 | INFO | Finished: https://api.gbif.org/v1/species/2478992/synonyms | total=0
2026-07-05 16:38:55 | INFO | Fetching: https://api.gbif.org/v1/species/2479002/synonyms | params={}
2026-07-05 16:38:55 | INFO | Finished: https://api.gbif.org/v1/species/2479002/synonyms | total=1
2026-07-05 16:38:55 | INFO | Fetching: https://api.gbif.org/v1/species/2478747/synonyms | params={}
2026-07-05 16:38:55 | INFO | Finished: https://api.gbif.org/v1/species/2478747/synonyms | total=0
2026-07-05 16:38:55 | INFO | Fetching: https://api.gbif.org/v1/species/2478750/synonyms | params={}
2026-07-05 16:38:56 | INFO | Finished: https://api.gbif.org/v1/species/2478750/synonyms | total=0
2026-07-05 16:38:56 | INFO | Fetching: https://api.gbif.org/v1/species/7441415/synonyms | params={}
2026-07-05 16:38:56 | INFO | Finished: https://api.gbif.org/v1/species/7441415/synonyms | total=0
2026-07-05 16:38:56 | INFO | Fetching: https://api.gbif.org/v1/species/2478746/synonyms | params={}
2026-07-05 16:38:56 | INFO | Finished: https://api.gbif.org/v1/species/2478746/synonyms | total=0
2026-07-05 16:38:56 | INFO | Fetching: https://api.gbif.org/v1/species/2478754/synonyms | params={}
2026-07-05 16:38:56 | INFO | Finished: https://api.gbif.org/v1/species/2478754/synonyms | total=0
2026-07-05 16:38:56 | INFO | Fetching: https://api.gbif.org/v1/species/8065942/synonyms | params={}
2026-07-05 16:38:56 | INFO | Finished: https://api.gbif.org/v1/species/8065942/synonyms | total=0
2026-07-05 16:38:56 | INFO | Fetching: https://api.gbif.org/v1/species/10790779/synonyms | params={}
2026-07-05 16:38:57 | INFO | Finished: https://api.gbif.org/v1/species/10790779/synonyms | total=0
2026-07-05 16:38:57 | INFO | Fetching: https://api.gbif.org/v1/species/2478790/synonyms | params={}
2026-07-05 16:38:57 | INFO | Finished: https://api.gbif.org/v1/species/2478790/synonyms | total=1
2026-07-05 16:38:57 | INFO | Fetching: https://api.gbif.org/v1/species/2478619/synonyms | params={}
2026-07-05 16:38:57 | INFO | Finished: https://api.gbif.org/v1/species/2478619/synonyms | total=0
2026-07-05 16:38:57 | INFO | Fetching: https://api.gbif.org/v1/species/2478613/synonyms | params={}
2026-07-05 16:38:57 | INFO | Finished: https://api.gbif.org/v1/species/2478613/synonyms | total=0
2026-07-05 16:38:57 | INFO | Fetching: https://api.gbif.org/v1/species/7826180/synonyms | params={}
2026-07-05 16:38:58 | INFO | Finished: https://api.gbif.org/v1/species/7826180/synonyms | total=0
2026-07-05 16:38:58 | INFO | Fetching: https://api.gbif.org/v1/species/7672625/synonyms | params={}
2026-07-05 16:38:58 | INFO | Finished: https://api.gbif.org/v1/species/7672625/synonyms | total=0
2026-07-05 16:38:58 | INFO | Fetching: https://api.gbif.org/v1/species/2478616/synonyms | params={}
2026-07-05 16:38:58 | INFO | Finished: https://api.gbif.org/v1/species/2478616/synonyms | total=0
2026-07-05 16:38:58 | INFO | Fetching: https://api.gbif.org/v1/species/2478656/synonyms | params={}
2026-07-05 16:38:58 | INFO | Finished: https://api.gbif.org/v1/species/2478656/synonyms | total=0
2026-07-05 16:38:58 | INFO | Fetching: https://api.gbif.org/v1/species/2478655/synonyms | params={}
2026-07-05 16:38:58 | INFO | Finished: https://api.gbif.org/v1/species/2478655/synonyms | total=0
2026-07-05 16:38:58 | INFO | Fetching: https://api.gbif.org/v1/species/2478611/synonyms | params={}
2026-07-05 16:38:59 | INFO | Finished: https://api.gbif.org/v1/species/2478611/synonyms | total=0
2026-07-05 16:38:59 | INFO | Fetching: https://api.gbif.org/v1/species/5229002/synonyms | params={}
2026-07-05 16:38:59 | INFO | Finished: https://api.gbif.org/v1/species/5229002/synonyms | total=0
2026-07-05 16:38:59 | INFO | Fetching: https://api.gbif.org/v1/species/5228973/synonyms | params={}
2026-07-05 16:38:59 | INFO | Finished: https://api.gbif.org/v1/species/5228973/synonyms | total=2
2026-07-05 16:38:59 | INFO | Fetching: https://api.gbif.org/v1/species/5228981/synonyms | params={}
2026-07-05 16:38:59 | INFO | Finished: https://api.gbif.org/v1/species/5228981/synonyms | total=0
2026-07-05 16:38:59 | INFO | Fetching: https://api.gbif.org/v1/species/5228976/synonyms | params={}
2026-07-05 16:39:00 | INFO | Finished: https://api.gbif.org/v1/species/5228976/synonyms | total=0
2026-07-05 16:39:00 | INFO | Fetching: https://api.gbif.org/v1/species/5228992/synonyms | params={}
2026-07-05 16:39:00 | INFO | Finished: https://api.gbif.org/v1/species/5228992/synonyms | total=0
2026-07-05 16:39:00 | INFO | Fetching: https://api.gbif.org/v1/species/11680450/synonyms | params={}
2026-07-05 16:39:00 | INFO | Finished: https://api.gbif.org/v1/species/11680450/synonyms | total=0
2026-07-05 16:39:00 | INFO | Fetching: https://api.gbif.org/v1/species/5228995/synonyms | params={}
2026-07-05 16:39:00 | INFO | Finished: https://api.gbif.org/v1/species/5228995/synonyms | total=0
2026-07-05 16:39:00 | INFO | Fetching: https://api.gbif.org/v1/species/5228985/synonyms | params={}
2026-07-05 16:39:01 | INFO | Finished: https://api.gbif.org/v1/species/5228985/synonyms | total=0
2026-07-05 16:39:01 | INFO | Fetching: https://api.gbif.org/v1/species/5228972/synonyms | params={}
2026-07-05 16:39:01 | INFO | Finished: https://api.gbif.org/v1/species/5228972/synonyms | total=0
2026-07-05 16:39:01 | INFO | Fetching: https://api.gbif.org/v1/species/9838630/synonyms | params={}
2026-07-05 16:39:01 | INFO | Finished: https://api.gbif.org/v1/species/9838630/synonyms | total=0
2026-07-05 16:39:01 | INFO | Fetching: https://api.gbif.org/v1/species/5228977/synonyms | params={}
2026-07-05 16:39:01 | INFO | Finished: https://api.gbif.org/v1/species/5228977/synonyms | total=0
2026-07-05 16:39:01 | INFO | Fetching: https://api.gbif.org/v1/species/5228998/synonyms | params={}
2026-07-05 16:39:01 | INFO | Finished: https://api.gbif.org/v1/species/5228998/synonyms | total=0
2026-07-05 16:39:01 | INFO | Fetching: https://api.gbif.org/v1/species/5228978/synonyms | params={}
2026-07-05 16:39:02 | INFO | Finished: https://api.gbif.org/v1/species/5228978/synonyms | total=2
2026-07-05 16:39:02 | INFO | Fetching: https://api.gbif.org/v1/species/4966458/synonyms | params={}
2026-07-05 16:39:02 | INFO | Finished: https://api.gbif.org/v1/species/4966458/synonyms | total=0
2026-07-05 16:39:02 | INFO | Fetching: https://api.gbif.org/v1/species/2475080/synonyms | params={}
2026-07-05 16:39:02 | INFO | Finished: https://api.gbif.org/v1/species/2475080/synonyms | total=3
2026-07-05 16:39:02 | INFO | Fetching: https://api.gbif.org/v1/species/2475038/synonyms | params={}
2026-07-05 16:39:02 | INFO | Finished: https://api.gbif.org/v1/species/2475038/synonyms | total=0
2026-07-05 16:39:02 | INFO | Fetching: https://api.gbif.org/v1/species/9469122/synonyms | params={}
2026-07-05 16:39:03 | INFO | Finished: https://api.gbif.org/v1/species/9469122/synonyms | total=0
2026-07-05 16:39:03 | INFO | Fetching: https://api.gbif.org/v1/species/5228253/synonyms | params={}
2026-07-05 16:39:03 | INFO | Finished: https://api.gbif.org/v1/species/5228253/synonyms | total=0
2026-07-05 16:39:03 | INFO | Fetching: https://api.gbif.org/v1/species/10780903/synonyms | params={}
2026-07-05 16:39:03 | INFO | Finished: https://api.gbif.org/v1/species/10780903/synonyms | total=0
2026-07-05 16:39:03 | INFO | Fetching: https://api.gbif.org/v1/species/5228261/synonyms | params={}
2026-07-05 16:39:03 | INFO | Finished: https://api.gbif.org/v1/species/5228261/synonyms | total=0
2026-07-05 16:39:03 | INFO | Fetching: https://api.gbif.org/v1/species/5228246/synonyms | params={}
2026-07-05 16:39:04 | INFO | Finished: https://api.gbif.org/v1/species/5228246/synonyms | total=0
2026-07-05 16:39:04 | INFO | Fetching: https://api.gbif.org/v1/species/5228248/synonyms | params={}
2026-07-05 16:39:04 | INFO | Finished: https://api.gbif.org/v1/species/5228248/synonyms | total=0
2026-07-05 16:39:04 | INFO | Fetching: https://api.gbif.org/v1/species/5228256/synonyms | params={}
2026-07-05 16:39:04 | INFO | Finished: https://api.gbif.org/v1/species/5228256/synonyms | total=1
2026-07-05 16:39:04 | INFO | Fetching: https://api.gbif.org/v1/species/5228252/synonyms | params={}
2026-07-05 16:39:04 | INFO | Finished: https://api.gbif.org/v1/species/5228252/synonyms | total=1
2026-07-05 16:39:04 | INFO | Fetching: https://api.gbif.org/v1/species/5228243/synonyms | params={}
2026-07-05 16:39:04 | INFO | Finished: https://api.gbif.org/v1/species/5228243/synonyms | total=2
2026-07-05 16:39:04 | INFO | Fetching: https://api.gbif.org/v1/species/5228247/synonyms | params={}
2026-07-05 16:39:05 | INFO | Finished: https://api.gbif.org/v1/species/5228247/synonyms | total=0
2026-07-05 16:39:05 | INFO | Fetching: https://api.gbif.org/v1/species/5228236/synonyms | params={}
2026-07-05 16:39:05 | INFO | Finished: https://api.gbif.org/v1/species/5228236/synonyms | total=0
2026-07-05 16:39:05 | INFO | Fetching: https://api.gbif.org/v1/species/5228249/synonyms | params={}
2026-07-05 16:39:05 | INFO | Finished: https://api.gbif.org/v1/species/5228249/synonyms | total=0
2026-07-05 16:39:05 | INFO | Fetching: https://api.gbif.org/v1/species/2475087/synonyms | params={}
2026-07-05 16:39:05 | INFO | Finished: https://api.gbif.org/v1/species/2475087/synonyms | total=0
2026-07-05 16:39:05 | INFO | Fetching: https://api.gbif.org/v1/species/2475086/synonyms | params={}
2026-07-05 16:39:06 | INFO | Finished: https://api.gbif.org/v1/species/2475086/synonyms | total=0
2026-07-05 16:39:06 | INFO | Fetching: https://api.gbif.org/v1/species/2475050/synonyms | params={}
2026-07-05 16:39:06 | INFO | Finished: https://api.gbif.org/v1/species/2475050/synonyms | total=0
2026-07-05 16:39:06 | INFO | Fetching: https://api.gbif.org/v1/species/2475049/synonyms | params={}
2026-07-05 16:39:06 | INFO | Finished: https://api.gbif.org/v1/species/2475049/synonyms | total=0
2026-07-05 16:39:06 | INFO | Fetching: https://api.gbif.org/v1/species/2475040/synonyms | params={}
2026-07-05 16:39:06 | INFO | Finished: https://api.gbif.org/v1/species/2475040/synonyms | total=1
2026-07-05 16:39:06 | INFO | Fetching: https://api.gbif.org/v1/species/2475051/synonyms | params={}
2026-07-05 16:39:07 | INFO | Finished: https://api.gbif.org/v1/species/2475051/synonyms | total=0
2026-07-05 16:39:07 | INFO | Fetching: https://api.gbif.org/v1/species/8971805/synonyms | params={}
2026-07-05 16:39:07 | INFO | Finished: https://api.gbif.org/v1/species/8971805/synonyms | total=0
2026-07-05 16:39:07 | INFO | Fetching: https://api.gbif.org/v1/species/2478979/synonyms | params={}
2026-07-05 16:39:07 | INFO | Finished: https://api.gbif.org/v1/species/2478979/synonyms | total=0
2026-07-05 16:39:07 | INFO | Fetching: https://api.gbif.org/v1/species/2478973/synonyms | params={}
2026-07-05 16:39:07 | INFO | Finished: https://api.gbif.org/v1/species/2478973/synonyms | total=0
2026-07-05 16:39:07 | INFO | Fetching: https://api.gbif.org/v1/species/2478978/synonyms | params={}
2026-07-05 16:39:08 | INFO | Finished: https://api.gbif.org/v1/species/2478978/synonyms | total=0
2026-07-05 16:39:08 | INFO | Fetching: https://api.gbif.org/v1/species/2478969/synonyms | params={}
2026-07-05 16:39:08 | INFO | Finished: https://api.gbif.org/v1/species/2478969/synonyms | total=0
2026-07-05 16:39:08 | INFO | Fetching: https://api.gbif.org/v1/species/2479031/synonyms | params={}
2026-07-05 16:39:08 | INFO | Finished: https://api.gbif.org/v1/species/2479031/synonyms | total=0
2026-07-05 16:39:08 | INFO | Fetching: https://api.gbif.org/v1/species/2479050/synonyms | params={}
2026-07-05 16:39:08 | INFO | Finished: https://api.gbif.org/v1/species/2479050/synonyms | total=0
2026-07-05 16:39:08 | INFO | Fetching: https://api.gbif.org/v1/species/2479044/synonyms | params={}
2026-07-05 16:39:08 | INFO | Finished: https://api.gbif.org/v1/species/2479044/synonyms | total=0
2026-07-05 16:39:08 | INFO | Fetching: https://api.gbif.org/v1/species/2479045/synonyms | params={}
2026-07-05 16:39:09 | INFO | Finished: https://api.gbif.org/v1/species/2479045/synonyms | total=0
2026-07-05 16:39:09 | INFO | Fetching: https://api.gbif.org/v1/species/8094559/synonyms | params={}
2026-07-05 16:39:09 | INFO | Finished: https://api.gbif.org/v1/species/8094559/synonyms | total=0
2026-07-05 16:39:09 | INFO | Fetching: https://api.gbif.org/v1/species/2479046/synonyms | params={}
2026-07-05 16:39:09 | INFO | Finished: https://api.gbif.org/v1/species/2479046/synonyms | total=0
2026-07-05 16:39:09 | INFO | Fetching: https://api.gbif.org/v1/species/9874543/synonyms | params={}
2026-07-05 16:39:09 | INFO | Finished: https://api.gbif.org/v1/species/9874543/synonyms | total=0
2026-07-05 16:39:09 | INFO | Fetching: https://api.gbif.org/v1/species/2479041/synonyms | params={}
2026-07-05 16:39:09 | INFO | Finished: https://api.gbif.org/v1/species/2479041/synonyms | total=0
2026-07-05 16:39:09 | INFO | Fetching: https://api.gbif.org/v1/species/2479051/synonyms | params={}
2026-07-05 16:39:10 | INFO | Finished: https://api.gbif.org/v1/species/2479051/synonyms | total=1
2026-07-05 16:39:10 | INFO | Fetching: https://api.gbif.org/v1/species/2479040/synonyms | params={}
2026-07-05 16:39:10 | INFO | Finished: https://api.gbif.org/v1/species/2479040/synonyms | total=0
2026-07-05 16:39:10 | INFO | Fetching: https://api.gbif.org/v1/species/2479030/synonyms | params={}
2026-07-05 16:39:10 | INFO | Finished: https://api.gbif.org/v1/species/2479030/synonyms | total=0
2026-07-05 16:39:10 | INFO | Fetching: https://api.gbif.org/v1/species/2479029/synonyms | params={}
2026-07-05 16:39:10 | INFO | Finished: https://api.gbif.org/v1/species/2479029/synonyms | total=0
2026-07-05 16:39:10 | INFO | Fetching: https://api.gbif.org/v1/species/2475192/synonyms | params={}
2026-07-05 16:39:11 | INFO | Finished: https://api.gbif.org/v1/species/2475192/synonyms | total=1
2026-07-05 16:39:11 | INFO | Fetching: https://api.gbif.org/v1/species/2475195/synonyms | params={}
2026-07-05 16:39:11 | INFO | Finished: https://api.gbif.org/v1/species/2475195/synonyms | total=2
2026-07-05 16:39:11 | INFO | Fetching: https://api.gbif.org/v1/species/8223154/synonyms | params={}
2026-07-05 16:39:11 | INFO | Finished: https://api.gbif.org/v1/species/8223154/synonyms | total=0
2026-07-05 16:39:11 | INFO | Fetching: https://api.gbif.org/v1/species/2475200/synonyms | params={}
2026-07-05 16:39:11 | INFO | Finished: https://api.gbif.org/v1/species/2475200/synonyms | total=0
2026-07-05 16:39:11 | INFO | Fetching: https://api.gbif.org/v1/species/6101201/synonyms | params={}
2026-07-05 16:39:12 | INFO | Finished: https://api.gbif.org/v1/species/6101201/synonyms | total=3
2026-07-05 16:39:12 | INFO | Fetching: https://api.gbif.org/v1/species/2475201/synonyms | params={}
2026-07-05 16:39:12 | INFO | Finished: https://api.gbif.org/v1/species/2475201/synonyms | total=0
2026-07-05 16:39:12 | INFO | Fetching: https://api.gbif.org/v1/species/7340220/synonyms | params={}
2026-07-05 16:39:12 | INFO | Finished: https://api.gbif.org/v1/species/7340220/synonyms | total=0
2026-07-05 16:39:12 | INFO | Fetching: https://api.gbif.org/v1/species/2475102/synonyms | params={}
2026-07-05 16:39:12 | INFO | Finished: https://api.gbif.org/v1/species/2475102/synonyms | total=2
2026-07-05 16:39:12 | INFO | Fetching: https://api.gbif.org/v1/species/2475107/synonyms | params={}
2026-07-05 16:39:12 | INFO | Finished: https://api.gbif.org/v1/species/2475107/synonyms | total=0
2026-07-05 16:39:12 | INFO | Fetching: https://api.gbif.org/v1/species/2475108/synonyms | params={}
2026-07-05 16:39:13 | INFO | Finished: https://api.gbif.org/v1/species/2475108/synonyms | total=0
2026-07-05 16:39:13 | INFO | Fetching: https://api.gbif.org/v1/species/2475096/synonyms | params={}
2026-07-05 16:39:13 | INFO | Finished: https://api.gbif.org/v1/species/2475096/synonyms | total=2
2026-07-05 16:39:13 | INFO | Fetching: https://api.gbif.org/v1/species/2475098/synonyms | params={}
2026-07-05 16:39:13 | INFO | Finished: https://api.gbif.org/v1/species/2475098/synonyms | total=1
2026-07-05 16:39:13 | INFO | Fetching: https://api.gbif.org/v1/species/2475121/synonyms | params={}
2026-07-05 16:39:13 | INFO | Finished: https://api.gbif.org/v1/species/2475121/synonyms | total=0
2026-07-05 16:39:13 | INFO | Fetching: https://api.gbif.org/v1/species/2475135/synonyms | params={}
2026-07-05 16:39:14 | INFO | Finished: https://api.gbif.org/v1/species/2475135/synonyms | total=0
2026-07-05 16:39:14 | INFO | Fetching: https://api.gbif.org/v1/species/2475136/synonyms | params={}
2026-07-05 16:39:14 | INFO | Finished: https://api.gbif.org/v1/species/2475136/synonyms | total=0
2026-07-05 16:39:14 | INFO | Fetching: https://api.gbif.org/v1/species/2475122/synonyms | params={}
2026-07-05 16:39:14 | INFO | Finished: https://api.gbif.org/v1/species/2475122/synonyms | total=1
2026-07-05 16:39:14 | INFO | Fetching: https://api.gbif.org/v1/species/2475130/synonyms | params={}
2026-07-05 16:39:14 | INFO | Finished: https://api.gbif.org/v1/species/2475130/synonyms | total=0
2026-07-05 16:39:14 | INFO | Fetching: https://api.gbif.org/v1/species/2475140/synonyms | params={}
2026-07-05 16:39:15 | INFO | Finished: https://api.gbif.org/v1/species/2475140/synonyms | total=0
2026-07-05 16:39:15 | INFO | Fetching: https://api.gbif.org/v1/species/2475190/synonyms | params={}
2026-07-05 16:39:15 | INFO | Finished: https://api.gbif.org/v1/species/2475190/synonyms | total=1
2026-07-05 16:39:15 | INFO | Fetching: https://api.gbif.org/v1/species/2475178/synonyms | params={}
2026-07-05 16:39:15 | INFO | Finished: https://api.gbif.org/v1/species/2475178/synonyms | total=0
2026-07-05 16:39:15 | INFO | Fetching: https://api.gbif.org/v1/species/2475179/synonyms | params={}
2026-07-05 16:39:15 | INFO | Finished: https://api.gbif.org/v1/species/2475179/synonyms | total=0
2026-07-05 16:39:15 | INFO | Fetching: https://api.gbif.org/v1/species/2475187/synonyms | params={}
2026-07-05 16:39:15 | INFO | Finished: https://api.gbif.org/v1/species/2475187/synonyms | total=1
2026-07-05 16:39:15 | INFO | Fetching: https://api.gbif.org/v1/species/2475207/synonyms | params={}
2026-07-05 16:39:16 | INFO | Finished: https://api.gbif.org/v1/species/2475207/synonyms | total=2
2026-07-05 16:39:16 | INFO | Fetching: https://api.gbif.org/v1/species/2475143/synonyms | params={}
2026-07-05 16:39:16 | INFO | Finished: https://api.gbif.org/v1/species/2475143/synonyms | total=3
2026-07-05 16:39:16 | INFO | Fetching: https://api.gbif.org/v1/species/2475157/synonyms | params={}
2026-07-05 16:39:16 | INFO | Finished: https://api.gbif.org/v1/species/2475157/synonyms | total=3
2026-07-05 16:39:16 | INFO | Fetching: https://api.gbif.org/v1/species/10734567/synonyms | params={}
2026-07-05 16:39:16 | INFO | Finished: https://api.gbif.org/v1/species/10734567/synonyms | total=0
2026-07-05 16:39:16 | INFO | Fetching: https://api.gbif.org/v1/species/2475142/synonyms | params={}
2026-07-05 16:39:17 | INFO | Finished: https://api.gbif.org/v1/species/2475142/synonyms | total=0
2026-07-05 16:39:17 | INFO | Fetching: https://api.gbif.org/v1/species/2475147/synonyms | params={}
2026-07-05 16:39:17 | INFO | Finished: https://api.gbif.org/v1/species/2475147/synonyms | total=0
2026-07-05 16:39:17 | INFO | Fetching: https://api.gbif.org/v1/species/2475160/synonyms | params={}
2026-07-05 16:39:17 | INFO | Finished: https://api.gbif.org/v1/species/2475160/synonyms | total=0
2026-07-05 16:39:17 | INFO | Fetching: https://api.gbif.org/v1/species/2475163/synonyms | params={}
2026-07-05 16:39:17 | INFO | Finished: https://api.gbif.org/v1/species/2475163/synonyms | total=0
2026-07-05 16:39:17 | INFO | Fetching: https://api.gbif.org/v1/species/2475154/synonyms | params={}
2026-07-05 16:39:18 | INFO | Finished: https://api.gbif.org/v1/species/2475154/synonyms | total=0
2026-07-05 16:39:18 | INFO | Fetching: https://api.gbif.org/v1/species/2475171/synonyms | params={}
2026-07-05 16:39:18 | INFO | Finished: https://api.gbif.org/v1/species/2475171/synonyms | total=2
2026-07-05 16:39:18 | INFO | Fetching: https://api.gbif.org/v1/species/2475165/synonyms | params={}
2026-07-05 16:39:18 | INFO | Finished: https://api.gbif.org/v1/species/2475165/synonyms | total=0
2026-07-05 16:39:18 | INFO | Fetching: https://api.gbif.org/v1/species/2475205/synonyms | params={}
2026-07-05 16:39:18 | INFO | Finished: https://api.gbif.org/v1/species/2475205/synonyms | total=0
2026-07-05 16:39:18 | INFO | Fetching: https://api.gbif.org/v1/species/5228262/synonyms | params={}
2026-07-05 16:39:18 | INFO | Finished: https://api.gbif.org/v1/species/5228262/synonyms | total=1
2026-07-05 16:39:18 | INFO | Fetching: https://api.gbif.org/v1/species/10144651/synonyms | params={}
2026-07-05 16:39:19 | INFO | Finished: https://api.gbif.org/v1/species/10144651/synonyms | total=0
2026-07-05 16:39:19 | INFO | Fetching: https://api.gbif.org/v1/species/10540697/synonyms | params={}
2026-07-05 16:39:19 | INFO | Finished: https://api.gbif.org/v1/species/10540697/synonyms | total=0
2026-07-05 16:39:19 | INFO | Fetching: https://api.gbif.org/v1/species/9434351/synonyms | params={}
2026-07-05 16:39:19 | INFO | Finished: https://api.gbif.org/v1/species/9434351/synonyms | total=0
2026-07-05 16:39:19 | INFO | Fetching: https://api.gbif.org/v1/species/12191207/synonyms | params={}
2026-07-05 16:39:19 | INFO | Finished: https://api.gbif.org/v1/species/12191207/synonyms | total=0
2026-07-05 16:39:19 | INFO | Fetching: https://api.gbif.org/v1/species/5228276/synonyms | params={}
2026-07-05 16:39:20 | INFO | Finished: https://api.gbif.org/v1/species/5228276/synonyms | total=3
2026-07-05 16:39:20 | INFO | Fetching: https://api.gbif.org/v1/species/7408305/synonyms | params={}
2026-07-05 16:39:20 | INFO | Finished: https://api.gbif.org/v1/species/7408305/synonyms | total=0
2026-07-05 16:39:20 | INFO | Fetching: https://api.gbif.org/v1/species/9901060/synonyms | params={}
2026-07-05 16:39:20 | INFO | Finished: https://api.gbif.org/v1/species/9901060/synonyms | total=0
2026-07-05 16:39:20 | INFO | Fetching: https://api.gbif.org/v1/species/9333182/synonyms | params={}
2026-07-05 16:39:20 | INFO | Finished: https://api.gbif.org/v1/species/9333182/synonyms | total=0
2026-07-05 16:39:20 | INFO | Fetching: https://api.gbif.org/v1/species/5228265/synonyms | params={}
2026-07-05 16:39:21 | INFO | Finished: https://api.gbif.org/v1/species/5228265/synonyms | total=2
2026-07-05 16:39:21 | INFO | Fetching: https://api.gbif.org/v1/species/8389259/synonyms | params={}
2026-07-05 16:39:21 | INFO | Finished: https://api.gbif.org/v1/species/8389259/synonyms | total=0
2026-07-05 16:39:21 | INFO | Fetching: https://api.gbif.org/v1/species/5228275/synonyms | params={}
2026-07-05 16:39:21 | INFO | Finished: https://api.gbif.org/v1/species/5228275/synonyms | total=1
2026-07-05 16:39:21 | INFO | Fetching: https://api.gbif.org/v1/species/5228270/synonyms | params={}
2026-07-05 16:39:21 | INFO | Finished: https://api.gbif.org/v1/species/5228270/synonyms | total=4
2026-07-05 16:39:21 | INFO | Saved CSV: data/lamiales_taxa_with_current_names_all.csv
2026-07-05 16:39:21 | INFO | Rows written: 248
