model,file,accuracy,precision,recall,f1,tn,fp,fn,tp,total
all-MiniLM-L6-v2,synonym_results_coleop.csv,0.6556776556776557,0.9775280898876404,0.31868131868131866,0.48066298342541436,271,2,186,87,546
all-MiniLM-L6-v2,synonym_results_lepo.csv,0.621438263229308,0.994475138121547,0.24423337856173677,0.39215686274509803,1472,2,1114,360,2948
