oldSpeciesCanonicalName,species,key,label
Pyrus stankovii,Poikilospermum scabrinervium,4013152,0
Rhamnus terminalis,Sageretia filiformis,3876704,1
Paliurus inermis,Colubrina elliptica,5372458,1
Memorialis mysorensis,Gonostegia triandra,4100795,1
Pourthiaea oldhamii,Pourthiaea villosa,8356787,1
Rubus horsfieldii,Rubus niveus,2989183,1
Laportea torricellensis,Dendrocnide torricellensis,4098431,1
Pyrus lonetalensis,Ficus holosericea,5570480,0
Ficus papyrifera,Sorbaronia arsenii,2987867,0
Forsskaolea eenii,Forsskaolea viridis,8040520,1
Discaria spiculata,Scepocarpus mannii,4100631,0
Ficus todayensis,Berchemia floribunda,3876453,0
Urtica bracteata,Urtica magellanica,7300920,1
Celtis hottlei,Frangula macrocarpa,3877777,0
Pyrus parkmannii,Retanilla ephedra,7273774,0
Elatostema oshimense,Ochetophila trinervis,3877218,0
Photinia pustulata,Ulmus mexicana,5680327,0
Ficus caudatifolia,Maclura tinctoria,2984583,0
Duretia palustris,Boehmeria cylindrica,2984345,1
Phylica stipularis,Scutia arenicola,3875710,0
Vanieria pubescens,Maclura cochinchinensis,7262552,1
Ziziphus abyssinica,Ziziphus abyssinica,3877223,1
Pilea stipulata,Pilea rivularis,7300820,1
Cerasus sachalinensis,Prunus sargentii,3020955,1
Cydonia cydonia,Pouzolzia zeylanica,2984383,0
Pourthiaea tomentosa,Scepocarpus sansibaricus,11828971,0
Stranvaesia benthamiana,Celtis iguanaea,2984498,0
Pouzolzia andongensis,Pouzolzia denudata,4100669,1
Cerasus pseudocerasus,Pilea corymbosa,5670687,0
Photinia glabra,Paratrophis anthropophagorum,12239769,0
Acaena laevigata,Acaena magellanica,5370832,1
Sorbus melanocarpa,Aronia melanocarpa,5363627,1
Tetraglochin buxifolium,Margyricarpus alatus,3030140,1
Bosquiea phoberos,Reissekia smilacina,8188318,0
Boehmeria tibetica,Boehmeria polystachya,4101696,1
Crataegus pratensis,Crataegus punctata,3014805,1
Photinia elliptica,Rhaphiolepis elliptica,10758611,1
Procris paniculata,Dendrocnide densiflora,4098926,0
Potentilla nilgerrensis,Fragaria nilgerrensis,3029934,1
Spiraea fulvescens,Spiraea martini,3853571,1
Rhamnus angulata,Phylica curvifolia,3876057,0
Laportea subpeltata,Celtis gomphophylla,4159937,0
Maoutia puya,Leucosyke puya,4102185,1
Potentilla davidii,Prunus emarginata,7272137,0
Ulmus superba,Dendrocnide cordata,4098983,0
Berchemiella koreana,Berchemiella berchemiifolia,3875970,1
Spiraea nepalensis,Spiraea bella,3026631,1
Boehmeria arbuscula,Boehmeria celtidifolia,4099945,1
Laportea macrostachya,Laportea cuspidata,7300634,1
Urera gaudichaudeana,Laportea aestuans,2984466,1
Gouania remyi,Fragaria ananassa,3029912,0
Potentilla semidentata,Potentilla semidentata,5368321,1
Urtica ochroneura,Leucosyke ochroneura,4102232,1
Ficus chlorocarpa,Ficus fulva,5571361,1
Pilea subpubera,Achudemia subpubera,11202570,1
Celtis yangquanensis,Celtis bungeana,7141664,1
Maoutia aspera,Poikilospermum suaveolens,4013131,0
Spiraea pauciflora,Physocarpus opulifolius,2988354,1
Dorstenia penduliflora,Obetia carruthersiana,4099842,0
Sorbus heterophylla,Prunus avium,3020791,0
Eriobotrya bengalensis,Rhaphiolepis bengalensis,10869066,1
Colletia infesta,Adolphia infesta,5372476,1
Cecropia digitata,Sageretia filiformis,3876704,0
Elatostema afrikanum,Elatostema goudotianum,4099821,1
Urera gigantea,Dendrocnide sinuata,4098506,1
Pyrus evansii,Aria evansii,9578680,1
Pyrus hookeriana,Colubrina elliptica,5372458,0
Ziziphus sativa,Phylica rigida,3874950,0
Spyridium diffusum,Spyridium vexilliferum,7273942,1
Aronia floribunda,Aronia prunifolia,5363613,1
Tylosperma sericophylla,Argentina sericophylla,7872569,1
Sponia acuminatissima,Trema angustifolium,4159501,1
Oblixilis divaricatus,Paratrophis insignis,11137754,0
Morus alpina,Gonostegia triandra,4100795,0
Crataegus canescens,Pourthiaea benthamiana,3000344,0
Rhamnus rupestris,Frangula rupestris,3877335,1
Trema bracteolatum,Trema orientale,2984508,1
Cerasus incana,Pseudolmedia spuria,2984543,0
Petrophyton acuminatum,Petrophytum acuminatum,3030190,1
Armeniaca malus,Morus celtidifolia,5570117,0
Crataegus brownii,Crataegus pruinosa,7790552,0
Parietaria judaica,Physocarpus monogynus,2988349,0
Ariosorbus hybrida,Pouzolzia zeylanica,2984383,0
Ziziphus urbanii,Sarcomphalus parvifolius,3875883,1
Elaeagnus dactyliformis,Crataegus pruinosa,7790552,0
Rubus microphyllus,Pouzolzia sanguinea,7300542,0
Laportea sinuata,Dendrocnide stimulans,4098487,1
Crataegus sanguinea,Crataegus macracantha,3013570,1
Pyrus eminentoides,Aria eminentoides,9491439,1
Ulmus communis,Ulmus glabra,5361866,1
Urtica praetermissa,Urtica mexicana,8390431,1
Dorstenia debeerstii,Rhamnus japonica,3039482,0
Ceanothus macrocarpus,Colubrina macrocarpa,7273930,1
Crataegus heldebergensis,Trema angustifolium,4159501,0
Ramium asperum,Boehmeria aspera,7417755,1
Spiraea caroliniana,Debregeasia longifolia,4099305,0
Acaena leptophylla,Poikilospermum amboinense,4013310,0
Freirea pensylvanica,Parietaria pensylvanica,5361796,1
Crataegus arbutifolia,Acaena sericea,5370716,0
Rubus weberanus,Rubus vigoi,2997633,1
Colletia doniana,Dendrocnide stimulans,4098487,0
Soulangia orientalis,Phylica oleifolia,3875260,1
Elatostema hirtum,Elatostematoides hirtum,11169218,1
Berchemia omeiensis,Chaenomeles japonica,3000610,0
Cryptandra obcordata,Spyridium obcordatum,3877394,1
Rosa novae-angliae,Elatostematoides vittatum,4098204,0
Conocephalus suaveolens,Holodiscus fissus,2987807,0
Brosimum caloxylon,Discocnide mexicana,4098157,0
Ficus suringarii,Torminalis glaberrima,9410160,0
Boehmeria petiolaris,Boehmeria caudata,7610513,1
Elaeagnus cuprea,Pouzolzia zeylanica,2984383,0
Prunus vana,Trema micranthum,2984501,0
Ulmus rhombifolia,Ulmus hollandica,7141604,1
Eriobotrya philippinensis,Rhaphiolepis philippinensis,5371576,1
Spiraea lucida,Taxotrophis macrophylla,3767188,0
Urtica fruticosa,Elaeagnus conferta,7293128,0
Boehmeria nana,Pouzolzia zeylanica,2984383,1
Ulmus latifolia,Cecropia peltata,2984476,0
Sorbus meierottii,Karpatiosorbus meierottii,9517201,1
Phylica thymifolia,Phylica polifolia,3875106,1
Dorstenia maculata,Dorstenia contrajerva,2984541,1
Rhamnus billardii,Sorbaronia sorbifolia,2987868,0
Trichocephalus callosus,Aruncus dioicus,5362136,0
Pellionia curtisii,Procris curtisii,7398160,1
Rhamnus capensis,Scutia myrtina,8317476,1
Laportea diffusa,Rhaphiolepis crassifolia,5598428,0
Dorstenia bahiensis,Dorstenia bahiensis,3766013,1
Cecropia strigilosa,Urera simplex,4098366,0
Morus tinctoria,Smythea lanceata,3039431,0
Stenodiscus ulicinus,Spyridium ulicinum,3876973,1
Crataegus tomentosa,Karpatiosorbus ratisbonensis,9488887,0
Pyrus vertesica,Pouzolzia zeylanica,2984383,0
Broussonetia cordata,Pyracantha atalantioides,2988212,0
Tylanthus willdenowianus,Atadinus fallax,9581355,0
Saccus peduncularis,Prainea scandens,3764413,0
Colubrina colubrinus,Colubrina arborescens,5372463,1
Aria pseudovestita,Aronia melanocarpa,5363627,0
Fragaria sikkimensis,Fragaria daltoniana,3029918,1
Rhamnus standleyana,Endotropis standleyana,9392442,1
Ambaiba nivea,Photinia integrifolia,5363967,0
Zizyphus floribunda,Spiraea decumbens,3027183,0
Photinia zhejiangensis,Pourthiaea zhejiangensis,3000394,1
Elatostema scriptum,Elaeagnus umbellata,3039267,0
Padus emarginata,Holodiscus argenteus,2987810,0
Poikilospermum tangaum,Serichonus gracilipes,3875238,0
Condaliopsis parryi,Pseudoziziphus parryi,8997716,1
Boehmeria conglobata,Pouzolzia conglobata,4100763,1
Ulmus coreana,Ulmus parvifolia,5361869,1
Urtica bifida,Boehmeria splitgerbera,4101039,1
Rhamnus revoluta,Ficus mollior,7262612,0
Pyrus anglica,Hedlundia anglica,9486316,1
Rhamnus acuminata,Rhamnella martini,3874883,0
Myriocarpa yzabalensis,Myriocarpa longipes,7300750,1
Boehmeria velutina,Olmedia aspera,7954917,0
Cerasus emarginata,Morus alba,5361889,0
Schizonotus discolor,Holodiscus discolor,2987780,1
Drimopogon rosea,Hippophae salicifolia,7293122,0
Pyracantha crenulata,Pyracantha crenulata,2988172,1
Ranunculus hybrida,Heteromeles arbutifolia,5370154,0
Boehmeria hirta,Pouzolzia zeylanica,2984383,1
Cerasus sargentii,Prunus cerasus,3021922,0
Sorbus tauricola,Elatostema rostratum,11066335,0
Ventilago sulphurea,Ventilago denticulata,7273609,1
Artocarpus varians,Celtis laevigata,2984491,0
Urera schimperi,Ziziphus xylopyrus,7524561,0
Pellionia picta,Elatostematoides pictum,4098294,1
Dorstenia gracilis,Holodiscus discolor,2987780,0
Broussonetia tinctoria,Aria obtusifolia,9276845,0
Celtis rhamnoides,Argentina polyphylla,7661473,0
Urostigma leucocarpum,Ficus racemosa,5361904,1
Crataegus crocata,Celtis trinervia,2984493,0
Pyrus maximowicziana,Spyridium vexilliferum,7273942,0
Elaeagnus cyanea,Ochetophila trinervis,3877218,0
Urticastrum vrieseanum,Karwinskia potrerilloana,3874978,0
Ulmus serratifrons,Ulmus hollandica,7141604,1
Spiraea zuccarinii,Trema micranthum,2984501,0
Rhamnus microcarpus,Colletia spinosissima,6371450,0
Boehmeria thailandica,Ceanothus cuneatus,3039404,0
Ficus bulbosa,Gillenia stipulata,7557273,0
Potentilla santalinoides,Morus alba,5361889,0
Ficus mangiferoides,Rhaphiolepis hookeriana,10740939,0
Celtis aspera,Celtis australis,2984492,1
Rhamnus owiakensis,Rhamnus parvifolia,7273851,1
Spyridium scabridum,Spiraea splendens,3026675,0
Boehmeria laevis,Pouzolzia laevis,4100076,1
Crataegus eamesii,Pilea parietaria,5361834,0
Celtis virgata,Trema cannabina,2984507,1
Smythea pacifica,Hedlundia pulchra,9447396,0
Pseudomorus brunoniana,Rhamnidium elaeocarpum,3874704,0
Sorbus salicifolia,Aria rupicola,9415196,1
Urera baccifera,Urera baccifera,7411905,1
Ziziphus orthacantha,Ziziphus mauritiana,3039424,1
Pyrus tsaii,Ficus fulva,5571361,0
Pouzolzia aspera,Pouzolzia poeppigiana,4099219,1
Stephanandra quadrifissa,Procris repens,7916114,0
Notophaena andina,Discaria americana,5602906,1
Rhamnus thea,Sageretia thea,3039516,1
Pilea cuneifolia,Lecanthus petelotii,7300467,0
Rhamnidium ferreum,Artocarpus altilis,2984573,0
Urtica ferox,Aphananthe cuspidata,8293016,0
Celtis caucasica,Gonostegia triandra,4100795,0
Ivesia chandleri,Potentilla ornithopoda,5366556,0
Opa japonica,Rhaphiolepis indica,5371542,1
Trema africanum,Trema orientale,2984508,1
Acaena pectinata,Acaena pinnatifida,5370645,1
Elatostema curtisiae,Rhamnus hybrida,3874812,0
Octarillum fruticosum,Elaeagnus fruticosa,4048191,1
Potentilla leucophylla,Crataegus pallasii,3013600,0
Mespilus sorbifolia,Celtis laevigata,2984491,0
Urera excelsa,Dendrocnide excelsa,4098881,1
Boehmeria lateriflora,Prunus emarginata,7272137,0
Ceanothus multiflorus,Cecropia sciadophylla,7316424,0
Artocarpus integrifolius,Naucleopsis pseudonaga,3764550,0
Physocarpus intermedius,Prunus pseudocerasus,3021437,0
Spiraea crataegifolia,Spiraea trilobata,3026656,1
Elatostema stracheyanum,Elatostema parvum,7300859,1
Spiraea integrifolia,Sibiraea laevigata,3032453,1
Cryptandra obcordata,Margyricarpus alatus,3030140,0
Stenanthemum leucophractum,Cryptandra leucophracta,3877146,1
Anthomeles opaca,Crataegus opaca,3014153,1
Obetia laciniata,Obetia radula,8399299,1
Pouzolzia waitziana,Pouzolzia sanguinea,7300542,1
Celastrus tristis,Rhamnus napalensis,4928522,1
Cerasus griffithii,Ziziphus mauritiana,3039424,0
Fleurya glomerata,Retanilla stricta,3875486,0
Taxotrophis taxoides,Taxotrophis taxoides,11138557,1
Acaena pinnatifida,Zelkova serrata,2984532,0
Laportea gigas,Prunus tomentosa,7380100,0
Artocarpus forbesii,Parartocarpus venenosa,3766049,1
Elaeagnus spinosa,Argentina stenophylla,8033120,0
Phylica mauritiana,Phylica nitida,7568909,1
Lasiodiscus mildbraedii,Ficus punctata,7673670,0
Trymalium subochreatum,Spyridium subochreatum,7273953,1
Lepargyrea rotundifolia,Shepherdia rotundifolia,5372428,1
Pyrus prionophylla,Celtis toka,4160100,0
Gouania eriocarpa,Spyridium spadiceum,7273965,0
Urtica cymosa,Brosimum longifolium,3763078,0
Cerasus decumana,Paliurus ramosissimus,5603062,0
Celtis canescens,Frangula sphaerosperma,3039467,0
Amygdalus spartioides,Morus indica,5569978,0
Urtica inaequalis,Pilea inaequalis,5361845,1
Ziziphus sphaerocarpa,Ziziphus spina-christi,8228089,1
Padus prunifolia,Prunus emarginata,7272137,1
Hovenia merrilliana,Hovenia trichocarpa,7273737,1
Crataegus kellermanii,Crataegus pruinosa,7790552,1
Pyrus cucullifera,Aria cucullifera,9451442,1
Celtis asperula,Crataegus punctata,3014805,0
Rhamnus vitiensis,Maillardia montana,3763943,0
Urticastrum photoniphylla,Dendrocnide photiniphylla,4098637,1
Spiraea zuccarinii,Spiraea japonica,8170635,1
Ceanothus tardivus,Ceanothus tardivus,3875688,1
Horkelia congdonis,Ziziphus xylopyrus,7524561,0
Stephanandra flexuosa,Helinus lanceolatus,7273768,0
Coussapoa oligoneura,Pouzolzia nudiflora,4099693,0
Sponia chichilea,Trema micranthum,2984501,1
Chaydaia wilsonii,Berchemiella wilsonii,7273824,1
Morus hastifolia,Crataegus sanguinea,3013574,0
Sorbus bohemica,Humulus scandens,2984537,0
Rhamnus citrifolia,Pourouma mollis,7316440,0
Ulmus rubra,Ulmus rubra,5361867,1
Broussonetia jiangxiensis,Broussonetia monoica,5569721,1
Adicea grandifolia,Pilea grandifolia,5361822,1
Sorbus rotundifolia,Rhaphiolepis seguinii,10762909,0
Dalibarda cordata,Dalibarda repens,2999946,1
Sorocea klotzschiana,Sorocea guilleminiana,3762938,1
Spiraea chamaedryfolia,Maclura tinctoria,2984583,0
Pouzolzia piscicelliana,Cryptandra dielsii,3877644,0
Cecropia lyratiloba,Cecropia pachystachya,4013385,1
Mystacinus cirrhiferus,Atadinus alpinus,3877063,0
Ficus papyrifera,Ficus benjamina,5361932,1
Pyrus velebilii,Karpatiosorbus omissa,9324451,1
Acaena chubutensis,Acaena caespitosa,7806638,1
Sericotheca pachydisca,Holodiscus pachydiscus,2987808,1
Rhaphiolepis crataegoides,Rhaphiolepis indica,5371542,1
Dorstenia varroniifolia,Dorstenia hirta,3764709,1
Pyrus williamtelliana,Celtis tenuifolia,2984482,0
Potentilla dichotoma,Elatostema volubile,4098780,0
Ulmus angustiformis,Ficus auriculata,5571773,0
Urera humblotii,Fragaria iinumae,3029930,0
Ulmus transbaicalensis,Ulmus pumila,5361877,1
Pyrus sudetica,Majovskya sudetica,9238979,1
Berchemia corollata,Rubus niveus,2989183,0
Coussapoa apoda,Coussapoa duquei,4013632,1
Trema imbricatum,Trema tomentosum,7303576,1
Ziziphus oppositifolia,Sageretia filiformis,3876704,1
Elaeagnus canadensis,Elatostema heterolobum,4099443,0
Neillia torreyi,Prunus cerasus,3021922,0
Cerasus silvestris,Celtis sinensis,4159594,0
Morus expansa,Morus indica,5569978,1
Cardiogyne africana,Maclura africana,3764441,1
Solenandra coronata,Potentilla nitida,5367673,0
Zizyphus undulata,Rhamnella rubrinervis,9039596,0
Berchemia kunitakei,Berchemia floribunda,3876453,1
Pyrus takhtajanii,Boehmeria japonica,7300501,0
Pilea cordifolia,Crataegus punctata,3014805,0
Celtis boliviensis,Batocarpus amazonicus,3763869,0
Ceanothus frankliniae,Ceanothus pauciflorus,3876325,1
Radermachia integra,Artocarpus integer,2984566,1
Ziziphus bidens,Sarcomphalus bidens,3876053,1
Urera gravenreuthii,Pilea parietaria,5361834,0
Rhamnidium jamaicense,Aria porrigentiformis,9448867,0
Eriobotrya tengyuehensis,Achudemia subpubera,11202570,0
Dorstenia sabanensis,Frangula betulifolia,3039465,0
Crataegus columbiana,Crataegus douglasii,3013580,1
Phenax pallida,Aria zolyomii,9456472,0
Boehmeria pilushanensis,Karpatiosorbus subcuneata,9558357,0
Urostigma pseudobenjaminum,Ficus amplissima,5572290,1
Hovenia tomentosa,Hovenia trichocarpa,7273737,1
Aphanes pentamera,Gouania discolor,7273923,0
Rhamnus pinetorum,Frangula pinetorum,3877572,1
Sorbaria millefolium,Chamaebatiaria millefolium,3026352,1
Acaena longearistata,Acaena magellanica,5370832,1
Ziziphus heterogenea,Argentina archboldiana,7734740,0
Rubus saepescandens,Rubus arvensis,2990374,1
Luetkea cinerascens,Dorstenia yambuyaensis,11350118,0
Morus laciniata,Phylica polifolia,3875106,0
Pyrus ratisbonensis,Gouania laxiflora,5602999,0
Crataegus crenulata,Boehmeria japonica,7300501,0
Artocarpus brevisericeus,Artocarpus petelotii,3764312,1
Rubus douglasii,Dorstenia brasiliensis,7262704,0
Celtis patula,Celtis reticulata,6406316,1
Boehmeria puya,Leucosyke puya,4102185,1
Rubus tongtchouanensis,Rubus niveus,2989183,1
Pilea fuscata,Cecropia membranacea,4013609,0
Acaena venulosa,Acaena magellanica,5370832,1
Aria suecica,Scandosorbus intermedia,10071055,1
Ambaiba lyratiflora,Cecropia pachystachya,4013385,1
Cerasus martabanica,Dendrocnide sinuata,4098506,0
Ficus bulbosa,Ficus mauritiana,5571388,1
Rhamnus grandifolia,Rubus niveus,2989183,0
Rhamnus buergeri,Rhamnus japonica,3039482,1
Urtica muricata,Pilea bracteosa,7300933,0
Cecropia bicolor,Cecropia strigosa,4013364,1
Urtica moluccana,Acaena antarctica,5370768,0
Urtica macrophylla,Boehmeria japonica,7300501,1
Pyrus subsimilis,Celtis serratissima,10821460,0
Apteron lanceolatum,Ventilago kurzii,3877716,1
Dendrocnide warburghii,Morus indica,5569978,0
Photinia moiorum,Cecropia peltata,2984476,0
Sorocea houlletianae,Pourthiaea zhejiangensis,3000394,0
Adicea corymbosa,Procris reticulatovenosa,8235414,0
Urera platycarpa,Discocnide mexicana,4098157,1
Mertensia texana,Celtis tala,7141607,1
Eriobotrya angustissima,Rhaphiolepis angustissima,10817764,1
Boehmeria hirta,Maclura tinctoria,2984583,0
Pyrus holubyana,Ziziphus angustifolia,3877032,0
Ficus claoxyloides,Ficus politoria,5572392,1
Ziziphus albens,Ziziphus oenopolia,3875331,1
Sponia glomerata,Trema orientale,2984508,1
Dunniella myriantha,Achudemia myriantha,11208539,1
Cryptandra buxifolia,Spyridium buxifolium,3874588,1
Vanieria tricuspidata,Auerodendron reticulatum,3876830,0
Ziziphus rignonii,Sarcomphalus domingensis,3039421,1
Momisia spinosissima,Dorstenia hildebrandtii,7262592,0
Artocarpus jaca,Artocarpus heterophyllus,2984565,1
Spiraea grandifolia,Maclura cochinchinensis,7262552,0
Potentilla tenella,Potentilla multifida,8416400,1
Ziziphus grisebachiana,Obetia madagascariensis,4099791,0
Momisia pubescens,Celtis iguanaea,2984498,1
Sorbus vagensis,Sageretia hamosa,7273915,0
Gouania domingensis,Gouania striata,7273814,1
Planera carpinifolia,Zelkova carpinifolia,7467231,1
Alphitonia erubescens,Jaffrea erubescens,9612652,1
Ficus mallotoides,Crataegus pruinosa,7790552,0
Pouzolzia discolor,Dendrocnide excelsa,4098881,0
Urtica nicaraguensis,Urtica leptophylla,5669658,1
Pouzolzia indica,Spyridium spathulatum,7273960,0
Ziziphus undulata,Shepherdia argentea,5372429,0
Discaria parviflora,Scutia spicata,7273727,1
Prunus padifolia,Prunus emarginata,7272137,1
Cryptandra gunnii,Spyridium gunnii,3877619,1
Pyrus osteomeles,Osteomeles schweriniae,4938587,1
Photinia taiwanensis,Pourthiaea lucida,3000593,1
Celtis dichotoma,Cecropia pachystachya,4013385,0
Ulmus floridana,Ulmus americana,5361872,1
Cerasus erecta,Prunus emarginata,7272137,1
Ficus reinwardtii,Ficus fulva,5571361,1
Cecropia caucana,Pilea glaberrima,5669878,0
Broussonetia elegans,Broussonetia papyrifera,5361944,1
Urtica articulata,Prunus armeniaca,7818643,0
Persica nucicarpa,Aruncus dioicus,5362136,0
Urtica crenulata,Ficus apiocarpa,5572083,0
Mespilus nigra,Spiraea vacciniifolia,8111204,0
Pyrus arbutifolia,Aronia arbutifolia,5363629,1
Procris integrifolia,Procris pedunculata,5671195,1
Rubus rugosus,Rubus barberi,2999487,1
Helinus arabicus,Helinus integrifolius,3875572,1
Potentilla interrupta,Paliurus spina-christi,5372457,0
Pyrus polgariana,Pilea multiflora,5670242,0
Artocarpus inconstantissimus,Pouzolzia zeylanica,2984383,0
Colletia weddelliana,Colletia spinosissima,6371450,1
Colletia articulata,Boehmeria depauperata,4099464,0
Boehmeria praestabilis,Boehmeria dura,4099280,1
Opulaster tanakae,Neillia tanakae,2987948,1
Crataegus villipes,Pomaderris phillyraefolia,8338937,0
Colubrina excelsa,Reynosia microphylla,3875222,0
Rhamnus leprosa,Sageretia leprosa,3876541,1
Ceanothus zeylanicus,Scutia myrtina,8317476,1
Sorbus croceocarpa,Karpatiosorbus croceocarpa,9629033,1
Rhamnella mairei,Rhamnella martini,3874883,1
Ziziphus heterogenea,Dendrocnide meyeniana,4098765,0
Pouzolzia spinosobracteata,Pouzolzia niveotomentosa,4099714,1
Acaena obtusiloba,Acaena magellanica,5370832,1
Oxyacantha pallasii,Crataegus pallasii,3013600,1
Rhamnus henryi,Frangula henryi,3874488,1
Rhamnus umbellata,Forsskaolea viridis,8040520,0
Sponia lamarckiana,Trema lamarckianum,2984506,1
Azarolus hybrida,Aronia arbutifolia,5363629,0
Streblus banksii,Potentilla multifida,8416400,0
Sorbus auriculata,Hedlundia hybrida,9245228,1
Phylica stipularis,Trichocephalus stipularis,5602927,1
Gouania chrysophylla,Gouania latifolia,5603000,1
Elatostematoides thibaudiifolium,Acaena magellanica,5370832,0
Gouania lehmannii,Spyridium phlebophyllum,3877282,0
Planera americana,Planera aquatica,5361858,1
Elatostema australe,Elatostematoides australe,10790833,1
Ulmus longicaudata,Ulmus hollandica,7141604,1
Rhamnidium revolutum,Krugiodendron ferreum,3039518,1
Abelicea sibirica,Zelkova carpinifolia,7467231,1
Sorbus quernea,Hedlundia mougeotii,9312105,1
Zizyphus incurva,Dorstenia yambuyaensis,3762609,0
Zizyphus sonorensis,Sarcomphalus amole,9008095,1
Covellia composita,Celtis tessmannii,4160195,0
Artocarpus rotundus,Pouzolzia zeylanica,2984383,0
Maclura thorelii,Maclura cochinchinensis,7262552,1
Macrorhamnus sphaerocarpa,Spyridium lawrencii,3877551,0
Sorbus leyana,Hedlundia leyana,9439176,1
Opulaster australis,Artocarpus lacucha,7873234,0
Adicea capitellata,Sorbaronia sorbifolia,2987868,0
Ceanothus azureus,Pourthiaea bergerae,3000458,0
Dendrocnide pulus,Dendrocnide sinuata,4098506,1
Parartocarpus excelsa,Parartocarpus venenosa,3766049,1
Ramium ramiflorum,Dendrocnide meyeniana,4098765,0
Pygeum pubescens,Prunus marsupialis,3022286,1
Elaeagnus epitricha,Prunus arborea,3021654,0
Phenax ballotaefolius,Hijmania scaphigera,8829092,0
Sorbus andreanszkyana,Karpatiosorbus andreanszkyana,9507936,1
Urera gaudichaudiana,Gonostegia triandra,4100795,0
Rhamnus ferruginea,Colubrina arborescens,5372463,1
Elatostema daveauana,Procris repens,7916114,1
Ulmus obesifolia,Celtis philippensis,7303643,0
Lasiodiscus klainei,Lasiodiscus mannii,5602741,1
Ficus skytinoderma,Ficus elastica,7835333,1
Ulmus wentworthii-pendula,Potentilla pedata,8327079,0
Fatoua cordata,Maclura brasiliensis,7262554,0
Photinia lancilimba,Pourthiaea benthamiana,3000344,1
Rhamnus ellipsoidea,Frangula betulifolia,3039465,1
Photinia magnoliifolia,Pourthiaea arguta,2988149,1
Alphitonia excelsa,Shepherdia rotundifolia,5372428,0
Freirea laxiflora,Ficus globosa,5571079,0
Bollwilleria malifolia,Brosimum glaucum,3763190,0
Artocarpus bracteata,Parartocarpus bracteatus,8190094,1
Elatostema gagnepainianum,Boehmeria cylindrica,2984345,0
Gymnartocarpus venenosa,Parartocarpus venenosa,3766049,1
Aruncus vulgaris,Aruncus dioicus,5362136,1
Ceanothus vestitus,Potentilla multifida,8416400,0
Ramium hamiltonianum,Boehmeria hamiltoniana,4098770,1
Solenostigma sumatranum,Celtis rigescens,4159994,1
Sorbus kusnetzovii,Hedlundia kuznetzovii,10813232,1
Ziziphus sororia,Boehmeria caudata,7610513,0
Aflatunia ulmifolia,Prunus ulmifolia,3023601,1
Dorstenia rhomboidea,Pyracantha coccinea,2988188,0
Crataegus cicur,Crataegus pruinosa,7790552,1
Pouzolzia tenuis,Pouzolzia zeylanica,2984383,1
Oreoherzogia libanotica,Celtis brasiliensis,7303606,0
Streblus malayanus,Bleekrodea insignis,3763823,1
Ziziphus vulgaris,Ziziphus jujuba,3039423,1
Berchemia fagifolia,Colletia hystrix,7273656,0
Condaliopsis velutina,Condalia velutina,5602822,1
Ulmus ciliata,Trilepisium madagascariense,3766911,0
Discaria magellanica,Discaria chacaye,5602883,1
Pygeum sumatranum,Aronia prunifolia,5363613,0
Artocarpus incisus,Prunus sargentii,3020955,0
Hulthemosa hardyi,Acaena sericea,5370716,0
Celtis lamarckiana,Trema lamarckianum,2984506,1
Sorbus hybrida,Stenanthemum pimeleoides,3876610,0
Pourouma umbellata,Hedlundia roopiana,9356550,0
Urtica cylindrica,Ficus globosa,5571079,0
Poikilospermum subscaber,Crataegus pruinosa,7790552,0
Potentilla tergloviensis,Potentilla nitida,5367673,1
Urtica japonica,Boehmeria japonica,7300501,1
Amygdalus fruticosa,Amygdalus fructicosa,5371344,1
Ceanothus mogollonicus,Ceanothus integerrimus,3039382,1
Sorbus eximia,Karpatiosorbus eximia,9369846,1
Acaena grossifolia,Allaeanthus greveanus,3765669,0
Leucosyke magallanensis,Leucosyke hispidissima,4102382,1
Debregeasia obovata,Artocarpus altilis,2984573,0
Hyrtanandra ternata,Gonostegia pentandra,4100866,1
Cecropia steyermarkii,Oemleria cerasiformis,2988485,0
Sorbus admonitor,Scepocarpus trinervis,11543475,0
Pyrus grandifolia,Rhamnella rubrinervis,9039596,0
Anemone pusilla,Pilea melastomoides,5670477,0
Dorstenia nipensis,Hedlundia motleyi,9265670,0
Cudrania poilanei,Maclura andamanica,3764424,1
Clarisia panamensis,Poikilospermum borneense,4013281,0
Sorbus takhtajanii,Hedlundia takhtajanii,10742423,1
Celtis cordata,Celtis occidentalis,2984481,1
Ramium australe,Pouzolzia australis,4100976,1
Planera japonica,Zelkova serrata,2984532,1
Cudrania spinosa,Pourthiaea parviflora,3000446,0
Sorbus parumlobata,Kageneckia oblonga,3016219,0
Elatostema baviensis,Cecropia concolor,7316398,0
Photinia eugeniaefolia,Debregeasia wallichiana,7300572,0
Potentilla multifidiformis,Potentilla multifida,8416400,1
Rhamnus zonulata,Ziziphus talanae,8027203,1
Boehmeria pseudosieboldiana,Scepocarpus acuminatus,11851100,0
Gouania incisa,Gouania mauritiana,5602974,1
Aria nivea,Aria edulis,8411755,1
Crataegus calva,Crataegus senta,3013958,1
Barcena guanajuatensis,Prunus schlechteri,3022025,0
Crataegus flava,Crataegus punctata,3014805,1
Crataegus alutacea,Crataegus laciniata,8240558,1
Trymatococcus guanabarinus,Leucosyke capitellata,4102514,0
Rhamnus martini,Rhamnella martini,3874883,1
Olmediophaena obliqua,Maquira coriacea,3763724,1
Homoioceltis japonica,Aphananthe aspera,4159921,1
Rhamnidium oblongifolium,Karwinskia oblongifolia,7357065,1
Aria tauricola,Karpatiosorbus tauricola,9285479,1
Trophis nubium,Trophis mexicana,3766584,1
Acaena obtusiloba,Endotropis alnifolia,9266494,0
Australina septemdentata,Australina pusilla,7300503,1
Rhamnus australis,Paliurus spina-christi,5372457,1
Pyrus pseudobakonyensis,Elatostema heterolobum,4099443,0
Basilima millefolium,Chamaebatiaria millefolium,3026352,1
Villebrunea trinervis,Oreocnide trinervis,4099324,1
Boehmeria pachystachya,Phylica thodei,3874689,0
Ramium hirtum,Elaeagnus umbellata,3039267,0
Aria torminalis,Colubrina arborescens,5372463,0
Mespilus vulgaris,Pilea pubescens,7300898,0
Urticastrum carruthersianum,Obetia carruthersiana,4099842,1
Spiraea conferta,Trema micranthum,2984501,0
Dorstenia scaphigera,Hijmania scaphigera,8829092,1
Acaena oligacantha,Crataemespilus canescens,8872103,0
Prunus takasagomontana,Poikilospermum suaveolens,4013131,0
Condalia pedunculata,Sarcomphalus pedunculatus,9186176,1
Cryptandra spathulata,Smythea lanceata,3039431,0
Elaeagnus moorcroftii,Ficus diospyrifolia,5572356,0
Ficus laureola,Fragaria moschata,8350369,0
Pyrus suecica,Elatostematoides filicoides,10863809,0
Melanobatus leucodermis,Rubus leucodermis,8110785,1
Lasiodiscus glabristipulatus,Phylica pinea,3875149,0
Urera acuminata,Elaeagnus pungens,3039270,0
Spiraea koreana,Aronia prunifolia,5363613,0
Rubus cognatus,Acaena magellanica,5370832,0
Pouzolzia bicuspidata,Ziziphus mauritiana,3039424,0
Pouzolzia batesii,Pouzolzia denudata,4100669,1
Urtica sycophylla,Rhamnus hybrida,3874812,0
Dorstenia liebuschiana,Dorstenia goetzei,3764850,1
Ambaiba digitata,Cecropia angustifolia,4013465,1
Sorbus reverchonii,Aria edulis,8411755,1
Pyrus mougeotii,Cydonia oblonga,5362215,0
Sorbus dolomiticola,Karpatiosorbus dolomiticola,9583826,1
Missiessya celebica,Leucosyke celebica,4102485,1
Artocarpus papuanus,Artocarpus altilis,2984573,1
Crumenaria diffusa,Olmedia aspera,7954917,0
Phylica cylindrica,Phylica hirta,3875775,1
Potentilla terglouensis,Potentilla nitida,5367673,1
Laportea rechingeri,Margyricarpus pinnatus,3030248,0
Trema strigosum,Maclura africana,3764441,0
Elatostema rupicola,Crataegus pruinosa,7790552,0
Physocarpus tanakae,Paratrophis insignis,11137754,0
Rhamnus shozoensis,Urtica pilulifera,5670646,0
Pilea pellis-crocodili,Pilea cuneata,7799182,1
Potentilla terglouensis,Prunus pseudocerasus,3021437,0
Pyrus blinii,Pourthiaea blinii,3000397,1
Laportea malekiana,Pomaderris wendlandiana,3875740,0
Trevoa patagonica,Ulmus hollandica,7141604,0
Parietaria rufa,Parietaria pensylvanica,5361796,1
Trichocephalus atratus,Karpatiosorbus houstoniae,9579641,0
Fragaria magna,Fragaria moschata,8350369,1
Bagassa tiliifolia,Bagassa guianensis,3763926,1
Wichuraea tubulosa,Frangula palmeri,3877609,0
Boehmeria platanifolia,Boehmeria japonica,7300501,1
Fragaria hagenbachiana,Fragaria bifera,3029999,1
Urtica bollae,Touchardia latifolia,2984457,0
Gouania canescens,Gouania canescens,5603099,1
Celtis kraussiana,Crataegus laciniata,8240558,0
Prunus lindleyi,Prunus discolor,3022033,1
Neillia tanakae,Ziziphus talanae,8027203,0
Eriobotrya notoniana,Photinia integrifolia,5363967,1
Rhamnus obliqua,Frangula mucronata,3877732,1
Ambaiba klotzschiana,Cecropia polystachya,4013171,1
Ziziphus obliqua,Prunus subcorymbosa,3022665,0
Urtica peduncularis,Dendrocnide subclausa,4098477,0
Ivesia gracilis,Potentilla newberryi,5368473,1
Pyrus carpatica,Frangula pubescens,3877483,0
Cryptandra nervata,Cryptandra amara,7273650,1
Olmedia angustifolia,Perebea angustifolia,3765858,1
Crataegus beckerana,Crataegus pallasii,3013600,1
Sorbus subarranensis,Dorstenia barnimiana,7262729,0
Neillia opulifolia,Potentilla rubra,8409450,0
Pellionia fruticosa,Elatostema fruticosum,4099998,1
Trymalium majoranifolium,Myrianthus holstii,4013390,0
Fragaria indica,Ziziphus mauritiana,3039424,0
Urtica fruticosa,Fragaria nilgerrensis,3029934,0
Sageretia apiculata,Sageretia gracilis,3876684,1
Myriocarpa inaequilatera,Afromorus mesozygia,11122103,0
Urtica tasmanica,Australina pusilla,7300503,1
Condalia ferrea,Krugiodendron ferreum,3039518,1
Rubus leucanthemos,Poikilospermum suaveolens,4013131,0
Ceanothus macrocarpus,Prunus armeniaca,7818643,0
Soulangia epacridifolia,Broussonetia papyrifera,5361944,0
Kageneckia ovata,Kageneckia oblonga,3016219,1
Pyrus neglecta,Hedlundia neglecta,9446782,1
Spiraea lanceolata,Spiraea alba,3026585,1
Spiraea stipulata,Gillenia stipulata,7557273,1
Photinia lipingensis,Photinia chingiana,5363865,1
Urtica churta,Sorbaronia monstrosa,2987859,0
Clematoclethra racemosa,Gouania obtusifolia,5602956,1
Laportea schomburgkii,Dendrocnide meyeniana,4098765,0
Potentilla ornithopodioides,Sageretia hamosa,7273915,0
Ficus soraria,Procris crenata,5669749,0
Pouzolzia auriculata,Celtis gomphophylla,4159937,0
Pyrus semipinnata,Rubus couchii,2991725,0
Nesobium felicianum,Parietaria feliciana,5669914,1
Fragariastrum isauricum,Potentilla isaurica,5367234,1
Opulaster alabamensis,Physocarpus opulifolius,2988354,1
Potentilla philippinensis,Argentina philippinensis,7476177,1
Celtis hunanensis,Celtis sinensis,4159594,1
Cecropia hormigiana,Frangula henryi,3874488,0
Helianthostylis schultesii,Brosimum sprucei,11665758,1
Maoutia rugosa,Maoutia warburgii,5671055,1
Elaeagnus angustifolia,Elaeagnus triflora,7293096,1
Gouania sericea,Noltea africana,3877365,0
Pilea longifolia,Boehmeria splitgerbera,4101039,0
Elatostema baviensis,Elatostema platyphyllum,7300825,1
Potentilla anserinoides,Dorstenia turnerifolia,3762794,0
Celtis koidzumii,Dorstenia urceolata,7262385,0
Pomaderris aspera,Pouzolzia guineensis,4100342,0
Spiraea glomerata,Laportea ovalifolia,4098915,0
Gouania colurnaefolia,Gouania velutina,5602862,1
Fragaria chilensis,Fragaria chiloensis,7738624,1
Potentilla inexspectata,Potentilla hirsuta,7773437,0
Spiraea conferta,Spiraea inflexa,3853620,1
Pseudolmedia oxyphyllaria,Elaeagnus songarica,8273261,0
Artocarpus camansi,Artocarpus altilis,2984573,1
Rhamnus acuminatifolia,Pseudolmedia spuria,2984543,0
Ulmus belgica,Ulmus hollandica,7141604,1
Ficus sibuyanensis,Ficus ampelos,8053189,1
Pseudolmedia ferruginea,Artocarpus gomezianus,3764819,0
Plecospermum andamanicum,Dendrocnide urentissima,4098420,0
Elatostema visciforme,Scutia myrtina,8317476,0
Taxotrophis longispina,Taxotrophis ilicifolia,3767205,1
Fleuryopsis petiolata,Gonostegia triandra,4100795,0
Rhamnus spinosa,Trema micranthum,2984501,0
Photinia melanostigma,Photinia prunifolia,5363844,1
Celtis canescens,Trema micranthum,2984501,1
Saccus chaplasta,Artocarpus chama,3765040,1
Marcorella cubensis,Aronia arbutifolia,5363629,0
Margarocarpus obliquus,Pilea inaequalis,5361845,0
Pyrus britannica,Hedlundia anglica,9486316,1
Ficus grandifolia,Frangula palmeri,3877609,0
Tetraglochin longifolia,Spiraea japonica,8170635,0
Rhamnus cavaleriei,Phylica spicata,8247775,0
Procris wightiana,Procris crenata,5669749,1
Crataegus elongata,Scandosorbus intermedia,10071055,0
Dendrocnide diffusa,Argentina millefoliolata,8261860,0
Cerasus padifolia,Gonostegia pentandra,4100866,0
Leucococcus vimineus,Allaeanthus greveanus,3765669,0
Sorbus devoniensis,Karpatiosorbus devoniensis,9489928,1
Phylica rhizophora,Trichocephalus stipularis,5602927,1
Bollwilleria auricularis,Pyraria irregularis,12193096,1
Celtis velutina,Celtis sinensis,4159594,0
Urtica tetraphylla,Colubrina obscura,5603031,0
Potentilla subnitens,Ficus melinocarpa,7262687,0
Colubrina americana,Colubrina arborescens,5372463,1
Pygeum pilinospermum,Dorstenia schliebenii,3763142,0
Trema acuminatissimum,Ficus barclayana,7486090,0
Rubus clavaudii,Berchemia edgeworthii,3876494,0
Ulmus scabrosa,Scepocarpus flamignianus,11746061,0
Urostigma globosum,Ficus globosa,5571079,1
Gouania frangulifolia,Gouania blanchetiana,5603111,1
Frangula nelsonii,Aria edulis,8411755,0
Cecropia teleincana,Cecropia peltata,2984476,0
Cecropia magnifolia,Cecropia ficifolia,8173870,1
Aruncus allegheniensis,Hijmania angusticornis,8742459,0
Smythea trichantha,Trema parviflorum,9662432,0
Artocarpus borneensis,Artocarpus lamellosus,3764628,1
Urtica petiolata,Elatostematoides filicoides,10863809,0
Celtis diffusa,Gonostegia triandra,4100795,0
Crataegus bibas,Rhaphiolepis bibas,10786206,1
Urtica rugosa,Pilea rugosa,5670691,1
Pilea longipes,Ziziphus nummularia,3039427,0
Morus laevigata,Morus macroura,7262379,1
Photinia cotoneaster,Margyricarpus alatus,3030140,0
Urtica melastomoides,Droguetia iners,7300963,0
Corchorus serratus,Zelkova serrata,2984532,1
Elatostema trinerve,Scepocarpus trinervis,11543475,1
Pyrus dominii,Spyridium spadiceum,7273965,0
Gymnartocarpus triandra,Lecanthus peduncularis,7300476,0
Fleurya aesturans,Laportea aestuans,2984466,1
Cecropia congesta,Cecropia herthae,4013414,1
Smythea nitida,Dendrocnide amplissima,4099119,0
Pyrus pelsoensis,Karpatiosorbus pelsoensis,9436048,1
Crataegus pulla,Crataegus senta,3013958,1
Kosaria cuspidata,Dorstenia cuspidata,7262644,1
Potentilla ellwindensis,Potentilla caulescens,5367397,0
Dubrueilia rupipendia,Pilea urticifolia,5669690,1
Prunus floribunda,Prunus sargentii,3020955,1
Aria hybrida,Dorstenia caulescens,7750536,0
Australina hispidula,Physocarpus monogynus,2988349,0
Chlorophora mora,Physocarpus malvaceus,2988332,0
Spiraea densiflora,Spiraea splendens,3026675,1
Reynosia reticulata,Auerodendron reticulatum,3876830,1
Pyrus mekongensis,Rhaphiolepis indica,5371542,1
Soulangia ledifolia,Parietaria circeaefolia,5670039,0
Berchemia scandens,Prunus ulmifolia,3023601,0
Boehmeria rigida,Scepocarpus rigidus,11732428,1
Saccus nitidus,Artocarpus lamellosus,3764628,1
Urtica laciniata,Urera laciniata,4098975,1
Pouzolzia viminea,Brosimum alicastrum,2984660,0
Pyrus borbasii,Hedlundia borbasii,9559349,1
Urticastrum milnei,Trilepisium madagascariense,3766911,0
Rhaphiolepis pheostemon,Ulmus americana,5361872,0
Rhaphiolepis loureiroi,Boehmeria depauperata,4099464,0
Spiraea turczaninowii,Spiraea ouensanensis,3026541,1
Walpersia capitata,Maclura andamanica,3764424,0
Girtanneria oenopolia,Noltea africana,3877365,0
Sorbus glabrata,Aria edulis,8411755,1
Boehmeria grandifolia,Boehmeria japonica,7300501,1
Sorbus parviloba,Aria parviloba,10929268,1
Parietaria heterophyla,Pilea pubescens,7300898,0
Boehmeria albida,Gouania leptostachya,7273872,0
Rhamnus xylopyrus,Ziziphus xylopyrus,7524561,1
Laportea dielsii,Ziziphus spina-christi,8228089,0
Cecropia bifurcata,Gonostegia triandra,4100795,0
Sericotheca saxicola,Paratrophis anthropophagorum,12239769,0
Dendrocnide crenulata,Dendrocnide sinuata,4098506,1
Humulopsis scandens,Acaena anserinifolia,7942884,0
Crataegus germanica,Gouania meyenii,5372441,0
Parartocarpus spinulosus,Pourthiaea villosa,8356787,0
Adicea smilacifolia,Pilea glaberrima,5669878,1
Rubus distans,Urtica leptophylla,5669658,0
Sorocea macrophylla,Phenax rugosus,7300597,0
Taxotrophis longispina,Trilepisium madagascariense,3766911,0
Australina schimperiana,Ulmus glabra,5361866,0
Sciadophila maytenoides,Ficus montana,8041955,0
Urtica tenella,Hesperocnide tenella,2984324,1
Rhamnus circumcissa,Dorstenia arifolia,7262742,0
Urtica debilis,Parietaria debilis,5361795,1
Trymalium halmaturinum,Spyridium halmaturinum,7274027,1
Trevoa frutilla,Prunus javanica,3022372,0
Rhamnus glabrata,Ziziphus rugosa,7273665,1
Rhamnus longistyla,Celtis philippensis,7303643,0
Sorbus oblonga,Prunus emarginata,7272137,0
Kageneckia glutinosa,Kageneckia lanceolata,3016222,1
Urtica racemosa,Crataegus douglasii,3013580,0
Ceanothus circumscissus,Colubrina faralaotra,5603148,0
Sorbus ratisbonensis,Karpatiosorbus ratisbonensis,9488887,1
Ficus hayatae,Boehmeria rugosissima,4101294,0
Mystacinus arabicus,Dorstenia barnimiana,7262729,0
Potentilla comaroides,Ficus punctata,7673670,0
Boehmeria villigera,Oreocnide intermedia,4099543,0
Spiraea laxiflora,Ziziphus mauritiana,3039424,0
Trema morifolium,Trema cannabina,2984507,1
Morocarpus lutescens,Prunus opaca,3021834,0
Ceanothus versaillensis,Ceanothus delileanus,4928516,1
Urticastrum moroides,Aphananthe cuspidata,8293016,0
Ulmus racemosa,Procris grueningii,7300965,0
Urtica alceifolia,Argentina shweliensis,7366653,0
Dorstenia caudata,Dorstenia buchananii,3765729,1
Dorstenia pernambucana,Dorstenia brasiliensis,7262704,1
Fleurya funigera,Laportea mooreana,4099014,1
Urtica nicaraguensis,Obetia carruthersiana,4099842,0
Rhamnus fallax,Dorstenia buchananii,3765729,0
Pouzolzia palmeri,Pouzolzia occidentalis,2984385,1
Gyrotaenia cephalantha,Gyrotaenia myriocarpa,4100663,1
Boehmeria weddelliana,Boehmeria densiflora,6414592,1
Morus insularis,Celtis pacifica,4159470,1
Bosqueiopsis lujae,Bosqueiopsis gilletii,3763654,1
Scutia commersonii,Scutia myrtina,8317476,1
Ulmus corylacea,Pourthiaea beauverdiana,3000384,0
Eriobotrya malipoensis,Rhaphiolepis malipoensis,10861574,1
Empetrum pinnatum,Berchemia scandens,3039506,0
Rhamnus horrida,Paliurus spina-christi,5372457,1
Rhamnella hainanensis,Rhamnella rubrinervis,9039596,1
Celtis acata,Scutia myrtina,8317476,0
Dorstenia solgeidii,Sarcomphalus mexicanus,9186127,0
Achudemia javanica,Prunus avium,3020791,0
Sorbus bukkensis,Hedlundia buekkensis,9306638,1
Dorstenia oppositifolia,Sorbaria tomentosa,3012117,0
Pourouma subplicata,Karpatiosorbus milensis,9570204,0
Microrhamnus mairei,Chamaemeles coriacea,3031018,0
Urera gaudichaudeana,Brosimum amazonicum,11724343,0
Pygeum diospyrophyllum,Gillenia trifoliata,2986435,0
Colletia bictanensis,Colletia paradoxa,5602738,1
Acaena echinata,Sarcomphalus guatemalensis,8937519,0
Pouzolzia rheedii,Pouzolzia zeylanica,2984383,1
Villebrunea semicrenata,Celtis tetrandra,7366997,0
Eriobotrya serrata,Rhaphiolepis serrata,10740422,1
Neillia tunkinensis,Neillia thyrsiflora,3024763,1
Pomaderris mayeri,Ulmus laevis,7303616,0
Quercophyllum tenuinerve,Scepocarpus repens,11826481,0
Urtica orbiculata,Urtica orbiculata,5670849,1
Celtis vesiculosa,Aria madoniensis,9550016,0
Ulmus glandulosa,Mespilus germanica,3031774,0
Ziziphus mairei,Argentina anserina,5367246,0
Pyrus obtusata,Boehmeria polystachya,4101696,0
Chamaedryfolia angustifolia,Berchemia lineata,7799649,0
Morus lucida,Dorstenia dinklagei,7262628,0
Fragariastrum isauricum,Celtis africana,5834428,0
Rosa ceratophorae,Rosa ceratophora,3002725,1
Pouzolzia golungensis,Dallachya vitiensis,3875981,0
Artocarpus sumatranus,Artocarpus kemando,3764693,1
Boehmeria juncea,Boehmeria nivea,2984359,1
Celtis schiedeana,Rhaphiolepis jiulongjiangensis,5371587,0
Spyridium leucophractum,Cryptandra leucophracta,3877146,1
Sorbus pseudothuringiaca,Hedlundia pseudothuringiaca,9477048,1
Sorbus arioides,Taxotrophis taxoides,11138557,0
Covellia zollingeriana,Ficus asperiuscula,5571880,1
Ficus cerasiformis,Ficus parietalis,5569936,1
Potentilla sommieri,Pyraria irregularis,12193096,0
Oreoherzogia taurica,Ficus melinocarpa,7262687,0
Spiraea gemmata,Spiraea mongolica,3026877,1
Pyrus franconica,Trema orientale,2984508,0
Persica militensis,Persica melitensis,3032509,1
Sorbus harziana,Ficus fistulosa,7262725,0
Cotoneaster formosanus,Hedlundia pseudofennica,9555786,0
Borkhausenia intermedia,Acaena magellanica,5370832,0
Alchemilla australis,Neillia rubiflora,3024781,0
Celtis parvifolia,Trema lamarckianum,2984506,1
Schizonotus tomentosus,Cypholophus macrocephalus,2984390,0
Morus jinpingensis,Morus wittiorum,5572439,1
Elatostema zollingerianum,Elatostematoides filicoides,10863809,0
Fragaria californica,Fragaria vesca,3029817,1
Sorbus hohenesteri,Hedlundia hohenesteri,9391565,1
Celtis aspera,Laportea cuspidata,7300634,0
Gouania domingensis,Gouania lupuloides,5372440,1
Potentilla gorokana,Spiraea pseudosalicifolia,3026444,0
Ceanothus vestitus,Ceanothus pauciflorus,3876325,1
Ramium hirtum,Boehmeria brevirostris,4100242,1
Cecropia cinerea,Cecropia pachystachya,4013385,1
Ficus urophylla,Pipturus argenteus,6414892,0
Ficus guyeri,Ficus ampelos,8053189,1
Ficus chittagonga,Ficus racemosa,5361904,1
Humulopsis scandens,Humulus scandens,2984537,1
Ulmus dampieri,Ulmus hollandica,7141604,1
Pouzolzia lucida,Gonostegia triandra,4100795,1
Rhaphiolepis loureiri,Spiraea pachystachys,3026609,0
Adenorhachis melanocarpa,Aronia melanocarpa,5363627,1
Photinia dasythrysa,Dorstenia hildebrandtii,7262592,0
Pipturus velutinus,Pipturus argenteus,6414892,1
Pipturus candolleanus,Pyraria irregularis,12193096,0
Sorbus scandica,Scandosorbus intermedia,10071055,1
Batis spinosa,Ficus globosa,5571079,0
Myriocarpa densiflora,Myriocarpa stipitata,7300728,1
Awayus japonicus,Spiraea thunbergii,3026402,1
Photinia mairei,Urtica urens,5361815,0
Boehmeria caerulea,Condalia microphylla,7273791,0
Phylica nitida,Phylica lasiocarpa,3875597,1
Cerasus kulabensis,Prunus bifrons,3020970,1
Ceanothus divergens,Pipturus argenteus,6414892,0
Urera robusta,Pouzolzia zeylanica,2984383,0
Celtis reticulata,Aphananthe cuspidata,8293016,1
Boehmeria caerulea,Cypholophus caeruleus,10897870,1
Rhamnus lycium,Cecropia peltata,2984476,0
Myriocarpa dombeyana,Myriocarpa stipitata,7300728,1
Gouania petiolaris,Parietaria debilis,5361795,0
Cecropia mocoana,Elatostema platyphyllum,7300825,0
Spiraea eximia,Trema angustifolium,4159501,0
Cotoneaster fortunei,Dorstenia hildebrandtii,7262592,0
Boehmeria ballotaefolia,Phenax rugosus,7300597,1
Physocarpus riparius,Physocarpus opulifolius,2988354,1
Potentilla gracillima,Argentina gracilescens,9482381,1
Crataegus canadensis,Crataegus submollis,3015560,1
Celtis koidzumii,Celtis boninensis,4160046,1
Morus bombycis,Morus indica,5569978,1
Ulmus horizontalis,Boehmeria sieboldiana,4101147,0
Pyrus loquat,Trilepisium madagascariense,3766911,0
Pourthiaea thunbergii,Pourthiaea villosa,8356787,1
Trema hochstetteri,Trema orientale,2984508,1
Rhamnus domingensis,Cecropia polystachya,4013171,0
Adenorachis melanocarpa,Aronia melanocarpa,5363627,1
Physocarpus torreyi,Prunus griffithii,3021947,0
Cecropia telealbida,Boehmeria densiflora,6414592,0
Ulmus sativa,Ulmus minor,5361865,1
Dorstenia holtziana,Prunus persica,8149923,0
Pseudolmedia hirsuta,Ulmus hollandica,7141604,0
Pourthiaea coreana,Boehmeria celtidifolia,4099945,0
Berchemia zeyheri,Phyllogeiton zeyheri,3874536,1
Rhamnus goudotiana,Ulmus glabra,5361866,0
Adicea atroviridis,Physocarpus opulifolius,2988354,0
Ficus madurensis,Ficus montana,8041955,1
Ficus stelechosycia,Ficus mollior,7262612,1
Tylanthus comosus,Phylica comosa,3876164,1
Parietaria occidentalis,Parietaria pensylvanica,5361796,1
Smithiella myriantha,Laportea oligoloba,4098924,0
Discaria foliosa,Discaria chacaye,5602883,1
Rhamnus guicciardii,Celtis sinensis,4159594,0
Sorbus perincisa,Torminalis glaberrima,9410160,1
Nesobium felicianum,Hedlundia borbasii,9559349,0
Acaena montana,Urtica chamaedryoides,5361812,0
Alaternus prinoides,Ficus crassinervia,5361897,0
Potentilla subsericea,Poikilospermum intermedium,4013218,0
Cyclostemon cuspidatum,Acaena magellanica,5370832,0
Cydonia sumboshia,Cydonia oblonga,5362215,1
Elatostema vittatum,Ochetophila trinervis,3877218,0
Pyrus eminentiformis,Chaetachme aristata,4159728,0
Ficus dielsii,Aria edulis,8411755,0
Adicea rugosa,Debregeasia squamata,7300579,0
Discaria prostrata,Karpatiosorbus sellii,9303590,0
Parietaria repens,Broussonetia papyrifera,5361944,0
Boehmeria rhynchophylla,Boehmeria ramiflora,7300855,1
Gonostegia oppositifolia,Gonostegia pentandra,4100866,1
Urticastrum vrieseanum,Laportea vrieseana,10738106,1
Conocephalus amboinensis,Spiraea superba,8236449,0
Ficus taeda,Ficus ovata,8978837,0
Pyrus concavifolia,Karpatiosorbus concavifolia,9625377,1
Dorstenia riedeliana,Ulmus glabra,5361866,0
Parartocarpus borneensis,Parartocarpus venenosa,3766049,1
Streblus lactescens,Laportea interrupta,2984469,0
Urtica villosa,Pouzolzia zeylanica,2984383,1
Pomaderris ferruginea,Aronia prunifolia,5363613,0
Malacomeles denticulata,Physocarpus opulifolius,2988354,0
Chamaemespilus aria,Ficus racemosa,5361904,0
Zelkova hyrcana,Acaena magellanica,5370832,0
Rhamnus celtifolia,Aronia arbutifolia,5363629,0
Pellionia subundulata,Elatostema paucidentatum,4101508,1
Ficus semicostata,Maclura andamanica,3764424,0
Urtica peduncularis,Boehmeria didymogyne,4099441,0
Elatostema pedunculatum,Hedlundia meinichii,9312119,0
Pourouma cuatrecasasii,Procris pedunculata,5671195,0
Crataegus cirrata,Celtis paniculata,4159385,0
Sorbus glabra,Aronia melanocarpa,5363627,0
Pouzolzia platyphylla,Rhaphiolepis platyphylla,10683774,0
Morocarpus affinis,Rhamnus parvifolia,7273851,0
Potentilla radicosa,Potentilla nuda,5367011,1
Pyrus harziana,Hedlundia harziana,9426856,1
Aruncus aethusifolius,Aruncus sylvester,6369098,1
Crataegus edita,Crataegus berberifolia,3014985,1
Obetia morifolia,Obetia radula,8399299,1
Ulmus laevigata,Rhamnus glandulosa,3875196,0
Urtica glomerata,Pouzolzia zeylanica,2984383,1
Pomaderris malifolia,Oreocnide integrifolia,7300622,0
Saccus callophyllus,Crataegus heterophylloides,3014305,0
Prunus oblonga,Boehmeria cylindrica,2984345,0
Planera verschaffeltii,Zelkova verschaffeltii,4927731,1
Piratinera panamensis,Brosimum guianense,7374879,1
Ribeirea sorbilis,Ribeirea sorbilis,3853650,1
Crataegus trilobata,Rhamnus oleoides,7867604,0
Sibbaldia glabriuscula,Argentina glabriuscula,7516818,1
Cerasus crenulata,Helicostylis elegans,3764964,0
Potentilla caroliniana,Potentilla canadensis,5368951,1
Acaena hirta,Laportea americana,4100056,0
Sorbus subpinnata,Crataegus punctata,3014805,0
Elaeagnus inermis,Elaeagnus angustifolia,3039269,1
Debregeasia libera,Debregeasia longifolia,4099305,1
Urtica caracasana,Poikilospermum micranthum,4013203,0
Morus hachijoensis,Morus indica,5569978,1
Berchemia berchemiifolia,Pipturus argenteus,6414892,0
Urtica racemosa,Laportea interrupta,2984469,1
Laportea stenophylla,Dendrocnide stimulans,4098487,1
Batis fruticosa,Maclura fruticosa,3764318,1
Aphanes microcarpa,Boehmeria densiflora,6414592,0
Crataegus hybrida,Naucleopsis caloneura,3767273,0
Pyrus herae,Aria umbellata,9330923,0
Ulmus pinnatoramosa,Potentilla pedata,8327079,0
Hybosperma spinosum,Colubrina verrucosa,5372461,1
Crataegus mespilus,Brosimum rubescens,3762826,0
Pyrus evansii,Spyridium vexilliferum,7273942,0
Spiraea prostrata,Karpatiosorbus eugenii-kelleri,9372029,0
Bosqueia manongarivensis,Trilepisium madagascariense,3766911,1
Pellionia insignis,Celtis gomphophylla,4159937,0
Spiraea japonica,Spiraea thunbergii,3026402,1
Urtica membranacea,Urera kaalae,2984337,1
Pourthiaea moiorum,Pourthiaea arguta,2988149,1
Trophis nubium,Prunus arborea,3021654,0
Ziziphus macrocarpa,Pseudoziziphus celata,9152134,0
Ceanothus asiaticus,Colubrina asiatica,5372467,1
Ramium monticola,Alphitonia pomaderroides,3877364,0
Pomaderris acuminata,Pomaderris discolor,3877251,1
Eriobotrya wardii,Ficus benjamina,5361932,0
Maclura excelsa,Milicia excelsa,3763589,1
Diplocos macrophylla,Phylica litoralis,3875533,0
Rosa villosa,Pouzolzia zeylanica,2984383,0
Ramium densiflorum,Gillenia stipulata,7557273,0
Potentilla glabriuscula,Argentina glabriuscula,7516818,1
Sponia micrantha,Trema micranthum,2984501,1
Dorstenia homblei,Spyridium parvifolium,7273996,0
Urtica interrupta,Discocnide mexicana,4098157,0
Celtis sellowiana,Celtis tala,7141607,1
Cerasus tomentosa,Prunus tomentosa,7380100,1
Rhamnus bourgaeanus,Rhamnus oleoides,7867604,1
Trema simile,Trema parviflorum,9662432,1
Macrophthalma elastica,Ficus elastica,7835333,1
Dorstenia confusa,Prunus bucharica,3021249,0
Maclura aurantiaca,Maclura pomifera,2984580,1
Prunus montana,Prunus montana,7599915,1
Cotoneaster blinii,Pourthiaea blinii,3000397,1
Ulmus multinervis,Ulmus castaneifolia,5680380,1
Conocephalus scortechinii,Poikilospermum scortechinii,4013147,1
Boehmeria longispica,Boehmeria japonica,7300501,1
Artocarpus bracteata,Cryptandra spinescens,3876351,0
Urtica tuberosa,Pouzolzia zeylanica,2984383,1
Potentilla morrisonicola,Argentina leuconota,8022597,1
Mystacinus cirrhiferus,Helinus mystacinus,3875546,1
Ulmus monterreyensis,Ulmus crassifolia,5361871,1
Gouania mexicana,Aria stankovii,9377959,0
Pipturus eriocarpus,Hedlundia subpinnata,9621217,0
Cecropia standleyi,Cecropia ficifolia,8173870,1
Boehmeria monticola,Boehmeria depauperata,4099464,1
Trymalium globulosum,Myriocarpa stipitata,7300728,0
Debregeasia salicifolia,Rubus niveus,2989183,0
Sorbus ratisbonensis,Coussapoa microcarpa,4013334,0
Gouania timorensis,Rhamnus nakaharae,5733727,0
Artocarpus maximus,Gouania hillebrandii,8240892,0
Rhamnidium oblongifolium,Nothocnide mollissima,4099907,0
Pouzolzia rothiana,Potentilla crantzii,5366215,0
Pourouma sapida,Morus alba,5361889,0
Ulmus campestris,Planera aquatica,5361858,1
Cerasus karelinii,Dorstenia arifolia,7262742,0
Crataegus moselemensis,Argentina commutata,7651201,0
Pourthiaea tsaii,Pourthiaea salicifolia,3000518,1
Scypharia senticosa,Naucleopsis stipularis,3767028,0
Potentilla scorpionis,Dendrocnide urentissima,4098420,0
Cecropia acutifolia,Spiraea japonica,8170635,0
Pilea friesiana,Fragaria virginiana,7950792,0
Trema velutinum,Rhamnus tangutica,3877661,0
Solenandra pimelodes,Stenanthemum pimeleoides,3876610,1
Persica nana,Parietaria debilis,5361795,0
Prainea frutescens,Prainea scandens,3764413,1
Ziziphus obovata,Sarcomphalus obovatus,3875898,1
Ceanothus greggii,Morus nigra,5361888,0
Opulaster alabamensis,Poikilospermum suaveolens,4013131,0
Urera javaensis,Dendrocnide sinuata,4098506,1
Photinia blinii,Pourthiaea blinii,3000397,1
Potentilla fusca,Potentilla rubra,8409450,1
Boehmeria rhynchophylla,Elaeagnus triflora,7293096,0
Rhamnus rupestris,Trema micranthum,2984501,0
Acalypha decumbens,Hedlundia abscondita,9284049,0
Urticastrum amplissimum,Dendrocnide amplissima,4099119,1
Trymalium vexilliferum,Spyridium vexilliferum,7273942,1
Celtis waitzii,Pilea multiflora,5670242,0
Colletia disperma,Colletia disperma,5602780,1
Mespilus cuneiformis,Gonostegia triandra,4100795,0
Saccus denisonianus,Trema micranthum,2984501,0
Elaeagnus parrifolia,Celtis paniculata,4159385,0
Crataegus arbutifolia,Heteromeles arbutifolia,5370154,1
Tylanthus acerosus,Prunus sargentii,3020955,0
Pilea chevalieri,Pilea sublucens,5670202,1
Persica ferganensis,Aronia arbutifolia,5363629,0
Trevoa tenuis,Obetia madagascariensis,4099791,0
Pomaderris rosmarinifolia,Trymalium ledifolium,7273761,1
Ceanothus ferox,Ceanothus buxifolius,3875457,1
Dorstenia ledermannii,Hijmania turbinata,9189516,1
Urera mitis,Urera caracasana,2984335,1
Elaeagnus cumingii,Elaeagnus argyi,4048267,0
Pyrus thunbergii,Humulus lupulus,2984535,0
Ceanothus wendlandianus,Cydonia oblonga,5362215,0
Humulus volubilis,Ulmus minor,5361865,0
Torminaria clusii,Leucosyke capitellata,4102514,0
Ziziphus parryi,Poikilospermum suaveolens,4013131,0
Morus rotundiloba,Morus indica,5569978,1
Laportea densiflora,Ziziphus xylopyrus,7524561,0
Photinia integerrima,Photinia integrifolia,5363967,1
Boehmeria tiliifolia,Boehmeria japonica,7300501,1
Pyrus arguta,Karpatiosorbus latifolia,9306058,1
Sparattosyce balansae,Sparattosyce balansae,3762455,1
Sorbus alnoides,Chaenomeles speciosa,3000679,0
Brosimum lecointei,Brosimum guianense,7374879,1
Mespilus berberifolia,Gouania laxiflora,5602999,0
Spiraea alnifolia,Spiraea chamaedryfolia,3026406,1
Osmaronia demissa,Berchemia cinerascens,7720336,0
Rhamnus pauciflora,Rhamnus prinoides,3875856,1
Trymatococcus guanabarinus,Helicostylis tomentosa,3764831,1
Rhamnus oreodendron,Frangula neblinensis,8345431,0
Ficus latifolia,Ficus altissima,5361907,1
Alchemilla pusilla,Spiraea splendens,3026675,0
Sorbus depressa,Aronia arbutifolia,5363629,1
Photinia birmanensis,Argentina gracilescens,9482381,0
Morus pumila,Phylica excelsa,12206432,0
Pyrus joannis,Karpatiosorbus joannis,9459637,1
Colletia spartioides,Colletia spartioides,5602724,1
Rubus myrianthus,Rubus malagassus,2994710,1
Pyrus meierottii,Aronia melanocarpa,5363627,0
Rhamnus glaucophylla,Atadinus glaucophyllus,9534958,1
Ceanothus fontanesianus,Ceanothus herbaceus,3039322,1
Aphananthe yunnanensis,Trema cannabina,2984507,0
Pyrus umbellifera,Parietaria debilis,5361795,0
Elatostema puberulum,Procris puberula,5671152,1
Celtis hasseltii,Cryptandra spinescens,3876351,0
Sorocea cufodontisii,Spiraea betulifolia,3026550,0
Trymatococcus conrauanus,Dorstenia africana,3766272,1
Helianthostylis guggenheimii,Phylica rubra,3874895,0
Urtica chiple,Pouzolzia sanguinea,7300542,1
Tylanthus excelsus,Phylica excelsa,12206432,1
Conocephalus scortechinii,Celtis iguanaea,2984498,0
Rhamnus erythroxyla,Rhamnus erythroxylum,3875381,1
Brosimum spurium,Pomaderris forrestiana,3877070,0
Lepargyraea argentea,Gouania hillebrandii,8240892,0
Celtis ehrenbergiana,Celtis iguanaea,2984498,1
Ceanothus collinus,Ceanothus sorediatus,3039339,1
Urtica atlantica,Rhamnus tangutica,3877661,0
Acaena ischnostemon,Acaena magellanica,5370832,1
Cotoneaster ellipticus,Rhaphiolepis dubia,10809845,0
Mespilus montana,Hippophae rhamnoides,3039285,0
Acaena acutifida,Sageretia rugosa,3876365,0
Sorbus tomophylla,Celtis orthacanthos,4159478,0
Ulmus crassa,Ulmus hollandica,7141604,1
Noltea africana,Laportea aestuans,2984466,0
Uromorus philippinensis,Celtis iguanaea,2984498,0
Prunus juliana,Prunus avium,3020791,1
Pyrus integerrima,Droguetia ambigua,4098087,0
Fragariastrum petiolatum,Parietaria officinalis,5361803,0
Elatostematoides australis,Elatostematoides australe,10790833,1
Celtis audibertiana,Celtis occidentalis,2984481,1
Rhamnus senamensis,Prunus persica,8149923,0
Chlorophora reticulata,Maclura tinctoria,2984583,1
Amelanchier paniculata,Malacomeles paniculata,2988293,1
Pyrus pseudofennica,Hedlundia pseudofennica,9555786,1
Frangula fragilis,Argentina shweliensis,7366653,0
Neraudia kahoolawensis,Neraudia sericea,2984374,1
Rhaphiolepis rugosa,Rhaphiolepis indica,5371542,1
Gonostegia aquatica,Gonostegia pentandra,4100866,1
Clarisia mattogrossensis,Clarisia biflora,7262852,1
Trichothalamus nitidus,Potentilla nitida,5367673,1
Corchorus scandens,Boehmeria cylindrica,2984345,0
Chaenomeles eugenioides,Chaenomeles speciosa,3000679,1
Dorstenia klaineana,Dorstenia psilurus,3763387,1
Prunus nepalensis,Prunus armeniaca,7818643,1
Morus scabra,Karpatiosorbus balatonica,9571244,0
Boehmeria caudigera,Karpatiosorbus paxiana,9631682,0
Mespilus pyrifolia,Crataegus punctata,3014805,1
Crataegus sorbifolia,Laportea grossa,4102053,0
Celtis opegrapha,Pilea mollis,7746842,0
Skutchia caudata,Trophis mexicana,3766584,1
Acaena viridior,Brosimum guianense,7374879,0
Pilea rupicola,Treculia africana,7895921,0
Rhaphiolepis mertensii,Rhaphiolepis integerrima,7064880,1
Cydonia silvestris,Pomaderris intermedia,3876826,0
Boehmeria nana,Acaena elongata,5370941,0
Pyrus jackii,Ficus mollior,7262612,0
Pyrus pinnatifida,Pouzolzia laevigata,4100090,0
Pleuranthodes hillebrandtii,Gouania hillebrandii,8240892,1
Rhamnus nambuana,Rhamnus costata,3875924,1
Colletia longissima,Dendrocnide densiflora,4098926,0
Crataegus deducta,Crataegus pruinosa,7790552,1
Boehmeria tosaensis,Dendrocnide longifolia,4098791,0
Myroxylon abruptifolium,Parietaria filamentosa,5669905,0
Ficus trichocarpa,Crataegus punctata,3014805,0
Urtica millettii,Boehmeria nivea,2984359,1
Artocarpus ovatus,Artocarpus lacucha,7873234,1
Rhaphiolepis impressivena,Rhaphiolepis indica,5371542,1
Conocephalus gratus,Poikilospermum suaveolens,4013131,1
Colletia tetrandra,Retanilla stricta,3875486,1
Holodiscus loeseneri,Colubrina elliptica,5372458,0
Elatostema samarense,Sorocea guilleminiana,3762938,0
Rhamnus asiatica,Colubrina asiatica,5372467,1
Soulangia rubra,Phylica paniculata,3875228,1
Bosquiea danguyana,Trilepisium madagascariense,3766911,1
Elatostema archboldianum,Pouzolzia acalyphoides,4101131,0
Spyridium microphyllum,Ziziphus jujuba,3039423,0
Sageretia senticosa,Scutia spicata,7273727,1
Notophaena serratifolia,Procris repens,7916114,0
Mespilus villosa,Morus indica,5569978,0
Photinia lucida,Rhaphiolepis fulvicoma,10746511,0
Calostima aculeata,Urera baccifera,7411905,1
Basilima kirilowii,Sorbaria kirilowii,3012103,1
Ivesia chandleri,Potentilla muirii,5365301,1
Boehmeria heteroidea,Boehmeria zollingeriana,7300724,1
Artocarpus rufescens,Maclura tinctoria,2984583,0
Pygeum glabrifolium,Prunus javanica,3022372,1
Frangula latifolia,Ventilago denticulata,7273609,0
Ceanothus baumannianus,Pilea inaequalis,5361845,0
Elatostema longipedunculatum,Boehmeria hamiltoniana,4098770,0
Mespilus cuila,Rhaphiolepis elliptica,10758611,1
Prunus graeca,Zelkova carpinifolia,7467231,0
Pouzolzia glabrata,Majovskya sudetica,9238979,0
Rhamnus thea,Morus indica,5569978,0
Ulmus koopmannii,Ulmus koopmannii,5680398,1
Tylanthus distichus,Phylica disticha,3876001,1
Sorbus adeana,Karpatiosorbus adeana,9279200,1
Boehmeria gigantea,Ficus mauritiana,5571388,0
Ficus ampullacea,Cecropia hololeuca,4013377,0
Pipturus gracilipes,Pipturus vitiensis,4101349,1
Pilea trinervia,Pilea melastomoides,5670477,1
Procris rugosa,Lecanthus petelotii,7300467,0
Missiessya parvifolia,Cypholophus moluccanus,2984389,0
Chamaedryfolia candida,Forsskaolea candida,8076412,1
Pyrus pseudosemiincisa,Karpatiosorbus pseudosemiincisa,9613720,1
Urtica cylindrica,Ziziphus oxyphylla,7273718,0
Urtica hyperborea,Retanilla ephedra,7273774,0
Morus atrata,Colletia hystrix,7273656,0
Ziziphus poiretii,Scandosorbus intermedia,10071055,0
Laurocerasus aquifolioides,Prunus aquifolioides,3021945,1
Mespilus torminalis,Rhamnus longifolia,10993043,0
Lecanthus major,Sorocea guilleminiana,3762938,0
Pellionia mesargyrea,Pilea forsythiana,7300534,0
Pyrus athenae,Prunus avium,3020791,0
Sorbus kuznetzovii,Hedlundia kuznetzovii,10813232,1
Elaeagnus glabropungens,Phylica paniculata,3875228,0
Colubrina papuana,Kelseya uniflora,2988160,0
Solenostigma latifolium,Celtis latifolia,4160248,1
Pyrus vilmoriniana,Maclura brasiliensis,7262554,0
Covellia mollis,Ficus racemosa,5361904,1
Rhamnidium potrerilloanum,Karwinskia potrerilloana,3874978,1
Pyrus subarranensis,Ficus globosa,5571079,0
Opulaster capitatus,Dorstenia hildebrandtii,7262592,0
Conocephalus ovatus,Margyricarpus alatus,3030140,0
Acaena molliuscula,Cecropia insignis,4013292,0
Crataegus fennica,Phylica cylindrica,12240768,0
Tormentilla hemsleyana,Potentilla hemsleyana,5368100,1
Sorbus pontis-satani,Torminalis glaberrima,9410160,0
Photinia serrulata,Gonostegia pentandra,4100866,0
Dorstenia turbinata,Hijmania turbinata,9189516,1
Soulangia dioica,Neillia pendryi,11787580,0
Leucosyke merrillii,Leucosyke ovalifolia,4102219,1
Rhamnus cubensis,Colubrina cubensis,5372474,1
Photinia matudai,Phippsiomeles matudae,11517361,1
Trevoa quinquenervia,Karpatiosorbus meyeri,9508936,0
Prunus carolinae,Hullettia griffithiana,8282307,0
Urtica alceifolia,Urera caracasana,2984335,1
Urtica gibbosa,Pilea melastomoides,5670477,1
Trema lanceolatum,Trema angustifolium,4159501,1
Berchemia laxa,Prunus planteriensis,3022464,0
Sorbus auricula,Gonostegia parvifolia,4100881,0
Plagioceltis dichotoma,Pomaderris ledifolia,7273929,0
Rhamnus zizyphus,Ziziphus jujuba,3039423,1
Dorstenia mogandjensis,Dorstenia zenkeri,3762584,1
Saccus communis,Artocarpus altilis,2984573,1
Ceanothus megacarpus,Colubrina macrocarpa,7273930,1
Pyrus devoniensis,Karpatiosorbus devoniensis,9489928,1
Dendrocnide stenophylla,Dendrocnide stimulans,4098487,1
Crataegus nigra,Crataegus douglasii,3013580,0
Pyrus scandica,Scandosorbus intermedia,10071055,1
Karpatiosorbus cochleariformis,Karpatiosorbus hybrida,9478021,1
Saccus lakoocha,Artocarpus lacucha,7873234,1
Pyrus tushanensis,Photinia tushanensis,5364000,1
Pyrus amici-petri,Karpatiosorbus amici-petri,9266572,1
Spiraea grata,Spiraea fontenaysii,3026601,1
Ceanothus cubensis,Colubrina cubensis,5372474,1
Potentilla rockiana,Argentina fallens,7700126,1
Adicea wrightiana,Spiraea alba,3026585,0
Spiraea caespitosa,Rhamnus disperma,3875579,0
Parietaria judaica,Parietaria officinalis,5361803,1
Pyrus whiteana,Argentina micropetala,7582115,0
Sorbus bakonyensis,Artocarpus glaucus,3764827,0
Gouania glabra,Gouania lupuloides,5372440,1
Crataegus scandica,Urtica urens,5361815,0
Sorbus hardeggensis,Aria graeca,5370233,0
Ziziphus strychnifolia,Scepocarpus cuneatus,11873380,0
Ulmus multinervis,Karpatiosorbus houstoniae,9579641,0
Pilea miconiifolia,Pilea glaberrima,5669878,1
Lasiodiscus glabristipulatus,Lasiodiscus mildbraedii,7273621,1
Crataegus cosansasi,Taxotrophis ilicifolia,3767205,0
Morus zanthoxylon,Maclura tinctoria,2984583,1
Urtica collina,Spyridium eriocephalum,7274041,0
Pyrus floribunda,Colubrina triflora,5602971,0
Rhaphiolepis brevipetiolata,Rhaphiolepis indica,5371542,1
Morocarpus squamatus,Debregeasia squamata,7300579,1
Parietaria squalida,Parietaria debilis,5361795,1
Gouania lydgatei,Gouania hillebrandii,8240892,1
Taxotrophis taxoides,Potentilla hippiana,5367733,0
Ficus sphaerocarpa,Ficus odoardi,5570499,1
Colubrina pittieriana,Colubrina elliptica,5372458,1
Plecospermum bureaui,Ampalis dimepate,11911398,1
Pyrus pseudochaenomeles,Dorstenia rocana,3763239,0
Pygeum scortechinii,Prunus glabrifolia,3022606,1
Achudemia javanica,Achudemia subpubera,11202570,1
Pyrus futakiana,Karpatiosorbus futakiana,9335582,1
Ancistrum cylindristachyum,Crataegus punctata,3014805,0
Gouania domingensis,Gouania fimbriata,10689212,1
Elaeagnus fasciculata,Hippophae salicifolia,7293122,1
Pyrus kwangsiensis,Photinia chingiana,5363865,1
Trema vulcanicum,Trema eurhynchum,9734868,1
Phylica ericoides,Ficus fistulosa,7262725,0
Pellionia mesargyrea,Elatostematoides mesargyreum,4098321,1
Ulmus monterreyensis,Crataemespilus lobata,12208838,0
Acaena krausei,Acaena magellanica,5370832,1
Celtis ferruginea,Rhaphiolepis indica,5371542,0
Acaena plioglochin,Acaena magellanica,5370832,1
Sorbus neopinnatifida,Hedlundia neopinnatifida,9267511,1
Morus fastigiata,Morus alba,5361889,1
Ziziphus grewioides,Celtis latifolia,4160248,0
Elaeagnus epitricha,Elaeagnus epitricha,4048321,1
Spiraea aruncus,Aruncus dioicus,5362136,1
Artocarpus tarap,Artocarpus odoratissimus,2984571,1
Celtis rhamnoides,Atadinus alpinus,3877063,0
Spiraea grandifolia,Spiraea bella,3026631,1
Ficus phanerophlebia,Laportea ruderalis,4098684,0
Acaena exaltata,Acaena magellanica,5370832,1
Ficus polysyce,Clarisia biflora,7262852,0
Ficus cavronii,Ficus holosericea,5570480,1
Crataegus canescens,Crataemespilus canescens,8872103,1
Frangula glaberrima,Ficus politoria,5572392,0
Sarcomphalus punctatus,Physocarpus intermedius,2988352,0
Gouania integrifolia,Gouania meyenii,5372441,1
Pipturus taitensis,Broussonetia papyrifera,5361944,0
Boehmeria squamigera,Chamabainia cuspidata,7300685,1
Pseudosorocea bonplandi,Sorocea bonplandii,3763071,1
Morus morettii,Morus alba,5361889,1
Crataegus edura,Shepherdia argentea,5372429,0
Celastrus umbellatus,Reissekia smilacina,8188318,1
Lepargyrea argentea,Dendrocnide mirabilis,4098733,0
Pourouma folleata,Ficus asperiuscula,5571880,0
Prunus rubra,Prunus avium,3020791,1
Amygdalus armeniaca,Prunus armeniaca,7818643,1
Eriobotrya luzoniensis,Rhaphiolepis philippinensis,5371576,1
Celtis salvatiana,Celtis tetrandra,7366997,1
Ficus rubifolia,Ficus assamica,5571866,1
Photinia variabilis,Potentilla oreites,5366668,0
Polystorthia arboreum,Procris curtisii,7398160,0
Sorbus porrigentiformis,Aria porrigentiformis,9448867,1
Mespilus cuneifolia,Soleirolia soleirolii,2984366,0
Brosimum longistipulatum,Brosimum rubescens,3762826,1
Hedlundia caucasica,Hedlundia scepusiensis,9511442,0
Prunus taquetii,Phenax sonneratii,6414569,0
Alchemilla cuneifolia,Karpatiosorbus hybrida,9478021,0
Spiraea densiflora,Stenanthemum complicatum,3876803,0
Excoecaria ilicifolia,Gouania blanchetiana,5603111,0
Saccus tephrophyllus,Artocarpus glaucus,3764827,1
Spiraea ribifolia,Rhaphiolepis bibas,10786206,0
Persica communis,Obetia radula,8399299,0
Ziziphus pedunculata,Maclura pomifera,2984580,0
Crataegus lancei,Crataegus senta,3013958,1
Dendrocnide subpeltata,Pseudolmedia laevigata,3764182,0
Pourthiaea variabilis,Pilea rivularis,7300820,0
Rhamnus littoralis,Paliurus ramosissimus,5603062,1
Kageneckia ovata,Pourthiaea villosa,8356787,0
Ulmus germanica,Gironniera subaequalis,4159324,0
Dorstenia lucida,Treculia africana,7895921,1
Microptelea parvifolia,Retanilla ephedra,7273774,0
Eriobotrya hookeriana,Rhaphiolepis hookeriana,10740939,1
Crataegus microsperma,Crataegus macracantha,3013570,1
Urtica tiliifolia,Urera caracasana,2984335,1
Ficus membranacea,Artocarpus lacucha,7873234,0
Boehmeria janatsi-itsigo,Ficus ampelos,8053189,0
Pouzolzia spinosobracteata,Maquira coriacea,3763724,0
Brosimum speciosum,Brosimum speciosum,3762808,1
Spiraea sorbifolia,Sorbaria tomentosa,3012117,1
Olmedia poeppigiana,Olmedia aspera,7954917,1
Zizyphus floribunda,Berchemia floribunda,3876453,1
Urtica nemorosa,Humulus scandens,2984537,0
Cecropia telenivea,Kerria japonica,5371450,0
Pyrus maulei,Dorstenia zenkeri,3762584,0
Pomaderris hirsuta,Leucosyke capitellata,4102514,0
Pouzolzia nana,Pouzolzia zeylanica,2984383,1
Rhamnus surotatensis,Frangula surotatensis,8370288,1
Oxyacantha media,Crataegus media,3013800,1
Cerasus rhamnoides,Prunus emarginata,7272137,1
Prunus chorassanica,Prunus chorassanica,3022681,1
Ceanothus bakeri,Ceanothus bakeri,12175785,1
Urtica rubricaulis,Urtica stachyoides,5670079,1
Pyrus petiolata,Gouania hillebrandii,8240892,0
Elatostema filicinum,Elaeagnus triflora,7293096,0
Adicea variegata,Dendrocnide stimulans,4098487,0
Boehmeria penduliflora,Boehmeria penduliflora,7769607,1
Laportea oleracea,Urtica ardens,5671305,0
Laurocerasus opaca,Prunus opaca,3021834,1
Boehmeria ingjiangensis,Boehmeria hamiltoniana,4098770,1
Crataegus howeana,Crataegus pruinosa,7790552,1
Pyrus neopinnatifida,Hedlundia neopinnatifida,9267511,1
Amygdalus nana,Karpatiosorbus hybrida,9478021,0
Olmedia poeppigiana,Helicostylis tomentosa,3764831,1
Elaeagnus orientalis,Elaeagnus angustifolia,3039269,1
Bosqueia occidentalis,Trilepisium madagascariense,3766911,1
Ziziphus reticulata,Sarcomphalus reticulatus,3039426,1
Morus marmolii,Paratrophis insignis,11137754,1
Olmedia poeppigiana,Boehmeria caudata,7610513,0
Phylica plumosa,Parietaria alsinefolia,10704710,0
Eriobotrya elliptica,Sageretia thea,3039516,0
Sibbaldia pusilla,Argentina microphylla,8380317,1
Ziziphus pedicellala,Ziziphus oenopolia,3875331,1
Potentilla multifidiformis,Maclura pomifera,2984580,0
Ceanothus sorediatus,Ceanothus arboreus,3039374,1
Pouzolzia acuta,Touchardia oahuensis,11706294,0
Pouzolzia lythroides,Gonostegia triandra,4100795,1
Spyridium waterhousii,Trema eurhynchum,9734868,0
Ulmus microphylla,Ulmus pumila,5361877,1
Elaeagnus higoensis,Elaeagnus umbellata,3039267,1
Morus lactea,Sarcomphalus cinnamomum,8994554,0
Dorstenia crenulata,Scepocarpus trinervis,11543475,0
Ulmus keaki,Celtis philippensis,7303643,0
Aria austriaca,Poikilospermum intermedium,4013218,0
Marcorella colubrina,Colubrina arborescens,5372463,1
Borkhausenia liljeforsii,Pyraria irregularis,12193096,0
Pygeum persimile,Elatostema banahaense,4101589,0
Ficus scleroptera,Boehmeria japonica,7300501,0
Celtis fragifera,Hedlundia buekkensis,9306638,0
Borkhausenia liljeforsii,Scandosorbus liljeforsii,10815519,1
Pyrus merguiensis,Rhaphiolepis merguiensis,10803865,1
Myrianthus elegans,Myrianthus preussii,7316418,1
Boehmeria stipulata,Pilea serratifolia,5670488,0
Gironniera blumei,Spyridium ulicinum,3876973,0
Pyrus podocarpifolia,Pourthiaea podocarpifolia,3000425,1
Sorbus intermedia,Potentilla ancistrifolia,5366710,0
Barcena guanajuatensis,Colubrina triflora,5602971,1
Parietaria kemulariae,Boehmeria sieboldiana,4101147,0
Potentilla leuconota,Artocarpus chama,3765040,0
Balansaephytum tonkinense,Pilea rugosa,5670691,0
Ficus grandidens,Cecropia peltata,2984476,0
Ziziphus ramosissima,Potentilla hippiana,5367733,0
Physocarpus glabra,Physocarpus opulifolius,2988354,1
Cryptandra wichurae,Polianthion wichurae,3874457,1
Cerasus arduennensis,Prunus avium,3020791,1
Torminaria clusii,Torminalis glaberrima,9410160,1
Potentilla remota,Argentina peduncularis,8011593,1
Mespilus anthyllidifolia,Osteomeles anthyllidifolia,3024832,1
Ficus irregularis,Phenax mexicanus,7300639,0
Neraudia melastomatifolia,Neraudia melastomifolia,2984376,1
Pyrus longifolia,Rhaphiolepis longifolia,10730678,1
Lazarolus intermedia,Scandosorbus intermedia,10071055,1
Argentina decemjuga,Spiraea pachystachys,3026609,0
Artocarpus jarrettiae,Artocarpus elasticus,7425575,1
Wichuraea tubulosa,Cryptandra tubulosa,3876136,1
Ulmus daveyi,Ulmus hollandica,7141604,1
Choenomeles lagenaria,Acaena sericea,5370716,0
Pyrus pseudochaenomeles,Chaenomeles japonica,3000610,1
Urera engleriana,Obetia carruthersiana,4099842,1
Rhamnella japonica,Rhamnella franguloides,3874947,1
Ziziphus havanensis,Sarcomphalus havanensis,3875958,1
Celtis canina,Celtis occidentalis,2984481,1
Sorbus keszthelyensis,Aria keszthelyensis,9577061,1
Prainea frutescens,Procris crenata,5669749,0
Crataegus cosansasi,Crataegus sanguinea,3013574,1
Alchemilla berteroana,Ulmus hollandica,7141604,0
Treculia brieyi,Parartocarpus venenosa,3766049,0
Potentilla nubicola,Neillia thyrsiflora,3024763,0
Pomaderris globulosa,Spyridium globulosum,3877637,1
Eriobotrya elliptica,Rhaphiolepis elliptica,10758611,1
Fragaria bifera,Karpatiosorbus pseudovertesensis,9287578,0
Soleirolia repens,Soleirolia soleirolii,2984366,1
Artocarpus imperialis,Artocarpus nobilis,3764420,1
Pilea myriantha,Achudemia myriantha,11208539,1
Crataegus cosansazi,Crataegus sanguinea,3013574,1
Papyrius kazinoki,Ficus mauritiana,5571388,0
Pomaderris viridirufa,Physocarpus intermedius,2988352,0
Sorbus meinichii,Sageretia paucicostata,3876425,0
Celtis opaca,Berchemia burmanniana,3876585,0
Frangula chrysophylla,Gironniera parvifolia,4159419,0
Pellionia procridioides,Ficus fistulosa,7262725,0
Ambaiba pinnatiloba,Ulmus lanceifolia,8348291,0
Treculia engleriana,Treculia africana,7895921,1
Trema commersonii,Trema orientale,2984508,1
Spyridium uncinatum,Spyridium eriocephalum,7274041,1
Photinia tsaii,Pourthiaea salicifolia,3000518,1
Cerasus heaumiana,Prunus microcarpa,3021376,0
Elaeagnus oxycarpa,Crataegus persimilis,3015457,0
Zelkova japonica,Zelkova serrata,2984532,1
Ziziphus glaziovii,Maclura tinctoria,2984583,0
Crataegus laevis,Chaetachme aristata,4159728,0
Soulangia pinea,Karpatiosorbus kitaibeliana,10335706,0
Aphanes macrosepala,Elatostema nemorosum,4101994,0
Crataegus coloradensis,Acaena eupatoria,5370647,0
Planera kaki,Zelkova serrata,2984532,1
Potentilla gombalana,Rhaphiolepis petiolata,10845808,0
Rosa marschalliana,Rosa biebersteiniana,3003016,1
Naucleopsis mello-barretoi,Naucleopsis oblongifolia,3767082,1
Villebrunea pilosula,Villebrunea glomerata,4102066,1
Gouania virgata,Cecropia pachystachya,4013385,0
Rhus saeneb,Laportea bulbifera,7300666,0
Spiraea atemnophylla,Spiraea veitchii,3027382,1
Sorbus pseudolatifolia,Didymodoxa caffra,4098352,0
Acaena pectinata,Gonostegia pentandra,4100866,0
Sorbus pyricarpa,Dorstenia drakena,7777272,0
Crataegus alpina,Aria edulis,8411755,1
Rhamnus umbellata,Karwinskia umbellata,3874888,1
Crataegus ogdensburgensis,Poikilospermum naucleiflorum,4013188,0
Helicostylis obtusifolia,Prunus bifrons,3020970,0
Pyrus cucphuongensis,Photinia cucphuongensis,5363999,1
Cydonia communis,Cydonia oblonga,5362215,1
Potentilla incisa,Allaeanthus luzonicus,8317606,0
Australina procumbens,Didymodoxa capensis,7300493,1
Boehmeria scabra,Holodiscus australis,2987775,0
Colubrina oppositifolia,Colubrina oppositifolia,5372468,1
Cydonia silvestris,Cydonia oblonga,5362215,1
Cerasus glandulosa,Prunus emarginata,7272137,1
Trymatococcus dorstenioides,Aria whiteana,9550953,0
Rubus furfuraceus,Ficus apiocarpa,5572083,0
Ogcodeia imitans,Procris rectangulare,5671119,0
Colletia tenuicola,Gillenia stipulata,7557273,0
Acaena glandulifera,Acaena magellanica,5370832,1
Trymalium daphnoides,Pouzolzia guatemalana,7300733,0
Fleurya corylifolia,Rhaphiolepis fulvicoma,10746511,0
Rhamnus oreigenes,Fragaria moschata,8350369,0
Sorbus luristanica,Hedlundia luristanica,10713058,1
Boehmeria discolor,Artocarpus lacucha,7873234,0
Oxyacantha rugosa,Argentina microphylla,8380317,0
Urtica fernandesiana,Colubrina arborescens,5372463,0
Ficus haematocarpa,Ficus benjamina,5361932,1
Crataegus pyracantha,Neillia incisa,3853033,0
Lasiodiscus klainei,Broussonetia kaempferi,5569771,0
Phylica spicata,Phylica oleaefolia,7502582,1
Saccus heterophyllus,Artocarpus altilis,2984573,1
Urtica triplinervis,Stenanthemum complicatum,3876803,0
Photinia pustulata,Trilepisium madagascariense,3766911,0
Myriocarpa densiflora,Argentina linilaciniata,7665523,0
Elaeagnus nivea,Argentina philippinensis,7476177,0
Cryptandra triplex,Cryptandra triplex,3876154,1
Acaena hirta,Acaena magellanica,5370832,1
Tylanthus willdenowianus,Phylica willdenowiana,3874577,1
Berchemia yemenensis,Sageretia thea,3039516,1
Pyrus anglica,Laportea mooreana,4099014,0
Crataegus torva,Crataegus berberifolia,3014985,1
Ficus purpurascens,Spiraea alba,3026585,0
Laurocerasus hypotricha,Prunus hypotricha,3021649,1
Ceanothus pauciflorus,Ceanothus pauciflorus,3876325,1
Urostigma onustum,Ficus globosa,5571079,1
Pyrus stirtoniana,Ficus elastica,7835333,0
Acaena glaucella,Leucosyke capitellata,4102514,0
Dorstenia richardii,Dorstenia cuspidata,7262644,1
Rubus roylei,Rubus niveus,2989183,1
Clarisia spruceana,Clarisia ilicifolia,7262841,1
Cryptandra tridentata,Trema orientale,2984508,0
Pilea goglado,Pilea glaberrima,5669878,1
Helicostylis lancifolia,Broussonetia monoica,5569721,0
Morus colombassa,Morus alba,5361889,1
Pyrus alnifrons,Karpatiosorbus alnifrons,9367939,1
Procris caudata,Boehmeria caudata,7610513,1
Armeniaca tardiflora,Prunus armeniaca,7818643,1
Frangula boliviana,Aphanes parodii,5364995,0
Sloetia minahassae,Hedlundia austriaca,9251540,0
Mespilus pyrifolia,Rhaphiolepis bengalensis,10869066,0
Fleurya photiniphylla,Gironniera subaequalis,4159324,0
Streblus cordatus,Broussonetia papyrifera,5361944,1
Spiraea millefolium,Colletia spartioides,5602724,0
Celtis usambarensis,Celtis mildbraedii,4159999,1
Colubrina oppositifolia,Frangula caroliniana,3039468,0
Sorbus quercifolia,Karpatiosorbus hybrida,9478021,0
Morus vicorum,Argentina gombalana,8174031,0
Morus lhou,Elaeagnus multiflora,3039272,0
Pourthiaea hookeri,Helinus mystacinus,3875546,0
Urtica himalayensis,Urtica ardens,5671305,1
Celtis heterophyla,Pourthiaea villosa,8356787,0
Spiraea amoena,Spiraea bella,3026631,1
Prunus amarella,Prunus armeniaca,7818643,1
Schizonotus argenteus,Prunus arborea,3021654,0
Sorbus cretica,Elaeagnus angustifolia,3039269,0
Soulangia cordata,Phylica buxifolia,3876260,1
Sibbaldia glabriuscula,Artocarpus gomezianus,3764819,0
Soulangia orientalis,Celtis iguanaea,2984498,0
Armeniaca argentea,Trema orientale,2984508,0
Eriobotrya dubia,Procris repens,7916114,0
Celtis mauritiana,Crataegus pruinosa,7790552,0
Potentilla oweriniana,Morus cathayana,7262430,0
Potentilla vilmoriniana,Hullettia griffithiana,8282307,0
Pyrus hungarica,Aria hungarica,9260256,1
Fleurya ovalifolia,Laportea ovalifolia,4098915,1
Pseudochaenomeles maulei,Boehmeria dura,4099280,0
Sorbus pseudosemiincisa,Scutia spicata,7273727,0
Chlorophora excelsa,Morus mongolica,7262362,0
Eriobotrya seguinii,Artocarpus kemando,3764693,0
Myrtus laevis,Pourthiaea villosa,8356787,1
Planera ulmifolia,Planera aquatica,5361858,1
Crataegus obovatifolia,Crataegus punctata,3014805,1
Boehmeria hirta,Physocarpus monogynus,2988349,0
Potentilla moesiaca,Karpatiosorbus admonitor,9284607,0
Chaenomeles xsuperba,Prunus emarginata,7272137,0
Acaena longisepala,Forsskaolea viridis,8040520,0
Ziziphus scandens,Poikilospermum nobile,4013184,0
Pellionia longgangensis,Elatostema paucidentatum,4101508,1
Missiessya ochroneura,Aria stenophylla,9619588,0
Bosqueia orientalis,Trilepisium madagascariense,3766911,1
Gouania stricta,Cryptandra tubulosa,3876136,0
Acaena basibullata,Boehmeria nivea,2984359,0
Ulmophyllum tenuinerve,Ziziphus rugosa,7273665,0
Sorbus carpatica,Aria edulis,8411755,1
Potentilla wenchuensis,Argentina wenchuensis,9421003,1
Cudrania rectispina,Neillia tanakae,2987948,0
Pomatoderris elliptica,Rousselia humilis,5361854,0
Spiraea bullata,Spiraea japonica,8170635,1
Sorbus vallerubusensis,Celtis vandervoetiana,4159948,0
Sorbus moravica,Debregeasia squamata,7300579,0
Urtica aucklandica,Elatostema rostratum,11066335,0
Physocarpus glabratus,Brosimum rubescens,3762826,0
Urtica repens,Rhaphiolepis delacourii,5371539,0
Soulangia pinea,Pipturus argenteus,6414892,0
Aphanes macrosepala,Aphanes arvensis,5365013,1
Elaeagnus iliensis,Boehmeria japonica,7300501,0
Ficus kellermanii,Potentilla ancistrifolia,5366710,0
Urostigma ovale,Crataegus punctata,3014805,0
Spiraea laxiflora,Spiraea vacciniifolia,8111204,1
Cudrania amboinensis,Maclura cochinchinensis,7262552,1
Spiraea superba,Discaria chacaye,5602883,0
Pourouma edulis,Procris pedunculata,5671195,0
Tetraglochin alata,Pyraria irregularis,12193096,0
Fragaria filipendula,Potentilla hemsleyana,5368100,1
Ceanothus ellipticus,Ceanothus americanus,3039318,1
Elatostema gibbosum,Procris repens,7916114,1
Pyrus rupicola,Ziziphus jujuba,3039423,0
Leptocnide borbonica,Pouzolzia sanguinea,7300542,1
Celtis lima,Trema lamarckianum,2984506,1
Toxylon aurantiacum,Maclura pomifera,2984580,1
Pellionia heteroloba,Sageretia hamosa,7273915,0
Opa integerrima,Rhaphiolepis integerrima,7064880,1
Rhamnus meyeri,Maclura brasiliensis,7262554,0
Sorbus barabitsii,Karpatiosorbus barabitsii,9473916,1
Morus latifolia,Morus indica,5569978,1
Pourthiaea oldhamii,Dendrocnide ternatensis,4098440,0
Parietaria canescens,Parietaria officinalis,5361803,1
Pyrus andreanszkyana,Karpatiosorbus andreanszkyana,9507936,1
Sorbus subdanubialis,Ziziphus funiculosa,8086556,0
Photinia foliolosa,Prainea scandens,3764413,0
Pyrus fischeri,Karpatiosorbus fischeri,9349434,1
Marlothia spartioides,Helinus spartioides,3875512,1
Aronia heterophylla,Sorbaronia sorbifolia,2987868,1
Phylica elongata,Potentilla divina,5367094,0
Crataegus quaesita,Crataegus senta,3013958,1
Rhamnus baptica,Rhamnus baptica,3877152,1
Aphanes microcarpa,Gironniera celtidifolia,4159570,0
Maclura xanthoxyloides,Maclura tinctoria,2984583,1
Ziziphus glaziovii,Sarcomphalus glaziovii,9103310,1
Spyridium ramosissimum,Spyridium ramosissimum,11257897,1
Acaena parvifolia,Acaena lucida,5370697,1
Urtica rhombea,Rubus leucodermis,8110785,0
Morus vitifolia,Parartocarpus bracteatus,8190094,0
Cerasus regalis,Cecropia angustifolia,4013465,0
Aphanes delicatula,Gouania longispicata,5602983,0
Celtis salvatiana,Frangula neblinensis,8345431,0
Rhamnus lineatifolia,Maclura pomifera,2984580,0
Sibbaldia potentilloides,Rhamnus parvifolia,7273851,0
Rhamnus oiwakensis,Ulmus laevis,7303616,0
Artocarpus grandis,Artocarpus heterophyllus,2984565,1
Spiraea parvifolia,Spiraea tomentosa,3026819,1
Pouzolzia parvifolia,Zelkova carpinifolia,7467231,0
Acaena pinnatifida,Acaena sericea,5370716,1
Cecropia lyratiloba,Lozanella enantiophylla,4160094,0
Rhamnus nakaharai,Rhamnus nakaharae,5733727,1
Boehmeria cinerascens,Pipturus argenteus,6414892,1
Discaria febrifuga,Discaria americana,5602906,1
Urtica crenata,Ficus heteropleura,7262505,0
Boehmeria fernandeziana,Urtica glomeruliflora,8284380,1
Rhaphiolepis brevipetiolata,Aronia arbutifolia,5363629,0
Spiraea paniculata,Spiraea alba,3026585,1
Urostigma nitidum,Ficus benjamina,5361932,1
Colubrina mollis,Aria greenii,9310020,0
Lasiodiscus contumax,Boehmeria japonica,7300501,0
Broussonetia tinctoria,Maclura tinctoria,2984583,1
Aphanes occidentalis,Prunus pseudocerasus,3021437,0
Celtis triflora,Pouzolzia sanguinea,7300542,0
Condalia paradoxa,Dorstenia psilurus,3763387,0
Colubrina faraloatra,Celtis vandervoetiana,4159948,0
Ulmus urticifolia,Ulmus glabra,5361866,1
Urtica romana,Taxotrophis macrophylla,3767188,0
Acaena multifida,Dorstenia zenkeri,3762584,0
Phylica atrata,Aria obtusifolia,9276845,0
Rhaphiolepis yui,Boehmeria nivea,2984359,0
Phenax tomentosus,Discaria toumatou,5603124,0
Crataegus versicolor,Dendrocnide sinuata,4098506,0
Ficus bukkaensis,Ficus indigofera,5570118,1
Streblus microphylla,Taxotrophis taxoides,11138557,1
Elatostema wightianum,Colubrina elliptica,5372458,0
Duguetia glabra,Naucleopsis glabra,3767226,1
Ramium rugulosum,Pouzolzia rugulosa,4098989,1
Ficus phanerophlebia,Ficus politoria,5572392,1
Helxine pensylvanica,Parietaria pensylvanica,5361796,1
Pyrus arioides,Majovskya ambigua,9285492,1
Pilea rupipendia,Argentina leuconota,8022597,0
Dorstenia katubensis,Dorstenia benguellensis,3765939,1
Cecropia dentata,Rhamnus pachyphylla,10862356,0
Eriobotrya fulvicoma,Rhaphiolepis fulvicoma,10746511,1
Sorbus incisa,Aria edulis,8411755,1
Colletia exserta,Aronia arbutifolia,5363629,0
Potentilla tenella,Sarcomphalus saeri,9200633,0
Bosqueia calcicola,Trilepisium madagascariense,3766911,1
Celtis angustifolia,Trema angustifolium,4159501,1
Urtica pentandra,Pilea melastomoides,5670477,0
Dasiphora nitida,Crataegus obtusata,3014035,0
Urtica dichotoma,Maclura cochinchinensis,7262552,0
Tetraglochin cristata,Artocarpus treculianus,3763995,0
Ziziphus joazeiro,Sarcomphalus joazeiro,8910944,1
Spiraea fulvescens,Maclura fruticosa,3764318,0
Pyrus rupicola,Aria rupicola,9415196,1
Sorbus guadarramica,Torminalis glaberrima,9410160,1
Adenilema fallax,Chamabainia cuspidata,7300685,0
Crataegus mespilus,Mespilus germanica,3031774,1
Boehmeria conglobata,Paratrophis pendulina,11172036,0
Ficus elliptica,Ficus punctata,7673670,1
Ulmus cebennensis,Spiraea acuta,3853960,0
Celtis sinensis,Celtis sinensis,4159594,1
Urtica oreophila,Ficus mauritiana,5571388,0
Celtis eriantha,Celtis africana,5834428,1
Persica lancaefolia,Persica lancaefolia,3855043,1
Berchemia berchemiifolia,Berchemiella berchemiifolia,3875970,1
Prunus nana,Emmenosperma alphitonoides,3875258,0
Adicea longipes,Pilea acuminata,7300553,1
Pleuranthodes hillebrandtii,Karpatiosorbus gayeriana,9482210,0
Dendrocnide milnei,Dendrocnide harveyi,4098856,1
Pilea nepalensis,Pilea scripta,5670582,1
Pyrus puellarum,Karpatiosorbus puellarum,9318534,1
Alicastrum costaricanum,Argentina glabriuscula,7516818,0
Potentilla burdujae,Potentilla radiata,5366051,1
Urera caracasana,Ziziphus talanae,8027203,0
Ceanothus wightiana,Rhamnus wightii,3877053,1
Phylica spicata,Procris rectangulare,5671119,0
Smythea dupontii,Ceanothus thyrsiflorus,3039379,0
Pyrus persica,Dorstenia arifolia,7262742,0
Aphanes triloba,Scandosorbus intermedia,10071055,0
Cudrania spinosa,Maclura cochinchinensis,7262552,1
Cerasus campestris,Prunus tenella,3022879,1
Colletia obcordata,Retanilla ephedra,7273774,1
Potentilla gordiaginii,Prunus avium,3020791,0
Berchemia trichoclada,Berchemia polyphylla,8142461,1
Pomaderris simsii,Pomaderris lanigera,3876790,1
Ulmus gallica,Atadinus libanoticus,9561769,0
Cydonia lagenaria,Sarcomphalus saeri,9200633,0
Conocephalus nobilis,Poikilospermum nobile,4013184,1
Urtica chichicaztli,Colubrina macrocarpa,7273930,0
Margyrocarpus setosus,Margyricarpus pinnatus,3030248,1
Crataegus eriocalyx,Coussapoa ovalifolia,4013216,0
Sponia rostrata,Celtis philippensis,7303643,0
Urtica conglobata,Prunus javanica,3022372,0
Cecropia leucocoma,Gironniera subaequalis,4159324,0
Poikilospermum concolor,Poikilospermum suaveolens,4013131,1
Pomaderris ovaria,Pomaderris racemosa,3876061,1
Cryptandra miliaris,Cryptandra tubulosa,3876136,1
Choenomeles japonica,Chaenomeles japonica,3000610,1
Laportea warburghii,Treculia africana,7895921,0
Boehmeria caudata,Urtica membranacea,7685819,1
Artocarpus rufescens,Artocarpus lacucha,7873234,1
Dorstenia carnosula,Dorstenia hildebrandtii,7262592,1
Trema affinis,Trema orientale,2984508,1
Eriobotrya capitata,Rhaphiolepis capitata,10760566,1
Artocarpus brasiliensis,Ficus crassinervia,5361897,0
Acaena anserinifolia,Acaena anserinifolia,7942884,1
Rhamnus minutiflora,Sageretia minutiflora,8054984,1
Potentilla hypoleuca,Potentilla multifida,8416400,1
Bosqueia phoberos,Trilepisium madagascariense,3766911,1
Helicostylis urophylla,Ficus holosericea,5570480,0
Trema molle,Trema micranthum,2984501,1
Ziziphus seleri,Sarcomphalus amole,9008095,1
Rubus japonicus,Pouzolzia rubricaulis,4099003,0
Elatostema manillense,Elatostematoides manillense,4098334,1
Berchemia crehulata,Berchemia crehulata,3876522,1
Artocarpus bicolor,Artocarpus styracifolius,3764082,1
Pyrus algoviensis,Torminalis glaberrima,9410160,0
Spiraea chamaedrifolia,Aronia arbutifolia,5363629,0
Potentilla contigua,Artocarpus rigidus,2984576,0
Myriocarpa polystachya,Cryptandra tomentosa,7273849,0
Boehmeria macrophylla,Prunus armeniaca,7818643,0
Rosa acicularis,Trevoa quinquenervia,3876194,0
Pouzolzia parietarioides,Boehmeria cylindrica,2984345,0
Ficus soronensis,Ficus ampelos,8053189,1
Parietaria rubicunda,Ficus ampelos,8053189,0
Potentilla pedata,Potentilla pedata,8327079,1
Ulmus dimidiata,Ulmus rubra,5361867,1
Maillardia pendula,Maillardia montana,3763943,1
Sorbus legrei,Hedlundia legrei,9541608,1
Broussonetia luzoniensis,Ficus bhotanica,5571447,0
Pyrus schwarziana,Trema eurhynchum,9734868,0
Celtis monoica,Aphananthe monoica,7395485,1
Hahnia aria,Chaenomeles japonica,3000610,0
Morus reticulata,Morus rubra,5361886,1
Amygdalus korschinskii,Aphanes arvensis,5365013,0
Hedlundia caucasica,Hedlundia armeniaca,10833957,1
Urtica racemosa,Laportea aestuans,2984466,1
Ceanothus greggii,Ceanothus pauciflorus,3876325,1
Ogcodeia pseudonaga,Naucleopsis pseudonaga,3764550,1
Padus pseudocerasus,Prunus pseudocerasus,3021437,1
Ficus oligodon,Pourthiaea fokienensis,3000554,0
Spiraea raizadae,Spiraea vacciniifolia,8111204,0
Celtis morifolia,Cecropia angustifolia,4013465,0
Retanilla spinifer,Ziziphus mauritiana,3039424,0
Pyracantha gibbsiae,Morus celtidifolia,5570117,0
Dorstenia cuspidata,Dorstenia cuspidata,7262644,1
Ficus rubricaulis,Ficus ampelos,8053189,1
Ogcodeia glabra,Naucleopsis glabra,3767226,1
Margyricarpus imberbis,Margyricarpus pinnatus,3030248,1
Pilea lineolata,Pilea betulifolia,7300951,1
Acaena tomentella,Acaena magellanica,5370832,1
Crataegus graeca,Elaeagnus commutata,3039274,0
Pyrus pubens,Ochetophila trinervis,3877218,0
Cecropia orinocensis,Pyracantha koidzumii,2988162,0
Rhamnus iguanea,Frangula polymorpha,7274018,1
Cudrania grandifolia,Artocarpus integer,2984566,0
Potentilla daltoniana,Obetia radula,8399299,0
Ambaiba nivea,Cecropia polystachya,4013171,1
Willemetia scandens,Karpatiosorbus haesitans,9585443,0
Boehmeria hypoleuca,Spyridium spadiceum,7273965,0
Sorbus subeminens,Aria eminens,9343973,1
Adicea hirsuta,Aronia prunifolia,5363613,0
Ficus tashiroi,Ficus ampelos,8053189,1
Adicea gnidiodes,Pilea gnidioides,5669843,1
Spiraea leucantha,Heteromeles arbutifolia,5370154,0
Gouania integrifolia,Hedlundia armeniaca,10833957,0
Dendrocnide saipanensis,Dendrocnide latifolia,4098799,1
Potentilla subsericea,Potentilla pedata,8327079,1
Sorbus flabellifolia,Maclura tinctoria,2984583,0
Elaeagnus stricta,Elaeagnus stricta,4048252,1
Osteomeles anthyllidifolia,Osteomeles schwerinae,3024838,1
Conocephalus gjellerupii,Poikilospermum gjellerupii,4013246,1
Dorstenia tuberosa,Elatostema rostratum,11066335,0
Sorocea macrogyne,Sorocea guilleminiana,3762938,1
Zizyphus cinnamomoides,Rhaphiolepis salicifolia,5371531,0
Crataegus brevispina,Potentilla rubra,8409450,0
Morus lactea,Afromorus mesozygia,11122103,1
Fragaria moupensis,Potentilla elvendensis,5367499,0
Porteranthus trifoliatus,Gillenia trifoliata,2986435,1
Berchemia parviflora,Torminalis glaberrima,9410160,0
Colubrina triquetra,Hedlundia neglecta,9446782,0
Rubus horsfieldii,Argentina polyphylla,7661473,0
Eriobotrya tengyuehensis,Rhaphiolepis tengyuehensis,10679539,1
Sorbus hardeggensis,Karpatiosorbus hybrida,9478021,1
Trymalium majoranifolium,Spyridium majoranifolium,3877496,1
Artocarpus peltatus,Phylica willdenowiana,3874577,0
Passerina conglomerata,Trichocephalus stipularis,5602927,1
Gironniera scabrida,Rubus malagassus,2994710,0
Freirea pensylvanica,Pouzolzia sanguinea,7300542,0
Pourouma cuatrecasasii,Pourouma minor,4013658,1
Spyridium tridentatum,Stenanthemum tridentatum,3876510,1
Discaria articulata,Discaria articulata,7840245,1
Sageretia blumei,Sageretia filiformis,3876704,1
Ficus harrisii,Ficus membranacea,5571303,1
Boehmeria maximowiczii,Holodiscus discolor,2987780,0
Pyrus roopiana,Hedlundia roopiana,9356550,1
Adicea virgata,Pilea virgata,5671366,1
Petrophyton acuminatum,Debregeasia wallichiana,7300572,0
Ceanothus elongatus,Noltea africana,3877365,1
Crataegus pyrifolia,Rubus biflorus,8396842,0
Urtica ildefonsia,Ziziphus jujuba,3039423,0
Scutia ferrea,Argentina leuconota,8022597,0
Crataegus platycarpa,Crataegus pruinosa,7790552,1
Pouzolzia strigosa,Rhaphiolepis delacourii,5371539,0
Physocarpus pauciflorus,Physocarpus malvaceus,2988332,1
Dorstenia bicuspis,Aria parviloba,10929268,0
Urtica ciliaris,Ulmus hollandica,7141604,0
Alicastrum glaziouvii,Photinia lasiogyna,5364025,0
Ventilago ochrocarpa,Smythea oblongifolia,11062813,1
Urtica pulcherrima,Rhamnus prostrata,3875839,0
Saccus elongatus,Sloetia elongata,3763185,1
Potentilla santolinoides,Potentilla santolinoides,5365641,1
Acaena tasmanica,Acaena montana,5370674,1
Spiraea capitata,Physocarpus capitatus,2988390,1
Margarocarpus boivinianus,Condalia maytenoides,5602872,0
Rubus microphyllus,Rubus niveus,2989183,1
Fragariastrum davisii,Sorbaronia sorbifolia,2987868,0
Bucephalon mexicanum,Colubrina javanica,5603090,0
Potentilla gallica,Karpatiosorbus slovenica,9635542,0
Sageretia trinervis,Ochetophila trinervis,3877218,1
Boehmeria gigantea,Boehmeria holosericea,7300512,1
Armeniaca berricoccia,Cecropia polystachya,4013171,0
Corchorus japonicus,Kerria japonica,5371450,1
Rhamnus sibthorpiana,Heteromeles arbutifolia,5370154,0
Streblus smithii,Paratrophis smithii,3765928,1
Ceanothus orcuttii,Dorstenia benguellensis,3765939,0
Rhamnus lucida,Ziziphus jujuba,3039423,1
Trilepisium gymnandrum,Ulmus parvifolia,5361869,0
Pouzolzia tuberosa,Physocarpus monogynus,2988349,0
Momisia aculeata,Aphanes australis,5365026,0
Urtica ardens,Rosa columnifera,8204505,0
Calius lactescens,Streblus asper,10242935,1
Margarocarpus heterophyllus,Boehmeria heterophylla,4098689,1
Urostigma costaricanum,Ficus costaricana,5569991,1
Schizonotus ariifolius,Holodiscus discolor,2987780,1
Brosimum lecointei,Torminalis glaberrima,9410160,0
Ficus tsiela,Ficus amplissima,5572290,1
Memorialis dalzellii,Phylica polifolia,3875106,0
Ficus rhomboidalis,Ficus bhotanica,5571447,1
Rubus montanus,Rubus montanus,8190785,1
Zizyphus zeyheriana,Ziziphus zeyheriana,3877649,1
Urera glabra,Pyraria irregularis,12193096,0
Pyrus lindleyana,Photinia lindleyana,5364055,1
Rosa solsticialis,Potentilla chinensis,5365665,0
Potentilla borneensis,Argentina borneensis,7543991,1
Macrorhamnus faraloatra,Artocarpus lamellosus,3764628,0
Hippophae canadensis,Shepherdia canadensis,5372427,1
Ficus decora,Pyracantha atalantioides,2988212,0
Pilea hollickii,Gonostegia triandra,4100795,0
Cecropia riparia,Pyracantha atalantioides,2988212,0
Potentilla propinqua,Potentilla hippiana,5367733,1
Rubus weberianus,Cecropia concolor,7316398,0
Potentilla achillea,Elatostema banahaense,4101589,0
Acaena poterioides,Ficus elastica,7835333,0
Crataegus philadelphica,Crataegus pruinosa,7790552,1
Sorbus eugenii-kelleri,Rhaphiolepis petiolata,10845808,0
Sorbus cydonia,Karpatiosorbus concavifolia,9625377,0
Crataegus meiophylla,Crataegus margarettae,3014697,1
Rhamnus lancifolia,Rubus leucodermis,8110785,0
Spiraea triloba,Spiraea trilobata,3026656,1
Centrogyne angolensis,Trilepisium madagascariense,3766911,1
Rhamnus colchica,Elaeagnus conferta,7293128,0
Mystacinus ovatus,Helinus integrifolius,3875572,1
Crataegus pallida,Humulus scandens,2984537,0
Urtica parasitica,Naucleopsis oblongifolia,3767082,0
Clarisia panamensis,Clarisia biflora,7262852,1
Armeniaca cordifolia,Prunus armeniaca,7818643,1
Phyllochlamys tridentata,Phylica litoralis,3875533,0
Sponia tahitensis,Sageretia elegans,3876721,0
Pouzolzia virgata,Pouzolzia laevis,4100076,1
Procris peduncularis,Lecanthus peduncularis,7300476,1
Ziziphus jujuba,Ziziphus mauritiana,3039424,1
Laportea schlechteri,Boehmeria holosericea,7300512,0
Phenax aquatica,Gonostegia pentandra,4100866,1
Gironniera cuspidata,Aphananthe cuspidata,8293016,1
Rubus micranthus,Hedlundia harziana,9426856,0
Celtis grandidentata,Celtis tenuifolia,2984482,1
Ficus xavieri,Ficus benjamina,5361932,1
Pyraria auricularis,Celtis iguanaea,2984498,0
Bleekrodea malayana,Morus alba,5361889,0
Spiraea dumosa,Aronia arbutifolia,5363629,0
Ceanothus alamanii,Karpatiosorbus hybrida,9478021,0
Celtis holtzii,Celtis africana,5834428,1
Leucosyke bimensis,Leucosyke capitellata,4102514,1
Rhamnus borneensis,Aronia prunifolia,5363613,0
Trevoa glauca,Trevoa quinquenervia,3876194,1
Polyphema jaca,Elaeagnus pungens,3039270,0
Ziziphus africana,Trema micranthum,2984501,0
Sorbus liljeforsii,Cecropia telealba,7316405,0
Spiraea chamaedryfolia,Artocarpus lamellosus,3764628,0
Ogcodeia pallescens,Artocarpus chama,3765040,0
Urtica spiralis,Holoptelea integrifolia,4160169,0
Phenax pallida,Boehmeria pavonii,7300891,1
Celtis procera,Celtis occidentalis,2984481,1
Ficus nodosa,Holoptelea grandis,4160181,0
Sarcomphalus graecus,Atadinus sibthorpianus,9432696,1
Cerasus aspera,Aphananthe aspera,4159921,1
Piratinera angustifolia,Brosimum rubescens,3762826,1
Rhamnidium acuminatum,Acaena anserinifolia,7942884,0
Aphanes cuneifolia,Aphanes arvensis,5365013,1
Pyracantha vulgaris,Pyracantha coccinea,2988188,1
Morus longifolia,Crataegus senta,3013958,0
Boehmeria acalyphoides,Karpatiosorbus hybrida,9478021,0
Missiessya rubiginosa,Trema politoria,4159810,0
Oreoherzogia libanotica,Atadinus libanoticus,9561769,1
Opulaster malvaceus,Physocarpus malvaceus,2988332,1
Missiessya sumatrana,Leucosyke sumatrana,4102107,1
Photinia fokienensis,Allaeanthus greveanus,3765669,0
Celtis acuta,Celtis tetrandra,7366997,1
Sorbus eminens,Rhaphiolepis elliptica,10758611,0
Solenostigma paniculatum,Celtis paniculata,4159385,1
Boehmeria tikusiensis,Boehmeria japonica,7300501,1
Aphananthe lucida,Aphananthe cuspidata,8293016,1
Potentilla saxosa,Ziziphus mauritiana,3039424,0
Celtis inglisii,Sorocea pubivena,7262377,0
Colletia tetrandra,Sorbaronia sorbifolia,2987868,0
Boehmeria fernandeziana,Dendrocnide ternatensis,4098440,0
Morocarpus virens,Debregeasia longifolia,4099305,1
Treculia parva,Treculia acuminata,3763678,1
Colubrina vellozoi,Celtis paniculata,4159385,0
Albrandia gaudichaudii,Boehmeria cylindrica,2984345,0
Urtica grandifolia,Hedlundia austriaca,9251540,0
Ficus aurantiacea,Ficus punctata,7673670,1
Ziziphus spinosa,Paliurus spina-christi,5372457,1
Maclura timorensis,Potentilla hippiana,5367733,0
Rhamnus napeca,Ziziphus spina-christi,8228089,1
Girtanneria franguloides,Endotropis alnifolia,9266494,1
Photinia nudiflora,Hedlundia croatica,10464334,0
Luetkea caespitosa,Petrophytum caespitosum,3030194,1
Amygdalus arabica,Ziziphus nummularia,3039427,0
Ceanothus zeylanicus,Ficus auriculata,5571773,0
Ochetophila parvifolia,Rosa hardyi,8115297,0
Saccus dadah,Dorstenia arifolia,7262742,0
Photinia glomerata,Pilea wrightiana,7300935,0
Ziziphus sororia,Ziziphus jujuba,3039423,1
Fatoua globulifera,Fatoua villosa,2984652,1
Basilima lindleyana,Neillia thyrsiflora,3024763,0
Boehmeria tenacissima,Aria danubialis,9573476,0
Cerasus floribunda,Aronia prunifolia,5363613,0
Procris gracilis,Ziziphus incurva,3876080,0
Rubus pyi,Rhamnus japonica,3039482,0
Rosa belgradensis,Rosa belnensis,3003985,1
Forsskaolea scabra,Artocarpus calophyllus,3765088,0
Celtis brieyi,Artocarpus lamellosus,3764628,0
Celtis brevinervis,Discaria pubescens,5602819,0
Ulmus verschaffeltii,Urtica membranacea,7685819,0
Dorstenia tomentosa,Dorstenia brasiliensis,7262704,1
Sorbus edulis,Pourthiaea arguta,2988149,0
Sponia hochstetteri,Celtis occidentalis,2984481,0
Boehmeria tricuspis,Spyridium ramosissimum,11257897,0
Pouzolzia bornensis,Pouzolzia zeylanica,2984383,1
Pyraria irregularis,Karpatiosorbus vallusensis,9621238,0
Prunus barbata,Kageneckia oblonga,3016219,0
Eriobotrya daduheensis,Photinia integrifolia,5363967,0
Celtis politoria,Trema politoria,4159810,1
Potentilla mairei,Colubrina asiatica,5372467,0
Pyrus pekarovae,Chaenomeles speciosa,3000679,0
Urtica spicigera,Ficus elastica,7835333,0
Potentilla kirghizorum,Potentilla glaucescens,5366478,1
Ivesia muirii,Potentilla muirii,5365301,1
Rubus sericeus,Argentina simulans,7462016,0
Soaresia ilicifolia,Clarisia ilicifolia,7262841,1
Oreoherzogia cornifolia,Atadinus cornifolius,9408776,1
Rhamnus lucida,Crataegus punctata,3014805,0
Potentilla asiae-mediae,Potentilla multifida,8416400,1
Urtica monoica,Artocarpus chama,3765040,0
Pouzolzia flaccida,Chamabainia cuspidata,7300685,0
Colletia tomentosa,Colletia hystrix,7273656,1
Elaeagnus crispa,Rhamnus pichleri,3876064,0
Mespilus loureiri,Laportea aestuans,2984466,0
Crataegus occidentalis,Crataegus macracantha,3013570,1
Ficus bhotanica,Ficus bhotanica,5571447,1
Dorstenia gourmaensis,Dorstenia cuspidata,7262644,1
Potentilla oweriniana,Potentilla divina,5367094,1
Sponia annulata,Boehmeria japonica,7300501,0
Aronia atropurpurea,Aronia prunifolia,5363613,1
Spiraea montana,Forsskaolea tenacissima,4101888,0
Gouania lanceolata,Helinus lanceolatus,7273768,1
Ulmus hookeriana,Ziziphus jujuba,3039423,0
Ivesia santolinoides,Potentilla santolinoides,5365641,1
Aruncus americanus,Aruncus dioicus,5362136,1
Broussonetia sieboldii,Spiraea chamaedryfolia,3026406,0
Urtica triplinervia,Pouzolzia zeylanica,2984383,1
Colubrina colubrina,Colubrina arborescens,5372463,1
Parietaria affinis,Aria edulis,8411755,0
Procris paniculata,Laportea ruderalis,4098684,1
Parietaria nitida,Parietaria officinalis,5361803,1
Rhamnus wulfenii,Frangula rupestris,3877335,1
Acaena cadilla,Spyridium obovatum,7274000,0
Parietaria sonneratii,Taxotrophis taxoides,11138557,0
Fragaria nigra,Fragaria nigra,8306150,1
Cecropia ibaguensis,Hedlundia hybrida,9245228,0
Rhamnus crini,Perebea xanthochyma,3765422,0
Margarocarpus conglobatus,Pouzolzia conglobata,4100763,1
Aronia alpina,Prunus griffithii,3021947,0
Elaeagnus latifolia,Dendrocnide meyeniana,4098765,0
Stephanandra chinensis,Hedlundia thuringiaca,9471386,0
Gouania paniculata,Zelkova serrata,2984532,0
Spiraea magnifica,Karpatiosorbus holubyana,9527429,0
Tylanthus atratus,Aria arvonicola,9578666,0
Laportea crenulata,Phylica brachycephala,3876294,0
Artocarpus africana,Treculia africana,7895921,1
Mespilus glabra,Photinia glabra,5363818,1
Potentilla candicans,Argentina anserina,5367246,1
Parietaria affinis,Parietaria cretica,8126790,1
Laportea liebmannii,Discocnide mexicana,4098157,1
Amygdalus ferganensis,Celtis iguanaea,2984498,0
Procris axillaris,Dendrocnide urentissima,4098420,0
Ficus cerasiformis,Touchardia latifolia,2984457,0
Helicostylis obtusifolia,Helicostylis tomentosa,3764831,1
Cecropia danielis,Dorstenia contrajerva,2984541,0
Memorialis triandra,Gonostegia parvifolia,4100881,1
Trophis caucana,Olmedia aspera,7954917,1
Maclura sempervirens,Gouania corylifolia,5603068,0
Calpidochlamys drupacea,Paratrophis philippinensis,3765935,1
Rhamnus crenata,Rhamnus parvifolia,7273851,1
Cryptandra gracilipes,Serichonus gracilipes,3875238,1
Pyrus jiulongjiangensis,Urtica leptophylla,5669658,0
Acaena tasmanica,Holodiscus discolor,2987780,0
Dendrocnide caerulea,Trophis mexicana,3766584,0
Cerasus nigra,Prunus avium,3020791,1
Cecropia francisi,Cecropia polystachya,4013171,1
Morus altissima,Rhaphiolepis indica,5371542,0
Persica nana,Prunus tenella,3022879,1
Duretia taquetii,Boehmeria sieboldiana,4101147,1
Ficus cartagenensis,Pouzolzia sanguinea,7300542,0
Phenax bullatus,Neillia thyrsiflora,3024763,0
Ulmus laciniata,Ulmus laciniata,7729774,1
Vanquelinia californica,Trema micranthum,2984501,0
Colletia assimilis,Colletia spinosissima,6371450,1
Celastrus tristis,Auerodendron cubense,7273940,0
Elaeagnus coreana,Elaeagnus umbellata,3039267,1
Rhamnus prunifolia,Parietaria debilis,5361795,0
Radermachia rotunda,Pouzolzia occidentalis,2984385,0
Urtica naucleiflora,Retanilla stricta,3875486,0
Ficus orocuensis,Ficus dendrocida,5572579,1
Urtica trichopoda,Urtica pilulifera,5670646,1
Dorstenia drakena,Achudemia japonica,4099750,0
Cerasus antilibanotica,Physocarpus intermedius,2988352,0
Pyrus delacourii,Rhaphiolepis delacourii,5371539,1
Urera amplissima,Acaena trifida,5370812,0
Acaena exaltata,Colubrina arborescens,5372463,0
Opulaster opulifolius,Pilea grandifolia,5361822,0
Berchemia fournieri,Dallachya vitiensis,3875981,1
Morus yunnanensis,Crataegus scabrifolia,3013721,0
Maclura thorelii,Ficus crassinervia,5361897,0
Opulaster gracilis,Neillia tanakae,2987948,1
Streblus tonkinensis,Colubrina asiatica,5372467,0
Pyrus herefordensis,Boehmeria penduliflora,7769607,0
Dorstenia fluminensis,Dorstenia arifolia,7262742,1
Cerasus crassa,Leucosyke capitellata,4102514,0
Colletia veprecula,Rubus leucanthemos,10895112,0
Dorstenia verdickii,Dorstenia benguellensis,3765939,1
Crataegus brownii,Crataegus margarettae,3014697,1
Ulmus integrifolia,Pipturus albidus,7500826,0
Urtica tuberculata,Pouzolzia guineensis,4100342,0
Spiraea xarguta,Spiraea arguta,3027190,1
Afarca parviflora,Urera simplex,4098366,0
Gouania virgata,Gouania lupuloides,5372440,1
Celtis alpina,Pourthiaea arguta,2988149,0
Rhamnus heterogenea,Ziziphus spina-christi,8228089,1
Oreoherzogia sibthorpiana,Pseudolmedia laevigata,3764182,0
Urtica divergens,Laportea aestuans,2984466,1
Rhamnus liukiuensis,Rhamnus liukiuensis,7419538,1
Sorbus pseudomeinichii,Gironniera parvifolia,4159419,0
Ulmus serpentina,Ulmus hollandica,7141604,1
Phylica cordata,Phylica dioica,3876015,1
Spiraea opulifolia,Crataegus margarettae,3014697,0
Urtica spiralis,Myriocarpa stipitata,7300728,1
Elatostema bulusanense,Elatostema banahaense,4101589,1
Chamaemeles mexicana,Phippsiomeles mexicana,11455449,1
Urtica adoensis,Girardinia diversifolia,7300847,1
Elaeagnus liukiuensis,Elaeagnus maritima,4048041,1
Crataegus pallida,Aria edulis,8411755,1
Cerasus silvestris,Prunus avium,3020791,1
Olmedia tomentosa,Helicostylis tomentosa,3764831,1
Crataegus sieboldii,Aphanes minutiflora,5365004,0
Dorstenia stenophylla,Paratrophis philippinensis,3765935,0
Prunus dunniana,Cryptandra waterhousii,3876063,0
Morus lucida,Morus alba,5361889,1
Artocarpus biformis,Artocarpus glaucus,3764827,1
Gouania tiliifolia,Gouania leptostachya,7273872,1
Artocarpus nanca,Artocarpus heterophyllus,2984565,1
Boehmeria ovalis,Aphanes parodii,5364995,0
Ficus alnifolia,Ficus marmorata,5571468,0
Crataegus pruinosa,Crataegus pruinosa,7790552,1
Ficus hispida,Ficus hispida,7836446,1
Girtanneria oenoplia,Maclura cochinchinensis,7262552,0
Colubrina guatemalensis,Dendrocnide stimulans,4098487,0
Trymalium microphyllum,Spyridium lawrencii,3877551,1
Dorstenia mexicana,Frangula henryi,3874488,0
Stephanandra chinensis,Neillia hanceana,3853034,1
Zizyphus mucronata,Ziziphus mucronata,3875567,1
Zizyphus poiretii,Atadinus alpinus,3877063,0
Streblus solomonensis,Paratrophis solomonensis,11162240,1
Rhamnus fasciculata,Boehmeria densiflora,6414592,0
Morus urticifolia,Boehmeria cylindrica,2984345,0
Celtis kunmingensis,Pourthiaea parviflora,3000446,0
Spiraea paniculata,Aruncus dioicus,5362136,1
Sloetia wallichii,Sloetia elongata,3763185,1
Debregeasia dichotoma,Debregeasia longifolia,4099305,1
Ficus lanyuensis,Ficus punctata,7673670,1
Crataegus littoralis,Procris pedunculata,5671195,0
Ficus rudis,Ficus ampelos,8053189,1
Parartocarpus papuanus,Parartocarpus venenosa,3766049,1
Zelkova davidiana,Hemiptelea davidii,4160206,1
Ficus rufipila,Ficus parietalis,5569936,1
Crataegus spinosissima,Crataegus sanguinea,3013574,1
Urtica repanda,Pouzolzia rubricaulis,4099003,0
Pouzolzia huillensis,Prunus armeniaca,7818643,0
Dorstenia unyikae,Acaena sericea,5370716,0
Morocarpus virens,Endotropis alnifolia,9266494,0
Pipturus discolor,Dendrocnide meyeniana,4098765,0
Celtis ehrenbergiana,Crataegus pallasii,3013600,0
Villebrunea rhodopleura,Oreocnide rhodopleura,4099423,1
Pseudopipturus repandus,Nothocnide repanda,4099887,1
Rhamnus lemaniana,Atadinus lemanianus,12254509,1
Pygeum oocarpum,Acaena trifida,5370812,0
Aria intermedia,Scandosorbus intermedia,10071055,1
Armeniaca macrocarpa,Cecropia telenitida,4013242,0
Acaena pearcei,Sarcomphalus laurinus,7273826,0
Pyrus superba,Artocarpus nobilis,3764420,0
Urticastrum nicaraguense,Phylica hirta,3875775,0
Phenax petiolaris,Atadinus fallax,9581355,0
Persica laevis,Rhamnus napalensis,4928522,0
Pyrus semiincisa,Pseudolmedia laevigata,3764182,0
Photinia semiserrata,Photinia griffithii,5364046,1
Rhamnus depressa,Crataegus persimilis,3015457,0
Pilea chevalieri,Scutia spicata,7273727,0
Cotoneaster formosanus,Pyracantha koidzumii,2988162,1
Prunus rufomicans,Ceanothus megacarpus,3039316,0
Boehmeria albida,Pipturus albidus,7500826,1
Lupulus communis,Humulus lupulus,2984535,1
Sorbus adamii,Trema orientale,2984508,0
Trema virgatum,Trema cannabina,2984507,1
Microrhamnus mairei,Berchemia yunnanensis,3875993,1
Potentilla papuana,Berchemia cinerascens,7720336,0
Phylica parviflora,Phylica lasiocarpa,3875597,1
Momisia zizyphoides,Celtis iguanaea,2984498,1
Crataegus gaudens,Rubus niveus,2989183,0
Physocarpus stellatus,Physocarpus opulifolius,2988354,1
Gironniera lucida,Aphananthe cuspidata,8293016,1
Artocarpus klidang,Acaena ovalifolia,5370651,0
Acaena sericascens,Taxotrophis ilicifolia,3767205,0
Artocarpus venenosus,Dorstenia bahiensis,3766013,0
Berchemia trichoclada,Karpatiosorbus hybrida,9478021,0
Colletia maytenoides,Ulmus hollandica,7141604,0
Artocarpus masticatus,Artocarpus gomezianus,3764819,1
Aronia grandifolia,Potentilla glaucescens,5366478,0
Rubus aldenoensis,Rubus aldenoensis,2989294,1
Ziziphus poiretiana,Trema eurhynchum,9734868,0
Artocarpus ficifolius,Phenax sonneratii,6414569,0
Parietaria linguaefolia,Chaetachme aristata,4159728,0
Coussapoa echinata,Karpatiosorbus magocsyana,9616932,0
Potentilla ussuriensis,Crataegus berberifolia,3014985,0
Morus cuspidata,Morus indica,5569978,1
Ficus macropoda,Ficus andamanica,5572257,1
Ivesia sanlotinoides,Dendrocnide oblanceolata,4098661,0
Rhamnus surotatensis,Ulmus glabra,5361866,0
Forsskaolea leptostachys,Droguetia leptostachys,4102666,1
Pouzolzia mysorensis,Gonostegia triandra,4100795,1
Armeniaca mongametia,Crataegus persimilis,3015457,0
Rubus rotundifolius,Rubus niveus,2989183,1
Boehmeria dolichostachys,Boehmeria balslevii,4100398,1
Sorbus danubialis,Retanilla ephedra,7273774,0
Dorstenia pernambucana,Condalia rigida,5602834,0
Pyrus saxicola,Aria saxicola,9329407,1
Gironniera korthalsii,Gironniera subaequalis,4159324,1
Crataegus poiretiana,Aria eminentiformis,9560284,0
Ambaiba sciadophylla,Cecropia sciadophylla,7316424,1
Craterogyne africana,Karpatiosorbus barthae,9552007,0
Ulmus japonica,Ulmus parvifolia,5361869,1
Maria alta,Artocarpus glaucus,3764827,0
Freirea alsinifolia,Freirea alsinifolia,7572976,1
Aronia pyrifolia,Karpatiosorbus bakonyensis,9605899,0
Urera flamigniana,Scepocarpus flamignianus,11746061,1
Boehmeria glabra,Neraudia melastomifolia,2984376,1
Spiraea nobleana,Prunus arborea,3021654,0
Celtis scabra,Celtis occidentalis,2984481,1
Momisia platycaulis,Celtis iguanaea,2984498,1
Coussapoa napoensis,Coussapoa ovalifolia,4013216,1
Ulmus pumila,Ulmus alata,5361878,1
Cerasus glandulosa,Scepocarpus trinervis,11543475,0
Artocarpus calophyllus,Artocarpus calophyllus,3765088,1
Potentilla euxantha,Potentilla hypargyrea,5365530,1
Olmedia maxima,Maquira coriacea,3763724,1
Sorbus persica,Acaena magellanica,5370832,0
Gouania seretii,Gouania longispicata,5602983,1
Piratinera mollis,Brosimum guianense,7374879,1
Rhamnus franguloides,Prunus discolor,3022033,0
Cecropia occidentalis,Cecropia membranacea,4013609,1
Rhamnella longifolia,Spiraea tobolskia,3027279,0
Crataegus lobata,Crataemespilus lobata,12208838,1
Dorstenia goossensii,Dorstenia yambuyaensis,3762609,1
Fragaria concolor,Ficus politoria,5572392,0
Urtica caudata,Urtica membranacea,7685819,1
Ancistrum acaena,Acaena sericea,5370716,1
Poikilospermum oblanceolatum,Smythea lanceata,3039431,0
Acaena tomentosa,Acaena caespitosa,7806638,1
Rhamnus blumeri,Frangula blumeri,3039461,1
Mespilus arbutifolia,Rubus josholubii,2991592,0
Spiraea ribifolia,Aruncus dioicus,5362136,0
Celtis yunnanensis,Crataegus disperma,3014641,0
Parietaria cryptorum,Crataegus pruinosa,7790552,0
Touchardia napaliensis,Boehmeria nivea,2984359,0
Dorstenia harmsiana,Rubus indutus,2997952,0
Macrorhamnus humbertii,Colubrina humbertii,5603096,1
Papyrius polymorphus,Broussonetia papyrifera,5361944,1
Momisia clausseniana,Physocarpus amurensis,2988383,0
Myrianthus scandens,Myrianthus scandens,4013355,1
Pyrus dracofolia,Karpatiosorbus dracofolia,9460008,1
Basilima sorbifolia,Argentina lineata,8228815,0
Sarcomphalus retusus,Celtis iguanaea,2984498,0
Eriobotrya latifolia,Rhaphiolepis latifolia,10857330,1
Elaeagnus songorica,Trema cannabina,2984507,0
Rhamnus myrtina,Pilea ecbolophylla,5670278,0
Pyrus arioides,Pourouma minor,4013658,0
Broussonetia dissecta,Broussonetia papyrifera,5361944,1
Cecropia polyandrophora,Pyracantha atalantioides,2988212,0
Boehmeria neglecta,Boehmeria depauperata,4099464,1
Pilea boniana,Achudemia boniana,11138214,1
Pilea rivoirae,Crataegus macracantha,3013570,0
Celtis aculeata,Celtis iguanaea,2984498,1
Pyrus pinnatifida,Crataegus punctata,3014805,0
Artocarpus cerifer,Parartocarpus venenosa,3766049,1
Acaena chubutensis,Aria edulis,8411755,0
Sycodendron cuatindi,Ficus calyptroceras,5570992,1
Trymalium flabellare,Pomaderris flabellaris,3877084,1
Parietaria repens,Pouzolzia zeylanica,2984383,1
Urtica rugosissima,Boehmeria rugosissima,4101294,1
Urtica leptostachya,Droguetia leptostachys,4102666,1
Celtis morifolia,Celtis occidentalis,2984481,1
Sorbus orientalis,Ficus fistulosa,7262725,0
Rhamnus serrata,Endotropis serrata,9276778,1
Spiraea paniculata,Karpatiosorbus futakiana,9335582,0
Scutia obcordata,Celtis tenuifolia,2984482,0
Procris obtusa,Pyracantha coccinea,2988188,0
Piletophyllum micropetalum,Argentina micropetala,7582115,1
Dorstenia edeensis,Hijmania turbinata,9189516,1
Celtis aphananthoides,Celtis jessoensis,7141633,1
Ficus pseudotsiela,Ficus amplissima,5572290,1
Pellionia longgangensis,Karwinskia humboldtiana,3039523,0
Sorbus mayeri,Pilea parietaria,5361834,0
Rhamnus macrophylla,Rhamnus utilis,3039481,1
Perebea hispidula,Cecropia peltata,2984476,0
Morus subalba,Laportea humblotii,4099353,0
Boehmeria elongata,Phenax sonneratii,6414569,1
Cecropia robusta,Rhamnus parvifolia,7273851,0
Urera radula,Obetia radula,8399299,1
Pellionia vittata,Elatostematoides vittatum,4098204,1
Sorbus keszthelyensis,Rhaphiolepis delacourii,5371539,0
Drimopogon tomentosa,Laportea ruderalis,4098684,0
Urtica atrox,Colubrina macrocarpa,7273930,0
Vanieria crenata,Crataegus chlorocarpa,7892367,0
Cecropia monostachya,Celtis iguanaea,2984498,0
Urtica aquatica,Boehmeria depauperata,4099464,1
Dorstenia spathulibracteata,Pilea inaequalis,5361845,0
Spiraea foxii,Spiraea superba,3026423,1
Fleurya racemosa,Laportea aestuans,2984466,1
Procris punctata,Oreocnide rubescens,4099400,1
Celtis reticulata,Brosimum guianense,7374879,0
Chaenomeles eburnea,Poikilospermum suaveolens,4013131,0
Phylica rosmarinifolia,Phylica cryptandroides,3876066,1
Acaena adenocarpa,Perebea xanthochyma,3765422,0
Sorbus pseudosemiincisa,Karpatiosorbus pseudosemiincisa,9613720,1
Gouania tomentosa,Aphanes australiana,5364997,0
Morus venosa,Morus alba,5361889,1
Artocarpus pungens,Aralia pungens,9085091,1
Pellionia tenuicuspis,Pellionia ronganensis,7511242,1
Kentrothamnus penninervius,Kentrothamnus weddellianus,3874789,1
Parietaria kemulariae,Parietaria elliptica,5669938,1
Villebrunea pedunculata,Aria madoniensis,9550016,0
Ficus smaragdina,Kentrothamnus weddellianus,3874789,0
Oreoherzogia guicciardii,Atadinus sibthorpianus,9432696,1
Cecropia tubulosa,Elaeagnus stricta,4048252,0
Dendrocnide costata,Broussonetia papyrifera,5361944,0
Clarisia nitida,Coussapoa microcarpa,4013334,0
Ficus pseudotsiela,Ficus apiocarpa,5572083,0
Parietaria assurgens,Parietaria officinalis,5361803,1
Missiessya hispidissima,Leucosyke hispidissima,4102382,1
Elaeagnus rotundifolia,Elaeagnus conferta,7293128,0
Ramium sidifolium,Boehmeria clidemioides,7300656,1
Ficus lepidosa,Ficus lamponga,7262880,1
Boehmeria cylindrica,Boehmeria cylindrica,2984345,1
Sorbus majeri,Karpatiosorbus bakonyensis,9605899,1
Spiraea japonica,Crataegus macracantha,3013570,0
Zelkova davidiana,Ziziphus oenopolia,3875331,0
Morus reticulata,Zelkova carpinifolia,7467231,0
Potentilla anserinoides,Argentina anserinoides,5370267,1
Cotoneaster pyracantha,Pyracantha coccinea,2988188,1
Jujuba mediterranea,Elaeagnus pungens,3039270,0
Cecropia standleyi,Laportea laxiflora,4099232,0
Sloetia penangiana,Sloetia elongata,3763185,1
Frangula citrifolia,Pilea pubescens,7300898,0
Pourthiaea kankoensis,Pourthiaea parviflora,3000446,1
Ceanothus parvifolius,Ceanothus parvifolius,3039311,1
Sponia griffithii,Discaria pubescens,5602819,0
Oxyacantha howelliae,Aphanes arvensis,5365013,0
Sorbus eminentiformis,Scutia spicata,7273727,0
Ziziphus sonorensis,Naucleopsis ternstroemiiflora,3767003,0
Ivesia saxosa,Potentilla saxosa,5370099,1
Sponia blancoi,Broussonetia papyrifera,5361944,0
Olmedia caucana,Olmedia aspera,7954917,1
Acaena subtusvillosula,Boehmeria grandis,2984353,0
Rhamnus elegans,Helinus lanceolatus,7273768,0
Colletia treba,Laportea canadensis,2984463,0
Sorbus edulis,Aria edulis,8411755,1
Lasiocarpus humilis,Acaena pumila,5370773,1
Photinia eugeniifolia,Photinia integrifolia,5363967,1
Trema integrifolia,Rhamnella martini,3874883,0
Cudranus spinosus,Maclura cochinchinensis,7262552,1
Perlarius repandus,Nothocnide repanda,4099887,1
Pyrus persica,Hedlundia persica,10830289,1
Eriobotrya philippinensis,Lecanthus peduncularis,7300476,0
Colubrina acuminata,Auerodendron acuminatum,3876993,1
Retanilla affinis,Torminalis glaberrima,9410160,0
Ficus fergusonii,Ficus fergusonii,5571616,1
Prunus robusta,Chaenomeles japonica,3000610,0
Ficus quercifolia,Ficus montana,8041955,1
Ficus haggeri,Ficus melinocarpa,7262687,1
Elaeagnus crocea,Aria greenii,9310020,0
Sorocea faustiana,Shepherdia canadensis,5372427,0
Boehmeria thailandica,Boehmeria nivea,2984359,1
Cecropia klotzschiana,Pouzolzia zeylanica,2984383,0
Sericotheca schaffneri,Holodiscus australis,2987775,1
Pygeum sclerophyllum,Pourthiaea sorbifolia,9657347,0
Sorbus pontis-satani,Aria pontis-satanae,9501666,1
Neillia intermedia,Physocarpus intermedius,2988352,1
Urera armigera,Urera baccifera,7411905,1
Aria thuringiaca,Hedlundia thuringiaca,9471386,1
Cryptandra spadicea,Frangula microphylla,3877750,0
Pilea pentasepala,Rhamnus washakiensis,11456850,0
Cecropia paraensis,Laportea bulbifera,7300666,0
Crataegus aria,Aria edulis,8411755,1
Sorbus reverchonii,Humulus lupulus,2984535,0
Urtica photiniphylla,Dendrocnide photiniphylla,4098637,1
Potentilla yukonensis,Argentina subarctica,5370264,1
Neraudia glabra,Neraudia melastomifolia,2984376,1
Broussonetia cucullata,Broussonetia papyrifera,5361944,1
Gouania ursinicarpa,Pouzolzia obliqua,4099683,0
Piratinera scabridula,Brosimum guianense,7374879,1
Phylica microcephala,Phylica ericoides,7560201,1
Rhamnus goudotiana,Frangula goudotiana,3874545,1
Glochidion cinerascens,Crepinia freynii,5363551,0
Pyrus pumila,Aronia arbutifolia,5363629,1
Oreocnide acuminata,Trema micranthum,2984501,0
Urtica morifolia,Urtica leptophylla,5669658,1
Pilea oligantha,Pyracantha coccinea,2988188,0
Alphitonia moluccana,Gouania striata,7273814,0
Phenax pentandrus,Boehmeria cylindrica,2984345,0
Gesnouinia filamentosa,Parietaria filamentosa,5669905,1
Boehmeria strigosula,Pouzolzia sanguinea,7300542,1
Rhamnus diffusa,Celtis jessoensis,7141633,0
Malus torminalis,Torminalis glaberrima,9410160,1
Pyrus dacica,Hedlundia semipinnata,9304536,1
Ceanothus sanguineus,Ceanothus americanus,3039318,1
Boehmeria pachystachya,Boehmeria japonica,7300501,1
Spiraea nepalensis,Ficus carica,5361909,0
Olmedia boyacana,Sarcomphalus laurinus,7273826,0
Cudrania rumphii,Maclura cochinchinensis,7262552,1
Ficus lucbanensis,Ficus fistulosa,7262725,1
Sageretia tibetica,Pourthiaea villosa,8356787,0
Urtica latifolia,Laportea aestuans,2984466,1
Urostigma ellipticum,Ziziphus jujuba,3039423,0
Myriocarpa paniculata,Myriocarpa obovata,5670534,1
Poikilospermum sinense,Ulmus hollandica,7141604,0
Trichocephalus harveyi,Dendrocnide sinuata,4098506,0
Spiraea intermedia,Spiraea sanssouciana,3026803,1
Cecropia scutata,Boehmeria hamiltoniana,4098770,0
Ficus aurantiaca,Ficus glandulifera,7942321,1
Cryptandra rotundifolia,Neodistemon indicus,4100157,0
Oreoherzogia imeretina,Atadinus imeretinus,9471532,1
Covellia tuberculata,Ficus fistulosa,7262725,1
Aria sudetica,Majovskya sudetica,9238979,1
Urtica paniculata,Laportea ruderalis,4098684,1
Debregeasia luteocarpa,Debregeasia longifolia,4099305,1
Pyrus bakonyensis,Hedlundia schwarziana,9321038,0
Photinia mollis,Frangula dianthes,3874635,0
Paliurus tonkinensis,Paliurus hirsutus,7273934,1
Cecropia obovata,Karpatiosorbus latifolia,9306058,0
Urera tuberculata,Urera elata,4099419,1
Maria angusticornis,Dorstenia contrajerva,2984541,0
Urostigma onustum,Dorstenia drakena,7777272,0
Potentilla rubra,Potentilla rubra,8409450,1
Ficus fistulosa,Ficus fistulosa,7262725,1
Cryptandra mollis,Touchardia oahuensis,11706294,0
Cecropia multiflora,Acaena sericea,5370716,0
Boehmeria grandifolia,Karwinskia oblongifolia,7357065,0
Morus leucophylla,Ficus albipila,7262874,1
Chaydaia berchemiifolia,Berchemiella berchemiifolia,3875970,1
Ziziphus oblongifolia,Aria edulis,8411755,0
Ziziphus inerma,Ziziphus angustifolia,3877032,1
Crataegus aestivalis,Gouania meyenii,5372441,0
Tylanthus brevifolius,Karpatiosorbus seyboldiana,9619610,0
Spiraea media,Spiraea chamaedryfolia,3026406,1
Prunus rubicunda,Prunus avium,3020791,1
Boehmeria biloba,Boehmeria splitgerbera,4101039,1
Rhodotypos tetrapetala,Rhodotypos scandens,3032442,1
Artocarpus antiarifolius,Argentina phanerophlebia,7979861,0
Phylica asperulata,Shepherdia canadensis,5372427,0
Rhamnus castaneifolia,Prunus arabica,3022146,0
Rhamnus drummondii,Dorstenia benguellensis,3765939,0
Sorbus bellojocensis,Ceanothus depressus,3875052,0
Sorbus pannonica,Pomaderris phillyraefolia,7880748,0
Adicea trichotoma,Pilea trichotoma,5669911,1
Urtica verbascifolia,Prunus emarginata,7272137,0
Sorbus degenii,Celtis iguanaea,2984498,0
Ficus belizensis,Ficus crassinervia,5361897,1
Tylanthus gracilis,Pourthiaea lucida,3000593,0
Artocarpus denisonianus,Artocarpus glaucus,3764827,1
Parietaria coreana,Ziziphus kunstleri,3875945,0
Cecropia cobariana,Acaena ovina,5371158,0
Crataegus chinensis,Celtis africana,5834428,0
Sorbus boscii,Pilea clarkei,5670811,0
Pyrus raupingensis,Laportea cuspidata,7300634,0
Pouzolzia muralis,Pouzolzia zeylanica,2984383,1
Brosimum ojoche,Brosimum lactescens,3763127,1
Sorbus velebitica,Hedlundia velebitica,9473299,1
Pyrus bibas,Rhamnus prinoides,3875856,0
Pyrus dolomiticola,Karpatiosorbus dolomiticola,9583826,1
Pipturus vaihirianensis,Laportea aestuans,2984466,0
Conocephalus azureus,Poikilospermum azureum,4013291,1
Morus excelsa,Milicia excelsa,3763589,1
Adolia capensis,Chaenomeles japonica,3000610,0
Rhamnus prostrata,Poikilospermum naucleiflorum,4013188,0
Ulmus laevigata,Ulmus villosa,5680251,1
Coussapoa warburgiana,Coussapoa curranii,4013118,1
Prunus blireana,Prunus bifrons,3020970,1
Cerasus araxina,Prunus albicaulis,3021639,1
Sorbus quercifolia,Oreocnide semicrenata,4099379,0
Boehmeria janagi-itsigo,Parietaria pensylvanica,5361796,0
Rhamnus pruniformis,Boehmeria sieboldiana,4101147,0
Urera ficifolia,Obetia radula,8399299,1
Phylica empetroides,Phylica disticha,3876001,1
Morus tataiba,Scutia myrtina,8317476,0
Ulmophyllum crassinerve,Ulmiphyllum crassinerve,9171465,1
Stenanthemum gracilipes,Serichonus gracilipes,3875238,1
Ambaiba tubulosa,Cecropia angustifolia,4013465,1
Ancistrum trifidum,Acaena trifida,5370812,1
Ceanothus mystacinus,Argentina lineata,8228815,0
Potentilla festiva,Argentina festiva,8015413,1
Lupulus scandens,Humulus scandens,2984537,1
Fleurya photiniphylla,Dendrocnide photiniphylla,4098637,1
Visiania elastica,Ficus elastica,7835333,1
Prunus plena,Prunus cerasus,3021922,1
Laportea repens,Scepocarpus repens,11826481,1
Conocephalus canescens,Poikilospermum acuminatum,4013317,1
Poterium australe,Acaena sericea,5370716,1
Dubrueilia membranacea,Spiraea sanssouciana,3026803,0
Soulangia thymifolia,Crataegus obtusata,3014035,0
Sciadophila maytenoides,Condalia maytenoides,5602872,1
Mertensia integrifolia,Discaria americana,5602906,0
Solenostigma strychnoides,Aronia prunifolia,5363613,0
Dorstenia crispata,Crataegus pruinosa,7790552,0
Rubus ischelus,Rubus niveus,2989183,1
Touchardia wainihaensis,Alphitonia pomaderroides,3877364,0
Ziziphus latifolia,Ziziphus oenopolia,3875331,1
Alchemilla arvensis,Gonostegia pentandra,4100866,0
Pouzolzia pauciflora,Pouzolzia zeylanica,2984383,1
Inophloeum armatum,Acaena antarctica,5370768,0
Sorbus velebitica,Artocarpus kemando,3764693,0
Cerasus nigricans,Ziziphus affinis,3877139,0
Lupulus hillii,Sorbaronia monstrosa,2987859,0
Pyrus elliptica,Prunus bifrons,3020970,0
Ioxylon pomiferum,Argentina commutata,7651201,0
Ancistrum elongatum,Spyridium eriocephalum,7274041,0
Parasponia rugosa,Dendrocnide cordifolia,4098973,0
Urtica paniculata,Urtica wallichiana,5669627,1
Rubus bouvetianus,Celtis australis,2984492,0
Crataegus placiva,Crataegus pruinosa,7790552,1
Urtica galeopsifolia,Elatostema curvitepalum,4100705,0
Sorbus haljamovae,Majovskya haljamovae,9239899,1
Pilea quadrifolia,Sorbaria pallasii,3012125,0
Ficus balansae,Ficus lamponga,7262880,1
Sorbus whiteana,Margyricarpus pinnatus,3030248,0
Laportea integrifolia,Dendrocnide sinuata,4098506,1
Procris pseudostrigosa,Procris frutescens,7300452,1
Prunus litigiosa,Scepocarpus acuminatus,11851100,0
Urera oligoloba,Laportea oligoloba,4098924,1
Urtica longifolia,Ficus ampelos,8053189,0
Trymalium spathulatum,Scutia myrtina,8317476,0
Sageretia theezans,Sageretia thea,3039516,1
Rosa daenensis,Rosa beggeriana,7832083,1
Potentilla archboldiana,Argentina archboldiana,7734740,1
Horkelia saxosa,Potentilla saxosa,5370099,1
Morus reticulata,Alphitonia zizyphoides,3877300,0
Phylica empetroides,Phylica rubra,3874895,0
Parietaria cryptorum,Parietaria elliptica,5669938,1
Fatoua aspera,Maclura tricuspidata,9130387,0
Maclura subintegerrima,Maclura tinctoria,2984583,1
Spiraea californica,Acaena cylindristachya,5371112,0
Sericotheca discolor,Holodiscus discolor,2987780,1
Gonostegia quinquenervis,Gonostegia triandra,4100795,1
Gouania smilacina,Reissekia smilacina,8188318,1
Pyrus avalon,Spiraea alba,3026585,0
Cecropia multiflora,Cecropia strigosa,4013364,1
Crataegus lobata,Maclura tinctoria,2984583,0
Procris polycephala,Boehmeria pilosiuscula,4101774,0
Pyrus longifolia,Droguetia ambigua,4098087,0
Ficus irritans,Pourthiaea arguta,2988149,0
Ziziphus amphibia,Spiraea alpina,3026665,0
Obetia radula,Obetia radula,8399299,1
Rhamnus discolor,Frangula discolor,3874617,1
Gouania frangulifolia,Paliurus spina-christi,5372457,0
Saccus tylophyllus,Parartocarpus venenosa,3766049,1
Artocarpus hypargyreus,Artocarpus hypargyreus,3764756,1
Pyrus sodomacea,Rhaphiolepis ferruginea,5371584,1
Sorbus veszpremensis,Karpatiosorbus veszpremensis,9613352,1
Urtica scabra,Spiraea fritschiana,7271833,0
Celtis glabra,Celtis tetrandra,7366997,1
Microrhamnus taquetii,Ficus glandulifera,7942321,0
Elaeagnus grandifolia,Elaeagnus thunbergii,4048183,1
Olmedia angustifolia,Dorstenia brasiliensis,7262704,0
Boehmeria longifolia,Rhamnus washakiensis,11456850,0
Cassine parvifolia,Ziziphus horrida,3876135,0
Celtis dichotoma,Celtis iguanaea,2984498,1
Dorstenia mexicana,Dorstenia drakena,7777272,1
Urtica minor,Ficus melinocarpa,7262687,0
Sorbus apiculata,Aria graeca,5370233,0
Spiraea montana,Spiraea bella,3026631,1
Ficus mindanaensis,Ficus heteropleura,7262505,1
Rubus rotundifolius,Rhaphiolepis indica,5371542,0
Ceanothus tardivus,Ficus punctata,7673670,0
Obetia radula,Spiraea decumbens,3027183,0
Pyrus busambarensis,Aria busambarensis,9431918,1
Urtica hederacea,Margyricarpus pinnatus,3030248,0
Ziziphus abyssinica,Ziziphus mucronata,3875567,1
Potentilla smithiana,Argentina victorialis,7578576,0
Parietaria verbascifolia,Pilea verbascifolia,5671435,1
Solenostigma paniculatum,Colubrina alluaudii,5603188,0
Streblus lactescens,Streblus asper,10242935,1
Ziziphus lucidus,Ziziphus jujuba,3039423,1
Spiraea flexuosa,Spiraea alba,3026585,1
Elaeagnus obtusa,Laportea aestuans,2984466,0
Morus australis,Broussonetia papyrifera,5361944,1
Pyrus kovalevii,Elaeagnus angustifolia,3039269,0
Photinia moiorum,Pourthiaea arguta,2988149,1
Boehmeria melastomifolia,Acaena montana,5370674,0
Photinia myriantha,Boehmeria depauperata,4099464,0
Fleurya petiolata,Sorbaronia monstrosa,2987859,0
Acaena subflaccida,Spiraea martini,3853571,0
Ziziphus lloydii,Hijmania alta,8975654,0
Trema sampsonii,Trema angustifolium,4159501,1
Prunus ovalis,Prunus ovalis,3022774,1
Ambaiba pinnatiloba,Cecropia polystachya,4013171,1
Ulmus anglosaxonica,Ulmus hollandica,7141604,1
Sponia canescens,Trema micranthum,2984501,1
Ficus nitida,Ficus benjamina,5361932,1
Prunus curdica,Prunus spinosa,3023221,1
Gyrotaenia trinervata,Frangula rupestris,3877335,0
Crataegus intermedia,Holodiscus discolor,2987780,0
Sorbus pelsoensis,Obetia carruthersiana,4099842,0
Celtis fuscata,Celtis tenuifolia,2984482,1
Sorbus subarranensis,Hedlundia subarranensis,9439756,1
Pyrus intermedia,Ficus racemosa,5361904,0
Schychowskya interrupta,Laportea interrupta,2984469,1
Laportea longispica,Aria eminens,9343973,0
Celtis gongshanensis,Morus alba,5361889,0
Pouzolzia hispida,Elatostema rostratum,11066335,0
Sorbopyrus irregularis,Pyraria irregularis,12193096,1
Boehmeria uliginosa,Pilea melastomoides,5670477,0
Condaliopsis rigida,Sarcomphalus obtusifolius,8937468,1
Conocephalus borneensis,Poikilospermum borneense,4013281,1
Crataegus lasiocarpa,Dorstenia foetida,7262610,0
Rhamnus alpina,Prunus arborea,3021654,0
Boehmeria candidissima,Dendrocnide gigantea,4098866,0
Boehmeria cephalida,Procris pedunculata,5671195,1
Cudrania spinosa,Maclura spinosa,3764154,1
Boehmeria anisoneura,Pouzolzia zeylanica,2984383,0
Ziziphus chloroxylon,Pseudolmedia laevis,3764170,0
Stenanthemum coronatum,Cryptandra coronata,3877706,1
Opulaster pubescens,Granitites intangendus,3875622,0
Dorstenia laurentii,Dorstenia zenkeri,3762584,1
Cecropia inchuensis,Cecropia sciadophylla,7316424,1
Pseudolmedia krukovii,Naucleopsis krukovii,3767133,1
Pyrus arguta,Margyricarpus acanthocarpus,3030153,0
Laportea crenulata,Pilea crenulata,5670620,1
Pipturus candolleanus,Pipturus argenteus,6414892,1
Urtica alienata,Pouzolzia zeylanica,2984383,1
Urtica mitis,Laportea peduncularis,7300538,1
Mespilus pruinosa,Crataegus pruinosa,7790552,1
Aruncus vulgaris,Atadinus cornifolius,9408776,0
Colubrina pubescens,Acaena alpina,8113617,0
Lupulus communis,Ficus peguensis,5569833,0
Tetrasperma juncea,Discaria pubescens,5602819,1
Mespilus intermedia,Scandosorbus intermedia,10071055,1
Trema sampsonii,Trema micranthum,2984501,0
Potentilla assimilis,Argentina assimilis,8174481,1
Naegelia tomentosa,Gouania obtusifolia,5602956,1
Villebrunea appendiculata,Oreocnide integrifolia,7300622,1
Boehmeria rubescens,Boehmeria splitgerbera,4101039,0
Elaeagnus odorataedulis,Elaeagnus multiflora,3039272,1
Karwinskia biniflora,Dendrocnide sinuata,4098506,0
Sportella atalantioides,Pyracantha atalantioides,2988212,1
Ambaiba albicans,Cecropia albicans,4013561,1
Ulmus obesidens,Parietaria floridana,5361793,0
Dorstenia glauca,Pseudolmedia macrophylla,3764164,0
Dorstenia infundibuliformis,Oreocnide rubescens,4099400,0
Leucosyke elongata,Leucosyke capitellata,4102514,1
Rhamnus trigyna,Sageretia filiformis,3876704,1
Sorbus heilingensis,Karpatiosorbus hybrida,9478021,1
Elaeagnus parvifolia,Elatostematoides filicoides,10863809,0
Coussapoa froesii,Rhamnus hybrida,3874812,0
Elaeagnus longipes,Elaeagnus multiflora,3039272,1
Ambaiba klotzschiana,Acaena caespitosa,7806638,0
Cydonia pyriformis,Droguetia leptostachys,4102666,0
Ficus suborbicularis,Ficus fulva,5571361,1
Soulangia arborea,Aphananthe cuspidata,8293016,0
Laportea rechingerae,Dendrocnide rechingeri,4098574,1
Artocarpus erythrocarpus,Endotropis alnifolia,9266494,0
Ceanothus elegans,Ceanothus thyrsiflorus,3039379,1
Morus indica,Cecropia polystachya,4013171,0
Colletia crenata,Discaria chacaye,5602883,1
Ziziphus taylorii,Dendrocnide vitiensis,4098403,0
Urtica evitata,Dorstenia dinklagei,7262628,0
Urtica heracleifolia,Obetia radula,8399299,1
Cudrania fruticosa,Dendrocnide stimulans,4098487,0
Ziziphus glabra,Ziziphus andamanica,3877061,1
Armeniaca praecox,Prunus armeniaca,7818643,1
Noyera ruber,Crataemespilus lobata,12208838,0
Urera densiflora,Scepocarpus oblongifolius,11415631,0
Cerasus bifrons,Spyridium spadiceum,7273965,0
Elatostema buderi,Elatostematoides buderi,11540741,1
Fleurya havanensis,Rubus malifolius,2989397,0
Elaeagnus sativa,Ulmus laevis,7303616,0
Laportea mirabilis,Argentina turfosa,7965200,0
Spiraea lemoinei,Pseudolmedia spuria,2984543,0
Sageretia guayaquilensis,Maclura tinctoria,2984583,0
Margarocarpus poeppigianus,Pouzolzia poeppigiana,4099219,1
Leucococcus occidentalis,Pouzolzia occidentalis,2984385,1
Debregeasia angustifolia,Trema rigidum,9698943,0
Elaeagnus mayebarai,Achudemia japonica,4099750,0
Ziziphus celata,Pseudoziziphus celata,9152134,1
Ceanothus zeyhanicus,Leucosyke capitellata,4102514,0
Pyrus adeana,Karpatiosorbus adeana,9279200,1
Acaena argentea,Acaena argentea,7621130,1
Elatostema fruticulosum,Elatostematoides fruticulosum,10698121,1
Rosa gennarii,Rosa gennarii,3008687,1
Sorbus aria,Physocarpus opulifolius,2988354,0
Fragaria xananassa,Laportea lanceolata,4099261,0
Urtica corymbosa,Pipturus argenteus,6414892,0
Artocarpus nigrescens,Artocarpus treculianus,3763995,1
Pourouma apiculata,Ampelocera edentula,4160141,0
Urtica ardens,Dendrocnide sinuata,4098506,1
Oxyacantha rigida,Crataegus pruinosa,7790552,1
Artocarpus hirsutissimus,Colubrina asiatica,5372467,0
Osmaronia laurina,Oemleria cerasiformis,2988485,1
Conocephalus singalensis,Photinia griffithii,5364046,0
Ziziphus sarcomphalus,Rubus biflorus,8396842,0
Debregeasia atrata,Archiboehmeria atrata,4101208,1
Cecropia arachnoidea,Cecropia peltata,2984476,1
Ulmus urticifolia,Artocarpus altilis,2984573,0
Lazarolus pinnatifida,Crataegus punctata,3014805,0
Pyrus tergestina,Spiraea grossulariifolia,3853655,0
Maclura tinctoria,Maclura tinctoria,2984583,1
Pyrus nigra,Trema micranthum,2984501,0
Adicea rotundata,Scutia spicata,7273727,0
Ziziphus palawanensis,Ziziphus horsfieldii,3876125,1
Sorbus banatica,Pourouma minor,4013658,0
Crataegus anomala,Crataegus punctata,3014805,0
Pyrus borbasii,Pourthiaea sorbifolia,9657347,0
Tetraglochin microphyllum,Crataegus pycnoloba,3013789,0
Basilima alpina,Sorbaria pallasii,3012125,1
Girardinia cuspidata,Laportea cuspidata,7300634,1
Ulmus sibirica,Ulmus sibirica,5680360,1
Potentilla fantolii,Cecropia obtusa,4013449,0
Rhamnus caroliniana,Frangula caroliniana,3039468,1
Cosaria forskahlii,Dorstenia foetida,7262610,1
Urera laurentii,Scepocarpus trinervis,11543475,1
Sorbus adeana,Ventilago denticulata,7273609,0
Berchemia omeiensis,Berchemia omeiensis,8019620,1
Dorstenia plumeriifolia,Crataegus pruinosa,7790552,0
Maillardia occidentalis,Maillardia montana,3763943,1
Photinia guerreris,Phippsiomeles guerreris,11706261,1
Pyrus monstrosa,Dorstenia barnimiana,7262729,0
Acaena alboffii,Pouzolzia sanguinea,7300542,0
Maria alta,Hijmania alta,8975654,1
Pyrus sumboshia,Pourthiaea arguta,2988149,0
Potentilla virgulata,Potentilla litoralis,6368584,1
Dorstenia lukafuensis,Pilea multiflora,5670242,0
Celtis integrifolia,Celtis toka,4160100,1
Pouzolzia quinquenervis,Gonostegia triandra,4100795,1
Urera acuminata,Urera caracasana,2984335,1
Pyrus parviloba,Aria parviloba,10929268,1
Urera tuerckheimii,Colubrina heteroneura,5603104,0
Morus constantinopolitana,Morus alba,5361889,1
Pyrus motleyi,Crataegus pruinosa,7790552,0
Celtis dubia,Celtis mildbraedii,4159999,1
Acaena grahamiana,Acaena magellanica,5370832,1
Sorbus carniolica,Physocarpus opulifolius,2988354,0
Ziziphus gardneri,Sarcomphalus joazeiro,8910944,1
Missiessya sumatrana,Acaena latebrosa,5370824,0
Zizyphus platyphylla,Sarcomphalus platyphyllus,9171870,1
Pilea filipes,Gironniera nervosa,4159442,0
Pentaphyllum concinnum,Zelkova serrata,2984532,0
Prunus tortuosa,Prunus microcarpa,3021376,1
Ziziphus caracutta,Rosa beggeriana,7832083,0
Spiraea laevigata,Sibiraea laevigata,3032453,1
Pomaderris parvifolia,Spyridium parvifolium,7273996,1
Halmia lobata,Crataemespilus lobata,12208838,1
Sorbus stankovii,Aria stankovii,9377959,1
Kageneckia amygdalifolia,Perebea xanthochyma,3765422,0
Cudrania jinghongensis,Maclura cochinchinensis,7262552,1
Rhamnus americana,Rhamnus hybrida,3874812,1
Prunus papuana,Prunus javanica,3022372,1
Chaenomeles trichogyna,Chaenomeles japonica,3000610,1
Colubrina glomerata,Acaena pinnatifida,5370645,0
Cerasus tortuosa,Prunus microcarpa,3021376,1
Urera girardinioides,Urera laciniata,4098975,1
Ulmus oblanceolata,Neraudia ovata,2984372,0
Urostigma circumscissum,Ficus elastica,7835333,1
Prunus acacia-germanica,Pourthiaea villosa,8356787,0
Laurocerasus martabanica,Ceanothus americanus,3039318,0
Ziziphus endlichii,Laportea grossa,4102053,0
Dorstenia brevifolia,Dorstenia hildebrandtii,7262592,1
Toxylon pomiferum,Maclura pomifera,2984580,1
Urtica excelsa,Rhamnus rugulosa,7273701,0
Photinia tsaii,Streblus asper,10242935,0
Cryptandra leucopogon,Cryptandra leucopogon,3877130,1
Horkelia muirii,Potentilla muirii,5365301,1
Ventia serrata,Endotropis serrata,9276778,1
Rhamnus microreticulata,Frangula neblinensis,8345431,1
Berchemia lineata,Berchemia floribunda,3876453,1
Boehmeria oblongifolia,Boehmeria depauperata,4099464,1
Potentilla plurijuga,Phyllostylon brasiliensis,4927755,0
Pyrus spectans,Aphananthe philippinensis,4159824,0
Reynosia truncata,Endotropis serrata,9276778,0
Pyrus superba,Chaenomeles superba,3000632,1
Sorbus graeca,Heteromeles arbutifolia,5370154,0
Boehmeria miqueliana,Boehmeria japonica,7300501,1
Photinia serrulata,Photinia serratifolia,5364029,1
Boehmeria viminea,Scepocarpus acuminatus,11851100,0
Streblus ascendens,Boehmeria japonica,7300501,0
Cotoneaster koidzumii,Prunus sargentii,3020955,0
Karwinskia affinis,Karpatiosorbus borosiana,9500635,0
Cecropia maranhensis,Cecropia concolor,7316398,1
Chaenomeles lagenaria,Chaenomeles speciosa,3000679,1
Petelotia tonkinensis,Dendrocnide meyeniana,4098765,0
Ziziphus rotundifolia,Ziziphus xylopyrus,7524561,1
Robinsoniodendron ambiguum,Parietaria judaica,5361801,0
Brosimopsis acutifolia,Ulmus glabra,5361866,0
Urtica goglado,Boehmeria cylindrica,2984345,0
Potentilla lignosa,Argentina lignosa,8424475,1
Spiraea lycioides,Spiraea lasiocarpa,3026795,1
Holodiscus saxicola,Rhamnella franguloides,3874947,0
Ventilago lanceolata,Gouania obtusifolia,5602956,0
Ancistrum lappaceum,Shepherdia argentea,5372429,0
Celtis scotellioides,Celtis philippensis,7303643,1
Broussonetia plumieri,Maclura tinctoria,2984583,1
Momisia pubescens,Pouzolzia sanguinea,7300542,0
Talguenea costata,Trevoa quinquenervia,3876194,1
Rhamnus spicata,Sageretia elegans,3876721,1
Eriobotrya glabrescens,Elaeagnus conferta,7293128,0
Aria rotundifolia,Crataegus heldreichii,3015539,0
Coussapoa steyermarkii,Coussapoa crassivenosa,4013140,1
Gouania urticifolia,Gouania ulmifolia,5602873,1
Pyrus semipinnata,Neillia sinensis,3024789,0
Corchorus serratus,Broussonetia papyrifera,5361944,0
Missiessya villosa,Leucosyke capitellata,4102514,1
Walpersia capitata,Phylica spicata,8247775,1
Forsskaolea fruticosa,Ficus elastica,7835333,0
Spiraea oblongifolia,Potentilla nitida,5367673,0
Cannabis lupulus,Majovskya ambigua,9285492,0
Laportea photoniphylla,Dendrocnide photiniphylla,4098637,1
Morus tinctoria,Maclura cochinchinensis,7262552,1
Cerasus arduennensis,Colubrina arborescens,5372463,0
Spiraea pumila,Gironniera celtidifolia,4159570,0
Urostigma bracteatum,Ficus bracteata,7923069,1
Pyrus torminalis,Torminalis glaberrima,9410160,1
Pilea grandis,Pilea grandifolia,5361822,1
Boehmeria edentata,Retanilla trinervia,3875478,0
Artocarpus pubescens,Maclura cochinchinensis,7262552,0
Treculia brieyei,Argentina lineata,8228815,0
Potentilla linilaciniata,Argentina linilaciniata,7665523,1
Maoutia platistigma,Maoutia setosa,5671060,1
Morus patavina,Morus alba,5361889,1
Eleiosina levigata,Ficus fistulosa,7262725,0
Urtica freireiformis,Parietaria debilis,5361795,1
Boehmeria discolor,Pouzolzia poeppigiana,4099219,1
Urtica subperforata,Boehmeria depauperata,4099464,1
Ziziphus spina-christi,Ziziphus spina-christi,8228089,1
Neillia amurensis,Physocarpus amurensis,2988383,1
Morus byzantina,Morus alba,5361889,1
Morus riparia,Hedlundia hybrida,9245228,0
Pyrus integrifolia,Pouzolzia zeylanica,2984383,0
Ziziphus jujuba,Obetia radula,8399299,0
Solenostigma mauritianum,Debregeasia dentata,4099427,0
Rhamnus leucodermis,Ziziphus spina-christi,8228089,0
Rhamnus ovalifolia,Rhamnus hybrida,3874812,1
Boehmeria praestabilis,Cydonia oblonga,5362215,0
Galumpita cuspidata,Aphananthe cuspidata,8293016,1
Ramium rigidum,Chaenomeles japonica,3000610,0
Boehmeria minor,Boehmeria japonica,7300501,1
Rhamnoides hippophii,Artocarpus altilis,2984573,0
Phyllochlamys spinosa,Maoutia diversifolia,5671121,0
Laurophyllum reticulatum,Ficus laurophyllum,9055061,1
Urtica macrodonta,Urtica macrodonta,5671260,1
Osteomeles pentlandiana,Holodiscus discolor,2987780,0
Sorbus kuznetzovii,Trema micranthum,2984501,0
Boehmeria hirta,Phenax hirtus,7300652,1
Celtis lima,Karpatiosorbus croceocarpa,9629033,0
Ziziphus cyclocardia,Sarcomphalus cyclocardius,9008050,1
Parasponia eurhyncha,Trema eurhynchum,9734868,1
Pyrus rotundifolia,Karpatiosorbus devoniensis,9489928,1
Colletia discolor,Ulmus glabra,5361866,0
Acaena laxiflora,Acaena laxiflora,5370791,1
Cudrania acuminata,Dorstenia kameruniana,3764528,0
Ficus javensis,Colubrina macrocarpa,7273930,0
Excoecaria ilicifolia,Clarisia ilicifolia,7262841,1
Sponia willdenowiana,Celtis sinensis,4159594,1
Stephanandra tanakae,Neillia tanakae,2987948,1
Morus nigriformis,Morus alba,5361889,1
Cryptandra capitata,Cryptandra australis,3874594,1
Conocephalus oblanceolatus,Poikilospermum suaveolens,4013131,1
Bosquiea boiviniana,Rhamnus nepalensis,8181645,0
Elatostema angusticuneatum,Frangula granulosa,3874505,0
Sorbus omissa,Spyridium bifidum,7273625,0
Crataegus secta,Ziziphus angustifolia,3877032,0
Pyrus haesitans,Procris pedunculata,5671195,0
Pipturus gaudichaudianus,Elatostema heterolobum,4099443,0
Fleurya spicata,Laportea ovalifolia,4098915,1
Artocarpus scortechinii,Artocarpus elasticus,7425575,1
Boehmeria rigida,Margyricarpus alatus,3030140,0
Pouzolzia longifolia,Gonostegia pentandra,4100866,1
Ficus conspicabilis,Ficus odoardi,5570499,1
Dorstenia maris,Dorstenia arifolia,7262742,1
Ramium niveum,Elaeagnus thunbergii,4048183,0
Tylanthus acerosus,Phylica ericoides,7560201,1
Pyrus sognensis,Karpatiosorbus kmetiana,9294366,0
Procris paludosa,Prunus marsupialis,3022286,0
Laportea gaudichaudeana,Leucosyke javanica,4102370,0
Aria pseudovestita,Aria pseudovestita,5598303,1
Urtica neglecta,Urtica membranacea,7685819,1
Frangula stenophylla,Frangula microphylla,3877750,1
Ziziphus talanai,Pilea pubescens,7300898,0
Ziziphus amole,Sarcomphalus amole,9008095,1
Elaeagnus fargesii,Ficus mollior,7262612,0
Bosquiea occidentalis,Physocarpus monogynus,2988349,0
Ficus fredericksburgensis,Elatostema cauliflorum,4100987,0
Rubus sericeus,Rubus niveus,2989183,1
Urtica punctata,Pilea punctata,5671042,1
Fleurya glechomifolia,Karpatiosorbus udvardyana,9384011,0
Artocarpus leytensis,Artocarpus lacucha,7873234,1
Ambaiba peltata,Cecropia peltata,2984476,1
Pyrus scannelliana,Hedlundia scannelliana,9280708,1
Alicastrum gaudichaudii,Aria graeca,5370233,0
Zizyphus pomaderrioides,Photinia integrifolia,5363967,0
Pilea purpurella,Pilea gracilis,5669760,1
Acalypha capensis,Hijmania angusticornis,8742459,0
Ulmaria kamtschatica,Aruncus sylvester,6369098,1
Bosqueia thouarsiana,Discocnide mexicana,4098157,0
Leucococcus vimineus,Pouzolzia zeylanica,2984383,1
Fusticus vera,Crataegus sanguinea,3013574,0
Ancistrum elongatum,Acaena elongata,5370941,1
Talguenea costata,Laportea aestuans,2984466,0
Mespilus tinctoria,Rhaphiolepis dubia,10809845,1
Physocarpus tomentosus,Physocarpus capitatus,2988390,1
Pyrus eugenii-kelleri,Karpatiosorbus eugenii-kelleri,9372029,1
Sponia argentea,Parietaria circeaefolia,5670039,0
Crataegus leiophylla,Sarcomphalus bidens,3876053,0
Pyrus croatica,Hedlundia croatica,10464334,1
Pseudolmedia simiarum,Pseudolmedia glabrata,3764285,1
Crataegus aspera,Crataegus pruinosa,7790552,1
Quercus cretensis,Zelkova abelicea,4159329,1
Cerasus transarisanensis,Prunus transarisanensis,3023032,1
Boehmeria alienata,Pouzolzia zeylanica,2984383,1
Urtica biloba,Procris pedunculata,5671195,1
Villebrunea pedunculata,Oreocnide pedunculata,4099442,1
Physocarpus pubescens,Physocarpus malvaceus,2988332,1
Morus bombycis,Ficus bracteata,7923069,0
Alaternus alpinus,Atadinus alpinus,3877063,1
Pyrus turcica,Aria umbellata,9330923,1
Pomaderris pyrrhophylla,Spyridium globulosum,3877637,1
Urostigma manok,Phippsiomeles mexicana,11455449,0
Photinia subparvifolia,Gouania corylifolia,5603068,0
Adenorachis arbutifolia,Didymodoxa capensis,7300493,0
Myrianthus seretii,Potentilla multifida,8416400,0
Ventia alnifolia,Endotropis alnifolia,9266494,1
Pseudopipturus discolor,Pilea variegata,4098041,0
Sorocea stenophylla,Clarisia ilicifolia,7262841,1
Ficus laceratifolia,Cryptandra tomentosa,7273849,0
Artocarpus chaplasha,Artocarpus chama,3765040,1
Dorstenia kyimbilaensis,Brosimum lactescens,3763127,0
Celtis macrophylla,Trema micranthum,2984501,1
Celtis kunmingensis,Celtis tetrandra,7366997,1
Ulmus serratifrons,Ficus benjamina,5361932,0
Ficus metallica,Ficus elastica,7835333,1
Taxotrophis rectinervis,Ficus lamponga,7262880,0
Sorbus latissima,Pourthiaea villosa,8356787,0
Ficus humilis,Coussapoa ovalifolia,4013216,0
Cotoneaster nervosa,Malacomeles nervosa,2988298,1
Cotoneaster hybrida,Elatostema undulatum,4098998,0
Rhamnus macrocarpa,Frangula macrocarpa,3877777,1
Morus multicaulis,Morus alba,5361889,1
Pilea buchenaui,Pilea buchenavii,5671200,1
Cerasus iuliana,Scepocarpus thonneri,11754518,0
Zizyphus flavescens,Berchemia flavescens,8622044,1
Urticastrum crenulatum,Dendrocnide sinuata,4098506,1
Photinia sorbifolia,Pourthiaea sorbifolia,9657347,1
Pyrus vexans,Prainea scandens,3764413,0
Pyrus serpentae,Rhaphiolepis glabrescens,10841492,1
Cerasus californica,Boehmeria sieboldiana,4101147,0
Urera gilletii,Scepocarpus trinervis,11543475,1
Celtis hamata,Celtis timorensis,4160107,1
Ficus daemonum,Pouzolzia sanguinea,7300542,0
Opulaster ribesifolius,Physocarpus amurensis,2988383,1
Crataegus villipes,Crataegus holmesiana,3014062,1
Celtis subdentata,Poikilospermum forbesii,4013256,0
Celtis smallii,Ficus punctata,7673670,0
Ficus crenulata,Ficus heteropleura,7262505,1
Albrandia timorensis,Aphanes arvensis,5365013,0
Pygeum tetradenium,Potentilla multifida,8416400,0
Adicea tetraphylla,Pilea tetraphylla,5670037,1
Potentilla helvetica,Potentilla frigida,5368457,1
Elaeagnus elliptica,Ficus holosericea,5570480,0
Ziziphus chinensis,Sorbaronia monstrosa,2987859,0
Trichocephalus laevis,Pseudolmedia macrophylla,3764164,0
Rhamnus crini,Ceanothus fendleri,3039389,0
Urtica peduncularis,Didymodoxa capensis,7300493,1
Sorbus sellii,Karpatiosorbus sellii,9303590,1
Stranvaesia scandens,Photinia integrifolia,5363967,1
Ziziphus paliurus,Paliurus spina-christi,5372457,1
Artocarpus acuminatissimus,Artocarpus lacucha,7873234,1
Pyrus udvardyana,Karpatiosorbus udvardyana,9384011,1
Artocarpus lingnanensis,Rosa beggeriana,7832083,0
Fleurya glomerata,Laportea interrupta,2984469,1
Eriobotrya grandiflora,Ampalis dimepate,11911398,0
Eriobotrya dubia,Rhaphiolepis dubia,10809845,1
Cormonema retusum,Colubrina retusa,7273891,1
Rhamnus castaneifolia,Atadinus libanoticus,9561769,1
Bosqueiopsis parvifolia,Bosqueiopsis gilletii,3763654,1
Fatoua japonica,Fatoua villosa,2984652,1
Parietaria platyphyllos,Parietaria platyphyllos,5671369,1
Naegelia dubia,Pourthiaea beauverdiana,3000384,0
Mertensia senegalensis,Parietaria platyphyllos,5671369,0
Artocarpus dasyphyllus,Artocarpus lacucha,7873234,1
Pyrus avonensis,Aria avonensis,9584809,1
Ziziphus elmeri,Colubrina beccariana,5603172,1
Parietaria nitens,Artocarpus altilis,2984573,0
Ficus spadicea,Ficus mollior,7262612,1
Gouania hawaiiensis,Dendrocnide excelsa,4098881,0
Isodendron fauriei,Gouania hillebrandii,8240892,1
Bosqueia danguyana,Rhamnus schneideri,3874964,0
Eriobotrya elliptica,Aruncus sylvester,6369098,0
Pyrus mergenthaleriana,Karpatiosorbus mergenthaleriana,9576430,1
Laportea meyeniana,Gouania frangulifolia,5603028,0
Crataegus paramoena,Potentilla concinna,5366180,0
Neillia glandulocalyx,Scutia buxifolia,7819318,0
Polyphema champeden,Artocarpus integer,2984566,1
Ficus hainanensis,Trema tomentosum,7303576,0
Urtica cuneata,Laportea cuneata,2984462,1
Urtica urens,Acaena poterioides,5371195,0
Acaena macrantha,Acaena novae-zelandiae,5370755,1
Adicea repens,Pilea inaequalis,5361845,1
Piletophyllum micropetalum,Achudemia myriantha,11208539,0
Ulmus scabrosa,Ulmus hollandica,7141604,1
Morus tokwa,Heteromeles arbutifolia,5370154,0
Sorbus parumlobata,Karpatiosorbus hybrida,9478021,1
Spiraea grossulariifolia,Ficus neriifolia,8007516,0
Rhaphiolepis hainanensis,Rhaphiolepis lanceolata,5371535,1
Urtica pulus,Pomaderris intermedia,3876826,0
Photinia franchetiana,Photinia griffithii,5364046,1
Ceanothus intermedius,Parietaria mauritanica,5669706,0
Dubrueilia semidentata,Pilea urticifolia,5669690,1
Decorima trinervis,Ziziphus trinervis,11031973,1
Didymotoca debilis,Didymodoxa capensis,7300493,1
Spiraea foxii,Spiraea japonica,8170635,1
Aronia nigra,Ulmus hollandica,7141604,0
Dorstenia mogandjensis,Boehmeria brevirostris,4100242,0
Ziziphus spina-christi,Gouania mauritiana,5602974,0
Rosa novae-angliae,Rosa mariaegraebneriae,3011469,1
Cudrania tricuspidata,Maclura tricuspidata,9130387,1
Pouzolzia johnsoniana,Pouzolzia zeylanica,2984383,1
Planera carpinifolia,Artocarpus integer,2984566,0
Rhamnus coronula,Pyracantha koidzumii,2988162,0
Perebea elegans,Crataegus pruinosa,7790552,0
Eriobotrya stipularis,Crataegus berberifolia,3014985,0
Walpersia rigida,Dorstenia zenkeri,3762584,0
Holodiscus boursieri,Holodiscus discolor,2987780,1
Parietaria aspera,Spyridium spadiceum,7273965,0
Potentilla porciusii,Potentilla radiata,5366051,1
Elaeagnus orientalis,Aria dubronensis,11801766,0
Laportea oblanceolata,Potentilla grandiflora,5366106,0
Rhamnus colchica,Pourthiaea arguta,2988149,0
Ogcodeia tamamuri,Fragaria nilgerrensis,3029934,0
Spiraea subcordata,Celtis philippensis,7303643,0
Cecropia orinocensis,Cecropia latiloba,4013210,1
Cecropia tolimensis,Argentina stenophylla,8033120,0
Colletia dumosa,Elaeagnus conferta,7293128,0
Urticastrum photiniphylla,Dendrocnide meyeniana,4098765,0
Boehmeria vestita,Holodiscus discolor,2987780,0
Pseudopipturus repandus,Parartocarpus venenosa,3766049,0
Phenax ternata,Gonostegia pentandra,4100866,1
Callionia pumila,Potentilla canadensis,5368951,1
Helinus mystacinus,Chamabainia cuspidata,7300685,0
Sorbus ararica,Aria edulis,8411755,1
Cotoneaster taitoensis,Acaena anserinifolia,7942884,0
Elaeagnus frederici-variegata,Elaeagnus pungens,3039270,1
Balanostreblus ilicifolius,Ficus benjamina,5361932,0
Persica domestica,Procris pedunculata,5671195,0
Soulangia arborea,Phylica arborea,3876422,1
Mertensia tala,Brosimum rubescens,3762826,0
Sponia schiedeana,Potentilla frigida,5368457,0
Ramium didymogyne,Antiaris toxicaria,7262663,0
Sahagunia colombiana,Margyricarpus andinus,9492557,0
Morus trianae,Paratrophis insignis,11137754,1
Adolia discolor,Hovenia acerba,7273758,0
Laportea vitifolia,Laportea violacea,4098419,1
Duretia nakaiana,Celtis iguanaea,2984498,0
Anonocarpus amazonicus,Batocarpus amazonicus,3763869,1
Ceanothus ovalifolius,Ceanothus americanus,3039318,1
Myginda integrifolia,Aria danubialis,9573476,0
Colletia pungens,Colletia hystrix,7273656,1
Boehmeria malabarica,Boehmeria depauperata,4099464,1
Sageretia michauxii,Sageretia minutiflora,8054984,1
Pyrus beckii,Pilea inaequalis,5361845,0
Fragaria nitida,Pilea betulifolia,7300951,0
Elaeagnus multiflora,Trema simulans,9655339,0
Sparrea schippii,Dorstenia buchananii,3765729,0
Photinia pirocarpa,Artocarpus vrieseanus,8332746,0
Pourouma steyermarkii,Trema angustifolium,4159501,0
Sorbus suecica,Cecropia peltata,2984476,0
Ambaiba hololeuca,Karpatiosorbus andreanszkyana,9507936,0
Pouzolzia discolor,Pouzolzia poeppigiana,4099219,1
Ficus viridescens,Ficus neriifolia,8007516,1
Ficus rufa,Ficus holosericea,5570480,1
Lepargyraea canadensis,Shepherdia canadensis,5372427,1
Elatostema falcifolium,Debregeasia longifolia,4099305,0
Leucosyke falcata,Gouania lupuloides,5372440,0
Photinia parviflora,Pourthiaea schneideriana,3000452,1
Sponia grisea,Trema micranthum,2984501,1
Schizonotus lindleyanus,Sorbaria tomentosa,3012117,1
Touchardia iaoensis,Touchardia latifolia,2984457,1
Chaenomeles eburnea,Chaenomeles speciosa,3000679,1
Rhamnus tinctoria,Clarisia biflora,7262852,0
Urtica monoica,Urtica urens,5361815,1
Elaeagnus wallichiana,Elaeagnus conferta,7293128,1
Photinia melanocarpa,Crataegus pruinosa,7790552,0
Dorstenia varroniifolia,Aphananthe cuspidata,8293016,0
Sponia strigosa,Trema orientale,2984508,1
Pyrus platyphylla,Rhaphiolepis platyphylla,10683774,1
Pyrus perlonga,Phenax uliginosus,7300574,0
Elaeagnus latifolia,Elaeagnus loureiroi,7557320,1
Elatostema platyphylloides,Elatostema platyphyllum,7300825,1
Neillia velutina,Neillia pendryi,11787580,1
Urtica africana,Urtica africana,5669645,1
Armeniaca malus,Prunus armeniaca,7818643,1
Pyraria malifolia,Cydonia oblonga,5362215,1
Rubus housei,Rubus baileyanus,2989820,1
Rhamnus lineata,Prunus avium,3020791,0
Pygeum blumei,Prunus arabica,3022146,0
Urtica adoensis,Photinia glabra,5363818,0
Rhamnus trinervis,Celtis toka,4160100,0
Pyrus mexicana,Phippsiomeles mexicana,11455449,1
Photinia chingshuiensis,Pilea variegata,4098041,0
Pyrus kwangsiensis,Fatoua villosa,2984652,0
Forsskaolea thouarsiana,Scepocarpus oblongifolius,11415631,0
Rubus ancanthoides,Karpatiosorbus eystettensis,9565114,0
Crataegus prunifolia,Crataegus persimilis,3015457,1
Parasponia rugosa,Trema eurhynchum,9734868,1
Acaena krausei,Phylica atrata,3876370,0
Zizyphus pomaderrioides,Alphitonia pomaderroides,3877364,1
Sericotheca argentea,Holodiscus argenteus,2987810,1
Prunus tiliifolia,Prunus armeniaca,7818643,1
Aphananthe rectinervia,Aphananthe philippinensis,4159824,1
Sponia sinensis,Dendrocnide kotoensis,4098823,0
Cecropia tessmannii,Cecropia membranacea,4013609,1
Spiraea mexicana,Ficus mollior,7262612,0
Trichocephalus atratus,Phylica atrata,3876370,1
Schizonotus sorbifolius,Sorbaria sorbifolia,3012089,1
Adicea mooreana,Prunus arabica,3022146,0
Phylica acerosa,Phylica parviflora,7389046,1
Broussonetia plumieri,Pilea minguetii,5670355,0
Potentilla nitida,Potentilla nitida,5367673,1
Pseudotrophis mindanaensis,Spiraea semperflorens,7219921,0
Dubrueilia verbascifolia,Elatostema volubile,4098780,0
Artocarpus peduncularis,Artocarpus teysmannii,7262525,1
Boehmeria strigosula,Artocarpus integer,2984566,0
Laportea milnei,Dendrocnide harveyi,4098856,1
Tetraglochin buxifolium,Obetia carruthersiana,4099842,0
Ficus daemonum,Ficus melinocarpa,7262687,1
Prunus papuana,Dorstenia foetida,7262610,0
Elaeagnus oiwakensis,Spiraea pachystachys,3026609,0
Sorbus acutiloba,Humulus lupulus,2984535,0
Olmedia cubensis,Myriocarpa longipes,7300750,0
Dorstenia hotteana,Dorstenia flagellifera,3764930,1
Dorstenia gigas,Dorstenia gigas,3764871,1
Pellionia griffithiana,Elatostema heterolobum,4099443,1
Pseudolmedia krukovii,Ulmus rubra,5361867,0
Boehmeria candicans,Boehmeria nivea,2984359,1
Morus latifolia,Morus alba,5361889,1
Elatostema brachyurum,Elatostema brachyurum,4101292,1
Pomaderris commixta,Spyridium spadiceum,7273965,1
Urticastrum sinuatum,Scandosorbus intermedia,10071055,0
Hemistylus brasiliensis,Maclura tinctoria,2984583,0
Ampelopsis chinensis,Sageretia thea,3039516,1
Prunus carolinae,Prunus subcorymbosa,3022665,1
Ziziphus mumtiana,Ziziphus mauritiana,3039424,1
Vanieria alternifolia,Phylica brevifolia,3876288,0
Stranvaesia digyna,Pourthiaea obliqua,3000356,0
Colubrina granulosa,Frangula granulosa,3874505,1
Spiraea tomentulosa,Spiraea pyramidata,3026523,1
Potentilla barbata,Argentina polyphylla,7661473,1
Gouania comorensis,Gouania laxiflora,5602999,1
Gonostegia matsudai,Gonostegia parvifolia,4100881,1
Trymalium oligocephalum,Pourouma emarginata,7904473,0
Ziziphus venulosa,Ziziphus funiculosa,8086556,1
Laurocerasus martabanica,Prunus javanica,3022372,1
Elaeagnus breyniastrum,Physocarpus intermedius,2988352,0
Sorbus eminentoides,Boehmeria depauperata,4099464,0
Argentina mieheorum,Argentina commutata,7651201,1
Potentilla sericata,Potentilla algida,5367393,1
Spiraea fetulifolia,Spyridium vexilliferum,7273942,0
Olmedia cubensis,Pseudolmedia spuria,2984543,1
Aruncus americanus,Didymodoxa capensis,7300493,0
Lasiodiscus zenkeri,Lasiodiscus mannii,5602741,1
Urostigma tsiela,Ficus amplissima,5572290,1
Ficus macrocarpa,Ficus auriculata,5571773,1
Aruncus tomentosus,Aruncus sylvester,6369098,1
Elaeagnus javanica,Elaeagnus conferta,7293128,1
Boehmeria humilis,Humulus scandens,2984537,0
Poikilospermum amethystinum,Oreocnide rubescens,4099400,0
Urtica gigantea,Urtica gigantea,5670192,1
Timbalia pyracantha,Pyracantha coccinea,2988188,1
Sageretia trigyna,Trilepisium madagascariense,3766911,0
Brosimum utile,Brosimum utile,8042591,1
Potentilla plagiophylla,Argentina lignosa,8424475,1
Rhamnus oleoides,Rhamnus infectoria,3874579,1
Ficus striata,Boehmeria penduliflora,7769607,0
Pipturus integrifolia,Pouzolzia baronii,4100968,1
Pseudolmedia malacocarpa,Scutia spicata,7273727,0
Cryptandra microcephala,Sloetia elongata,3763185,0
Missiessya javanica,Debregeasia saeneb,4099243,0
Urostigma calyptroceras,Acaena ovalifolia,5370651,0
Fleurya spicata,Maclura tinctoria,2984583,0
Pseudostreblus caudatus,Paratrophis glabra,3765995,1
Crataegus celsiana,Crataegus nigra,3015596,1
Ceanothus virgatus,Ceanothus americanus,3039318,1
Alphitonia incana,Crataegus douglasii,3013580,0
Sponia scaberrima,Sageretia thea,3039516,0
Colubrina urbanii,Colubrina verrucosa,5372461,1
Rhamnus billardii,Rhamnus hybrida,3874812,1
Conocephalus grandis,Pyraria irregularis,12193096,0
Helicostylis montana,Brosimum costaricanum,3763319,1
Colletia horrida,Colletia spinosissima,6371450,1
Ziziphus commutata,Ceanothus herbaceus,3039322,0
Solenostigma mauritianum,Celtis philippensis,7303643,1
Procris punctata,Elaeagnus conferta,7293128,0
Rosa flexicaulis,Rosa elymaitica,3008681,1
Ficus repens,Ficus assamica,5571866,1
Dendrocnide kusaiana,Dendrocnide latifolia,4098799,1
Morus xanthoxylon,Laportea alatipes,4100081,0
Crataegus platycarpa,Brosimum rubescens,3762826,0
Aphananthe lissophylla,Alphitonia excelsa,3039494,0
Perlarius argenteus,Rhaphiolepis indica,5371542,0
Pyrus thayensis,Scutia myrtina,8317476,0
Spiraea flexuosa,Rubus arvensis,2990374,0
Rhamnus triflorus,Colubrina triflora,5602971,1
Urticastrum gaudichaudianum,Ficus racemifera,5571764,0
Ficus condensa,Fatoua villosa,2984652,0
Rhamnus boliviana,Procris pedunculata,5671195,0
Brosimum lanciferum,Brosimum rubescens,3762826,1
Ventilago lanceolata,Ventilago gamblei,3877769,1
Ficus orocuensis,Cecropia ulei,4013179,0
Ogcodeia glabra,Aria ulmifolia,9515578,0
Willemetia scandens,Helinus integrifolius,3875572,1
Broussonetia navifolia,Broussonetia papyrifera,5361944,1
Taxotrophis poilanei,Taxotrophis taxoides,11138557,1
Ambaiba propinqua,Cecropia peltata,2984476,1
Bucephalon glabratum,Pseudolmedia glabrata,3764285,1
Touchardia haupuensis,Frangula neblinensis,8345431,0
Australina caffra,Didymodoxa caffra,4098352,1
Ramium brevirostre,Boehmeria brevirostris,4100242,1
Ceanothus chloroxylon,Sarcomphalus chloroxylon,9089357,1
Elatostema henryanum,Hyrtanandra ciliaris,4100297,0
Plecospermum cuneifolium,Spiraea chamaedryfolia,3026406,0
Urtica tuberculata,Laportea aestuans,2984466,1
Ficus atrovirens,Celtis paniculata,4159385,0
Dorstenia quadrangularis,Dorstenia contrajerva,2984541,1
Cecropia diguensis,Photinia serratifolia,5364029,0
Urtica ballotaefolia,Urtica leptophylla,5669658,1
Dorstenia howardii,Ceanothus herbaceus,3039322,0
Potentilla leneophylla,Ziziphus mauritiana,3039424,0
Celtis australis,Pourthiaea benthamiana,3000344,0
Celtis mississippiensis,Celtis jessoensis,7141633,0
Photinia kwangsiensis,Photinia chingiana,5363865,1
Ziziphus napeca,Ziziphus oenopolia,3875331,1
Pouzolzia parvifolia,Gonostegia parvifolia,4100881,1
Dorstenia haitiensis,Elatostema filicinum,4100128,0
Spiraea banatica,Frangula crenata,7273631,0
Notophaena tomentosa,Ulmus hollandica,7141604,0
Urtica simensis,Elatostematoides manillense,4098334,0
Rubus tongtchouanensis,Discaria chacaye,5602883,0
Toxylon maclura,Argentina commutata,7651201,0
Celtis azcurrensis,Celtis pallida,2984494,1
Ziziphus buraea,Chaetachme aristata,4159728,0
Ulmus pendula,Crataegus punctata,3014805,0
Photinia simplex,Photinia chingiana,5363865,1
Conocephalus canescens,Potentilla patellifera,5370125,0
Pyrus callosa,Pourthiaea callosa,3000473,1
Pyrus slovenica,Boehmeria hamiltoniana,4098770,0
Ventilago maderaspatana,Broussonetia papyrifera,5361944,0
Crataemespilus dardari,Ficus fistulosa,7262725,0
Ficus repens,Karpatiosorbus latifolia,9306058,0
Crataegus latifolia,Karpatiosorbus latifolia,9306058,1
Artocarpus mollis,Maclura brasiliensis,7262554,0
Ficus caesia,Ficus orthoneura,5570349,1
Pilea anomala,Pilea multiflora,5670242,1
Potentilla commutata,Dorstenia peltata,8202494,0
Celtis reticulosa,Celtis timorensis,4160107,1
Pellionia hoelscherianum,Ulmus hollandica,7141604,0
Rosa leucantha,Colubrina asiatica,5372467,0
Prunus forbesii,Ventilago diffusa,3874500,0
Zizyphus tomentosa,Rousselia humilis,5361854,0
Streblus dimepate,Ampalis dimepate,11911398,1
Spiraea tortuosa,Spiraea yunnanensis,3027102,1
Eriobotrya japonica,Boehmeria cylindrica,2984345,0
Laportea schomburgkii,Laportea ruderalis,4098684,1
Scyphosyce zenkeri,Scyphosyce manniana,3763274,1
Dubrueilia parietaria,Pilea parietaria,5361834,1
Ceanothus glaber,Ceanothus microphyllus,3039306,1
Pyrus atrovirens,Karpatiosorbus latifolia,9306058,1
Discaria longispina,Aphanes arvensis,5365013,0
Crataegus popovii,Crataegus laciniata,8240558,1
Pyrus coronaria,Potentilla hypargyrea,5365530,0
Tralliana scandens,Colubrina asiatica,5372467,1
Elaeagnus songarica,Celtis sinensis,4159594,0
Scutia maritima,Scutia spicata,7273727,1
Morus alba,Morus alba,5361889,1
Pyrus matudae,Pilea oxyodon,5669896,0
Gouania ulmifolia,Gouania polygama,5372439,1
Urtica lobulata,Urtica lobata,5671412,1
Elatostema pictum,Elatostematoides pictum,4098294,1
Pyrus rupicoloides,Ficus ampelos,8053189,0
Gironniera reticulata,Aphananthe cuspidata,8293016,1
Ancistrum repens,Kageneckia oblonga,3016219,0
Prunus saltuum,Prunus pseudocerasus,3021437,1
Potentilla fragiformis,Potentilla grandiflora,5366106,1
Mespilus villosa,Pourthiaea villosa,8356787,1
Photinia notoniana,Photinia lindleyana,5364055,1
Freirea welwitschii,Parietaria mauritanica,5669706,1
Adicea urticifolia,Pilea urticifolia,5669690,1
Trophis zeylanica,Phenax hirtus,7300652,0
Procris laevigata,Procris pedunculata,5671195,1
Ulmus sylvatica,Hedlundia hornadensis,9383472,0
Opulaster glabratus,Physocarpus monogynus,2988349,1
Saccus hirsutus,Ceanothus buxifolius,3875457,0
Boehmeria repanda,Nothocnide repanda,4099887,1
Cryptandra cordata,Hedlundia semipinnata,9304536,0
Pouzolzia trichophora,Rubus niveus,2989183,0
Pyrus neopinnatifida,Crataegus punctata,3014805,0
Celtis tenuifolia,Celtis occidentalis,2984481,1
Ziziphus mexicana,Ulmus parvifolia,5361869,0
Cotoneaster torminalis,Torminalis glaberrima,9410160,1
Colubrina capsularis,Colubrina asiatica,5372467,1
Notophaena discolor,Discaria chacaye,5602883,1
Conocephalus scabrinervius,Hedlundia roopiana,9356550,0
Pyrus umbilicata,Chaenomeles japonica,3000610,1
Dorstenia griffithiana,Ficus ampelos,8053189,0
Pilea preussii,Scandosorbus intermedia,10071055,0
Cryptandra scabrida,Cypholophus macrocephalus,2984390,0
Pygeum laurocerasus,Naucleopsis ternstroemiiflora,3767003,0
Elkania multinervis,Elkania multinervis,4098058,1
Spiraea vacciniifolia,Maillardia montana,3763943,0
Scutia fiebrigii,Scutia buxifolia,7819318,1
Ulmus ontariensis,Dendrocnide excelsa,4098881,0
Gouania orbicularis,Gouania meyenii,5372441,1
Padus stellipila,Prunus stellipila,3023351,1
Sageretia chanetii,Sageretia thea,3039516,1
Ceanothus capensis,Scutia myrtina,8317476,1
Celtis chichilea,Trema micranthum,2984501,1
Saccus elasticus,Crataegus pruinosa,7790552,0
Colubrina triquetra,Rhamnus triquetra,12256834,1
Sageretia yemensis,Sageretia thea,3039516,1
Margyricarpus tragacanthus,Margyricarpus cristatus,3030136,1
Morus tinctoria,Celtis tetrandra,7366997,0
Pourouma apiculata,Pourouma tomentosa,7316411,1
Olmedia tomentosa,Maclura tinctoria,2984583,0
Cerasus fengyangshanica,Berchemia floribunda,3876453,0
Dorstenia smythei,Hijmania turbinata,9189516,1
Elaeagnus nepalensis,Elaeagnus conferta,7293128,1
Trema integrifolia,Celtis paniculata,4159385,1
Dorstenia wellmannii,Ziziphus horrida,3876135,0
Gouania lanceolata,Prunus havardii,3021386,0
Urostigma diospyrifolium,Rhaphiolepis cavaleriei,10731169,0
Artocarpus eberhardtii,Prunus armeniaca,7818643,0
Adicea scripta,Pilea scripta,5670582,1
Ramium asperum,Neillia tanakae,2987948,0
Colletia valenzuela,Colletia ulicina,5603197,1
Ficus lucida,Pilea rivularis,7300820,0
Ceanothus megacarpus,Ceanothus megacarpus,3039316,1
Lasiodiscus alluaudii,Colubrina arborescens,5372463,0
Pilea variegata,Pilea variegata,4098041,1
Spiraea syringiflora,Spiraea semperflorens,7219921,1
Urtica monilifera,Scepocarpus acuminatus,11851100,1
Pourouma umbellifera,Ficus fulva,5571361,0
Rhamnus oreigenes,Frangula crenata,7273631,1
Dorstenia rhodesiana,Dorstenia benguellensis,3765939,1
Fleurya cymosa,Pilea parietaria,5361834,0
Celtis formosana,Pilea rotundata,7300807,0
Urtica schimperiana,Pouzolzia zeylanica,2984383,0
Helianthostylis steyermarkii,Brosimum steyermarkii,11782436,1
Pyrus decipiens,Karpatiosorbus hybrida,9478021,1
Morus longistylus,Morus indica,5569978,1
Adicea longipes,Berchemia giraldiana,3876421,0
Trymatococcus amazonicus,Acaena pinnatifida,5370645,0
Ziziphus umbellata,Karwinskia umbellata,3874888,1
Perlarius asper,Pipturus arborescens,4102074,1
Rhaphiolepis sinensis,Rhaphiolepis indica,5371542,1
Morus mizuho,Pipturus argenteus,6414892,0
Neosloetiopsis kamerunensis,Sloetiopsis usambarensis,3763148,1
Humulus aculeatus,Boehmeria depauperata,4099464,0
Crataegus colonica,Spiraea trilobata,3026656,0
Ramium edentatum,Pouzolzia poeppigiana,4099219,1
Photinia wuyishanensis,Ulmus laevis,7303616,0
Cryptandra speciosa,Aphanes bachiti,5364992,0
Ficus longipes,Brosimum guianense,7374879,0
Saccus chaplasha,Artocarpus chama,3765040,1
Laurea tiliifolia,Bagassa guianensis,3763926,1
Stephanandra flexuosa,Neillia incisa,3853033,1
Notophaena toumatou,Discaria toumatou,5603124,1
Pyrus busambarensis,Sorocea guilleminiana,3762938,0
Ancistrum lucidum,Acaena lucida,5370697,1
Saccus scortechinii,Artocarpus elasticus,7425575,1
Acaena acutifida,Acaena magellanica,5370832,1
Forsskaolea latifolia,Boehmeria lanceolata,4098245,0
Pyrus pontis-satanae,Aria pontis-satanae,9501666,1
Urera mitis,Condalia ericoides,5372432,0
Phylica reflexa,Rhaphiolepis bengalensis,10869066,0
Ziziphus iroensis,Ziziphus spina-christi,8228089,1
Spiraea chamaedrifolia,Spiraea chamaedryfolia,3026406,1
Lazarolus pollveria,Aphananthe aspera,4159921,0
Ficus tylophylla,Ficus callophylla,5571020,1
Gonostegia integrifolia,Gonostegia triandra,4100795,1
Laportea peltata,Rhaphiolepis petiolata,10845808,0
Pouzolzia confinis,Pouzolzia zeylanica,2984383,1
Acaena incisa,Ficus marmorata,5571468,0
Olmedia caurensis,Pseudolmedia laevis,3764170,1
Urtica capensis,Didymodoxa capensis,7300493,1
Tylanthus virgatus,Dendrocnide longifolia,4098791,0
Rhamnus microphylla,Ziziphus nummularia,3039427,1
Ziziphus microphylla,Ziziphus nummularia,3039427,1
Elatostema piliferum,Procris pilifera,5671174,1
Pyrus eystettensis,Condalia microphylla,7273791,0
Opulaster monogynus,Dendrocnide photiniphylla,4098637,0
Pomaderris phillyraefolia,Pomaderris phillyraefolia,8338937,1
Parietaria laevigata,Pouzolzia laevigata,4100090,1
Stenanthemum leucophractum,Sarcomphalus pedunculatus,9186176,0
Leptocnide borbonica,Phenax sonneratii,6414569,0
Perfonon ferrugineum,Colubrina arborescens,5372463,1
Saccus glaucescens,Artocarpus glaucus,3764827,1
Sorbus glaberrima,Torminalis glaberrima,9410160,1
Boehmeria bodinieri,Laportea bulbifera,7300666,1
Morus bullata,Pouzolzia arachnoidea,7909401,0
Cecropia juranyiana,Phenax rugosus,7300597,0
Laportea kotoensis,Elaeagnus conferta,7293128,0
Myriocarpa malacophylla,Pourouma cecropiifolia,4013508,0
Sorocea faustiana,Sorocea pubivena,7262377,1
Freirea alsinefolia,Parietaria alsinefolia,10704710,1
Fatoua subcordata,Gouania meyenii,5372441,0
Ulmus nigra,Ulmus glabra,5361866,1
Rhamnus africana,Didymodoxa caffra,4098352,0
Oblixilis canadensis,Maclura tinctoria,2984583,0
Rubus weberanus,Ziziphus oenopolia,3875331,0
Spiraea pubescens,Cecropia angustifolia,4013465,0
Conocephalus borneensis,Taxotrophis ilicifolia,3767205,0
Trema rugosum,Potentilla frigida,5368457,0
Cecropia angelica,Nothocnide repanda,4099887,0
Urtica mitis,Didymodoxa caffra,4098352,1
Crataegus umbellata,Aria umbellata,9330923,1
Pouzolzia phenacoides,Pouzolzia parasitica,4099533,1
Dorstenia multiformis,Lecanthus petelotii,7300467,0
Fleurya paniculata,Ziziphus zeyheriana,3877649,0
Ramium repens,Boehmeria repens,2984358,1
Mespilus apyrena,Mespilus germanica,3031774,1
Broussonetia papyrifera,Fatoua villosa,2984652,0
Streblus spinosus,Argentina turfosa,7965200,0
Neraudia melastomatifolia,Parietaria mauritanica,5669706,0
Urtica zayuensis,Artocarpus chama,3765040,0
Spiraea millefolium,Chamaebatiaria millefolium,3026352,1
Rhamnus prunifolius,Rhamnus kansensis,11610521,1
Pyrus subrotunda,Osteomeles subrotunda,7272419,1
Urtica capitata,Crataegus pycnoloba,3013789,0
Lawea berberifolia,Cryptandra leucopogon,3877130,0
Saccus lowii,Artocarpus lowii,3764563,1
Laportea luzonensis,Dendrocnide luzonensis,4098777,1
Stenanthemum waterhousii,Dendrocnide gigantea,4098866,0
Planera parvifolia,Zelkova serrata,2984532,0
Sorbus kitaibeliana,Karpatiosorbus kitaibeliana,10335706,1
Acaena lucidum,Acaena lucida,5370697,1
Broussonetia tinctoria,Maclura cochinchinensis,7262552,1
Ficus blumei,Rhaphiolepis longifolia,10730678,0
Sageretia affinis,Sageretia hamosa,7273915,1
Acanthotreculia winkleri,Treculia obovoidea,3766978,1
Urtica cymosa,Laportea aestuans,2984466,1
Coussapoa hirsuta,Spiraea japonica,8170635,0
Dorstenia petraea,Taxotrophis zeylanica,3767138,0
Brosimum lemeei,Brosimum guianense,7374879,1
Potentilla niponica,Pilea inaequalis,5361845,0
Pellionia grijsii,Elatostema grijsii,11142078,1
Dorstenia maris,Sarcomphalus cinnamomum,8994554,0
Ulmus macrophylla,Laportea interrupta,2984469,0
Elaeagnus acuminata,Celtis bungeana,7141664,0
Procris volubilis,Aria parviloba,10929268,0
Chamaearia sudetica,Elaeagnus angustifolia,3039269,0
Urtica scalpe,Urtica spatulata,5670135,1
Parietaria soleirolii,Soleirolia soleirolii,2984366,1
Pyracantha gibbsiae,Pyracantha atalantioides,2988212,1
Sorbus houstoniae,Poikilospermum erectum,4013260,0
Elatostema pictum,Pipturus albidus,7500826,0
Paliurus mairei,Colletia disperma,5602780,0
Potentilla brassii,Leucosyke javanica,4102370,0
Amelanchier chinensis,Aronia arbutifolia,5363629,1
Urtica kunlunshanica,Phylica meyeri,3875433,0
Alaternus prinoides,Rhamnus prinoides,3875856,1
Cecropia hondurensis,Spiraea tomentosa,3026819,0
Boehmeria taiwaniana,Ficus montana,8041955,0
Ulmus dentata,Ziziphus xylopyrus,7524561,0
Trymalium vaccinioides,Trymalium ledifolium,7273761,1
Soulangia arborescens,Phylica paniculata,3875228,1
Ficus ciroana,Ficus macbridei,5571803,1
Forsskaolea fruticosa,Forsskaolea angustifolia,4102001,1
Ulmus intermedia,Pilea rivularis,7300820,0
Zelkova tarokoensis,Artocarpus glaucus,3764827,0
Urtica pseudodioica,Procris repens,7916114,0
Morus chinlingensis,Morus cathayana,7262430,1
Urtica membranacea,Urtica membranacea,5671095,1
Crataegus rotundifolia,Crataegus pruinosa,7790552,1
Rosa gracilis,Eriolobus trilobatus,7272334,0
Cryptandra propinqua,Cryptandra propinqua,7273907,1
Pentaphyllum argyreum,Photinia chingiana,5363865,0
Pyrus vajdae,Aria vajdae,9512002,1
Sorbus floribunda,Aruncus dioicus,5362136,0
Ziziphus cuneata,Cecropia ficifolia,8173870,0
Colubrina mexicana,Aremonia agrimonioides,2988625,0
Ramium cylindricum,Boehmeria cylindrica,2984345,1
Elatostema oshimense,Elatostema suzukii,4099449,1
Artocarpus calophyllus,Acaena magellanica,5370832,0
Karwinskia sessilifolia,Karwinskia humboldtiana,3039523,1
Stenanthemum gracilipes,Boehmeria depauperata,4099464,0
Colubrina vitiensis,Pseudolmedia laevis,3764170,0
Myriocarpa colipensis,Myriocarpa cordifolia,7300779,1
Crataegus shicola,Fragaria moschata,8350369,0
Crataegomespilus gillotii,Crataemespilus gillotii,3026359,1
Ramium pavonii,Boehmeria pavonii,7300891,1
Broussonetia sieboldii,Broussonetia kazinoki,6358484,1
Urtica cinerascens,Pipturus argenteus,6414892,1
Urtica triplinervia,Trilepisium madagascariense,3766911,0
Laurocerasus mirabilis,Prunus mirabilis,3021182,1
Crataegus calva,Dorstenia kameruniana,3764528,0
Sorbus carpatica,Scutia myrtina,8317476,0
Saccus lakoocha,Dorstenia cuspidata,7262644,0
Holodiscus dumosus,Holodiscus australis,2987775,1
Maclura velutina,Celtis tetrandra,7366997,0
Celtis longifolia,Dendrocnide meyeniana,4098765,0
Elatostema grueningii,Procris grueningii,7300965,1
Ziziphus xylopyrus,Ziziphus xylopyrus,3877691,1
Touchardia glabra,Touchardia latifolia,2984457,1
Pourthiaea zollingeri,Pourthiaea villosa,8356787,1
Artocarpus lakoocha,Artocarpus lacucha,7873234,1
Aphanes maroccana,Hedlundia pseudomeinichii,9523257,0
Eriobotrya buisanensis,Rhaphiolepis deflexa,10855510,1
Leucococcus orientalis,Pouzolzia zeylanica,2984383,1
Sageretia laetevirens,Sageretia thea,3039516,1
Potentilla gracillima,Paratrophis anthropophagorum,12239769,0
Physocarpus tanakae,Neillia tanakae,2987948,1
Potentilla cristata,Ziziphus funiculosa,8086556,0
Elaeagnus oiwakensis,Elaeagnus thunbergii,4048183,1
Plecospermum andamanicum,Maclura andamanica,3764424,1
Potentilla wilhelminensis,Pilea inaequalis,5361845,0
Brosimum panamense,Karpatiosorbus hybrida,9478021,0
Ficus dealbata,Aphanes maroccana,5365008,0
Rhamnus pumila,Oreocnide rhodopleura,4099423,0
Solenostigma rigescens,Celtis rigescens,4159994,1
Ficus inconstans,Pouzolzia laevis,4100076,0
Placospermum andamanicum,Pourthiaea beauverdiana,3000384,0
Amygdalus divaricata,Ficus mollior,7262612,0
Cerasus aproniana,Pilea crenulata,5670620,0
Cotoneaster torminalis,Elaeagnus angustifolia,3039269,0
Ficus spec,Ficus racemifera,5571764,1
Scutia circumscissa,Scutia myrtina,8317476,1
Spiraea sinobrahuica,Urtica ardens,5671305,0
Laportea pendula,Dendrocnide subclausa,4098477,1
Pyrus seyboldiana,Karpatiosorbus seyboldiana,9619610,1
Rhamnus heterogenea,Spiraea chamaedryfolia,3026406,0
Gonostegia quinquenervis,Ficus albipila,7262874,0
Eriobotrya longifolia,Elaeagnus thunbergii,4048183,0
Ulmus curvifolia,Ulmus hollandica,7141604,1
Cecropia arenaria,Cecropia concolor,7316398,1
Photinia salicifolia,Spiraea douglasii,3027159,0
Gironniera grandifolia,Gironniera celtidifolia,4159570,1
Rhamnus acuminatifolia,Frangula crenata,7273631,1
Dorstenia oppositifolia,Trilepisium madagascariense,3766911,1
Saccus tylophyllus,Ficus holosericea,5570480,0
Urtica affinis,Laportea ruderalis,4098684,0
Maoutia tahitensis,Debregeasia edulis,4099382,0
Clarisia strepitans,Clarisia ilicifolia,7262841,1
Trema integrifolia,Celtis palauensis,4159463,1
Parietaria boehmerioides,Parietaria boehmerioides,5670075,1
Prunus amarella,Elaeagnus pungens,3039270,0
Spiraea fangii,Spiraea alpina,3026665,1
Ambaiba surinamensis,Cecropia peltata,2984476,1
Taxotrophis microphylla,Scepocarpus sansibaricus,11828971,0
Pouzolzia huegeliana,Gonostegia triandra,4100795,1
Missiessya alba,Rhamnus triquetra,12256834,0
Momisia laevigata,Celtis iguanaea,2984498,1
Celtis membranacea,Celtis iguanaea,2984498,1
Sorbus pseudodanubialis,Aria danubialis,9573476,1
Pyrus mixta,Spyridium spadiceum,7273965,0
Pilea baviensis,Achudemia boniana,11138214,1
Ficus huilensis,Cypholophus macrocephalus,2984390,0
Lupulus orbicularis,Chaenomeles japonica,3000610,0
Amygdalus latifolia,Prunus tenella,3022879,1
Elatostema polioneurum,Frangula caroliniana,3039468,0
Paliurus inermis,Dendrocnide longifolia,4098791,0
Fragaria nitida,Potentilla nitida,5367673,1
Freirea alsinaefolia,Parietaria debilis,5361795,1
Elaeagnus gaudichaudeana,Elaeagnus conferta,7293128,1
Perebea macrophylla,Naucleopsis macrophylla,3767126,1
Urtica churta,Dendrocnide sinuata,4098506,1
Paliurus clypeiformis,Paliurus spina-christi,5372457,1
Cryptandra pimeleoides,Rubus leucodermis,8110785,0
Ficus mangiferoides,Ficus pseudomangifera,5572016,1
Morus inusitata,Morus indica,5569978,1
Potentilla engadinensis,Potentilla crantzii,5366215,1
Neillia adenilema,Crataegus media,3013800,0
Celtis japonica,Poikilospermum cordifolium,4013277,0
Trymalium wendlandianum,Pomaderris wendlandiana,3875740,1
Rhamnus grisea,Frangula henryi,3874488,1
Trema pallidum,Laportea interrupta,2984469,0
Pyrus griffithiana,Photinia griffithii,5364046,1
Phylica madagascariensis,Phylica emirnensis,3875948,1
Potentilla xylorrhiza,Perebea xanthochyma,3765422,0
Notophaena andina,Sorbaria pallasii,3012125,0
Broussonetia dissecta,Sibiraea laevigata,3032453,0
Pyrus schneideriana,Cydonia oblonga,5362215,0
Rosa columnifera,Myriocarpa cordifolia,7300779,0
Pilea myriantha,Ficus punctata,7673670,0
Dorstenia montevidensis,Pilea glaberrima,5669878,0
Photinia longifolia,Rhaphiolepis longifolia,10730678,1
Pilea glaucophylla,Pipturus arborescens,4102074,0
Prunus nana,Prunus tenella,3022879,1
Ambaiba bicolor,Cecropia strigosa,4013364,1
Urtica javanica,Laportea interrupta,2984469,1
Ceanothus bertinii,Ceanothus caeruleus,3875440,1
Potentilla cardotiana,Discaria americana,5602906,0
Ziziphus mairei,Ziziphus jujuba,3039423,1
Trichocephalus ramosissimus,Pilea rivularis,7300820,0
Pourthiaea parvifolia,Bencomia caudata,3032183,0
Rhamnus decipiens,Rhamnus japonica,3039482,1
Urera leichardiana,Dendrocnide photiniphylla,4098637,1
Sorbus busambarensis,Sorocea muriculata,7262387,0
Elatostema merrillii,Hedlundia pauca,9259323,0
Dorstenia klainei,Morus alba,5361889,0
Pouzolzia ramosissima,Pseudolmedia laevis,3764170,0
Eriobotrya poilanei,Rhaphiolepis poilanei,10750769,1
Sageretia laetevirens,Gonostegia parvifolia,4100881,0
Elaeagnus tifliensis,Morus nigra,5361888,0
Sorocea racemosa,Ulmus glabra,5361866,0
Cerasus kelloggiana,Prunus emarginata,7272137,1
Ceanothus sarcomphalus,Rosa gennarii,3008687,0
Elaeagnus alingaro,Elaeagnus triflora,7293096,1
Planera gmelinii,Planera aquatica,5361858,1
Rhamnus scandens,Colubrina asiatica,5372467,1
Urera arborea,Scepocarpus trinervis,11543475,1
Rhaphiolepis sieboldii,Rhaphiolepis crassifolia,5598428,0
Ficus fastigiata,Ficus ampelos,8053189,1
Brosimum panamense,Brosimum guianense,7374879,1
Ziziphus taylorii,Sarcomphalus taylorii,3039416,1
Sorbaria gilgitensis,Karpatiosorbus degenii,9534152,0
Neillia capitata,Argentina polyphylla,7661473,0
Photinia notabilis,Boehmeria depauperata,4099464,0
Sorbus pinnatifida,Hedlundia hybrida,9245228,1
Pyrus fischeri,Spiraea media,3027231,0
Dorstenia orientalis,Hijmania alta,8975654,1
Artocarpus maingayi,Pourthiaea villosa,8356787,0
Ramium australe,Acaena magellanica,5370832,0
Rhamnus elegans,Sageretia elegans,3876721,1
Cudrania fruticosa,Maclura cochinchinensis,7262552,1
Ulmus integrifolia,Holoptelea integrifolia,4160169,1
Rhamnus potaninii,Trema micranthum,2984501,0
Rhamnus chugokuensis,Ziziphus talanae,8027203,0
Ochetophila prostrata,Ficus hispida,7836446,0
Boehmeria glomerulifera,Boehmeria depauperata,4099464,1
Pouzolzia repens,Aronia arbutifolia,5363629,0
Ambaiba palmata,Cecropia palmata,4013360,1
Fusticus vera,Maclura tinctoria,2984583,1
Acaena oligomera,Ulmus hollandica,7141604,0
Dorstenia martiana,Dorstenia bahiensis,3766013,1
Leucosyke candidissima,Frangula grandifolia,3874526,0
Synoecia sumatrana,Ficus punctata,7673670,1
Chaenomeles alpina,Dorstenia arifolia,7262742,0
Artocarpus chaplasha,Ceanothus americanus,3039318,0
Rhamnus pasteurii,Frangula ulei,3877257,1
Heteromeles fremontiana,Heteromeles arbutifolia,5370154,1
Conocephalus cordifolius,Humulus scandens,2984537,0
Celtis insularis,Celtis philippensis,7303643,1
Spyridium scabridum,Spyridium scabridum,8013449,1
Dorstenia tanneriana,Dorstenia hildebrandtii,7262592,1
Pyrus trilobata,Colubrina cordifolia,7273998,0
Amelanchier pringlei,Berchemia scandens,3039506,0
Spiraea californica,Spiraea californica,7909178,1
Sorbus schnizleiniana,Artocarpus calophyllus,3765088,0
Sarcopilea domingensis,Treculia africana,7895921,0
Potentilla siemersiana,Argentina lineata,8228815,1
Sorbus spuria,Sorbaronia sorbifolia,2987868,1
Pyrus arranensis,Ficus membranacea,5571303,0
Boehmeria melastomifolia,Neraudia melastomifolia,2984376,1
Mespilus japonica,Rhaphiolepis bibas,10786206,1
Ulmus chinensis,Achudemia myriantha,11208539,0
Frangula obliqua,Spiraea alpina,3026665,0
Parasponia paucinervia,Trema andersonii,9755995,1
Photinia podocarpifolia,Neraudia melastomifolia,2984376,0
Sorocea stenophylla,Prunus mira,3022504,0
Oxyacantha rigida,Stenanthemum pimeleoides,3876610,0
Urera laurentii,Celtis occidentalis,2984481,0
Dorstenia pedunculata,Leucosyke capitellata,4102514,0
Reynosia northropiana,Auerodendron northropianum,3876863,1
Leucocnide affinis,Debregeasia longifolia,4099305,1
Ficus oligodon,Ficus auriculata,5571773,1
Morocarpus salicifolius,Ficus montana,8041955,0
Elatostema ebracteatum,Pyracantha fortuneana,2988224,0
Ulmus longidentata,Trema andersonii,9755995,0
Ziziphus lotus,Celtis sinensis,4159594,0
Crataegus champlainensis,Crataegus submollis,3015560,1
Crataegus altaica,Ziziphus jujuba,3039423,0
Urtica granulosa,Celtis orthacanthos,4159478,0
Maclura javanica,Maclura cochinchinensis,7262552,1
Mespilus trewiana,Pilea inaequalis,5361845,0
Urtica copeyana,Aria herefordensis,9580582,0
Pygeum junghuhnii,Prunus arborea,3021654,1
Celtis tenuifolia,Prunus ulmifolia,3023601,0
Alchemilla neglecta,Aphanes neglecta,5365011,1
Morus mesozygia,Ficus benjamina,5361932,0
Celtis parvifolia,Prunus emarginata,7272137,0
Phaenopyrum nigrum,Ziziphus zeyheriana,3877649,0
Kageneckia amygdalifolia,Kageneckia lanceolata,3016222,1
Pyrus sognensis,Hedlundia sognensis,9475466,1
Sorbaria grandiflora,Sorbaria pallasii,3012125,1
Missiessya javanica,Leucosyke javanica,4102370,1
Gouania stricta,Gouania striata,7273814,1
Procris grueningii,Ziziphus angustifolia,3877032,0
Planera acuminata,Zelkova serrata,2984532,1
Urostigma calyptroceras,Ficus calyptroceras,5570992,1
Pyrus atropurpurea,Trema cannabina,2984507,0
Rosa operta,Scutia myrtina,8317476,0
Crataegus sanguinea,Maclura africana,3764441,0
Urtica grossa,Frangula pubescens,3877483,0
Morus tictoria,Maclura tinctoria,2984583,1
Touchardia konaensis,Touchardia latifolia,2984457,1
Sorbus albensis,Karpatiosorbus albensis,9366458,1
Pouzolzia acuta,Crataegus sanguinea,3013574,0
Elatostema scriptum,Elatostema banahaense,4101589,1
Elaeagnus angustifolia,Helinus integrifolius,3875572,0
Ficus irosinensis,Ficus melinocarpa,7262687,1
Sageretia blumei,Aria graeca,5370233,0
Fleurya interrupta,Laportea interrupta,2984469,1
Crataegus nudiflora,Colubrina triflora,5602971,0
Urera acuminata,Aria stirtoniana,9604336,0
Pyrus mitschurinii,Sorbaronia arsenii,2987867,1
Urtica ternifolia,Boehmeria ternifolia,4100788,1
Pyrus gallica,Karpatiosorbus remensis,9350399,1
Zizyphus hamosa,Sageretia hamosa,7273915,1
Ficus gemella,Ficus neriifolia,8007516,1
Procris formidata,Dendrocnide peltata,4098650,1
Hyrtanandra hirta,Pomaderris flabellaris,3877084,0
Momisia platycaulis,Spiraea superba,3026423,0
Streblus indicus,Ulmus glabra,5361866,0
Saccus kemando,Artocarpus kemando,3764693,1
Ceanothus sphaerocarpus,Karpatiosorbus barthae,9552007,0
Poikilospermum molle,Poikilospermum suaveolens,4013131,1
Ficus inaequilatera,Ficus asperiuscula,5571880,1
Karwinskia glandulosa,Karwinskia humboldtiana,3039523,1
Ziziphus lenticellata,Ziziphus crebrivenosa,3876679,1
Pouzolzia abyssinica,Pouzolzia guineensis,4100342,1
Celtis obliqua,Elaeagnus latifolia,4048232,0
Tylosperma lignosa,Argentina lignosa,8424475,1
Pyrus aurelia-aquensis,Karpatiosorbus badensis,9384949,1
Craterogyne dorstenioides,Parietaria debilis,5361795,0
Dorstenia palmata,Dorstenia barnimiana,7262729,1
Physocarpus thyrsiflorus,Sarcomphalus joazeiro,8910944,0
Sorbus fischeri,Karpatiosorbus fischeri,9349434,1
Amygdalus incana,Cydonia oblonga,5362215,0
Urtica gaudichaudii,Crataegus punctata,3014805,0
Morus viridis,Morus macroura,7262379,1
Spallanzania agrimonioides,Parartocarpus venenosa,3766049,0
Artocarpus inconstantissimus,Artocarpus lacucha,7873234,1
Pilea norlindii,Pilea laxa,5670869,1
Phylica imberbis,Phylica excelsa,12206432,1
Oreocnide major,Oreocnide rubescens,4099400,1
Frangula stenophylla,Potentilla santolinoides,5365641,0
Urtica salicifolia,Hedlundia velebitica,9473299,0
Morus arabica,Morus alba,5361889,1
Ziziphus grisebachiana,Sarcomphalus divaricatus,3875989,1
Oreocnide rufescens,Elaeagnus latifolia,4048232,0
Rhamnus sieboldiana,Rhamnus utilis,3039481,1
Elaeagnus erosifolia,Dendrocnide cordata,4098983,0
Spiraea banatica,Spiraea chamaedryfolia,3026406,1
Naucleopsis mello-barretoi,Frangula dianthes,3874635,0
Rosa flexicaulis,Trophis mexicana,3766584,0
Urostigma bracteatum,Paratrophis philippinensis,3765935,0
Schychowskia ruderalis,Trema cannabina,2984507,0
Pyrus atropurpurea,Aronia prunifolia,5363613,1
Sorbus neopinnatifida,Spiraea japonica,8170635,0
Parietaria judaica,Endotropis alnifolia,9266494,0
Acaena oligodonta,Spiraea billiardii,7732954,0
Papyrius papyrifera,Broussonetia papyrifera,5361944,1
Sorbus balatonica,Karpatiosorbus balatonica,9571244,1
Crataegus lalandei,Colletia ephedra,5602777,0
Ancistrum sanguisorbae,Naucleopsis concinna,3767240,0
Pyrus bengalensis,Celtis iguanaea,2984498,0
Dorstenia obanensis,Hijmania turbinata,9189516,1
Morus crataegifolia,Laportea interrupta,2984469,0
Pouzolzia integrifolia,Physocarpus monogynus,2988349,0
Sorbus klasterskyana,Pourthiaea impressivena,3000471,0
Aphanes pentamera,Aphanes australiana,5364997,1
Aronia pubens,Aronia arbutifolia,5363629,1
Procris sonneratii,Karpatiosorbus latifolia,9306058,0
Sorbus scandiaca,Scandosorbus intermedia,10071055,1
Ceanothus ellipticus,Oemleria cerasiformis,2988485,0
Elatostema gracilipes,Elatostematoides gracilipes,4098380,1
Parietaria ocimifolia,Parietaria mauritanica,5669706,1
Helicostylis duckei,Kageneckia lanceolata,3016222,0
Acaena pumila,Acaena antarctica,5370768,1
Greeneina poeppigiana,Helicostylis tomentosa,3764831,1
Spiraea cavaleriei,Spiraea martini,3853571,1
Didymotoca debilis,Spiraea fritschiana,7271833,0
Morus longifolia,Oreocnide rubescens,4099400,1
Ziziphus flexuosa,Crataemespilus lobata,12208838,0
Spiraea sinobrahuica,Spiraea yunnanensis,3027102,1
Parietaria levigata,Alphitonia excelsa,3039494,0
Ulmus obesifolia,Ulmus hollandica,7141604,1
Tetraglochin microphyllum,Margyricarpus alatus,3030140,1
Pouzolzia suffruticosa,Pouzolzia zeylanica,2984383,1
Cecropia peltata,Cecropia peltata,7717979,1
Conocephalus amoenus,Poikilospermum amoenum,4013300,1
Dorstenia braunii,Dorstenia hildebrandtii,7262592,1
Pouzolzia trichophora,Pouzolzia zeylanica,2984383,1
Sorbus takhtajanii,Hedlundia lonetalensis,9254825,0
Sericotheca franciscana,Artocarpus gomezianus,3764819,0
Urtica blitum,Laportea aestuans,2984466,0
Forrestia thyrsoides,Sarcomphalus guatemalensis,8937519,0
Boehmeria strigosa,Boehmeria celtidifolia,4099945,1
Adicea anomala,Pilea multiflora,5670242,1
Rhamnus sagorskii,Rhamnus orbiculata,3876402,1
Morus alaisia,Prunus bifrons,3020970,0
Photinia laevis,Boehmeria siamensis,4101166,0
Procris cuneata,Spiraea acuta,3853960,0
Celtis longifolia,Celtis occidentalis,2984481,1
Adicea griffithii,Pilea griffithii,5669719,1
Colletia weddelliana,Gouania mauritiana,5602974,0
Pyrus serratifolia,Ceanothus delileanus,4928516,0
Acaena agrimonioides,Debregeasia saeneb,4099243,0
Urticastrum decumanum,Laportea decumana,4099644,1
Cryptandra glaucophylla,Gonostegia triandra,4100795,0
Artocarpus elongatus,Sloetia elongata,3763185,1
Boehmeria quelpaertensis,Ulmus minor,5361865,0
Sibbaldia axilliflora,Spyridium coactilifolium,7273613,0
Acaena calcitrapa,Acaena pinnatifida,5370645,1
Parietaria laevigata,Karpatiosorbus perlonga,9287932,0
Acaena macrantha,Phylica excelsa,12206432,0
Laportea sinuata,Urtica leptophylla,5669658,0
Urtica meyeniana,Dendrocnide meyeniana,4098765,1
Pyrus ganymedes,Dorstenia benguellensis,3765939,0
Pyracantha spinosa,Crataegus media,3013800,0
Chamaearia sudetica,Majovskya sudetica,9238979,1
Elatostema hirtum,Leucosyke javanica,4102370,0
Smythea hollrungii,Ampelocera edentula,4160141,0
Urtica canadensis,Laportea canadensis,2984463,1
Urtica japonica,Pouzolzia sanguinea,7300542,1
Potentilla daisenensis,Karpatiosorbus zertovae,9516567,0
Mespilus sieboldii,Spyridium halmaturinum,7274027,0
Droguetia parviflora,Droguetia iners,7300963,1
Memorialis ternata,Gonostegia pentandra,4100866,1
Conocephalus sinensis,Aphananthe philippinensis,4159824,0
Discaria discolor,Cecropia latiloba,4013210,0
Torminaria torminalis,Zelkova serrata,2984532,0
Fragaria corymbosa,Fragaria nilgerrensis,3029934,0
Procris punctata,Elatostema rupestre,4100361,1
Urostigma odoratum,Ficus elastica,7835333,1
Elaeagnus erosifolia,Elaeagnus glabra,7293101,1
Sorbus chlorocarpa,Aria edulis,8411755,1
Amelanchier chinensis,Ficus benjamina,5361932,0
Pilea gaudichaudiana,Pilea pubescens,7300898,1
Laurus umbellata,Scutia arenicola,3875710,0
Opulaster flexuosus,Neillia incisa,3853033,1
Ulmus anglosaxonica,Coussapoa parviceps,4013190,0
Spiraea lycioides,Sorbaria sorbifolia,3012089,0
Pellionia elatostemoides,Elatostema rostratum,11066335,1
Ficus coronata,Rhamnus prinoides,3875856,0
Acaena macrorhiza,Petrophytum acuminatum,3030190,0
Phyllochlamys tridentata,Taxotrophis taxoides,11138557,1
Droguetia parviflora,Rhaphiolepis latifolia,10857330,0
Pyrus pseudofennica,Crataemespilus lobata,12208838,0
Spiraea arenaria,Celtis tetrandra,7366997,0
Pourthiaea villosa,Ulmus minor,5361865,0
Potentilla rubricaulis,Margyricarpus caespitosus,3030143,0
Ficus fulva,Pteroceltis tatarinowii,4159853,0
Acaena hirsutula,Acaena saccaticupula,5370694,1
Urticastrum mexicanum,Ficus benjamina,5361932,0
Crataegus kupfferi,Phippsiomeles oblongifolia,11858614,0
Crataegus pyracantha,Girardinia bullosa,4101459,0
Oxyacantha pallasii,Procris pedunculata,5671195,0
Pyrus jupiter,Sibiraea laevigata,3032453,0
Prunus foecundissima,Morus macroura,7262379,0
Ulmus peninsularis,Ulmus hollandica,7141604,1
Boehmeria alienata,Gonostegia triandra,4100795,0
Elaeagnus gaudichaudiana,Ochetophila trinervis,3877218,0
Dorstenia unicaudata,Dorstenia buchananii,3765729,1
Cotoneaster nervosa,Ceanothus cuneatus,3039404,0
Laportea forrestii,Brosimum utile,8042591,0
Leucosyke kjellbergii,Leucosyke capitellata,4102514,1
Schizonotus lindleyanus,Oemleria cerasiformis,2988485,0
Perebea hispidula,Perebea xanthochyma,3765422,1
Zelkova cretica,Zelkova abelicea,4159329,1
Gouania javanica,Gouania obtusifolia,5602956,1
Boehmeria canescens,Ficus crassinervia,5361897,0
Celtis guineensis,Trema orientale,2984508,1
Ancistrum decumbens,Ficus mollior,7262612,0
Sponia africana,Pilea depressa,5361825,0
Ziziphus inerma,Acaena magellanica,5370832,0
Frangula grisea,Dorstenia barnimiana,7262729,0
Chaetoptelea mexicana,Ulmus mexicana,5680327,1
Berchemia chanetii,Sageretia elegans,3876721,0
Dorstenia drakena,Dorstenia arifolia,7262742,1
Urtica lamiifolia,Urtica lamiifolia,5669713,1
Colletia valenzuela,Naucleopsis krukovii,3767133,0
Crataegus sinensis,Trema tomentosum,7303576,0
Procris longifolia,Brosimum costaricanum,3763319,0
Memorialis matsudae,Gouania meyenii,5372441,0
Pyrus schneideriana,Pourthiaea arguta,2988149,1
Spiraea magnifica,Spiraea pachystachys,3026609,1
Opulaster bullatus,Physocarpus opulifolius,2988354,1
Persica nucipersica,Pourthiaea villosa,8356787,0
Ulmus adiantifolia,Pourouma velutina,4013280,0
Margyricarpus strictus,Aphanes looseri,5364994,0
Rhamnus imeretina,Frangula granulosa,3874505,0
Pentocnide glomerata,Rhaphiolepis deflexa,10855510,0
Urtica millettii,Aria graeca,5370233,0
Ficus aurantiaca,Holodiscus pachydiscus,2987808,0
Proteaephyllum oblongifolium,Ficophyllum crassinerve,11155712,1
Procris polycephala,Elatostema cuspidatum,7300775,1
Sorbus depressa,Acaena caespitosa,7806638,0
Papyrius kaempferi,Aria edulis,8411755,0
Pilea integrifolia,Aronia prunifolia,5363613,0
Taxotrophis balansae,Taxotrophis macrophylla,3767188,1
Alphitonia xerocarpus,Jaffrea xerocarpa,9301181,1
Eleiosina laevigata,Sibiraea laevigata,3032453,1
Mespilus rubra,Rhaphiolepis indica,5371542,1
Dorstenia gabunensis,Maclura cochinchinensis,7262552,0
Maclura calcar-galli,Maclura cochinchinensis,7262552,1
Chaetachme madagascariensis,Ulmus hollandica,7141604,0
Pyrus serrata,Hedlundia velebitica,9473299,0
Pyrus gerecseensis,Laportea interrupta,2984469,0
Phylica eriophora,Phylica imberbis,7725424,1
Sorbus decipientiformis,Karpatiosorbus decipientiformis,9271446,1
Elaeagnus ghuwacen,Elaeagnus umbellata,3039267,1
Debregeasia salicifolia,Debregeasia saeneb,4099243,1
Cryptandra humilis,Leucosyke capitellata,4102514,0
Helinus ovatus,Ficus indigofera,5570118,0
Scyphosyce gilletii,Rhaphiolepis indica,5371542,0
Karwinskia affinis,Karwinskia humboldtiana,3039523,1
Aphanes monogyna,Ficus crassinervia,5361897,0
Chaenomeles trichogyna,Rhodotypos scandens,3032442,0
Soleirolia corsica,Soleirolia soleirolii,2984366,1
Physocarpus bracteatus,Physocarpus opulifolius,2988354,1
Coussapoa acutifolia,Spiraea yunnanensis,3027102,0
Memorialis matsudai,Gonostegia parvifolia,4100881,1
Dorstenia stolzii,Gouania velutina,5602862,0
Awayus japonicus,Spiraea japonica,8170635,1
Ferolia guianensis,Brosimum rubescens,3762826,1
Ariosorbus hybrida,Hedlundia hybrida,9245228,1
Olmedia obliqua,Maquira coriacea,3763724,1
Sageretia spinosa,Naucleopsis stipularis,3767028,0
Pyrus megaphylla,Ulmus hollandica,7141604,0
Dorstenia volkensii,Dorstenia zanzibarica,3762590,1
Pyrus mexicana,Dorstenia poinsettifolia,7515664,0
Zizyphus oligantha,Ziziphus oenopolia,3875331,1
Trymalium wichurae,Polianthion wichurae,3874457,1
Dubrueilia parietaria,Elaeagnus songorica,4048298,0
Rhamnus psilocarpa,Ziziphus angustifolia,3877032,0
Alicastrum rubescens,Rhaphiolepis prinoides,10804358,0
Neillia capitata,Physocarpus capitatus,2988390,1
Touchardia wainihaensis,Touchardia latifolia,2984457,1
Urtica hypselodendron,Scepocarpus hypselodendron,11931426,1
Potentilla comaroides,Potentilla rubra,8409450,1
Ulmoxylon lapidariorum,Cottaites lapidariorum,11144007,1
Coussapoa emarginata,Ficus macbridei,5571803,0
Pouzolzia pentandra,Potentilla frigida,5368457,0
Sorbus magocsyana,Pomaderris wendlandiana,3875740,0
Pyrus ujhelyii,Aronia arbutifolia,5363629,0
Crataegus antiplasta,Crataegus anamesa,3015532,1
Droguetia ovata,Touchardia latifolia,2984457,0
Scutia laevigata,Dendrocnide sinuata,4098506,0
Colletia foliosa,Kentrothamnus weddellianus,3874789,1
Dorstenia ekmanii,Dorstenia nummularia,3763849,1
Colubrina micropetala,Droguetia ambigua,4098087,0
Streblus microphylla,Ceanothus cuneatus,3039404,0
Elatostema repens,Procris repens,7916114,1
Hiptage cavaleriei,Rhaphiolepis cavaleriei,10731169,1
Boehmeria arachnoidea,Spiraea vanhouttei,3026622,0
Ficus hasskarlii,Torminalis glaberrima,9410160,0
Sorbus cuneifolia,Hedlundia cuneifolia,9246191,1
Ficus eggersii,Ficus crassinervia,5361897,1
Rubus bernardinus,Rubus leucodermis,8110785,1
Rhamnus lucida,Scutia myrtina,8317476,1
Chamaebatiaria glutinosa,Chamaebatiaria millefolium,3026352,1
Celtis hashimotoi,Celtis jessoensis,7141633,1
Trophis aculeata,Boehmeria caudata,7610513,0
Rubus godongensis,Karpatiosorbus bristoliensis,9256930,0
Spiraea undulata,Dorstenia zenkeri,3762584,0
Ulmus sibirica,Lasiodiscus mannii,5602741,0
Boehmeria austrina,Hijmania turbinata,9189516,0
Urtica repanda,Elatostema lanceolatum,4098692,0
Boehmeria monticola,Clarisia ilicifolia,7262841,0
Streblus mauritianus,Ampalis mauritiana,3765609,1
Sorbus norvegica,Majovskya ambigua,9285492,0
Pseudolmedia obliqua,Pseudolmedia laevis,3764170,1
Elatostema carinoi,Elatostema banahaense,4101589,1
Trema timorense,Morus alba,5361889,0
Crataegus oxyacanthoides,Crataegus media,3013800,1
Celtis gardneri,Trema micranthum,2984501,0
Urticastrum ferox,Frangula caroliniana,3039468,0
Artocarpus cerifer,Soleirolia soleirolii,2984366,0
Pyrus obliqua,Pourthiaea obliqua,3000356,1
Cecropia peltata,Streblus asper,10242935,0
Ogcodeia ternstroemiiflora,Scepocarpus trinervis,11543475,0
Ficus pyrifolia,Trema tomentosum,7303576,0
Potentilla remota,Prunus rhamnoides,3023741,0
Elaeagnus tenuiflora,Argentina microphylla,8380317,0
Aria ambigua,Karpatiosorbus hybrida,9478021,0
Trymalium diversifolium,Spyridium vexilliferum,7273942,1
Soulangia rubra,Phylica rubra,3874895,1
Ceanothus andersonii,Maclura tinctoria,2984583,0
Petrophyton hendersonii,Hedlundia hornadensis,9383472,0
Phylica acuminata,Ficus ampelos,8053189,0
Parietaria ruschanica,Parietaria ruschanica,8187485,1
Cecropia rugosa,Dorstenia erythrandra,8892698,0
Alchemilla aphanes,Aphanes arvensis,5365013,1
Ulmus viscosa,Ulmus glabra,5361866,1
Urtica parietaria,Pilea articulata,5669732,1
Ulmus americana,Potentilla leucophylla,8034433,0
Elaeagnus persica,Elaeagnus persica,4048121,1
Urera excelsa,Hesperocnide tenella,2984324,0
Ulmus serratula,Pourthiaea villosa,8356787,0
Aruncus subrotundatus,Aruncus sylvester,6369098,1
Prunus antilibani,Prunus microcarpa,3021376,1
Cydonia umbato,Chaenomeles speciosa,3000679,1
Zelkova davidii,Eriolobus trilobatus,7272334,0
Aruncus sylvestris,Pouzolzia guineensis,4100342,0
Urostigma odoratum,Celtis brasiliensis,7303606,0
Azarolus intermedia,Karpatiosorbus albensis,9366458,0
Aronia japonica,Chaenomeles japonica,3000610,1
Artocarpus fretessii,Artocarpus altilis,2984573,0
Morus corylifolia,Pourthiaea salicifolia,3000518,0
Morus romana,Osteomeles schweriniae,4938587,0
Cryptandra intangenda,Berchemia loureiroana,3876252,0
Streblus banksii,Paratrophis banksii,3766009,1
Celtis petenensis,Spyridium parvifolium,7273996,0
Ancistrum anserinaefolium,Hemiptelea davidii,4160206,0
Pellionia funingensis,Elaeagnus angustifolia,3039269,0
Urera microcarpa,Gyrotaenia microcarpa,4100671,1
Boehmeria nervosa,Pouzolzia rugulosa,4098989,1
Sponia annulata,Gironniera subaequalis,4159324,1
Parasponia aspera,Paliurus spina-christi,5372457,0
Celtis micrantha,Procris crenata,5669749,0
Photinia blinii,Humulus americanus,3874393,0
Trichocephalus littoralis,Phylica litoralis,3875533,1
Ferolia variegata,Hedlundia legrei,9541608,0
Urtica baccifera,Cecropia ficifolia,8173870,0
Sorocea racemosa,Sorocea hilarii,3762918,1
Rubus hypodasys,Rubus alterniflorus,8321269,1
Laportea warburgii,Dendrocnide longifolia,4098791,1
Colubrina obtusata,Karpatiosorbus sellii,9303590,0
Rhamnus globosa,Urera caracasana,2984335,0
Ulmus occidentalis,Artocarpus lacucha,7873234,0
Aria pinnatifida,Freirea alsinifolia,7572976,0
Rhamnus venosa,Laportea canadensis,2984463,0
Ficus biglandulosa,Ficus ampelos,8053189,1
Pouzolzia arnhemica,Pouzolzia zeylanica,2984383,1
Celtis chinensis,Broussonetia kazinoki,6358484,0
Hippophae goniocarpa,Hippophae goniocarpa,4048210,1
Gouania aptera,Gouania alnifolia,5603135,1
Rhamnus retamilla,Retanilla ephedra,7273774,1
Cerasus juliana,Prunus avium,3020791,1
Rosa wilsonii,Hedlundia thuringiaca,9471386,0
Torminalis clusii,Torminalis glaberrima,9410160,1
Ulmus crenata,Ulmus hollandica,7141604,1
Digaster sumatranus,Karpatiosorbus latifolia,9306058,0
Celtis parvifolia,Celtis occidentalis,2984481,1
Pyrus llangollenica,Hedlundia cuneifolia,9246191,1
Rhamnella berchemiifolia,Berchemiella berchemiifolia,3875970,1
Vanieria fruticosa,Cryptandra tubulosa,3876136,0
Crataegus hybrida,Hedlundia hybrida,9245228,1
Boehmeria viminea,Pouzolzia sanguinea,7300542,1
Artocarpus laevis,Forsskaolea tenacissima,4101888,0
Armeniaca berricoccia,Prunus armeniaca,7818643,1
Missiessya wallichii,Debregeasia wallichiana,7300572,1
Morus furcata,Morus alba,5361889,1
Discaria febrifuga,Celtis timorensis,4160107,0
Oreocnide integrifolia,Elaeagnus fruticosa,4048191,0
Hahnia pinnatifida,Spiraea japonica,8170635,0
Torminaria torminalis,Torminalis glaberrima,9410160,1
Spiraea arctica,Spiraea dasyantha,3027025,1
Sorbus gerecseensis,Karpatiosorbus gerecseensis,9607560,1
Elatostema bicuspidatum,Elatostema heterolobum,4099443,1
Photinia lancifolia,Pourthiaea benthamiana,3000344,1
Pyrus atalantae,Celtis biondii,7303618,0
Morus canadensis,Morus rubra,5361886,1
Pomaderris discolor,Aria eminens,9343973,0
Rhamnus coriacea,Prunus aquifolioides,3021945,0
Urtica aestuans,Urera caracasana,2984335,1
Pyrus schnizleiniana,Procris repens,7916114,0
Rhaphiolepis ovata,Rhaphiolepis integerrima,7064880,1
Photinia beauverdiana,Pourthiaea beauverdiana,3000384,1
Piratinera spuria,Scutia myrtina,8317476,0
Villebrunea appendiculata,Ceanothus herbaceus,3039322,0
Acaena lappacea,Karpatiosorbus houstoniae,9579641,0
Pouzolzia confinis,Chaetachme aristata,4159728,0
Sericotheca pachydisca,Rosa beggeriana,7832083,0
Spiraea glutinosa,Chamaebatiaria millefolium,3026352,1
Rhaphiolepis mekongensis,Artocarpus heterophyllus,2984565,0
Berchemia affinis,Chaetachme aristata,4159728,0
Osteomeles anthyllifolia,Osteomeles anthyllidifolia,3024832,1
Pomaderris simsii,Zelkova verschaffeltii,4927731,0
Sorocea sylvicola,Sorocea bonplandii,3763071,1
Urera schimperiana,Gonostegia parvifolia,4100881,0
Sponia sumatrana,Dorstenia psilurus,3763387,0
Ogcodeia venosa,Naucleopsis macrophylla,3767126,1
Persica mira,Ulmus hollandica,7141604,0
Ficus meizonochlamys,Ficus membranacea,5571303,1
Boehmeria heteroidea,Karpatiosorbus remensis,9350399,0
Saccus champeden,Procris pedunculata,5671195,1
Urtica mollissima,Rhamnus prinoides,3875856,0
Celtis orientalis,Dorstenia arifolia,7262742,0
Rhamnus arnottiana,Prunus armeniaca,7818643,0
Pomaderris calvertiana,Pomaderris ledifolia,7273929,1
Missiessya hypoleuca,Argentina parvula,7679189,0
Spiraea laucheana,Pilea harrisii,5669621,0
Celtis chinensis,Celtis bungeana,7141664,1
Trymatococcus paraensis,Artocarpus altilis,2984573,0
Laportea saipanensis,Dendrocnide latifolia,4098799,1
Prunus tardeflorens,Prunus spinosa,3023221,1
Aruncus kyusianus,Crataegus senta,3013958,0
Stenanthemum pimelioides,Stenanthemum pimeleoides,3876610,1
Cecropia leucoma,Cecropia concolor,7316398,1
Urtica grossa,Laportea grossa,4102053,1
Saccus kunstleri,Rhaphiolepis indica,5371542,0
Memorialis neurocarpa,Maillardia borbonica,3763965,0
Laportea glabra,Colubrina arborescens,5372463,0
Pourthiaea hookeri,Pourthiaea arguta,2988149,1
Nestronia cuneata,Endotropis standleyana,9392442,0
Ziziphus bhunder,Colubrina asiatica,5372467,0
Celtis malagasica,Pilea punctata,5671042,0
Pyrus guerreris,Phippsiomeles guerreris,11706261,1
Ficus fredericksburgensis,Ficophyllum crassinerve,11155712,1
Mespilus douglasii,Crataegus douglasii,3013580,1
Sorbus decurrens,Physocarpus malvaceus,2988332,0
Missiessya hypoleuca,Debregeasia saeneb,4099243,1
Sorbus sarcocarpa,Leucosyke ochroneura,4102232,0
Elaeagnus frederici-variegata,Artocarpus glaucus,3764827,0
Morus betulifolia,Procris grueningii,7300965,0
Celtis zizyphoides,Ceanothus tardivus,3875688,0
Debregeasia velutina,Spiraea alpina,3026665,0
Amydalus armeniaca,Prunus armeniaca,7818643,1
Ceanothus mogollonicus,Rubus niveus,2989183,0
Celtis mollis,Spyridium pauciflorum,3877302,0
Colubrina micropetala,Emmenosperma micropetalum,3877090,1
Ficus manok,Osteomeles schweriniae,4938587,0
Sponia occidentalis,Coussapoa parviceps,4013190,0
Gonostegia integrifolia,Leucosyke capitellata,4102514,0
Rhamnus maculata,Colubrina beccariana,5603172,0
Covellia grandifolia,Poikilospermum suaveolens,4013131,1
Perebea laevigata,Hedlundia subarranensis,9439756,0
Memorialis nilghirensis,Gonostegia pentandra,4100866,1
Pyrus zolyomii,Aria zolyomii,9456472,1
Maclura plumieri,Laportea humblotii,4099353,0
Cydonia maliformis,Broussonetia papyrifera,5361944,0
Cryptandra complicata,Rhaphiolepis indica,11237736,0
Pouzolzia longifolia,Trichocephalus stipularis,5602927,0
Pyrus bohemica,Karpatiosorbus bohemica,9279217,1
Touchardia iaoensis,Gironniera subaequalis,4159324,0
Urtica fernandeziana,Rhamnella rubrinervis,9039596,0
Brosimum guianense,Dorstenia contrajerva,2984541,0
Pourouma isophlebia,Pourouma minor,4013658,1
Sorbus arbutifolia,Aronia arbutifolia,5363629,1
Morus sinensis,Elaeagnus angustifolia,3039269,0
Pellionia insularis,Elatostematoides australe,10790833,1
Celtis smallii,Celtis tenuifolia,2984482,1
Chlorophora greveana,Allaeanthus greveanus,3765669,1
Phylica pumila,Rhaphiolepis elliptica,10758611,0
Crataegus beckerana,Colubrina macrocarpa,7273930,0
Phylica imberbis,Phylica cuspidata,3876050,1
Ficus toka,Celtis toka,4160100,1
Sorbus polgariana,Karpatiosorbus polgariana,9260814,1
Crataegus intermixta,Crataegus media,3013800,1
Boehmeria irritans,Pipturus argenteus,6414892,1
Alchemilla monandra,Aphanes arvensis,5365013,1
Artocarpus forbesii,Prunus persica,8149923,0
Pellionia procropioides,Poikilospermum micranthum,4013203,0
Dorstenia bahiensis,Acaena magellanica,5370832,0
Covellia barclayana,Ficus barclayana,7486090,1
Dorstenia vilella,Boehmeria nivea,2984359,0
Cerasus canescens,Scyphosyce manniana,3763274,0
Corchorus japonicus,Aria greenii,9310020,0
Cyclostemon cuspidatum,Aphananthe cuspidata,8293016,1
Potentilla leucophylla,Potentilla hippiana,5367733,1
Tetraglochin stricta,Cydonia oblonga,5362215,0
Parartocarpus involucratus,Maclura tinctoria,2984583,0
Azarolus arbutifolia,Gouania hillebrandii,8240892,0
Celtis littoralis,Celtis caudata,7620865,1
Pyrus subcuneata,Karpatiosorbus subcuneata,9558357,1
Ceanothus sorediatus,Acaena trifida,5370812,0
Touchardia konaensis,Parietaria pensylvanica,5361796,0
Cecropia carbonaria,Coussapoa microcephala,7316409,0
Pomaderris obovata,Spyridium obovatum,7274000,1
Mespilus lobata,Crataemespilus lobata,12208838,1
Artocarpus lacucha,Artocarpus lacucha,7873234,1
Pyrus spuria,Sorbaronia sorbifolia,2987868,1
Potentilla hololeuca,Potentilla multifida,8416400,1
Ziziphus lotus,Ulmus hollandica,7141604,0
Gouania fimbriata,Urera baccifera,7411905,0
Pyrus stenophylla,Pilea depressa,5361825,0
Lupulus scandens,Naucleopsis caloneura,3767273,0
Laportea gracilipes,Dendrocnide meyeniana,4098765,0
Celastrus zeylanicus,Scutia myrtina,8317476,1
Rhamnus burgundiaca,Myrianthus preussii,7316418,0
Acaena oligacantha,Acaena pinnatifida,5370645,1
Ulmus scabra,Achudemia boniana,11138214,0
Celtis monoica,Aruncus dioicus,5362136,0
Leucosyke palawanensis,Leucosyke capitellata,4102514,1
Celtis choseniana,Boehmeria penduliflora,7769607,0
Rhus saeneb,Debregeasia saeneb,4099243,1
Boehmeria peruviana,Laportea aestuans,2984466,0
Persica nana,Aria edulis,8411755,0
Morus scabra,Sarcomphalus chloroxylon,9089357,0
Pomaderris phillyreifolia,Spyridium globulosum,3877637,1
Urtica ballotifolia,Boehmeria ramiflora,7300855,0
Greeneina affinis,Helicostylis tomentosa,3764831,1
Zizyphus rugosa,Ziziphus rugosa,7273665,1
Potentilla pseudochinensis,Potentilla chinensis,5365665,1
Ficus vesca,Ficus racemosa,5361904,1
Celtis ferarum,Phyllogeiton zeyheri,3874536,0
Crataegus xanthocarpos,Dorstenia hirta,3764709,0
Elatostema pedunculosum,Maclura cochinchinensis,7262552,0
Dorstenia homblei,Dorstenia benguellensis,3765939,1
Fragaria hayatai,Fragaria nilgerrensis,3029934,1
Potentilla tristis,Smythea velutina,3875109,0
Crataegus rotundifolia,Spyridium coactilifolium,7273613,0
Prunus nitens,Prunus javanica,3022372,1
Broussonetia nana,Aruncus sylvester,6369098,0
Berchemia poilanei,Laportea vrieseana,10738106,0
Sageretia tibetica,Sageretia paucicostata,3876425,1
Adicea modesta,Scutia arenicola,3875710,0
Acaena acrobyssina,Aria edulis,8411755,0
Rhamnus microphylla,Potentilla grandiflora,5366106,0
Craterogyne oligogyna,Dorstenia oligogyna,3763788,1
Crataegus arbutifolia,Aronia arbutifolia,5363629,1
Noltea africana,Noltea africana,3877365,1
Pyrus sudetica,Cecropia insignis,4013292,0
Colletia maytenoides,Condalia maytenoides,5602872,1
Urtica rotundifolia,Scepocarpus acuminatus,11851100,1
Condalia parryi,Pseudoziziphus parryi,8997716,1
Procris rostrata,Holodiscus fissus,2987807,0
Cerasus orientalis,Gonostegia triandra,4100795,0
Freirea gracilis,Taxotrophis taxoides,11138557,0
Spiraea grandifolia,Spiraea betulifolia,3026550,1
Ficus disticha,Gonostegia parvifolia,4100881,0
Procris hirta,Gouania hillebrandii,8240892,0
Mespilus smithii,Crataemespilus lobata,12208838,1
Urtica membranacea,Parietaria floridana,5361793,0
Polychroa volubilis,Boehmeria cylindrica,2984345,0
Ficus tetangis,Lyonothamnus floribundus,3027433,0
Broussonetia billardii,Serichonus gracilipes,3875238,0
Ramium tenue,Pouzolzia zeylanica,2984383,1
Lupulus orbicularis,Gouania meyenii,5372441,1
Gouania sandwichiana,Gouania hillebrandii,8240892,1
Nanocnide closii,Frangula grandifolia,3874526,0
Balanostreblus ilicifolius,Sorocea guilleminiana,3762938,1
Boehmeria bodinieri,Prunus avium,3020791,0
Poikilospermum piperi,Celtis sinensis,4159594,0
Fragaria hayatae,Ceanothus caeruleus,3875440,0
Celtis angustifolia,Ziziphus angustifolia,3877032,1
Urtica rubescens,Fragaria sempervirens,3029815,0
Boehmeria trinervata,Gyrotaenia myriocarpa,4100663,1
Macrophthalma elastica,Spiraea superba,3026423,0
Potentilla leucochaeta,Potentilla pedata,8327079,1
Urtica divaricata,Sparattosyce balansae,3762455,0
Crataegus chinensis,Rhaphiolepis indica,5371542,1
Crataegus occidentalis,Aronia prunifolia,5363613,0
Laportea murryana,Dendrocnide peltata,4098650,1
Elatostema mesargyreum,Elatostematoides mesargyreum,4098321,1
Urtica parietaria,Pilea parietaria,5361834,1
Ramium grande,Boehmeria grandis,2984353,1
Chaydaia berchemiifolia,Boehmeria japonica,7300501,0
Ventilago maderaspatana,Ventilago leiocarpa,7274033,1
Ficus onusta,Ficus globosa,5571079,1
Pouzolzia stocksii,Gonostegia pentandra,4100866,1
Osteomeles boninensis,Morus alba,5361889,0
Clarisia spruceana,Oreocnide integrifolia,7300622,0
Ancistrum lappaceum,Acaena elongata,5370941,1
Morus levasseurei,Morus alba,5361889,1
Cudrania cambodiana,Maclura cochinchinensis,7262552,1
Polychroa repens,Procris repens,7916114,1
Maoutia rugosa,Maoutia diversifolia,5671121,1
Urtica collina,Pilea inaequalis,5361845,1
Osmaronia padiformis,Oemleria cerasiformis,2988485,1
Neraudia glabra,Parietaria mauritanica,5669706,0
Paratrophis heterophylla,Zelkova serrata,2984532,0
Ziziphus guatemalensis,Sarcomphalus guatemalensis,8937519,1
Australina novae-zelandiae,Australina pusilla,7300503,1
Ziziphus angolito,Sarcomphalus saeri,9200633,1
Margyricarpus niederleinii,Margyricarpus caespitosus,3030143,1
Urtica radula,Didymodoxa capensis,7300493,1
Elaeagnus paucilepidota,Elaeagnus glabra,7293101,1
Celtis dumosa,Clarisia biflora,7262852,0
Urtica aucklandica,Urtica australis,5671222,1
Rhaphiolepis latifolia,Treculia obovoidea,3766978,0
Sorbus amici-petri,Karpatiosorbus amici-petri,9266572,1
Spiraea obovata,Spiraea billiardii,7732954,1
Waldensia lupulina,Humulus lupulus,2984535,1
Urera crenulata,Pilea melastomoides,5670477,0
Pilea anivoranensis,Crataegus obtusata,3014035,0
Boehmeria chingshuishaniana,Frangula microphylla,3877750,0
Leucocnide dichotoma,Ficus pantoniana,7262414,0
Vanieria fruticosa,Maclura fruticosa,3764318,1
Pyrus dracofolia,Artocarpus lacucha,7873234,0
Oreoherzogia pubescens,Atadinus sibthorpianus,9432696,1
Prunus sana,Prunus debilis,3022573,1
Ceanothus ferreus,Aphananthe aspera,4159921,0
Zizyphus seleri,Dendrocnide ternatensis,4098440,0
Saccus venosus,Parartocarpus venenosa,3766049,1
Rhamnella laui,Frangula henryi,3874488,1
Maclura velutina,Maclura tinctoria,2984583,1
Pyrus eyola,Pourthiaea schneideriana,3000452,1
Persica nucicarpa,Persica nucicarpa,3032512,1
Fleurya ingrata,Laportea aestuans,2984466,1
Urera sandwicensis,Elatostematoides polioneurum,4098279,0
Sorbus concavifolia,Coussapoa duquei,4013632,0
Microrhamnus franguloides,Helinus integrifolius,3875572,0
Rubus hypodasys,Acaena trifida,5370812,0
Potentilla shweliensis,Prunus armeniaca,7818643,0
Photinia brevipetiolata,Fragaria orientalis,3029834,0
Ulmus multidentata,Celtis lindheimeri,2984480,0
Pygeum schlechteri,Atadinus sibthorpianus,9432696,0
Colletia dumosa,Discaria chacaye,5602883,1
Rhamnus scandens,Gouania alnifolia,5603135,0
Pilea kiotensis,Cecropia peltata,2984476,0
Mespilus indica,Rhaphiolepis indica,5371542,1
Adenorhachis nigra,Boehmeria japonica,7300501,0
Sorbus arvonicola,Berchemia formosana,3876448,0
Acaena novae-zelandica,Acaena novae-zelandiae,5370755,1
Phylica atrata,Phylica callosa,8065463,1
Sorbaria olgae,Prunus pseudocerasus,3021437,0
Spiraea assurgens,Frangula polymorpha,7274018,0
Pilea chamaedrys,Rhamnus orbiculata,3876402,0
Ulmus pseudobovata,Ulmus hollandica,7141604,1
Sageretia oppositifolia,Sageretia filiformis,3876704,1
Trema orientalis,Gouania aphrodes,5603132,0
Amygdalus discolor,Pilea multiflora,5670242,0
Rhamnus oreodendron,Frangula oreodendron,8021284,1
Aria meridionalis,Trema lamarckianum,2984506,0
Cypholophus blumeanus,Cypholophus caeruleus,10897870,1
Pyrus migarica,Celtis philippensis,7303643,0
Spiraea adiantifolia,Ulmus hollandica,7141604,0
Elatostema crassifolium,Procris pedunculata,5671195,1
Morus stylosa,Morus indica,5569978,1
Hippophae goniocarpa,Rosa beggeriana,7832083,0
Icotorus montanus,Frangula surotatensis,8370288,0
Forsskaolea thouarsiana,Droguetia leptostachys,4102666,1
Rubus pedunculatus,Dorstenia zanzibarica,3762590,0
Tremotis cordata,Ficus auriculata,5571773,1
Pilea lineolata,Elatostematoides scandens,11127643,0
Rhamnus pachyphylla,Soleirolia soleirolii,2984366,0
Parietaria cuneata,Pilea parietaria,5361834,0
Driessenia sinensis,Gonostegia triandra,4100795,1
Pygeum gazelle-peninsulum,Prunus gazelle-peninsulae,3022154,1
Potentilla divisa,Prunus spinosa,3023221,0
Sorbus woronowii,Rubus niveus,2989183,0
Cerasus tenera,Crataegus punctata,3014805,0
Potentilla candicans,Prunus arborea,3021654,0
Ziziphus trichocarpa,Fragaria nilgerrensis,3029934,0
Sitodium cauliflorum,Elatostematoides scandens,11127643,0
Morus mollis,Pilea pubescens,7300898,0
Olmedia aspera,Boehmeria ternifolia,4100788,0
Procris cochinchinensis,Streblus asper,10242935,0
Cestrum toxicarium,Pilea rugosa,5670691,0
Artocarpus nitidus,Spiraea chamaedryfolia,3026406,0
Condalia parryi,Gouania hillebrandii,8240892,0
Boehmeria subperforata,Celtis adolfi-friderici,4159612,0
Acaena hirsuta,Celtis tenuifolia,2984482,0
Spiraea fauriana,Prunus sargentii,3020955,0
Cinnamomum chloroxylon,Sarcomphalus chloroxylon,9089357,1
Crataegus pallasii,Crataegus pallasii,3013600,1
Cecropia scabrifolia,Cecropia peltata,2984476,1
Rhamnus acuminata,Scandosorbus intermedia,10071055,0
Berchemia congesta,Phenax rugosus,7300597,0
Cryptandra miliaris,Potentilla frigida,5368457,0
Acaena argentea,Acaena magellanica,5370832,0
Debregeasia angustifolia,Debregeasia longifolia,4099305,1
Trema blancoi,Ziziphus jujuba,3039423,0
Brosimum sapiifolium,Brosimum costaricanum,3763319,1
Elatostema bodinieri,Elatostema cuspidatum,7300775,1
Mespilus lalandei,Cecropia telenitida,4013242,0
Rhamnidium caloneurum,Hedlundia pulchra,9447396,0
Pyrus elliptica,Rhaphiolepis elliptica,10758611,1
Ceanothus laniger,Pomaderris lanigera,3876790,1
Potentilla novoguineensis,Rhaphiolepis delacourii,5371539,0
Ziziphus paliurus,Treculia africana,7895921,0
Covellia subopposita,Argentina lineata,8228815,0
Celtis americana,Celtis tenuifolia,2984482,1
Pyrus simonkaiana,Karpatiosorbus simonkaiana,9329985,1
Maclura pubescens,Aphananthe philippinensis,4159824,0
Laportea diffusa,Dendrocnide meyeniana,4098765,1
Sorbus pubens,Aronia arbutifolia,5363629,1
Pomaderris multiflora,Touchardia latifolia,2984457,0
Duretia platanifolia,Boehmeria platanifolia,7473660,1
Celtis curiandiuba,Pourouma tomentosa,7316411,0
Paliurus reticulatus,Ceanothus sorediatus,3039339,0
Dorstenia quadrangularis,Osteomeles schweriniae,4938587,0
Maoutia rugosa,Phyllostylon rhamnoides,4160095,0
Broussonetia spathulata,Broussonetia papyrifera,5361944,1
Ficus asperior,Ficus ampelos,8053189,1
Urticastrum harveyi,Acaena trifida,5370812,0
Boehmeria chingshuishaniana,Boehmeria japonica,7300501,1
Morus ampalis,Ampalis mauritiana,3765609,1
Brosimum speciosum,Procris repens,7916114,0
Urtica rubescens,Oreocnide rubescens,4099400,1
Artocarpus incisus,Artocarpus altilis,2984573,1
Boehmeria ramiflora,Boehmeria depauperata,4099464,1
Cerasus campestris,Rhamnus florissantensis,11762307,0
Colletia nana,Discaria nana,8629951,1
Potentilla lineata,Touchardia latifolia,2984457,0
Paliurus asiaticus,Boehmeria excelsa,4099109,0
Ficus fistulosa,Ulmus laevis,7303616,0
Ficus terasoensis,Pomaderris prunifolia,3876111,0
Sclepsion divaricatum,Laportea canadensis,2984463,1
Rhamnus jujuba,Ziziphus mauritiana,3039424,1
Urtica distachya,Boehmeria cylindrica,2984345,1
Phylica longirostrata,Phylica paniculata,3875228,1
Ziziphus napeca,Ziziphus linnaei,3875884,1
Spyridium complicatum,Gouania meyenii,5372441,0
Cerasus mollis,Prunus emarginata,7272137,1
Freirea erecta,Parietaria debilis,5361795,1
Celtis pavonii,Celtis iguanaea,2984498,1
Boehmeria rugulosa,Gonostegia triandra,4100795,0
Celtis glomerata,Trema orientale,2984508,1
Trymatococcus oligogynus,Pyraria irregularis,12193096,0
Parietaria ruschanica,Karpatiosorbus rhodanthera,9298826,0
Morus venassainii,Photinia prionophylla,5363925,0
Boehmeria utilis,Prunus avium,3020791,0
Trema glabrescens,Trema cannabina,2984507,1
Ceanothus azureus,Dorstenia zenkeri,3762584,0
Paliurus australis,Maoutia warburgii,5671055,0
Crataegus inermis,Malacomeles denticulata,2988294,1
Ziziphus mistol,Ficus orthoneura,5570349,0
Fragaria dubia,Fragaria bifera,3029999,1
Spiraea grandifolia,Hemiptelea davidii,4160206,0
Rhamnus cubensis,Ulmus rubra,5361867,0
Sorbus obtusidentata,Aria graeca,5370233,1
Pilea worsdellii,Pilea rivularis,7300820,1
Helminthospermum scabridum,Gironniera parvifolia,4159419,1
Saccus forbesii,Pilea tetraphylla,5670037,0
Pyrus torminalis,Parietaria debilis,5361795,0
Dorstenia cordifolia,Helinus spartioides,3875512,0
Dendrocnide chingiana,Dendrocnide urentissima,4098420,1
Rhamnus circumcissa,Malacomeles nervosa,2988298,0
Leucosyke falcata,Leucosyke capitellata,4102514,1
Amygdalus gessleriana,Prunus tenella,3022879,1
Urtica dioica,Urtica spatulata,5670135,1
Pomaderris ligustrina,Alphitonia incana,3877487,0
Sorbus eximia,Laportea aestuans,2984466,0
Pilea nanchuanensis,Hedlundia bosniaca,9319484,0
Prunus williamsii,Prunus debilis,3022573,1
Artocarpus rigidus,Artocarpus gomezianus,3764819,1
Elaeagnus philippensis,Elaeagnus triflora,7293096,1
Pilea pendula,Spiraea alba,3026585,0
Sorbus cheddarensis,Holodiscus argenteus,2987810,0
Boehmeria nakaiana,Trema orientale,2984508,0
Fatoua lanceolata,Fatoua villosa,2984652,1
Hyrtanandra triandra,Ulmus thomasii,5361875,0
Spiraea amurensis,Prunus avium,3020791,0
Sorbus udvardyana,Karpatiosorbus udvardyana,9384011,1
Sorbus melanocarpa,Artocarpus lacucha,7873234,0
Celtis collinsiae,Celtis philippensis,7303643,1
Boehmeria diversiflora,Boehmeria zollingeriana,7300724,1
Sorbus neglecta,Pilea multiflora,5670242,0
Crataegus intermedia,Scandosorbus intermedia,10071055,1
Artocarpus rufa,Artocarpus lacucha,7873234,1
Crataegus xmedia,Crataegus media,3013800,1
Urtica capensis,Didymodoxa caffra,4098352,1
Pyrus pinnatifidia,Boehmeria dura,4099280,0
Parietaria obtusa,Maclura mollis,11161508,0
Prunus xanthocarpos,Dorstenia benguellensis,3765939,0
Prunus incana,Prunus incana,3020605,1
Celtis multifolia,Elaeagnus triflora,7293096,0
Pilea modesta,Scepocarpus thonneri,11754518,0
Ivesia patellifera,Potentilla patellifera,5370125,1
Celastrus umbellatus,Boehmeria platanifolia,7473660,0
Ulmus pinnatoramosa,Ulmus pumila,5361877,1
Pouzolzia pyramidata,Photinia glabra,5363818,0
Pygeum persimile,Prunus arborea,3021654,1
Trichocephalus comosus,Phylica comosa,3876164,1
Isodendron fauriei,Pouzolzia zeylanica,2984383,0
Urtica stimulans,Berchemia loureiroana,3876252,0
Ulmus tridens,Fragaria virginiana,7950792,0
Urtica racemosa,Pourthiaea sorbifolia,9657347,0
Potentilla turfosa,Boehmeria platanifolia,7473660,0
Prunus matudai,Heteromeles arbutifolia,5370154,0
Pouzolzia alienata,Pouzolzia zeylanica,2984383,1
Pyrus arranensis,Hedlundia arranensis,9290014,1
Rhamnus purpusii,Krugiodendron ferreum,3039518,1
Trichothalamus nitidus,Cydonia oblonga,5362215,0
Lupulus scandens,Dorstenia tayloriana,7262415,0
Urtica rhodopleura,Celtis tala,7141607,0
Discaria gracilenta,Broussonetia papyrifera,5361944,0
Boehmeria chiangmaiensis,Boehmeria siamensis,4101166,1
Potentilla dealbata,Potentilla hippiana,5367733,1
Pourouma jussieuana,Pourouma mollis,7316440,1
Osmaronia obtusa,Oemleria cerasiformis,2988485,1
Ulmus pitteursii,Gonostegia pentandra,4100866,0
Trophis branderhorstii,Hedlundia hybrida,9245228,0
Colletia crenata,Achudemia boniana,11138214,0
Sorbotoraria intermedia,Elaeagnus umbellata,3039267,0
Ziziphus napeca,Ziziphus napeca,7449477,1
Urera gigantea,Aria umbellata,9330923,0
Celtis glycycarpa,Celtis iguanaea,2984498,1
Ziziphus oppositifolia,Rhaphiolepis platyphylla,10683774,0
Sorbus dominii,Karpatiosorbus dominii,9543203,1
Colletia articulata,Discaria articulata,7840245,1
Colubrina nepaulensis,Rhamnus nepalensis,8181645,1
Urtica aestuans,Laportea interrupta,2984469,0
Pseudopipturus succulentus,Sibiraea laevigata,3032453,0
Parietaria caespitosa,Parietaria elliptica,5669938,1
Pyrus sorbifolia,Scandosorbus liljeforsii,10815519,0
Rubus furfuraceus,Rubus niveus,2989183,1
Physocarpus pauciflorus,Johnstonalia axilliflora,3875299,0
Urtica ternifolia,Dorstenia mannii,7262540,0
Potentilla terglovensis,Potentilla nitida,5367673,1
Colletia spicata,Mespilus germanica,3031774,0
Morus scabra,Morus rubra,5361886,1
Cormonema glandulosum,Sarcomphalus microdictyus,3875913,0
Urtica pentandra,Gonostegia pentandra,4100866,1
Ancistrum trifidum,Urtica atrovirens,5671245,0
Arthmiocarpus hesperus,Phylica acuminata,3876538,0
Polychroa rostrata,Elatostema rostratum,11066335,1
Pyrus leyana,Hedlundia leyana,9439176,1
Rhamnus colubrina,Rhamnus punctata,3875697,0
Rhamnus globosa,Rhamnus japonica,3039482,1
Artocarpus pinnatisectus,Artocarpus altilis,2984573,1
Girtanneria jujuba,Cecropia peltata,2984476,0
Chlorophora humbertii,Frangula crenata,7273631,0
Procris nudiflora,Pouzolzia nudiflora,4099693,1
Gouania glabra,Boehmeria nivea,2984359,0
Piratinera gaudichaudii,Elatostema platyphyllum,7300825,0
Myriocarpa inaequilateris,Myriocarpa longipes,7300750,1
Trymalium thomasoides,Spyridium spadiceum,7273965,1
Ziziphus attoensis,Ziziphus attopensis,3876990,1
Cecropia tolimensis,Cecropia mutisiana,4013487,1
Rhamnus pseudofrangula,Retanilla stricta,3875486,0
Lupulus hillii,Gouania australiana,5603125,1
Perebea glabrata,Perebea xanthochyma,3765422,1
Prunus maclearnii,Prunites maclearnii,4983666,1
Potentilla leneophylla,Potentilla hippiana,5367733,1
Uromorus tahitensis,Paratrophis anthropophagorum,12239769,1
Retanilla obcordata,Retanilla ephedra,7273774,1
Berchemiella koreana,Ulmus glabra,5361866,0
Laportea repens,Parietaria debilis,5361795,0
Ampalis madagascariensis,Celtis iguanaea,2984498,0
Sorbus vertesensis,Karpatiosorbus vertesensis,9528027,1
Pyrus vallerubusensis,Physocarpus monogynus,2988349,0
Sponia strychnifolia,Margyricarpus alatus,3030140,0
Lazarolus pinnatifida,Hedlundia hybrida,9245228,1
Pyrus sorbaronia,Sorbaronia sorbifolia,2987868,1
Ficus ovalis,Zelkova serrata,2984532,0
Dorstenia quarrei,Dorstenia cuspidata,7262644,1
Anthomeles sanguinea,Dendrocnide microstigma,4098754,0
Urera girardinioides,Gouania ulmifolia,5602873,0
Sorbus vexans,Brosimum speciosum,3762808,0
Elaeagnus zollingeri,Elaeagnus triflora,7293096,1
Zelkova hyrcana,Zelkova carpinifolia,7467231,1
Colletia tralhuen,Trevoa quinquenervia,3876194,1
Photinia kudoi,Pourthiaea beauverdiana,3000384,1
Planera gmelinii,Ulmus rubra,8002521,0
Ambaiba cyrtostachya,Ficus amplissima,5572290,0
Celtis appendiculata,Chaetachme aristata,4159728,1
Sorbus badensis,Crataegus punctata,3014805,0
Laportea meyeniana,Dendrocnide meyeniana,4098765,1
Urtica falcicrenata,Prunus bifrons,3020970,0
Urtica betulifolia,Pyracantha koidzumii,2988162,0
Trema floridanum,Trema micranthum,2984501,1
Dubrueilia inaequalis,Pilea inaequalis,5361845,1
Pyrus megaphylla,Photinia megaphylla,8267435,1
Spiraea hookeri,Spiraea trilobata,3026656,1
Discaria parviflora,Pouzolzia laevigata,4100090,0
Boehmeria travancorica,Boehmeria depauperata,4099464,1
Pyrus semipinnata,Scandosorbus intermedia,10071055,1
Laportea stenophylla,Ficus ampelos,8053189,0
Mertensia brasiliensis,Prunus persica,8149923,0
Fleurya grossa,Spiraea decumbens,3027183,0
Ceanothus africanus,Noltea africana,3877365,1
Urtica convexa,Spyridium lawrencii,3877551,0
Sponia nudiflora,Oreocnide integrifolia,7300622,0
Cryptandra spinescens,Cryptandra spinescens,3876351,1
Karwinskia pubescens,Karwinskia parvifolia,7273681,1
Artocarpus melinoxylus,Artocarpus chama,3765040,1
Rhamnus polymorpha,Frangula polymorpha,7274018,1
Laportea pterostigma,Dendrocnide stimulans,4098487,0
Spiraea venustula,Spiraea vacciniifolia,8111204,1
Urticastrum bulbiferum,Laportea bulbifera,7300666,1
Aronia hybrida,Sorbaronia hybrida,2987861,1
Alchemilla microcarpa,Paratrophis glabra,3765995,0
Banisteria lupuloides,Gouania lupuloides,5372440,1
Urtica pinfaensis,Urtica fissa,7788593,1
Tylanthus empetroides,Aphanes arvensis,5365013,0
Photinia austroguizhouensis,Photinia chingiana,5363865,1
Elaeagnus hisauchii,Spiraea japonica,8170635,0
Phylica arborescens,Rhaphiolepis bengalensis,10869066,0
Duguetia glabra,Discaria chacaye,5602883,0
Capsulea bashanensis,Fatoua villosa,2984652,1
Artocarpus riedelii,Dendrocnide gigantea,4098866,0
Covellia mollis,Aria thayensis,9418662,0
Ramium helferi,Spiraea sanssouciana,3026803,0
Broussonetia kurzii,Ulmus glabra,5361866,0
Sorbus densiflora,Aronia arbutifolia,5363629,1
Maclura braziliensis,Maclura brasiliensis,7262554,1
Urtica zayuensis,Urtica ardens,5671305,1
Pyrus arguta,Prunus persica,8149923,0
Neosloetiopsis kamerunensis,Pouzolzia zeylanica,2984383,0
Artocarpus denisonianus,Acaena stricta,5370972,0
Spiraea discolor,Ficophyllum crassinerve,11155712,0
Dorstenia tessmannii,Trema tomentosum,7303576,0
Spiraea xvanhouttei,Pouzolzia conglobata,4100763,0
Petalopogon cuspidatus,Phylica cuspidata,3876050,1
Sorbus ambigua,Adolphia infesta,5372476,0
Boehmeria propinqua,Aronia arbutifolia,5363629,0
Pygeum diospyrophyllum,Prunus arborea,3021654,1
Rhaphiolepis cheniana,Rhaphiolepis salicifolia,5371531,1
Coilotapalus obtusa,Cecropia obtusa,4013449,1
Phylica cordata,Phylica buxifolia,3876260,1
Crataegus anomala,Crataegus holmesiana,3014062,1
Rhamnus nicolae,Pilea melastomoides,5670477,0
Pyrus thayensis,Aria thayensis,9418662,1
Rhamnus nelsonii,Pyracantha fortuneana,2988224,0
Spiraea pruniflora,Naucleopsis glabra,3767226,0
Sorbus slovenica,Sageretia thea,3039516,0
Photinia floribunda,Aronia prunifolia,5363613,1
Photinia foliolosa,Heteromeles arbutifolia,5370154,1
Potentilla humifusa,Potentilla radiata,5366051,0
Achymus pallens,Streblus asper,10242935,1
Sponia canescens,Frangula discolor,3874617,0
Tetraglochin longifolia,Margyricarpus ameghinoi,3030134,1
Planera repens,Paliurus spina-christi,5372457,0
Zizyphus quadrilocularis,Procris pedunculata,5671195,0
Celtis brevinervis,Celtis philippensis,7303643,1
Ficus decora,Ficus elastica,7835333,1
Trema glomeratum,Trema orientale,2984508,1
Celtis brevifolia,Celtis iguanaea,2984498,1
Trophis drupacea,Paratrophis philippinensis,3765935,1
Diplocos macrophylla,Taxotrophis macrophylla,3767188,1
Conocephalus piperi,Poikilospermum suaveolens,4013131,1
Artocarpus pilosus,Prunus wilsonii,3023112,0
Ficus kingiana,Ficus ampelos,8053189,1
Solenandra leucophracta,Cryptandra leucophracta,3877146,1
Parietaria repens,Nothocnide repanda,4099887,0
Trophis taxoides,Crataegus pruinosa,7790552,0
Cudrania thorelii,Karpatiosorbus eugenii-kelleri,9372029,0
Leucosyke celtidifolia,Pipturus albidus,7500826,0
Mertensia brasiliensis,Celtis brasiliensis,7303606,1
Ulmus hillieri,Ulmus hollandica,7141604,1
Dorstenia haitiensis,Dorstenia fawcettii,3764971,1
Artocarpus superba,Procris curtisii,7398160,0
Sorbus armeniaca,Hedlundia armeniaca,10833957,1
Urtica atrox,Dendrocnide peltata,4098650,1
Pomaderris phillyraefolia,Argentina festiva,8015413,0
Celtis caucasica,Celtis australis,2984492,1
Sibbaldia byssitecta,Pourouma emarginata,7904473,0
Acaena macrophyes,Acaena magellanica,5370832,1
Potentilla curta,Margyricarpus inermis,3030145,0
Ficus vulgaris,Ficus carica,5361909,1
Dorstenia laurentii,Karpatiosorbus decipientiformis,9271446,0
Rosa erinacea,Laportea humblotii,4099353,0
Mertensia zizyphoides,Crataegus pruinosa,7790552,0
Ogcodeia oblongifolia,Dorstenia cuspidata,7262644,0
Potentilla turicensis,Myrianthus holstii,4013390,0
Sorbus pekarovae,Hedlundia pekarovae,9363050,1
Ziziphus glabra,Argentina stenophylla,8033120,0
Shepherdia argentea,Elaeagnus commutata,3039274,1
Cerasus antilibani,Ficus benjamina,5361932,0
Urtica punctata,Sparattosyce balansae,3762455,0
Adolia obcordata,Chaenomeles speciosa,3000679,0
Pachytrophe dimepate,Lecanthus petelotii,7300467,0
Crataegomespilus grandiflora,Crataemespilus lobata,12208838,1
Discocarpus nicaraguensis,Discocnide mexicana,4098157,1
Australina acuminata,Didymodoxa caffra,4098352,1
Pellionia lamii,Elatostema cauliflorum,4100987,1
Alcemilla arvensis,Aphanes arvensis,5365013,1
Laportea cordifolia,Dendrocnide cordifolia,4098973,1
Pourouma cecropiaefolia,Pourouma cecropiifolia,4013508,1
Rhamnus laetevirens,Potentilla rubricaulis,8336779,0
Margyricarpus laevis,Elaeagnus triflora,7293096,0
Ziziphus zonulatus,Dorstenia schliebenii,3763142,0
Acaena humilis,Acaena magellanica,5370832,1
Procris trinervata,Gyrotaenia myriocarpa,4100663,1
Dorstenia cordifolia,Dorstenia fawcettii,3764971,1
Adicea melastomoides,Phylica callosa,8065463,0
Urtica rotundifolia,Acaena anserinifolia,7942884,0
Pyrus feddei,Pourthiaea amphidoxa,3024230,1
Urtica utilis,Spiraea media,3027231,0
Zelkova formosana,Gouania lupuloides,5372440,0
Brosimum longistipulatum,Rhamnus grubovii,8415110,0
Rhamnus mauritiana,Trema tomentosum,7303576,0
Rubus mysorensis,Artocarpus chama,3765040,0
Pouzolzia microceltis,Pouzolzia sanguinea,7300542,1
Sponia tahitensis,Trema andersonii,9755995,1
Spiraea koreana,Spiraea fritschiana,7271833,1
Pellionia grijsii,Cecropia polystachya,4013171,0
Cypholophus blumeanus,Laportea interrupta,2984469,0
Elatostema catalonanum,Soleirolia soleirolii,2984366,0
Boehmeria stipulata,Boehmeria caudata,7610513,1
Oreocnide pilosula,Villebrunea glomerata,4102066,1
Morus tiliifolia,Morus cathayana,7262430,1
Spiraea callosa,Celtis laevigata,2984491,0
Elatostema pedunculatum,Procris pedunculata,5671195,1
Morus arbuscula,Cryptandra tomentosa,7273849,0
Cudrania crenata,Elaeagnus argyi,4048267,0
Pyrus lancastriensis,Aria lancastriensis,9281660,1
Spiraea ariaefolia,Neillia sinensis,3024789,0
Planera kaki,Aronia prunifolia,5363613,0
Urostigma pseudotsiela,Ficus amplissima,5572290,1
Maillardia lancifolia,Majovskya ambigua,9285492,0
Potentilla novoguineensis,Argentina novoguineensis,9375255,1
Boehmeria macrothyrsa,Laportea decumana,4099644,1
Streblus laevifolius,Paratrophis glabra,3765995,1
Stranvaesia rosthornii,Pourthiaea amphidoxa,3024230,1
Villebrunea petelotii,Crataegus senta,3013958,0
Adicea bracteosa,Poikilospermum microstachys,4013197,0
Urticastrum gaudichaudianum,Dendrocnide meyeniana,4098765,1
Pyrus poilanei,Pilea griffithii,5669719,0
Ziziphus tomentosa,Didymodoxa caffra,4098352,0
Boehmeria candicans,Margyricarpus andinus,9492557,0
Ficus wardii,Ulmiphyllum tenuinerve,8992328,0
Urostigma manok,Ficus globosa,5571079,1
Trichocephalus virgata,Scandosorbus intermedia,10071055,0
Streblus usambarensis,Spyridium vexilliferum,7273942,0
Pilea nummularifolia,Prunus microcarpa,3021376,0
Pyrus margaretae,Aria margaretae,9614363,1
Laportea evitata,Scepocarpus rigidus,11732428,0
Celtis boliviensis,Celtis brasiliensis,7303606,1
Cryptandra vexillifera,Spyridium vexilliferum,7273942,1
Rhamnus mystacina,Cecropia polystachya,4013171,0
Smythea novoguineensis,Ventilago kurzii,3877716,0
Quercus dunniana,Sageretia rugosa,3876365,1
Dorstenia ficifolia,Dorstenia arifolia,7262742,1
Momisia brevifolia,Celtis iguanaea,2984498,1
Ceanothus hybridus,Ceanothus americanus,3039318,1
Adicea ciliaris,Pilea parietaria,5361834,1
Trymalium spadiceum,Spyridium spadiceum,7273965,1
Cryptandra pauciflora,Spyridium pauciflorum,3877302,1
Colubrina nelsonii,Afromorus mesozygia,11122103,0
Sorbus bodajkensis,Karpatiosorbus bodajkensis,9421746,1
Photinia schneideriana,Pourthiaea arguta,2988149,1
Bagassa tiliifolia,Aria vajdae,9512002,0
Zizyphon jujubum,Ziziphus jujuba,3039423,1
Ficus macrophylla,Ficus auriculata,5571773,1
Trophis cylindrica,Aria margaretae,9614363,0
Mespilus smithii,Poikilospermum singalense,4013137,0
Berchemia poilanei,Berchemia giraldiana,3876421,1
Urtica semiserrata,Phenax sonneratii,6414569,1
Artocarpus rima,Clarisia ilicifolia,7262841,0
Urostigma leucotrichum,Ficus leucotricha,7262803,1
Cryptandra vexillifera,Crataegus pruinosa,7790552,0
Urtica americana,Laportea americana,4100056,1
Ambaiba digitata,Pipturus albidus,7500826,0
Cerasus iuliana,Prunus avium,3020791,1
Oreoherzogia mulleyana,Rhaphiolepis longifolia,10730678,0
Pyrus redliana,Karpatiosorbus redliana,9331888,1
Urtica arguta,Holodiscus discolor,2987780,0
Rhamnus rupestris,Rhamnus procumbens,3875846,1
Pygeum pubescens,Ficus comitis,5570268,0
Cudrania jinghongensis,Prunus emarginata,7272137,0
Celtis chuanchowensis,Aphananthe cuspidata,8293016,0
Elaeagnus litoralis,Sarcomphalus pedunculatus,9186176,0
Phylica bathiei,Phenax sonneratii,6414569,0
Crataegus nuda,Crataegus persimilis,3015457,1
Colletia insidiosa,Colletia paradoxa,5602738,1
Sageretia trinervia,Morus rubra,5361886,0
Boehmeria fallax,Boehmeria ulmifolia,4100595,1
Crataegus pyracantha,Rosa caerulescens,3854654,0
Freirea laxiflora,Parietaria laxiflora,5669785,1
Boehmeria javanica,Laportea interrupta,2984469,1
Acaena oligomera,Acaena magellanica,5370832,1
Celtis napaulensis,Parietaria alsinifolia,5670125,0
Gouania incisa,Pouzolzia sanguinea,7300542,0
Rhamnus polygama,Phylica retrorsa,3874975,0
Ochetophila prostrata,Discaria nana,8629951,1
Rhamnus insularis,Phylica excelsa,12206432,0
Ficus umbrina,Ficus benjamina,5361932,1
Sponia trinervia,Celtis trinervia,2984493,1
Saurobroma iguanense,Aruncus dioicus,5362136,0
Urera eggersii,Phyllogeiton zeyheri,3874536,0
Elaeagnus armata,Ceanothus microphyllus,3039306,0
Pyrus admonitor,Elatostema heterolobum,4099443,0
Spiraea hydrangeaefolia,Argentina peduncularis,8011593,0
Choenomeles cathayensis,Chaenomeles cathayensis,3000645,1
Urtica repanda,Lecanthus petelotii,7300467,1
Celtis prantlii,Celtis philippensis,7303643,1
Rhamnus angulata,Ziziphus angulata,3877041,1
Dorstenia sessilis,Pouzolzia rugulosa,4098989,0
Potentilla incisa,Potentilla incisa,7752269,1
Trophis hilariana,Aphanes arvensis,5365013,0
Elatostema rigidum,Elatostematoides rigidum,4098271,1
Obetia pinnatifida,Artocarpus chama,3765040,0
Pomaderris stenopetala,Maesopsis eminii,3039521,0
Dorstenia sabanensis,Dorstenia brasiliensis,7262704,1
Potentilla nubicola,Fragaria nubicola,8332166,1
Pouzolzia propinqua,Morus alba,5361889,0
Cecropia arachnoidea,Elatostema undulatum,4098998,0
Tylanthus thunbergianus,Phylica thunbergiana,3874680,1
Didymodoxa cuneata,Didymodoxa caffra,4098352,1
Pouzolzia longifolia,Gonostegia triandra,4100795,1
Sponia crassifolia,Pourthiaea arguta,2988149,0
Pyrus dentata,Karpatiosorbus hybrida,9478021,1
Sorbus banatica,Aria umbellata,9330923,1
Saccus kuenstleri,Trichocephalus stipularis,5602927,0
Trymalium wichurae,Trophis mexicana,3766584,0
Gymnartocarpus venenosa,Urera caracasana,2984335,0
Celtis soyauxii,Celtis zenkeri,4159774,1
Boehmeria juncea,Pseudolmedia laevis,3764170,0
Acaena hystrix,Pyronia veitchii,5364229,0
Photinia lancilimba,Laportea canadensis,2984463,0
Prunus crenulata,Prunus emarginata,7272137,1
Elaeagnus songorica,Oreocnide integrifolia,7300622,0
Pseudopipturus melastomifolius,Aria graeca,5370233,0
Photinia matudai,Celtis iguanaea,2984498,0
Tetraglochin caespitosa,Margyricarpus caespitosus,3030143,1
Sorbus zolyomii,Aria zolyomii,9456472,1
Ramium monticola,Boehmeria depauperata,4099464,1
Acaena sericascens,Acaena magellanica,5370832,1
Boehmeria maximowiczii,Boehmeria platanifolia,7473660,1
Phaenopyrum pruinosum,Leucosyke pulchra,4102193,0
Acaena novemdentata,Acaena magellanica,5370832,1
Pygeum glabrifolium,Parietaria circeaefolia,5670039,0
Alaternus hybridus,Rhamnus hybrida,3874812,1
Pilea elongata,Zelkova serrata,2984532,0
Hippophae conferta,Potentilla hirsuta,7773437,0
Elaeagnus fusca,Maclura pomifera,2984580,0
Ctenocladium mildbraedii,Phenax poiretii,5670194,0
Australina muelleri,Australina pusilla,7300503,1
Pellionia hoelscherianum,Elatostema hoelscherianum,4099340,1
Alcemilla occidentalis,Trema tomentosum,7303576,0
Terminalia selloana,Gouania blanchetiana,5603111,1
Ancistrum anserinifolium,Spyridium subochreatum,7273953,0
Pyrus pilosicalyx,Pourthiaea pilosicalyx,3000400,1
Leucosyke leytensis,Rhaphiolepis angustissima,10817764,0
Botrymorus paniculata,Ulmus laevis,7303616,0
Pyrus madoniensis,Aria madoniensis,9550016,1
Pipturus subalpinus,Argentina lineata,8228815,0
Potentilla philippinensis,Rhaphiolepis salicifolia,5371531,0
Zizyphus poiretii,Ziziphus mauritiana,3039424,1
Pourouma laevis,Rhaphiolepis salicifolia,5371531,0
Fleurya perrieri,Boehmeria densiflora,6414592,0
Amygdalus orientalis,Argentina millefoliolata,8261860,0
Cecropia yarinensis,Condalia rigida,5602834,0
Kurzinda lanceolatum,Boehmeria cylindrica,2984345,0
Trisecus frangulaefolia,Phylica callosa,8065463,0
Cecropia trilobata,Gouania leptostachya,7273872,0
Pouzolzia tetraptera,Pouzolzia zeylanica,2984383,1
Urtica bollae,Urtica kioviensis,5669756,1
Rhaphiolepis japonica,Rhaphiolepis indica,5371542,1
Trophis spinosa,Maclura spinosa,3764154,1
Physocarpus hanceanus,Neillia hanceana,3853034,1
Pilea modesta,Pilea tetraphylla,5670037,1
Phylica divaricata,Trevoa quinquenervia,3876194,0
Ficus barclayi,Ficus barclayana,7486090,1
Ziziphus trinervia,Ziziphus jujuba,3039423,1
Vanieria crenata,Streblus asper,10242935,1
Rhamnus filiformis,Sageretia filiformis,3876704,1
Ficus vesca,Touchardia latifolia,2984457,0
Urtica sphaerocephala,Leucosyke capitellata,4102514,1
Parasponia rigida,Trema rigidum,9698943,1
Sibbaldia micropetala,Argentina micropetala,7582115,1
Ziziphus pallens,Ziziphus oenopolia,3875331,1
Pyrus mergenthaleriana,Taxotrophis taxoides,11138557,0
Trichocephalus ramosissimus,Phylica polifolia,3875106,1
Potentilla fallens,Ceanothus pinetorum,8286761,0
Stephanandra nakatsu-riparia,Crataegus margarettae,3014697,0
Ziziphus elliptica,Ziziphus xylopyrus,7524561,1
Rubus neurophanes,Gonostegia pentandra,4100866,0
Aria alpina,Aria edulis,8411755,1
Urtica bonariensis,Urtica spatulata,5670135,1
Parietaria humifusa,Parietaria debilis,5361795,1
Opulaster gracilis,Debregeasia saeneb,4099243,0
Caidbeja adhaerens,Spiraea coristantia,10687486,0
Condalia lloydii,Brosimum glaziouvii,11206000,0
Morus vitifolia,Morus celtidifolia,5570117,1
Cryptandra pimelioides,Elaeagnus multiflora,3039272,0
Pyrus bosniaca,Hedlundia bosniaca,9319484,1
Pyrus delacourii,Frangula mucronata,3877732,0
Morus albida,Morus celtidifolia,5570117,1
Ventilago smithiana,Ventilago denticulata,7273609,1
Alsodeia grandis,Sarcomphalus piurensis,8902721,0
Fragaria reversa,Crataegus opaca,3014153,0
Rosa gracilescens,Rosa involuta,3006908,1
Cydonia japonica,Chaenomeles japonica,3000610,1
Thaumuria cretica,Acaena magellanica,5370832,0
Ziziphus poiretiana,Berchemia floribunda,3876453,1
Rhamnus trigyna,Pilea melastomoides,5670477,0
Sorbus densiflora,Elaeagnus angustifolia,3039269,0
Sorbus dominii,Ficus benjamina,5361932,0
Parietaria boehmerioides,Nothocnide repanda,4099887,0
Ulmus virgata,Ulmus chumlia,5680357,1
Sorbus hornadensis,Ampalis mauritiana,3765609,0
Oreocnide major,Parietaria debilis,5361795,0
Gouania fimbriata,Gouania fimbriata,10689212,1
Ventilago calyculata,Ventilago denticulata,7273609,1
Ficophyllum oblongifolium,Ficophyllum crassinerve,11155712,1
Pyrus godiva,Rhaphiolepis integerrima,7064880,1
Ventia standleyana,Colubrina triflora,5602971,0
Urtica lucifuga,Scutia myrtina,8317476,0
Rhamnus latifolia,Frangula azorica,7930611,1
Potentilla sumatrana,Aruncus sylvester,6369098,0
Gironniera paucinervia,Potentilla hirsuta,7773437,0
Perlarius repandus,Boehmeria japonica,7300501,0
Ficus collinsae,Ficus melinocarpa,7262687,1
Sponia commersonii,Trema orientale,2984508,1
Ambaiba membranacea,Debregeasia edulis,4099382,0
Spiraea foxii,Celtis latifolia,4160248,0
Procris nudiflora,Trophis racemosa,2984648,0
Acaena euacantha,Acaena pinnatifida,5370645,1
Aruncus asiaticus,Aruncus sylvester,6369098,1
Chaydaia tonkinensis,Rhamnella tonkinensis,3874855,1
Perebea molliflora,Perebea xanthochyma,3765422,1
Colletia longispina,Discaria americana,5602906,1
Malus aria,Zelkova serrata,2984532,0
Artocarpus leeuwenii,Cecropia pachystachya,4013385,0
Ficus beipeiensis,Clarisia biflora,7262852,0
Ventilago cernua,Coussapoa microcarpa,4013334,0
Trymatococcus amazonicus,Brosimum amazonicum,11724343,1
Artocarpus rigidus,Prunus arborea,3021654,0
Amygdalus sibirica,Aria lancastriensis,9281660,0
Ficus pomifera,Hedlundia austriaca,9251540,0
Boehmeria urticifolia,Phenax poiretii,5670194,1
Crataegus gillotii,Gouania meyenii,5372441,0
Pyrus saxicola,Boehmeria caudata,7610513,0
Trema commersonii,Phippsiomeles mexicana,11455449,0
Helicostylis asperifolia,Maclura cochinchinensis,7262552,0
Artocarpus jaca,Urtica scabrella,5670246,0
Margyricarpus strictus,Margyricarpus alatus,3030140,1
Condalia ferrea,Elatostema undulatum,4098998,0
Rubus longistylus,Rubus niveus,2989183,1
Artocarpus kunstleri,Artocarpus elasticus,7425575,1
Pseudopipturus melastomatifolius,Nothocnide melastomatifolia,4099920,1
Pyrus pseudolatifolia,Colletia paradoxa,5602738,0
Rubus cognatus,Rubus atrebatum,2996169,1
Saccus venenosus,Parartocarpus venenosa,3766049,1
Paliurus texanus,Celtis iguanaea,2984498,0
Anemone pusilla,Sieversia pusilla,5364194,1
Celtis chichape,Argentina stenophylla,8033120,0
Pilea mildbraedii,Pilea rivularis,7300820,1
Aria majestica,Aria edulis,8411755,1
Ziziphus natsme,Boehmeria pilosiuscula,4101774,0
Prunus tianshanica,Hedlundia cuneifolia,9246191,0
Pseudochaenomeles maulei,Chaenomeles japonica,3000610,1
Potentilla oligandra,Aronia arbutifolia,5363629,0
Sorbus longifolia,Osteomeles schwerinae,3024838,0
Rhamnus pumila,Frangula rupestris,3877335,1
Pomaderris subretusa,Spyridium spadiceum,7273965,1
Ceanothus roseus,Pyracantha coccinea,2988188,0
Ramium rhyncophyllum,Boehmeria ramiflora,7300855,1
Dalibarda cordata,Potentilla leucophylla,8034433,0
Empetrum pinnatum,Margyricarpus pinnatus,3030248,1
Trymalium velutinum,Pilea crenulata,5670620,0
Urera tenax,Obetia tenax,4099723,1
Boehmeria rupestris,Cecropia strigosa,4013364,0
Rhamnus parvifolius,Dendrocnide stimulans,4098487,0
Sorocea sylvicola,Laportea aestuans,2984466,0
Walpersia spicata,Laportea decumana,4099644,0
Ziziphus ramosissima,Paliurus ramosissimus,5603062,1
Osmaronia demissa,Oemleria cerasiformis,2988485,1
Discaria articulata,Boehmeria densiflora,6414592,0
Cecropia polyphlebia,Cecropia angustifolia,4013465,1
Sorbus arranensis,Crataegus punctata,3014805,0
Discaria weddeliana,Ficophyllum crassinerve,11155712,0
Boehmeria hirtella,Sarcochlamys pulcherrima,4100697,0
Missiessya velutina,Debregeasia longifolia,4099305,1
Fragaria ananassa,Elatostema brachyurum,4101292,0
Calophylica gnidioides,Scutia spicata,7273727,0
Macrorhamnus decipiens,Colubrina asiatica,5372467,0
Potentilla tranzschelii,Aronia arbutifolia,5363629,0
Rhamnus arenicola,Urtica spatulata,5670135,0
Berhamniphyllum miofloribundum,Berchemia miofloribunda,11641201,1
Dorstenia heringeri,Dorstenia brasiliensis,7262704,1
Spiraea lancifolia,Argentina papuana,7904858,0
Brosimum aubletii,Brosimum guianense,7374879,1
Ziziphus virgata,Potentilla muirii,5365301,0
Celtis urticifolia,Celtis occidentalis,2984481,1
Urticastrum repens,Scepocarpus repens,11826481,1
Acaena pennatula,Acaena echinata,5371172,1
Pouzolzia elliptica,Prunus avium,3020791,0
Conocephalus oblongifolius,Poikilospermum oblongifolium,4013173,1
Artocarpus humilis,Artocarpus lamellosus,3764628,1
Margarocarpus laevis,Pouzolzia laevis,4100076,1
Celtis ugandensis,Celtis gomphophylla,4159937,1
Pyrus turkestanica,Maclura cochinchinensis,7262552,0
Neillia adenilema,Neillia thyrsiflora,3024763,1
Boehmeria kiyozumensis,Boehmeria dura,4099280,1
Scutia hutchinsonii,Scutia myrtina,8317476,1
Ziziphus crenata,Potentilla nitida,5367673,0
Boehmeria nipononivea,Boehmeria nivea,2984359,1
Pomaderris phillyraefolia,Pomaderris phillyraefolia,7880748,1
Sageretia cavaleriei,Fragaria tibetica,3029844,0
Cydonia umbato,Boehmeria sieboldiana,4101147,0
Rhaphiolepis laevis,Pourthiaea villosa,8356787,1
Clarisia nitida,Clarisia racemosa,5572170,1
Pilea pendula,Pilea urticifolia,5669690,1
Ficus caudatilongifolia,Ficus heteropleura,7262505,1
Broussonetia xanthoxylon,Maclura tinctoria,2984583,1
Artocarpus pomiformis,Maoutia diversifolia,5671121,0
Memorialis mysorensis,Rhaphiolepis wardii,10915902,0
Dorstenia variegata,Dorstenia picta,3763530,1
Ulmus fordii,Ulmus hollandica,7141604,1
Ziziphus ferruginea,Pourthiaea villosa,8356787,0
Crataegomespilus gillotii,Karpatiosorbus milensis,9570204,0
Rosa mitis,Rosa beggeriana,7832083,1
Pouzolzia ovata,Pouzolzia occidentalis,2984385,1
Spiraea cavaleriei,Celtis iguanaea,2984498,0
Ziziphus joazeiro,Boehmeria penduliflora,7769607,0
Morus spinosa,Pouzolzia zeylanica,2984383,0
Ventilago monoica,Celtis tetrandra,7366997,0
Nagelia pringlei,Gouania obtusifolia,5602956,0
Achymus patens,Streblus asper,10242935,1
Ficus imenensis,Elaeagnus latifolia,4048232,0
Pouzolzia pauciflora,Celtis brasiliensis,7303606,0
Kageneckia crataegifolia,Aria wilmottiana,9365504,0
Urera jacquinii,Aronia arbutifolia,5363629,0
Pyrus dentata,Crataegus douglasii,3013580,0
Artocarpus woodii,Ziziphus angustifolia,3877032,0
Pyrus adeana,Cydonia oblonga,5362215,0
Chlorophora scandens,Pouzolzia formicaria,4100524,0
Aria ambigua,Majovskya ambigua,9285492,1
Celtis guineensis,Dorstenia elata,7262616,0
Morus tortuosa,Morus alba,5361889,1
Elaeagnus ferruginea,Pilea inaequalis,5361845,0
Pouzolzia procridioides,Rhaphiolepis indica,5371542,0
Acaena philippii,Ulmus mexicana,5680327,0
Pomaderris subretusa,Ficus andamanica,5572257,0
Boehmeria travancarica,Neodistemon indicus,4100157,0
Cerasus cantabrigiensis,Prunus pseudocerasus,3021437,1
Sorbus bristoliensis,Karpatiosorbus bristoliensis,9256930,1
Ficus microtricherinos,Morus celtidifolia,5570117,0
Cerasus martabanica,Prunus javanica,3022372,1
Celtis leveillei,Celtis biondii,7303618,1
Morus atrata,Morus nigra,5361888,1
Neillia intermedia,Celtis rigescens,4159994,0
Elatostema parvifolium,Elatostema urvilleanum,4098976,1
Pyrus nigra,Aronia melanocarpa,5363627,1
Pouzolzia waitziana,Ficus montana,8041955,0
Coussapoa schottii,Aria thayensis,9418662,0
Pyrus sellii,Karpatiosorbus sellii,9303590,1
Spiraea microgyna,Spiraea fritschiana,7271833,1
Potentilla isomera,Potentilla chinensis,5365665,1
Cecropia argentea,Gonostegia parvifolia,4100881,0
Rubus limprichtii,Hedlundia sognensis,9475466,0
Ancistrum lucidum,Crataegus margarettae,3014697,0
Holodiscus loeseneri,Holodiscus fissus,2987807,1
Rubus rugosus,Artocarpus gomezianus,3764819,0
Maclura aurantiaca,Artocarpus parvus,3764344,0
Saccus anisophyllus,Rhaphiolepis wuzhishanensis,5598423,0
Potentilla micropetala,Argentina micropetala,7582115,1
Touchardia glabra,Dorstenia arifolia,7262742,0
Trichocephalus littoralis,Pouzolzia rugulosa,4098989,0
Urera javaenensis,Dendrocnide sinuata,4098506,1
Elaeagnus rostrata,Elaeagnus triflora,7293096,1
Samaroceltis rhamnoides,Dendrocnide urentissima,4098420,0
Crataegus nevadensis,Crataegus granatensis,3015272,1
Ceanothus divaricatus,Acaena ovalifolia,5370651,0
Acaena affinis,Bagassa guianensis,3763926,0
Sahagunia paraensis,Celtis brasiliensis,7303606,0
Spiraea tenuifolia,Spiraea alba,3026585,1
Celtis spinosissima,Pouzolzia laevigata,4100090,0
Pyrus balatonica,Karpatiosorbus balatonica,9571244,1
Ulmus serrata,Prunus microcarpa,3021376,0
Rosa triphylla,Rosa barbeyi,3004438,1
Osteomeles pyracantha,Pyracantha fortuneana,2988224,1
Crataegus porteri,Ziziphus mauritiana,3039424,0
Sorbus ulmifolia,Celtis iguanaea,2984498,0
Berchemia parviflora,Sageretia parviflora,3876438,1
Fleurya umbellata,Laportea cuneata,2984462,1
Prunus subcylindrica,Potentilla khasiana,5365347,0
Urera braunii,Ficus langkokensis,5572424,0
Cudrania fruticosa,Parietaria officinalis,5361803,0
Sahagunia paraensis,Clarisia ilicifolia,7262841,1
Boehmeria nakashimae,Boehmeria holosericea,7300512,1
Sorbus pinnatifida,Hedlundia thuringiaca,9471386,1
Ficus collinsae,Crataegus berberifolia,3014985,0
Spiraea caespitosa,Petrophytum caespitosum,3030194,1
Elatostema lignescens,Elatostema lignescens,9486837,1
Sorbus multicrenata,Naucleopsis oblongifolia,3767082,0
Morus integrifolia,Maclura tricuspidata,9130387,1
Pilea macrodonta,Pilea rivularis,7300820,1
Boehmeria incana,Dorstenia brasiliensis,7262704,0
Helicostylis duckei,Helicostylis tomentosa,3764831,1
Urera schimperiana,Pouzolzia guineensis,4100342,1
Photinia mexicana,Potentilla hemsleyana,5368100,0
Dorstenia sacleuxii,Dorstenia warneckei,3762617,1
Ulmus horizontalis,Ulmus glabra,5361866,1
Spiraea yazawai,Spiraea chamaedryfolia,3026406,1
Crataegus deducta,Mespilus germanica,3031774,0
Gironniera nitida,Aphananthe cuspidata,8293016,1
Ioxylon aurantiacum,Maclura pomifera,2984580,1
Streblus perakensis,Ziziphus mauritiana,3039424,0
Maclura amboinensis,Maclura cochinchinensis,7262552,1
Olmedia calophylla,Prunus cerasus,3021922,0
Pyrus britannica,Rhaphiolepis condaoensis,10867093,0
Urtica acuminata,Oemleria cerasiformis,2988485,0
Acaena laevigata,Acaena magellanica,5370832,0
Celtis similis,Physocarpus opulifolius,2988354,0
Morus nervosa,Pilea serratifolia,5670488,0
Walpersia rigida,Phylica rigida,3874950,1
Urtica copeyana,Urtica leptophylla,5669658,1
Nanocnide dichotoma,Nanocnide japonica,4100206,1
Boehmeria dealbata,Pouzolzia australis,4100976,1
Dorstenia hispida,Parietaria debilis,5361795,0
Berchemia poiretiana,Phylica harveyi,3875786,0
Dorstenia klainei,Dorstenia psilurus,3763387,1
Rosa sepincola,Rosa sepincola,3006936,1
Spiraea boursieri,Majovskya ambigua,9285492,0
Percepier arvensis,Ficus apiocarpa,5572083,0
Elatostema wightianum,Procris crenata,5669749,1
Trema pubigerum,Rubus baileyanus,2989820,0
Ficus marmorata,Ficus marmorata,5571468,1
Helinus scandens,Helinus integrifolius,3875572,1
Pourouma velutina,Nothocnide mollissima,4099907,0
Laportea ternatense,Dendrocnide ternatensis,4098440,1
Ceanothus decumbens,Ceanothus americanus,3039318,1
Parasponia parviflora,Trema parviflorum,9662432,1
Cotoneaster fortunei,Pyracantha fortuneana,2988224,1
Cecropia teleargentea,Morus rubra,5361886,0
Laportea carruthersiana,Obetia carruthersiana,4099842,1
Crataegus bracteata,Crataegus pruinosa,7790552,1
Lazarolus torminalis,Neillia thibetica,3024806,0
Crataegus cuneifolia,Rhamnus hybrida,3874812,0
Pyrus monstrosa,Sorbaronia monstrosa,2987859,1
Leucosyke corymbulosa,Boehmeria splitgerbera,4101039,0
Sarcomphalus carolinianus,Spiraea fissa,9344184,0
Maclura affinis,Maclura tinctoria,2984583,1
Piper tiliifolium,Bagassa guianensis,3763926,1
Begonia daveauana,Pyracantha atalantioides,2988212,0
Rhamnus cachemirica,Majovskya haljamovae,9239899,0
Eriobotrya oblongifolia,Leucosyke puya,4102185,0
Dorstenia pierrei,Gironniera subaequalis,4159324,0
Urera talbotii,Ziziphus spina-christi,8228089,0
Sericotheca boursieri,Holodiscus discolor,2987780,1
Dendrocnide pulus,Boehmeria polystachya,4101696,0
Pomaderris aemula,Pipturus argenteus,6414892,0
Rubus bonatii,Rubus niveus,2989183,1
Sorocea macrogyna,Sorocea guilleminiana,3762938,1
Artocarpus tonkinensis,Spiraea semperflorens,7219921,0
Celtis sericea,Crataegus disperma,3014641,0
Meniscogyne thorelii,Aria edulis,8411755,0
Ulmus scampstoniensis,Celtis jessoensis,7141633,0
Alchemilla cuneifolia,Aphanes arvensis,5365013,1
Olmedioperebea sclerophylla,Aphananthe philippinensis,4159824,0
Ulmus tomentosa,Ulmus glabra,5361866,1
Crataegus panachaica,Crataegus laciniata,8240558,1
Ceanothus discolor,Pomaderris discolor,3877251,1
Soulangia pinea,Phylica pinea,3875149,1
Ambaiba goudotiana,Poikilospermum gjellerupii,4013246,0
Spiraea crenata,Spiraea thunbergii,3026402,1
Cassine domingensis,Sarcomphalus domingensis,3039421,1
Prunus aspera,Elaeagnus multiflora,3039272,0
Treculia dewevrei,Treculia africana,7895921,1
Ficus whytei,Treculia africana,7895921,1
Ramium hispidulum,Boehmeria holosericea,7300512,1
Ficus nugentii,Ficus pantoniana,7262414,1
Ziziphus macrophylla,Ziziphus affinis,3877139,1
Phylica retrorsa,Pouzolzia sanguinea,7300542,0
Pilea haitensis,Pilea rugosa,5670691,1
Urtica macrodonta,Photinia chingiana,5363865,0
Ulmus japonica,Potentilla oreites,5366668,0
Pyrus carpatica,Aria edulis,8411755,1
Urtica saxicola,Urtica saxicola,5670260,1
Aria crantzii,Majovskya ambigua,9285492,1
Pouzolzia mollis,Phylica ericoides,7560201,0
Acaena lucida,Acaena pinnatifida,5370645,1
Laportea harveyi,Sorocea guilleminiana,3762938,0
Parietaria guineensis,Pouzolzia guineensis,4100342,1
Celtis napalensis,Celtis tetrandra,7366997,1
Spyridium microphyllum,Spyridium lawrencii,3877551,1
Elaeagnus praematura,Frangula polymorpha,7274018,0
Dorstenia confusa,Dorstenia erythrandra,8892698,1
Boehmeria cuspidata,Boehmeria ramiflora,7300855,1
Ulmus prionophylla,Endotropis serrata,9276778,0
Oreoherzogia fallax,Atadinus fallax,9581355,1
Spiraea albiflora,Procris pedunculata,5671195,0
Pyrus margaretae,Artocarpus altilis,2984573,0
Physocarpus ribesifolius,Physocarpus amurensis,2988383,1
Eriobotrya obovata,Karpatiosorbus tobani,9233639,0
Urera dinklagei,Scepocarpus thonneri,11754518,1
Trymalium leucopogon,Chaetachme aristata,4159728,0
Ficus coronata,Ficus asperiuscula,5571880,1
Crataegus rubra,Frangula crenata,7273631,0
Sponia integerrima,Morus alba,5361889,0
Persica nana,Prunus persica,8149923,1
Boehmeria elongata,Pilea pittieri,5671353,0
Sorbus haesitans,Karpatiosorbus haesitans,9585443,1
Urera rugosa,Urera baccifera,7411905,1
Marcorella cubensis,Colubrina cubensis,5372474,1
Discaria trinervis,Ochetophila trinervis,3877218,1
Pilea obtusata,Holoptelea integrifolia,4160169,0
Crataegus hybrida,Karpatiosorbus hybrida,9478021,1
Colubrina venezuelensis,Ficus racemosa,5361904,0
Rhamnus recta,Aria madoniensis,9550016,0
Pyrus perlonga,Karpatiosorbus perlonga,9287932,1
Pipturus repandus,Potentilla canadensis,5368951,0
Boehmeria frutescens,Frangula sphaerosperma,3039467,0
Elatostema papangae,Elatostema goudotianum,4099821,1
Elatostema falcatum,Pilea glaberrima,5669878,0
Parietaria muralis,Parietaria officinalis,5361803,1
Momisia membranacea,Gonostegia triandra,4100795,0
Urera gaudichaudiana,Dendrocnide meyeniana,4098765,1
Pouzolzia pilosa,Pouzolzia zeylanica,2984383,1
Rubus weberianus,Rubus vigoi,2997633,1
Discaria dumosa,Colletia hystrix,7273656,1
Trymalium leucophractum,Ficus ampelos,8053189,0
Colletia cataphracta,Elaeagnus triflora,7293096,0
Crataegus smithii,Ziziphus talanae,8027203,0
Maillardia orientalis,Maillardia montana,3763943,1
Ceanothus macrothyrsus,Maclura cochinchinensis,7262552,0
Ulmus belgica,Rubus alterniflorus,8321269,0
Drimopogon glomerata,Gouania hillebrandii,8240892,0
Urera gilletii,Scutia myrtina,8317476,0
Urtica acuminata,Boehmeria holosericea,7300512,0
Perebea molliflora,Karpatiosorbus degenii,9534152,0
Pomaderris sieberiana,Pomaderris intermedia,3876826,1
Pouzolzia gardneri,Spyridium subochreatum,7273953,0
Celtis swartzii,Cydonia oblonga,5362215,0
Paraclarisia amazonica,Sorocea duckei,3762996,1
Pyrus richii,Boehmeria cylindrica,2984345,0
Photinia pilosicalyx,Pourthiaea pilosicalyx,3000400,1
Elaeagnus commutata,Elaeagnus commutata,3039274,1
Condaliopsis lycioides,Maclura cochinchinensis,7262552,0
Dorstenia minor,Ficus benjamina,5361932,0
Pseudopipturus rotundifolius,Scepocarpus acuminatus,11851100,1
Dorstenia yangambiensis,Maoutia australis,5671125,0
Pouzolzia dewevrei,Pouzolzia guineensis,4100342,1
Sorbus vallerubusensis,Karpatiosorbus vallerubusensis,9409586,1
Laportea glandulosa,Elaeagnus latifolia,4048232,0
Colubrina mocinoana,Artocarpus vrieseanus,8332746,0
Diasperus cinerascens,Trichocephalus stipularis,5602927,0
Boehmeria waitziana,Pouzolzia sanguinea,7300542,1
Rhamnus polifolia,Phylica polifolia,3875106,1
Urtica leucophaea,Pilea leucophaea,5670822,1
Boehmeria propinqua,Pipturus argenteus,6414892,1
Potentilla biloba,Discaria chacaye,5602883,0
Cudrania acuminata,Maclura cochinchinensis,7262552,1
Morus mariettii,Naucleopsis glabra,3767226,0
Spiraea tomentosa,Polianthion minutiflorum,3874471,0
Gouania sericea,Persica nucicarpa,3032512,0
Boehmeria taquetii,Dorstenia africana,3766272,0
Berchemia koganii,Berchemia koganii,7508707,1
Dorstenia paucidentata,Dorstenia tenera,7262412,1
Mespilus vulgaris,Mespilus germanica,3031774,1
Celtis platycaulis,Cecropia pachystachya,4013385,0
Urtica balearica,Coussapoa curranii,4013118,0
Phylica cordata,Aphananthe cuspidata,8293016,0
Prunus furum,Prunus microcarpa,3021376,1
Trymalium minutiflorum,Polianthion minutiflorum,3874471,1
Olmedia falcifolia,Olmedia aspera,7954917,1
Mystacinus cirrhifer,Hedlundia hybrida,9245228,0
Gironniera sibuyanensis,Gironniera celtidifolia,4159570,1
Adolia alba,Maclura tricuspidata,9130387,0
Cecropia porvenirensis,Ulmus hollandica,7141604,0
Sponia argentea,Celtis iguanaea,2984498,0
Dimerocarpus balansae,Rhamnus parvifolia,7273851,0
Pomaderris phillyraefolia,Rhaphiolepis integerrima,7064880,0
Procris lucida,Poikilospermum naucleiflorum,4013188,0
Trophis spinosa,Taxotrophis taxoides,11138557,1
Ceanothus intricatus,Spyridium globulosum,3877637,0
Colletia kunthiana,Colletia spinosissima,6371450,1
Sorbus apiculata,Aria danubialis,9573476,1
Pseudolmedia havanensis,Boehmeria grandis,2984353,0
Morus canina,Morus celtidifolia,5570117,1
Mespilus abortiva,Ampalis dimepate,11911398,0
Rhamnus xylopyrus,Morus celtidifolia,5570117,0
Rubus donianus,Rubus niveus,2989183,1
Droguetia cuneata,Droguetia ambigua,4098087,1
Acaena australis,Dendrocnide latifolia,4098799,0
Artocarpus scandens,Spiraea pachystachys,3026609,0
Ziziphus pubiflora,Berchemia pubiflora,3876127,1
Potentilla sordida,Argentina polyphylla,7661473,1
Rhamnus pianensis,Hedlundia hazslinszkyana,9355951,0
Piletophyllum emodi,Argentina emodi,7854498,1
Perebea markhamiana,Ficus lateriflora,5572364,0
Procris integrifolia,Taxotrophis perakensis,11156027,0
Rhamnus lemaniana,Trema cannabina,2984507,0
Sponia orientalis,Trema andersonii,9755995,1
Celtis malagasica,Celtis madagascariensis,4160086,1
Crataegus congesta,Crataegus pruinosa,7790552,1
Rhamnus ledermannii,Ziziphus kunstleri,3875945,0
Pyrus irregularis,Hedlundia persica,10830289,0
Urtica heracleifolia,Hedlundia croatica,10464334,0
Helminthospermum glabrescens,Aphananthe cuspidata,8293016,1
Rhamnus longipes,Ficus punctata,7673670,0
Morus viridis,Celtis trinervia,2984493,0
Rubus aldenoensis,Prunus montana,7599915,0
Crataegus densiflora,Ceanothus pallidus,3876490,0
Celtis riparia,Celtis caudata,7620865,1
Spiraea adiantifolia,Spiraea vacciniifolia,8111204,1
Duretia sieboldiana,Boehmeria sieboldiana,4101147,1
Mespilus punctata,Trilepisium madagascariense,3766911,0
Urtica caudigera,Rhaphiolepis philippinensis,5371576,0
Ficus macropoda,Elaeagnus glabra,7293101,0
Prunus tiliifolia,Aria graeca,5370233,0
Adicea forsythiana,Morus celtidifolia,5570117,0
Ulmus leucocarpa,Ulmus glabra,5361866,1
Rhamnus spicata,Urera caracasana,2984335,0
Urtica stachyophylla,Gonostegia pentandra,4100866,0
Artocarpus mariannensis,Acaena caespitosa,7806638,0
Artocarpus brunneifolius,Crataegus pruinosa,7790552,0
Pyrus tobanii,Karpatiosorbus tobani,9233639,1
Crataegus placiva,Berchemia crehulata,3876522,0
Cerasus varia,Cecropia insignis,4013292,0
Mespilus sanguinea,Paratrophis anthropophagorum,12239769,0
Elaeagnus salicifolia,Gonostegia pentandra,4100866,0
Sorbus scandiaca,Dendrocnide contracta,4099028,0
Torminalis clusii,Ochetophila trinervis,3877218,0
Celtis rhamnoides,Celtis iguanaea,2984498,1
Morus mexicana,Morus celtidifolia,5570117,1
Urtica cataractae,Argentina yonoweana,8291289,0
Phyllochlamys wallichii,Taxotrophis taxoides,11138557,1
Potentilla biloba,Argentina biloba,7997567,1
Armeniaca armeniaca,Phenax rugosus,7300597,0
Pleuranthoides orbiculare,Aphananthe cuspidata,8293016,0
Rhamnus prunifolia,Rhamnus oleoides,7867604,1
Sageretia taiwaniana,Achudemia japonica,4099750,0
Artocarpus borneensis,Aria eminentiformis,9560284,0
Sageretia horrida,Pilea caulescens,5671025,0
Zizyphus oenoplia,Trema rigidum,9698943,0
Reynosia ekmanii,Reynosia camagueyensis,3875390,1
Epicostorus montanus,Acaena novae-zelandiae,5370755,0
Elatostema smilacinum,Elatostema smilacinum,8220890,1
Phylica microcephala,Elaeagnus thunbergii,4048183,0
Urostigma callophyllum,Ficus callophylla,5571020,1
Pyrus eximia,Karpatiosorbus eximia,9369846,1
Rhamnus crini,Atadinus fallax,9581355,1
Pyrus vertesensis,Aphanes arvensis,5365013,0
Spiraea billardii,Ceanothus americanus,3039318,0
Toxylon maclura,Maclura pomifera,2984580,1
Ficus patens,Ficus fulva,5571361,1
Photinia pirocarpa,Pourthiaea arguta,2988149,1
Pomaderris subrepanda,Pomaderris racemosa,3876061,1
Sorbus leptophylla,Aria leptophylla,9367356,1
Milicia africana,Milicia excelsa,3763589,1
Trisecus frangulifolius,Frangula pubescens,3877483,0
Laportea moroides,Dendrocnide moroides,4098695,1
Celtis madagascariensis,Berchemiella berchemiifolia,3875970,0
Pouzolzia macrura,Taxotrophis spinosa,8344866,0
Urtica venosa,Trema orientale,2984508,0
Colubrina vitiensis,Dallachya vitiensis,3875981,1
Boehmeria decurrens,Boehmeria cylindrica,2984345,1
Acaena pinnatifida,Trema angustifolium,4159501,0
Trymatococcus parvifolius,Ficus glandulifera,7942321,0
Pellionia acaulis,Urtica saxicola,5670260,0
Dorstenia crenulata,Dorstenia crenulata,3765318,1
Pyrus aria,Majovskya sudetica,9238979,1
Parietaria guineensis,Discaria pubescens,5602819,0
Eriobotrya lasiogyna,Ficus racemosa,5361904,0
Laportea mexicana,Elaeagnus commutata,3039274,0
Rubus albescens,Trilepisium madagascariense,3766911,0
Trema philippinense,Humulus lupulus,2984535,0
Artocarpus tonkinensis,Artocarpus tonkinensis,3764001,1
Colubrina capsularis,Maclura spinosa,3764154,0
Ficus belizensis,Margyricarpus caespitosus,3030143,0
Rhamnus oleaefolius,Poikilospermum acuminatum,4013317,0
Ficus crenulata,Maclura tinctoria,2984583,0
Cecropia pacis,Cecropia engleriana,4013581,1
Rhamzogia hybrida,Scepocarpus sansibaricus,11828971,0
Ceanothus ferrugineus,Celtis australis,2984492,0
Gouania crenata,Gouania polygama,5372439,1
Pouzolzia rotundifolia,Dendrocnide longifolia,4098791,0
Celtis curiandiuba,Trema micranthum,2984501,1
Pseudolmedia mollis,Pseudolmedia glabrata,3764285,1
Phylica sessiliflora,Pouzolzia zeylanica,2984383,0
Amygdalus ulmifolia,Prunus ulmifolia,3023601,1
Ziziphus albens,Oemleria cerasiformis,2988485,0
Alchemilla australis,Aphanes australis,5365026,1
Ficus megacarpa,Ficus punctata,7673670,1
Ficus hainanensis,Ficus auriculata,5571773,1
Myginda integrifolia,Krugiodendron ferreum,3039518,1
Cotoneaster angustifolius,Pyracantha angustifolia,2988222,1
Elatostema carinoi,Ceanothus mocinianus,3876836,0
Trichocephalus trachyphyllus,Dendrocnide meyeniana,4098765,0
Morus brunoniana,Bencomia caudata,3032183,0
Laportea corallodesme,Dendrocnide corallodesme,4099006,1
Ziziphus flexuosa,Ziziphus jujuba,3039423,1
Colubrina mexicana,Colubrina triflora,5602971,1
Spiraea americana,Aruncus dioicus,5362136,1
Paliurus petasus,Paliurus spina-christi,5372457,1
Australina capensis,Didymodoxa capensis,7300493,1
Dorstenia caulescens,Pourthiaea villosa,8356787,0
Sponia nudiflora,Aphananthe aspera,4159921,1
Debregeasia squamata,Debregeasia squamata,7300579,1
Morus cavaleriei,Pourthiaea blinii,3000397,0
Gironniera sponioides,Gironniera nervosa,4159442,1
Urtica melastomoides,Morus alba,5361889,0
Pyrus rhodanthera,Sorbaria sorbifolia,3012089,0
Solenandra pimeloides,Rhaphiolepis indica,5371542,0
Pyrus pollvilla,Hedlundia thuringiaca,9471386,0
Rhamnus breedlovei,Pilea tetraphylla,5670037,0
Trymalium rosmarinifolium,Trymalium ledifolium,7273761,1
Laportea sumatrana,Dendrocnide stimulans,4098487,1
Momisia iguanaea,Celtis iguanaea,2984498,1
Pilea rubiifolia,Pilea parietaria,5361834,1
Sorocea cuspidata,Prunus avium,3020791,0
Fusticus tataiba,Maclura tinctoria,2984583,1
Ulmus cebennensis,Ulmus glabra,5361866,1
Eriobotrya prinoides,Taxotrophis zeylanica,3767138,0
Trymalium uncinatum,Spyridium eriocephalum,7274041,1
Boehmeria ovalis,Pouzolzia sanguinea,7300542,1
Rhamnus viridifolia,Celtis tenuifolia,2984482,0
Aria mougeotii,Hedlundia mougeotii,9312105,1
Hyrtanandra pouzolzia,Potentilla canadensis,5368951,0
Symplocos seguinii,Rhaphiolepis seguinii,10762909,1
Sorbus schnizleiniana,Karpatiosorbus schnizleiniana,9498099,1
Rhamnus minor,Rhamnus infectoria,3874579,1
Morus petiolaris,Sarcomphalus pedunculatus,9186176,0
Phylica ericifolia,Archiboehmeria atrata,4101208,0
Procris ramiflora,Procris crenata,5669749,0
Urtica peltata,Prunus tomentosa,7380100,0
Sageretia hayatae,Sageretia thea,3039516,1
Morus mollis,Morus celtidifolia,5570117,1
Boehmeria arguta,Boehmeria caudata,7610513,1
Rhodotypos kerrioides,Brosimum rubescens,3762826,0
Celtis collinsae,Ulmus laevis,7303616,0
Boehmeria drummondiana,Boehmeria cylindrica,2984345,1
Pilea swartzii,Phenax rugosus,7300597,0
Sponia rostrata,Trema cannabina,2984507,1
Mespilus lalandei,Pyracantha coccinea,2988188,1
Araliorhamnus punctulata,Phyllogeiton discolor,3874547,1
Dicera rhamnifolia,Oemleria cerasiformis,2988485,0
Crataegus crawfordiana,Crataegus pruinosa,7790552,1
Rhamnus guicciardii,Atadinus sibthorpianus,9432696,1
Cerasus sachalinensis,Aphanes arvensis,5365013,0
Phenax bullatus,Phenax mexicanus,7300639,1
Choenomeles speciosa,Chaenomeles speciosa,3000679,1
Celtis punctata,Acaena sericea,5370716,0
Colletia invicta,Crataegus amicta,3014994,0
Sponia rugosa,Trema micranthum,2984501,1
Pygeum forbesii,Potentilla crantzii,5366215,0
Spiraea rhamnifolia,Spiraea vacciniifolia,8111204,1
Coussapoa obovata,Argentina peduncularis,8011593,0
Rhamnus graeca,Rhamnus punctata,3875697,1
Zizyphus cinnamomoides,Ceanothus cinnamomoides,11660226,1
Dorstenia solgeidii,Dorstenia zenkeri,3762584,1
Mertensia rhamnoides,Rhaphiolepis wardii,10915902,0
Streblus tahitensis,Artocarpus integer,2984566,0
Ulmus polygama,Zelkova carpinifolia,7467231,1
Celtis stuhlmannii,Dorstenia drakena,7777272,0
Ficus elliptica,Ficus dendrocida,5572579,1
Memorialis ternata,Atadinus alpinus,3877063,0
Elaeagnus chekiangensis,Elaeagnus argyi,4048267,1
Urtica linearifolia,Gonostegia pentandra,4100866,0
Tetraglochin stricta,Margyricarpus alatus,3030140,1
Spiraea pruniflora,Spiraea faurieana,3026977,1
Sponia solenostigma,Celtis paniculata,4159385,1
Gironniera mollissima,Argentina philippinensis,7476177,0
Pouzolzia conulifera,Phenax sonneratii,6414569,1
Procris lucida,Procris pedunculata,5671195,1
Cydonia communis,Sorbaronia monstrosa,2987859,0
Potentilla rubricaulis,Potentilla rubricaulis,8336779,1
Urera armigera,Brosimum rubescens,3762826,0
Caesia spinosa,Perebea xanthochyma,3765422,0
Pourthiaea coreana,Pourthiaea villosa,8356787,1
Morus acidosa,Laportea decumana,4099644,0
Zizyphon jujubum,Forsskaolea viridis,8040520,0
Urtica virulenta,Rhamnus nigricans,3876680,0
Potentilla leucochaeta,Sageretia thea,3039516,0
Urtica fernandesiana,Urtica glomeruliflora,8284380,1
Rhamnus revoluta,Frangula betulifolia,3039465,1
Potentilla khasiana,Scutia myrtina,8317476,0
Potentilla indivisa,Dendrocnide microstigma,4098754,0
Mespilus communis,Ziziphus talanae,8027203,0
Urtica pittonii,Ficus austrocaledonica,8272563,0
Coussapoa acutifolia,Coussapoa ovalifolia,4013216,1
Spiraea glomerata,Spiraea tomentosa,3026819,1
Ulmus platyphylla,Ulmus hollandica,7141604,1
Spiraea floribunda,Sorbaria sorbifolia,3012089,1
Morus calcar-galli,Trema cannabina,2984507,0
Cecropia paraensis,Cecropia latiloba,4013210,1
Celtis nymanii,Morus rubra,5361886,0
Sponia subserrata,Aphananthe cuspidata,8293016,1
Spiraea billardii,Chaenomeles speciosa,3000679,0
Hollia africana,Maclura spinosa,3764154,0
Sorbus confusa,Laportea ruderalis,4098684,0
Ulmus glandulosa,Ulmus glabra,5361866,1
Celtis cordifolia,Majovskya ambigua,9285492,0
Elaeagnus higoensis,Acaena pumila,5370773,0
Cotoneaster pyracantha,Pilea scripta,5670582,0
Helianthostylis salzedoi,Brosimum sprucei,11665758,1
Crataegus sitiens,Pourthiaea sorbifolia,9657347,0
Sponia nitens,Trema orientale,2984508,1
Trevoa closiana,Retanilla stricta,3875486,1
Condalia obtusifolia,Sarcomphalus obtusifolius,8937468,1
Pachytrophe dimepate,Ampalis dimepate,11911398,1
Pyrus serpentae,Lecanthus petelotii,7300467,0
Ziziphus grewioides,Ziziphus angustifolia,3877032,1
Spiraea semperflorens,Spiraea semperflorens,7219921,1
Piratinera lancifera,Karpatiosorbus subcuneata,9558357,0
Ficus kallicarpa,Hedlundia buekkensis,9306638,0
Fleurya alatipes,Laportea alatipes,4100081,1
Saccus peduncularis,Artocarpus teysmannii,7262525,1
Oreoherzogia microcarpa,Krugiodendron ferreum,3039518,0
Acanthotreculia winkleri,Pilea sublucens,5670202,0
Ulmus chinensis,Ulmus parvifolia,5361869,1
Pseudolmedia hirsuta,Pseudolmedia laevis,3764170,1
Cecropia cyrtostachya,Cecropia pachystachya,4013385,1
Elaeagnus sativa,Elaeagnus multiflora,3039272,1
Laportea subclausa,Dendrocnide subclausa,4098477,1
Trema morifolium,Phenax hirtus,7300652,0
Pouzolzia propinqua,Pouzolzia zeylanica,2984383,1
Potentilla splendens,Celtis iguanaea,2984498,0
Morus latifolia,Argentina lineata,8228815,0
Acaena anserinifolia,Morus alba,5361889,0
Tylanthus distichus,Hedlundia meinichii,9312119,0
Ficus flavidula,Leucosyke hispidissima,4102382,0
Urtica balearica,Urtica pilulifera,5670646,1
Parietaria muralis,Soleirolia soleirolii,2984366,0
Acaena neglecta,Potentilla grandiflora,5366106,0
Rhamnus dalanta,Gouania mauritiana,5602974,0
Condaliopsis obtusifolia,Sarcomphalus obtusifolius,8937468,1
Colubrina fermenta,Colubrina elliptica,5372458,1
Sibiraea croatica,Aremonia agrimonoides,2988624,0
Procris sieberi,Acaena caespitosa,7806638,0
Piratinera lancifera,Brosimum rubescens,3762826,1
Rhamnus triquetra,Spiraea trilobata,3026656,0
Rhamnus longifolia,Rhamnus longifolia,10993043,1
Ulmus alta,Pyracantha fortuneana,2988224,0
Condalia infectoria,Condalia buxifolia,5602931,1
Elatostema catalonanum,Elatostematoides mindanaense,4098309,1
Mertensia iguanea,Celtis iguanaea,2984498,1
Fusticus glabra,Colubrina arborescens,5372463,0
Potentilla subacauli-opaca,Potentilla heptaphylla x incana,9667619,1
Pyrus liljeforsii,Ceanothus foliosus,3039336,0
Urtica rugosissima,Sageretia filiformis,3876704,0
Artocarpus ficifolius,Artocarpus lacucha,7873234,1
Pouzolzia fuscescens,Cypholophus lutescens,4099764,1
Fleurya globulifera,Trema angustifolium,4159501,0
Rhamnus sanguinea,Frangula alnus,3039454,1
Urtica parietariifolia,Urtica parietariifolia,5670760,1
Girtanneria jujuba,Ziziphus jujuba,3039423,1
Rubus vaniloquus,Rubus vaniloquus,8362160,1
Prunus vana,Prunus debilis,3022573,1
Ziziphus nummularia,Ziziphus nummularia,3039427,1
Alchemilla macrosepala,Ochetophila trinervis,3877218,0
Dimerocarpus brenieri,Colubrina retusa,7273891,0
Sponia ilicifolia,Ziziphus oenopolia,3875331,0
Celtis williamsii,Celtis iguanaea,2984498,1
Pipturus palauensis,Pipturus subinteger,4101434,1
Ambaiba membranacea,Cecropia membranacea,4013609,1
Spiraea chailarensis,Sorbaronia sorbifolia,2987868,0
Solenandra pomaderrodes,Naucleopsis oblongifolia,3767082,0
Padus acrophylla,Prunus grayana,3021963,1
Conocephalus grandifolius,Trema cannabina,2984507,0
Pouzolzia ovata,Trilepisium madagascariense,3766911,0
Ulmus madingleyensis,Trema micranthum,2984501,0
Ulmus leucocarpa,Prunus chorassanica,3022681,0
Sorbus meierottii,Cecropia polystachya,4013171,0
Ulmus koopmannii,Reynosia revoluta,3875071,0
Amygdalus persica,Prunus persica,8149923,1
Crataegus arcana,Crataegus pruinosa,7790552,1
Celtis leveillei,Sorocea guilleminiana,3762938,0
Sorbus bohemica,Karpatiosorbus bohemica,9279217,1
Gouania axilliflora,Johnstonalia axilliflora,3875299,1
Lasiocarpus humilis,Pilea crenulata,5670620,0
Ogcodeia pallescens,Naucleopsis glabra,3767226,1
Pygeum arboreum,Celtis jessoensis,7141633,0
Pseudolmedia huberi,Argentina lignosa,8424475,0
Eriobotrya daduheensis,Rhaphiolepis daduheensis,10772222,1
Microrhamnus ericoides,Condalia ericoides,5372432,1
Ziziphus angustifolia,Laportea aestuans,2984466,0
Ulmus racemosa,Trymalium ledifolium,7273761,0
Stephanandra gracilis,Neillia tanakae,2987948,1
Ficus cochinchinensis,Ficus auriculata,5571773,1
Pouzolzia ovalis,Pouzolzia sanguinea,7300542,1
Lepargyraea rotundifolia,Shepherdia rotundifolia,5372428,1
Trevoa berteroniana,Retanilla stricta,3875486,1
Rhamnus rumeliacea,Frangula rupestris,3877335,1
Leucocnide sororia,Pseudolmedia laevis,3764170,0
Laportea gigas,Dendrocnide excelsa,4098881,1
Acalypha decumbens,Didymodoxa capensis,7300493,1
Choenomeles japonica,Celtis australis,2984492,0
Gironniera costata,Nanocnide lobata,4100198,0
Dubrueilia rotundifolia,Scepocarpus acuminatus,11851100,1
Eriobotrya integrifolia,Rhaphiolepis integrifolia,10833669,1
Crataegus prunifolia,Aronia prunifolia,5363613,1
Armeniaca mandschurica,Prunus armeniaca,7818643,1
Pyrus henryi,Procris curtisii,7398160,0
Colletia montana,Discaria chacaye,5602883,1
Cecropia cinerea,Pouzolzia variifolia,4098645,0
Elaeagnus argentea,Elaeagnus commutata,3039274,1
Villebrunea pilosula,Ceanothus oliganthus,3039398,0
Tormariosorbus intermedia,Clarisia biflora,7262852,0
Rosa curvula,Rosa curvula,7810707,1
Dendrocnide stenophylla,Urtica portosanctana,5670622,0
Boehmeria bifida,Aria tergestina,9342096,0
Phenax tomentosus,Gonostegia triandra,4100795,1
Gouania klainei,Sorbaronia sorbifolia,2987868,0
Pilea veronicaefolia,Pilea usambarensis,7300459,1
Perebea chimiqua,Shepherdia rotundifolia,5372428,0
Crataegus saundersiana,Scutia buxifolia,7819318,0
Pyracantha pauciflora,Fatoua villosa,2984652,0
Discaria dumosa,Holodiscus argenteus,2987810,0
Crumenaria polygaloides,Hedlundia anglica,9486316,0
Rubus leucostachys,Zelkova carpinifolia,7467231,0
Momisia aculeata,Celtis iguanaea,2984498,1
Gouania tiliifolia,Ziziphus mauritiana,3039424,0
Pilea phenacoides,Pilea pittieri,5671353,1
Urtica cellulosa,Pilea cellulosa,5671001,1
Spiraea ciliata,Spiraea alba,3026585,1
Saccus hirsutus,Artocarpus hirsutus,2984572,1
Laurocerasus javanica,Parietaria pensylvanica,5361796,0
Boehmeria hirtella,Boehmeria sieboldiana,4101147,1
Hahnia intermedia,Scandosorbus intermedia,10071055,1
Celtis compressa,Celtis mildbraedii,4159999,1
Pipturus eriocarpus,Pipturus albidus,7500826,1
Urera dinklagei,Dendrocnide latifolia,4098799,0
Sorbus chlorocarpa,Aronia prunifolia,5363613,0
Pyrus maximowicziana,Pourthiaea villosa,8356787,1
Artocarpus reticulatus,Paratrophis banksii,3766009,0
Pellionia biakense,Elatostema biakense,4101469,1
Rhamnus oenopolia,Gonostegia pentandra,4100866,0
Poikilospermum papuanum,Conocephalus papuanus,9036632,1
Treculia staudtii,Artocarpus altilis,2984573,0
Pouzolzia triandra,Gonostegia triandra,4100795,1
Fragaria ananassae,Fragaria ananassa,3029912,1
Parietaria erecta,Parietaria officinalis,5361803,1
Crataegus opica,Gonostegia parvifolia,4100881,0
Ficus punctulata,Dalibarda repens,2999946,0
Solenostigma pacificum,Cydonia oblonga,5362215,0
Acaena nivalis,Dorstenia peltata,8202494,0
Prunus nepalensis,Boehmeria oblongata,4102138,0
Prunus cineraceus,Leucosyke borneensis,4102558,0
Ficus hasskarlii,Ficus glandulifera,7942321,1
Ziziphus acuminata,Elatostema suzukii,4099449,0
Cerasus emarginata,Prunus emarginata,7272137,1
Lecanthus taiwanensis,Sorbaria kirilowii,3012103,0
Morus kaempferi,Broussonetia kaempferi,5569771,1
Colletia cunninghamii,Discaria pubescens,5602819,1
Crataegus resima,Colubrina cubensis,5372474,0
Elatostema umbrosum,Elatostema nemorosum,4101994,1
Fleurya cymosa,Laportea aestuans,2984466,1
Condaliopsis seleri,Elatostema cauliflorum,4100987,0
Spiraea pallasii,Pilea grandifolia,5361822,0
Elaeagnus pugens,Elaeagnus pungens,3039270,1
Pseudosorocea muriculata,Aphanes arvensis,5365013,0
Fleurya canadensis,Prunus aquifolioides,3021945,0
Pyrus keszthelyensis,Rubus niveus,2989183,0
Symplocos japonica,Elatostematoides filicoides,10863809,0
Aria obtusata,Crataegus obtusata,3014035,1
Olmediopsis lanceolata,Pseudolmedia laevis,3764170,1
Morus rigida,Ampalis mauritiana,3765609,1
Morus dulcis,Morus alba,5361889,1
Pilea mooreana,Pourthiaea calleryana,3000535,0
Crataegus colonica,Crataegus senta,3013958,1
Rhamnella obovalis,Brosimum rubescens,3762826,0
Placospermum andamanicum,Maclura andamanica,3764424,1
Cerasus avium,Prunus avium,3020791,1
Discaria doniana,Ochetophila trinervis,3877218,1
Dorstenia longipedunculata,Dorstenia buchananii,3765729,1
Ceanothus australis,Ceanothus pauciflorus,3876325,1
Laurus chloroxylon,Crataegus pruinosa,7790552,0
Potentilla armeniaca,Crataegus pruinosa,7790552,0
Celtis hashimotoi,Pilea tetraphylla,5670037,0
Piratinera lecointei,Zelkova serrata,2984532,0
Celtis trinervia,Pouzolzia zeylanica,2984383,0
Covellia racemifera,Pilea bracteosa,7300933,0
Laportea basirotunda,Dendrocnide basirotunda,4099095,1
Pyrus tengyuehensis,Rhaphiolepis tengyuehensis,10679539,1
Elaeagnus kotoensis,Elaeagnus formosana,4048228,1
Elaeagnus stricta,Zelkova carpinifolia,7467231,0
Eriobotrya latifolia,Ficus holosericea,5570480,0
Helinus lanceolatus,Scutia spicata,7273727,0
Retanilla affinis,Retanilla stricta,3875486,1
Trophis zeylanica,Taxotrophis zeylanica,3767138,1
Morus insularis,Hedlundia subpinnata,9621217,0
Ziziphus spina-christi,Hedlundia armeniaca,10833957,0
Potentilla adinophylla,Argentina adinophylla,7954166,1
Rhamnus inermis,Atadinus alpinus,3877063,1
Ceanothus arnouldii,Ceanothus delilianus,3875113,1
Pygeum nitidum,Celtis sinensis,4159594,0
Pomaderris affinis,Pomaderris intermedia,3876826,1
Celtis davidiana,Cecropia engleriana,4013581,0
Ceanothus nepalensis,Spyridium subochreatum,7273953,0
Ulmus rubra,Dendrocnide microstigma,4098754,0
Coluria mongolica,Cecropia telenitida,4013242,0
Laportea termatense,Dendrocnide ternatensis,4098440,1
Sorbus sellii,Gouania obtusifolia,5602956,0
Pyrus hookeriana,Rhaphiolepis hookeriana,10740939,1
Boehmeria sericea,Cypholophus macrocephalus,2984390,1
Boehmeria cavaleriei,Pilea melastomoides,5670477,1
Procris hirta,Phenax hirtus,7300652,1
Ceanothus mocinoanus,Ceanothus microphyllus,3039306,1
Sponia riparia,Crataemespilus lobata,12208838,0
Capsulea bashanensis,Discaria serratifolia,7273739,0
Artocarpus kertau,Artocarpus rigidus,2984576,1
Cerasus tianshanica,Prunus griffithii,3021947,1
Morus gyirongensis,Spyridium daltonii,3874465,0
Boehmeria urticifolia,Argentina glabriuscula,7516818,0
Ceanothus officinalis,Procris rupicola,5671086,0
Bosqueia gymnandra,Paratrophis glabra,3765995,0
Gironniera borneensis,Oreocnide integrifolia,7300622,0
Rosa sabina,Rosa sabina,8180150,1
Ceanothus dillenianus,Ceanothus americanus,3039318,1
Pyrus javorkana,Trilepisium madagascariense,3766911,0
Fusticus zanthoxylon,Maclura tinctoria,2984583,1
Ficus claoxyloides,Colubrina triflora,5602971,0
Duchesnea filipendula,Potentilla hemsleyana,5368100,1
Elatostema repens,Atadinus microcarpus,9351724,0
Ceanothus celtidifolius,Colubrina celtidifolia,5603163,1
Fragaria uniflora,Boehmeria cylindrica,2984345,0
Rosa pervirens,Rosa pervirens,3010928,1
Crataegus decipiens,Ulmus hollandica,7141604,0
Potentilla naspata,Colubrina celtidifolia,5603163,0
Aria pinnatifida,Hedlundia hybrida,9245228,1
Pyrus williamtelliana,Rhaphiolepis williamtelliana,11007992,1
Crataegus tardipes,Sageretia thea,3039516,0
Coussapoa schottii,Coussapoa microcarpa,4013334,1
Morus pendulina,Potentilla oronoma,5367390,0
Cryptandra ericifolia,Hedlundia carniolica,9975561,0
Rhamnus velutina,Ziziphus spina-christi,8228089,0
Artocarpus tampang,Artocarpus lacucha,7873234,1
Tubanthera katapa,Colubrina asiatica,5372467,1
Celtis laeta,Phenax rugosus,7300597,0
Celtis parvifolia,Celtis newberryi,11620194,1
Acaena laevigata,Acaena tenera,5370987,1
Gironniera paucinervia,Gironniera parvifolia,4159419,1
Adolia discolor,Phyllogeiton discolor,3874547,1
Spiraea lucida,Spiraea lucida,8155739,1
Sorbus discolor,Crataegus senta,3013958,0
Mespilus pycnoloba,Maclura brasiliensis,7262554,0
Vanieria fruticosa,Aremonia agrimonioides,2988625,0
Aphanes microcarpa,Aphanes australis,5365026,1
Acaena transitoria,Acaena magellanica,5370832,1
Pyrus scabiosa,Prunus arborea,3021654,1
Broussonetia cordata,Broussonetia papyrifera,5361944,1
Ficus aurantiacea,Celtis trinervia,2984493,0
Photinia lucida,Pourthiaea lucida,3000593,1
Sorbus quernea,Pomaderris lanigera,3876790,0
Laportea mammosisetosa,Dendrocnide ternatensis,4098440,1
Rubus micranthus,Rubus niveus,2989183,1
Sponia stipellata,Trema micranthum,2984501,1
Sorbus cucullifera,Prunus wilsonii,3023112,0
Potentilla crocea,Potentilla crantzii,5366215,1
Ficus neglecta,Prunus armeniaca,7818643,0
Urtica penduliflora,Brosimum rubescens,3762826,0
Potentilla gracillima,Procris repens,7916114,0
Sorocea colombiana,Trevoa quinquenervia,3876194,0
Urtica muralis,Crataegus punctata,3014805,0
Sorbus sphaerocarpa,Emmenosperma alphitonoides,3875258,0
Crataegus beckiana,Crataegus macracantha,3013570,1
Nagelia pringlei,Malacomeles pringlei,7586310,1
Urtica radicans,Urtica kioviensis,5669756,1
Conocephalus grandifolius,Poikilospermum acuminatum,4013317,1
Perebea glabrata,Urtica magellanica,7300920,0
Discaria lycioides,Discaria americana,5602906,1
Berchemia pycnantha,Berchemia yunnanensis,3875993,1
Urtica elata,Urera elata,4099419,1
Celtis australiensis,Pipturus platyphyllus,4101588,0
Crataegus xanthocarpos,Crataegus punctata,3014805,1
Ziziphus lucida,Ziziphus linnaei,3875884,1
Ficus chrysocarpa,Ficus fulva,5571361,1
Acaena skottsbergii,Holodiscus australis,2987775,0
Obetia laciniata,Potentilla grandiflora,5366106,0
Streblus macrophyllus,Potentilla crantzii,5366215,0
Cryptandra scortechinii,Aria moravica,9233662,0
Sorocea ilicifolia,Sorocea hilarii,3762918,1
Phylica excelsa,Aria vexans,9390956,0
Sarcomphalus mauritianus,Ziziphus mauritiana,3039424,1
Korsaria forskahlei,Dorstenia foetida,7262610,1
Pomaderris viridirufa,Pomaderris wendlandiana,3875740,1
Coilotapalus peltata,Cecropia peltata,2984476,1
Margyricarpus imberbis,Pourthiaea villosa,8356787,0
Laportea warburgii,Rhaphiolepis bengalensis,10869066,0
Bucephalon mexicanum,Trophis mexicana,3766584,1
Epicarpurus asper,Streblus asper,10242935,1
Ficus chrysopthalma,Artocarpus chama,3765040,1
Artocarpus sorsogonensis,Aronia prunifolia,5363613,0
Sorbus boscii,Trema cannabina,2984507,0
Ficus subpyriformis,Ficus abelii,5570171,1
Ziziphus attoensis,Elatostematoides buderi,11540741,0
Gouania tomentosa,Gouania polygama,5372439,1
Pyrus arguta,Pourthiaea arguta,2988149,1
Procris macrophylla,Boehmeria rugosissima,4101294,1
Ampalis greveana,Celtis brasiliensis,7303606,0
Laportea platycarpa,Discocnide mexicana,4098157,1
Acaena agrimonioides,Acaena elongata,5370941,1
Humulus lupuloides,Debregeasia longifolia,4099305,0
Morus goldmanii,Morus celtidifolia,5570117,1
Ulmus opaca,Ulmus crassifolia,5361871,1
Rosa gracilescens,Trema angustifolium,4159501,0
Gouania glabriuscula,Gouania lupuloides,5372440,1
Ramium rugulosum,Rhaphiolepis umbellata,7480375,0
Sponia morifolia,Trema cannabina,2984507,1
Albrandia timorensis,Streblus asper,10242935,1
Urostigma karet,Ficus elastica,7835333,1
Acaena lucida,Debregeasia saeneb,4099243,0
Sitodium macrocarpon,Artocarpus integer,2984566,1
Craterogyne djettii,Dorstenia djettii,3765162,1
Aria arguta,Karpatiosorbus latifolia,9306058,1
Celtis crassifolia,Argentina lineata,8228815,0
Prunus pilosiuscula,Cecropia latiloba,4013210,0
Potentilla tatsienluensis,Argentina stenophylla,8033120,1
Ramium tenue,Pouzolzia rugulosa,4098989,1
Cecropia crytostachya,Cecropia pachystachya,4013385,1
Artocarpus cuspidatus,Ceanothus microphyllus,3039306,0
Memorialis hirta,Majovskya zuzanae,9445237,0
Elatostema thibaudiifolium,Ficophyllum crassinerve,11155712,0
Pyrus chamaemespiloides,Karpatiosorbus rhombiformis,9269022,0
Gironniera mollissima,Gironniera subaequalis,4159324,1
Ramium catophlebum,Pouzolzia australis,4100976,1
Cecropia juranyiana,Cecropia sciadophylla,7316424,1
Ulmus planifolia,Chamaebatiaria millefolium,3026352,0
Urtica punctata,Pouzolzia sanguinea,7300542,1
Potentilla tugitakensis,Cecropia polystachya,4013171,0
Celtis sinensis,Trema parviflorum,9662432,0
Prunus spartioides,Prunus arabica,3022146,1
Trichocephalus comosus,Laportea amberana,4100068,0
Ambaiba schiedeana,Ziziphus spina-christi,8228089,0
Urtica baccifera,Pipturus arborescens,4102074,1
Urtica pingaensis,Urtica fissa,7788593,1
Elaeagnus kologa,Elaeagnus multiflora,3039272,1
Ceanothus australis,Rhaphiolepis glabrescens,10841492,0
Gouania mozambicensis,Gouania laxiflora,5602999,1
Crataegus hybrida,Phylica callosa,8065463,0
Aria scandica,Scandosorbus intermedia,10071055,1
Petrophyton caespitosum,Petrophytum caespitosum,3030194,1
Microrhamnus cavaleriei,Rhamnella martini,3874883,1
Boehmeria australis,Pouzolzia australis,4100976,1
Ziziphus forbesii,Ziziphus angustifolia,3877032,1
Polychroa griffithiana,Elatostema heterolobum,4099443,1
Fleurya glomerata,Laportea cuneata,2984462,1
Physocarpus sinensis,Maclura cochinchinensis,7262552,0
Piratinera discolor,Treculia staudtii,8363000,0
Boehmeria candidissima,Leucosyke javanica,4102370,1
Celtis sinensis,Celtis bungeana,7141664,1
Zelkova davidii,Hemiptelea davidii,4160206,1
Ulmus aquatica,Ulmus hollandica,7141604,0
Aliteria sagotii,Clarisia ilicifolia,7262841,1
Acaena capitata,Spiraea semperflorens,7219921,0
Boehmeria hatusimae,Boehmeria japonica,7300501,1
Urtica melastomoides,Pilea multiflora,5670242,1
Ambaiba tenoreana,Cecropia pachystachya,4013385,1
Crataegus sieboldii,Rhaphiolepis indica,5371542,1
Rhamnus spiciflora,Fatoua villosa,2984652,0
Karpatiosorbus parviloba,Aria parviloba,10929268,1
Abelicea crenata,Aphanes minutiflora,5365004,0
Pouzolzia ovalifolia,Girardinia diversifolia,7300847,0
Maoutia aspera,Maoutia odontophylla,5670629,1
Celtis sumatrana,Celtis rigescens,4159994,1
Cecropia porvenirensis,Cecropia ficifolia,8173870,1
Dorstenia cordato-acuminata,Dorstenia choconiana,7262676,1
Procris melastomoides,Pilea hispaniolana,7818256,1
Elatostema curtisiae,Procris curtisii,7398160,1
Ulmus turkestanica,Ulmus pumila,5361877,1
Momisia crenata,Debregeasia squamata,7300579,0
Urtica radicans,Pilea pubescens,7300898,1
Sahagunia strepitans,Acaena microphylla,5370688,0
Ambaiba leucocoma,Cecropia concolor,7316398,1
Skutchia caudata,Ventilago denticulata,7273609,0
Mespilus pruinosa,Pilea melastomoides,5670477,0
Ramium fallax,Boehmeria ulmifolia,4100595,1
Plecospermum spinosum,Maclura spinosa,3764154,1
Ficus cristobalensis,Ulmus parvifolia,5361869,0
Trema polygamum,Trema orientale,2984508,1
Ziziphus cuneata,Ziziphus xylopyrus,7524561,1
Morus mauritiana,Ampalis mauritiana,3765609,1
Pyrus eugenii-kelleri,Boehmeria caudata,7610513,0
Urtica integrifolia,Urtica pilulifera,5670646,1
Elaeagnus erivanensis,Elaeagnus angustifolia,3039269,1
Ventilago bombaiensis,Smythea bombaiensis,3875198,1
Meniscogyne thorelii,Lecanthus petelotii,7300467,1
Pyrus leptophylla,Aria edulis,8411755,0
Urera stimulans,Karpatiosorbus pseudovertesensis,9287578,0
Scyphosyce zenkeri,Potentilla khasiana,5365347,0
Cecropia obovata,Cecropia concolor,7316398,1
Photinia dubia,Rhaphiolepis dubia,10809845,1
Cecropia alborugosa,Cecropia telealba,7316405,1
Sericotheca dumosa,Pourthiaea tomentosa,10973824,0
Pourthiaea formosana,Planera aquatica,5361858,0
Sorbus lippertiana,Alphitonia neocaledonica,3877431,0
Colubrina montana,Ficus holosericea,5570480,0
Zelkova hirta,Acaena novae-zelandiae,5370755,0
Aruncus silvester,Lozanella enantiophylla,4160094,0
Boehmeria subperforata,Boehmeria depauperata,4099464,1
Aliteria sagotii,Dorstenia drakena,7777272,0
Rubus septicola,Rhaphiolepis capitata,10760566,0
Schizonotus dumosus,Holodiscus australis,2987775,1
Solenostigma kraussii,Pourthiaea zhejiangensis,3000394,0
Photinia eugeniaefolia,Photinia integrifolia,5363967,1
Rhamnus kabylica,Endotropis smithii,9510582,0
Rhamnus boliviana,Frangula polymorpha,7274018,1
Pentocnide glomerata,Pouzolzia zeylanica,2984383,1
Celtis dysodoxylon,Dallachya vitiensis,3875981,0
Myriocarpa magnifica,Myriocarpa longipes,7300750,1
Celtis commersonii,Trema orientale,2984508,1
Dorstenia paucidentata,Brosimum sprucei,11665758,0
Pyrus grandiflora,Aronia arbutifolia,5363629,1
Uromorus anthopophagorum,Crataegus senta,3013958,0
Morus acidosa,Morus indica,5569978,1
Adike glaberrima,Dendrocnide schlechteri,4098530,0
Phylica imberbis,Pilea betulifolia,7300951,0
Parietaia punctata,Parietaria judaica,5361801,1
Pellionia paucidentata,Morus alba,5361889,0
Procris humblotii,Ficus diversiformis,5572308,0
Trophis heyneana,Taxotrophis taxoides,11138557,1
Ficus harrisii,Phenax rugosus,7300597,0
Urtica debilis,Spiraea nana,3853528,0
Humulus lupus,Morus indica,5569978,0
Ziziphus baguirmiae,Emmenosperma micropetalum,3877090,0
Discocarpus mexicanus,Ulmus hollandica,7141604,0
Cerasus decumana,Prunus avium,3020791,1
Rhamnus disperma,Celtis glabrata,4159970,0
Morus constantinopolitana,Scutia spicata,7273727,0
Rhamnus amygdalina,Rhamnus persicifolia,3876121,1
Pouzolzia procridioides,Pouzolzia parasitica,4099533,1
Ulmus daveyi,Prunus argentea,3023068,0
Ceanothus excelsa,Alphitonia excelsa,3039494,1
Didymogyne boehmerioides,Scutia spicata,7273727,0
Acaena acroglochin,Crataegus media,3013800,0
Missiessya candidissima,Leucosyke javanica,4102370,1
Krugiodendron mogoticola,Krugiodendron ferreum,3039518,1
Calophylica juniperifolia,Phylica gnidioides,3875818,1
Pseudolmedia scabra,Helicostylis scabra,3764842,1
Urtica alienata,Prunus arborea,3021654,0
Neillia monogyna,Physocarpus monogynus,2988349,1
Ficus chrysolaena,Bleekrodea tonkinensis,3763799,0
Laportea rigidifolia,Serichonus gracilipes,3875238,0
Girtanneria nopeca,Pomaderris vacciniifolia,3875825,0
Ceanothus milleri,Prainea scandens,3764413,0
Cecropia angelica,Cecropia telenitida,4013242,1
Sorbus persica,Hedlundia persica,10830289,1
Ulmus prionophylla,Ulmus hollandica,7141604,1
Colletia armata,Ceanothus herbaceus,3039322,0
Tremotis cordata,Boehmeria japonica,7300501,0
Phylica grisea,Dorstenia fawcettii,3764971,0
Trema pubigerum,Trema cannabina,2984507,1
Ceanothus decumbens,Ficus punctata,7673670,0
Raphiolepis indica,Pouzolzia zeylanica,2984383,0
Hypselodendron schimperi,Scepocarpus hypselodendron,11931426,1
Gouania faurieri,Gouania hillebrandii,8240892,1
Armeniaca cordifolia,Cecropia polystachya,4013171,0
Ambaiba adenopus,Aria edulis,8411755,0
Ancistrum adscendens,Brosimum guianense,7374879,0
Urtica sessiliflora,Potentilla baileyi,5370121,0
Bosqueia thouarsiana,Trilepisium madagascariense,3766911,1
Rhamnus ulei,Frangula ulei,3877257,1
Adicea grandifolia,Elaeagnus henryi,7738982,0
Obetia australis,Cecropia herthae,4013414,0
Ziziphus tomentosa,Ziziphus mauritiana,3039424,1
Sorocea pileata,Sorocea briquetii,3763058,1
Urtica africana,Dorstenia poinsettifolia,7515664,0
Ceanothus globulosus,Gouania polygama,5372439,0
Pyrus wrightiana,Spyridium parvifolium,7273996,0
Pipturus gaudichaudianus,Pipturus albidus,7500826,1
Rhamzogia hybrida,Rhamnus hybrida,3874812,1
Pipturus incanus,Acaena magellanica,5370832,0
Dorstenia ficifolia,Ulmus glabra,5361866,0
Urera ficifolia,Obetia ficifolia,8351231,1
Ambaiba leucocoma,Rhaphiolepis indica,5371542,0
Pyrus oblonga,Cydonia oblonga,5362215,1
Trema chichileum,Ziziphus spina-christi,8228089,0
Morus stylosa,Ficus montana,8041955,0
Rhamnus caroliniana,Debregeasia longifolia,4099305,0
Conocephalus dubius,Poikilospermum dubium,4013268,1
Ziziphus celtidifolia,Ziziphus oenopolia,3875331,1
Trophis matudae,Trophis mexicana,3766584,1
Walpersia dregeana,Dorstenia erythrandra,8892698,0
Pomaderris ligustrina,Brosimum guianense,7374879,0
Dorstenia ovalis,Dorstenia drakena,7777272,1
Potentilla diffusa,Physocarpus malvaceus,2988332,0
Pyrus jiulongjiangensis,Rhaphiolepis jiulongjiangensis,5371587,1
Trymalium velutinum,Spyridium obovatum,7274000,1
Neillia stellata,Potentilla baileyi,5370121,0
Chlorophora excelsa,Milicia excelsa,3763589,1
Fleurya scabra,Fatoua villosa,2984652,1
Boehmeria glabra,Ziziphus talanae,8027203,0
Persica mammillata,Sorocea guilleminiana,3762938,0
Zelkova stipulacea,Zelkova serrata,2984532,1
Elatostema torresiana,Endotropis alnifolia,9266494,0
Pyrus herbipolitana,Elatostematoides hirtum,11169218,0
Rhamnus nambuana,Ficus ampelos,8053189,0
Pilea lapidincola,Ulmus rubra,5361867,0
Potentilla fontolii,Potentilla grammopetala,5367985,1
Ceanothus reclinatus,Ceanothus americanus,3039318,1
Sorbus pallidifolia,Sageretia thea,3039516,0
Chaenomeles maulei,Dendrocnide latifolia,4098799,0
Spiraea pruhoniciana,Artocarpus lacucha,7873234,0
Trema blancoi,Trema tomentosum,7303576,1
Elaeagnus attenuata,Elaeagnus montana,4048261,1
Pyrus chingshuiensis,Boehmeria dura,4099280,0
Trophis cochinchinensis,Streblus asper,10242935,1
Trema schiedeanum,Trema micranthum,2984501,1
Urtica tasmanica,Ficus orthoneura,5570349,0
Opulaster sinensis,Neillia sinensis,3024789,1
Conocephalus niveus,Debregeasia longifolia,4099305,1
Parietaria abyssinica,Physocarpus monogynus,2988349,0
Acaena multifida,Acaena trifida,5370812,1
Holodiscus ariifolia,Frangula polymorpha,7274018,0
Adenorachis melanocarpa,Ziziphus oenopolia,3875331,0
Pseudolmedia simiarum,Parietaria ruschanica,8187485,0
Oreocnide pilosula,Cryptandra tubulosa,3876136,0
Colubrina fermenta,Lecanthus peduncularis,7300476,0
Pouzolzia strigosa,Pouzolzia zeylanica,2984383,1
Ceanothus pulchellus,Ceanothus delileanus,4928516,1
Laportea glandulosa,Laportea aestuans,2984466,1
Celtis arcata,Celtis caucasica,7141655,1
Spiraea argentea,Holodiscus discolor,2987780,1
Crataegus beckeriana,Ziziphus zeyheriana,3877649,0
Sorbus rhombiformis,Karpatiosorbus rhombiformis,9269022,1
Calophylica gnidioides,Phylica gnidioides,3875818,1
Scutia circumscissa,Colubrina arborescens,5372463,0
Pomaderris capsularis,Colubrina asiatica,5372467,1
Sponia argentea,Trema orientale,2984508,1
Urticastrum oleraceum,Aria subdanubialis,9613746,0
Lecanocnide borbonica,Elaeagnus conferta,7293128,0
Pyrus austriaca,Hedlundia austriaca,9251540,1
Rhamnus atroviridis,Nothocnide melastomatifolia,4099920,0
Ampelocera latifolia,Ampelocera edentula,4160141,1
Spiraea versifolia,Spiraea chamaedryfolia,3026406,1
Urtica dioica,Spiraea trilobata,3026656,0
Elaeagnus rigida,Brosimum guianense,7374879,0
Radermachia rotunda,Artocarpus rigidus,2984576,1
Boehmeria diversifolia,Boehmeria aspera,7417755,1
Colletia ferox,Colletia spinosissima,6371450,1
Pyracantha crenatoserrata,Chamaebatiaria millefolium,3026352,0
Lupulus lupuloides,Gouania lupuloides,5372440,1
Celtis rostrata,Sageretia filiformis,3876704,0
Urtica obnoxia,Neillia sinensis,3024789,0
Potentilla yukonensis,Retanilla ephedra,7273774,0
Spiraea callosa,Spiraea bella,3026631,1
Crataegus pausiaca,Boehmeria sieboldiana,4101147,0
Acaena millefolia,Acaena myriophylla,5371108,1
Nestronia cuneata,Ceanothus cuneatus,3039404,1
Ambaiba lyratiloba,Cecropia pachystachya,4013385,1
Crataegus rotundifolia,Karpatiosorbus hybrida,9478021,1
Abelicea acuminata,Scutia spicata,7273727,0
Alphitonia philippinensis,Discaria serratifolia,7273739,0
Urera commersoniana,Helinus spartioides,3875512,0
Sorbus alpina,Ficus lateriflora,5572364,0
Sorbus auricula,Hedlundia hybrida,9245228,1
Ficus validicaudata,Hippophae rhamnoides,3039285,0
Sorbus hybrida,Artocarpus treculianus,3763995,0
Dorstenia crispata,Dorstenia drakena,7777272,1
Berchemia fagifolia,Berchemia magna,3876243,1
Sorbus ariatorminalis,Prunus argentea,3023068,0
Pyrus herbipolitana,Karpatiosorbus herbipolitana,9525469,1
Elaeagnus utilis,Phylica polifolia,3875106,0
Artocarpus reniformis,Artocarpus lacucha,7873234,1
Trema mollis,Discaria chacaye,5602883,0
Bucephalon racemosum,Trophis racemosa,2984648,1
Gouania colurnifolia,Pyracantha fortuneana,2988224,0
Acaena macropoda,Acaena magellanica,5370832,1
Cudrania jingdongensis,Potentilla nitida,5367673,0
Cerasus arida,Prunus emarginata,7272137,1
Crataegus minor,Pouzolzia zeylanica,2984383,0
Urera longifolia,Acaena magellanica,5370832,0
Colletia polyacantha,Colletia spinosissima,6371450,1
Cecropia catarinensis,Aria herefordensis,9580582,0
Ficus reclinata,Ficus benjamina,5361932,1
Dorstenia tessmannii,Dorstenia poinsettifolia,7515664,1
Pellionia biakense,Sorbaria pallasii,3012125,0
Dorstenia turneraefolia,Dorstenia turnerifolia,3762794,1
Ulmus pumila,Touchardia latifolia,2984457,0
Procris glabra,Touchardia oahuensis,11706294,1
Ulmus elegantissima,Ulmus hollandica,7141604,1
Urticastrum evitatum,Laportea bulbifera,7300666,1
Trema rigidum,Boehmeria depauperata,4099464,0
Boehmeria lateriflora,Boehmeria cylindrica,2984345,1
Phenax ballotaefolius,Phenax rugosus,7300597,1
Sarcomphalus sarcomphalus,Sarcomphalus laurinus,7273826,1
Amygdalus mira,Prunus mira,3022504,1
Trophis philippinensis,Karpatiosorbus hybrida,9478021,0
Azarolus pinnatifida,Physocarpus opulifolius,2988354,0
Eriobotrya wardii,Rhaphiolepis wardii,10915902,1
Sorbus acutiloba,Cydonia oblonga,5362215,0
Urtica expansa,Urera expansa,4099366,1
Plecospermum spinosum,Artocarpus lacucha,7873234,0
Crataegus eamesii,Crataegus holmesiana,3014062,1
Rhamnus tinctoria,Rhamnus globosa,6371045,1
Pellionia pellioniana,Karwinskia humboldtiana,3039523,0
Pouzolzia viminea,Pouzolzia sanguinea,7300542,1
Celtis albicans,Trema micranthum,2984501,1
Tylanthus virgatus,Phylica virgata,3874598,1
Sponia lucida,Berchemia scandens,3039506,0
Boehmeria elongata,Boehmeria cylindrica,2984345,1
Gouania integrifolia,Lawea berberifolia,3853740,0
Streblus cordatus,Karpatiosorbus barabitsii,9473916,0
Pyrus polgariana,Karpatiosorbus polgariana,9260814,1
Ziziphus elliptica,Poikilospermum amboinense,4013310,0
Lazarolus aria,Scepocarpus sansibaricus,11828971,0
Argentina cristata,Argentina stenophylla,8033120,1
Ficus rubrovenia,Pyraria irregularis,12193096,0
Sorbus meridionalis,Milicia excelsa,3763589,0
Scutia obcordata,Scutia myrtina,8317476,1
Trema riparium,Trema micranthum,2984501,1
Crataegus asperata,Crataegus pruinosa,7790552,1
Stilpnophyllum elasticum,Ficus elastica,7835333,1
Boehmeria bifida,Boehmeria splitgerbera,4101039,1
Ceanothus utahensis,Reynosia latifolia,3875241,0
Elatostematoides insignis,Celtis bungeana,7141664,0
Margyricarpus patagonicus,Margyricarpus pinnatus,3030248,1
Rhamnus amole,Elkania multinervis,4098058,0
Pellionia menglianensis,Elatostema heterolobum,4099443,1
Celtis scabra,Trema micranthum,2984501,1
Sorbus gayeriana,Karpatiosorbus gayeriana,9482210,1
Caturus ramiflorus,Oreocnide rubescens,4099400,0
Pyrus thunbergii,Photinia glabra,5363818,1
Pellionia acutidentata,Trema tomentosum,7303576,0
Rosa villosa,Rosa involuta,3006908,1
Diplisca elliptica,Colubrina elliptica,5372458,1
Maoutia rugosa,Ceanothus pinetorum,8286761,0
Dorstenia caulescens,Ceanothus depressus,3875052,0
Prunus kostiniae,Dorstenia psilurus,3763387,0
Ctenocladium mildbraedii,Dorstenia benguellensis,3765939,1
Jububa mediterranea,Pilea rivularis,7300820,0
Sorbus terminalis,Pourthiaea villosa,8356787,1
Sorbus gauckleri,Hedlundia gauckleri,9412697,1
Potentilla plagiophylla,Cypholophus macrocephalus,2984390,0
Spiraea monogyna,Brosimum turbinatum,3762772,0
Eleiosina triloba,Prunus hypotricha,3021649,0
Artocarpus xanthocarpus,Artocarpus lamellosus,3764628,1
Potentilla dichotoma,Potentilla dichotoma,7749697,1
Eriogynia caespitosa,Morus celtidifolia,5570117,0
Celtis orientalis,Hedlundia subarranensis,9439756,0
Rhamnus viridis,Karwinskia umbellata,3874888,0
Hovenia inaequalis,Hovenia acerba,7273758,1
Morus alaisia,Morus macroura,7262379,1
Spiraea nana,Spiraea nana,3853528,1
Trevoa trinervia,Ziziphus melastomoides,3875657,0
Coussapoa oligoneura,Coussapoa parviceps,4013190,1
Pilea boniana,Ficus auriculata,5571773,0
Frangula atagualpae,Eriolobus trilobatus,7272334,0
Ulmus glutinosa,Phenax poiretii,5670194,0
Spiraea ribifolia,Physocarpus opulifolius,2988354,1
Fleurya scabra,Scandosorbus intermedia,10071055,0
Ziziphus napeca,Rhamnus tangutica,3877661,0
Armeniaca cathayana,Prunus cathayana,7490413,1
Conocephalus grandis,Poikilospermum acuminatum,4013317,1
Spiraea cuneifolia,Spiraea alba,3026585,1
Celtis microphylla,Aria taurica,9354971,0
Ceanothus goldmanii,Ulmus parvifolia,5361869,0
Elaeagnus wallichiana,Artocarpus lamellosus,3764628,0
Gironniera longifolia,Artocarpus lacucha,7873234,0
Celtis kajewskii,Celtis latifolia,4160248,1
Spyridium prostratum,Spyridium eriocephalum,7274041,1
Duretia taquetii,Spiraea japonica,8170635,0
Pseudolmedia obliqua,Endotropis alnifolia,9266494,0
Chlorophora regia,Milicia regia,3763583,1
Cormus trilobata,Boehmeria nivea,2984359,0
Pipturus ellipticus,Nothocnide repanda,4099887,1
Brosimum brevipedunculatum,Sageretia thea,3039516,0
Morus rubra,Reynosia latifolia,3875241,0
Elatostema daveauana,Broussonetia papyrifera,5361944,0
Sorbus stenophylla,Ceanothus foliosus,3039336,0
Phenax galeottianus,Phenax mexicanus,7300639,1
Celtis elongata,Celtis iguanaea,2984498,0
Abelicea ulmoides,Dorstenia arifolia,7262742,0
Spiraea lemoinei,Spiraea japonica,8170635,1
Crataegus heterophylloides,Scandosorbus intermedia,10071055,0
Crataegus dumosa,Pyracantha coccinea,2988188,1
Ficus roxburghii,Ficus auriculata,5571773,1
Trema asperum,Trema eurhynchum,9734868,1
Broussonetia zanthoxylon,Maclura tinctoria,2984583,1
Horkelia integrifolia,Horkelia integrifolia,3025203,1
Rhamnus serpyllifolia,Pilea virgata,5671366,0
Sorbus slovenica,Karpatiosorbus slovenica,9635542,1
Acaena macrostemon,Pourthiaea villosa,8356787,0
Boehmeria angustifolia,Paratrophis philippinensis,3765935,0
Morus dioica,Maclura tinctoria,2984583,1
Sorbus decipiens,Karpatiosorbus hybrida,9478021,1
Elaeagnus persica,Elaeagnus thunbergii,4048183,0
Cecropia bifurcata,Cecropia membranacea,4013609,1
Morus betulifolia,Morus celtidifolia,5570117,1
Trymatococcus africanus,Dorstenia africana,3766272,1
Vanieria triloba,Maclura tricuspidata,9130387,1
Spiraea atemnophylla,Parartocarpus venenosa,3766049,0
Memorialis ciliaris,Gonostegia pentandra,4100866,1
Sorbus petraea,Pourthiaea benthamiana,3000344,0
Sorbus houstoniae,Karpatiosorbus houstoniae,9579641,1
Ramium cylindricum,Achudemia boniana,11138214,0
Phenax petiolaris,Phenax hirtus,7300652,1
Sponia politoria,Acaena magellanica,5370832,0
Cerasus varia,Prunus avium,3020791,1
Physocarpus ramaleyi,Physocarpus intermedius,2988352,1
Artocarpus yunnanensis,Artocarpus lacucha,7873234,1
Potentilla incerta,Potentilla frigida,5368457,1
Ulmus dauvessei,Ulmus hollandica,7141604,1
Fleurya cordata,Laportea aestuans,2984466,1
Opa mertensii,Rhaphiolepis integerrima,7064880,1
Pomaderris bilocularis,Laportea lanceolata,4099261,0
Ziziphus hamosa,Sageretia hamosa,7273915,1
Vanieria alternifolia,Maclura cochinchinensis,7262552,1
Boehmeria succosa,Procris pedunculata,5671195,1
Eriobotrya salwinensis,Karpatiosorbus latifolia,9306058,0
Morus heterophylla,Aria vajdae,9512002,0
Gouania pallida,Gouania stipularis,7709974,1
Myrianthus elegans,Trema tomentosum,7303576,0
Ficus fedorovii,Ficus orthoneura,5570349,1
Dorstenia gabunensis,Dorstenia poinsettifolia,7515664,1
Humulus vulgaris,Laportea canadensis,2984463,0
Boehmeria stenostachya,Boehmeria sieboldiana,4101147,1
Elaeagnus rotundifolia,Shepherdia rotundifolia,5372428,1
Urtica pendula,Pilea urticifolia,5669690,1
Adicea ceratomera,Scutia myrtina,8317476,0
Artocarpus cerifera,Ficus bracteata,7923069,0
Ficus falcata,Rubus alterniflorus,8321269,0
Acaena deserticola,Celtis brasiliensis,7303606,0
Ziziphus pomaderroides,Alphitonia pomaderroides,3877364,1
Phenax tomentosus,Phenax uliginosus,7300574,1
Hovenia merrilliana,Sageretia elegans,3876721,0
Alcemilla occidentalis,Aphanes arvensis,5365013,1
Artocarpus asperulus,Artocarpus calophyllus,3765088,1
Ulmus rubra,Ulmus rubra,8002521,1
Celtis georgiana,Pilea minguetii,5670355,0
Crataegus cerasina,Crataegus persimilis,3015457,1
Sorbus heterophylla,Sorbaronia sorbifolia,2987868,1
Potentilla peduncularis,Obetia radula,8399299,0
Urtica pusilla,Australina pusilla,7300503,1
Freirea floridana,Malacomeles pringlei,7586310,0
Fragaria canadensis,Potentilla canadensis,5368951,1
Brosimum guianense,Brosimum guianense,7374879,1
Perebea concinna,Dendrocnide ternatensis,4098440,0
Pyrus subpinnata,Ziziphus horsfieldii,3876125,0
Boehmeria arenicola,Hedlundia hohenesteri,9391565,0
Urtica pulus,Dendrocnide sinuata,4098506,1
Ficus waringiana,Ficus benjamina,5361932,1
Ceanothus zeyhanicus,Scutia myrtina,8317476,1
Aphananthe negrosensis,Cecropia strigosa,4013364,0
Ulmus longidens,Ulmus hollandica,7141604,1
Aphanes inexspectata,Aphanes australis,5365026,1
Boehmeria cinerascens,Frangula mucronata,3877732,0
Parietaria oppositifolia,Pouzolzia zeylanica,2984383,1
Pyrus integerrima,Photinia integrifolia,5363967,1
Tylanthus callosus,Phylica callosa,8065463,1
Synoecia falcata,Ficus punctata,7673670,1
Diplisca elliptica,Stenanthemum complicatum,3876803,0
Dorstenia langsdorffiana,Dorstenia urceolata,7262385,1
Trymatococcus turbinatus,Brosimum amazonicum,11724343,1
Gouania pilata,Mespilus germanica,3031774,0
Ceanothus griseus,Trema cannabina,2984507,0
Ficus morifolia,Ficus assamica,5571866,1
Phenax tomentosus,Celtis iguanaea,2984498,0
Laportea salomonensis,Obetia radula,8399299,0
Maoutia rigida,Spyridium halmaturinum,7274027,0
Cerasus regalis,Prunus avium,3020791,1
Calophylica juniperifolia,Prunus persica,8149923,0
Rhamnus parviflorus,Parietaria cretica,8126790,0
Cudrania javanensis,Ulmus hollandica,7141604,0
Amygdalus urumiensis,Cypholophus latifolius,4099785,0
Caloncoba ficifolia,Zelkova abelicea,4159329,0
Urtica ochroneura,Atadinus libanoticus,9561769,0
Ziziphus itacaiunensis,Sarcomphalus cinnamomum,8994554,1
Celtis rockii,Celtis biondii,7303618,1
Taxotrophis obtusa,Laportea canadensis,2984463,0
Photinia kwangsiensis,Phippsiomeles matudae,11517361,0
Trymalium ramosissimum,Spyridium ramosissimum,11257897,1
Adicea anomala,Pouzolzia laevigata,4100090,0
Acaena macrorhiza,Acaena cylindristachya,5371112,1
Pyrus kovalevii,Sorbaronia kovalevii,6712320,1
Colletia exserta,Colletia paradoxa,5602738,1
Conocephalus gjellerupii,Sloetia elongata,3763185,0
Photinia variabilis,Ziziphus oenopolia,3875331,0
Morus furcata,Pouzolzia sanguinea,7300542,0
Ulmus sarniensis,Potentilla rubricaulis,8336779,0
Tetraglochin ameghinoi,Rhaphiolepis philippinensis,5371576,0
Freirea australis,Prunus avium,3020791,0
Pourthiaea thunbergii,Rubus leucodermis,8110785,0
Pipturus vaihirianensis,Pipturus argenteus,6414892,1
Laportea gaudichaudeana,Dendrocnide meyeniana,4098765,1
Sorbus roopiana,Hedlundia roopiana,9356550,1
Zizyphus sonorensis,Argentina commutata,7651201,0
Taxotrophis aquifolioides,Crataegus pruinosa,7790552,0
Apetlorhamnus alnifolia,Cryptandra spinescens,3876351,0
Urticastrum repens,Hedlundia anglica,9486316,0
Discaria dumosa,Ulmus rubra,5361867,0
Momisia ehrenbergiana,Elatostematoides scandens,11127643,0
Urticastrum peltatum,Dendrocnide peltata,4098650,1
Pyrus ulmifolia,Aria ulmifolia,9515578,1
Aphanes vulgaris,Aphanes arvensis,5365013,1
Phylica parviflora,Scutia myrtina,8317476,0
Rosa ardala,Atadinus alpinus,3877063,0
Thecanisia discolor,Holodiscus discolor,2987780,1
Cypholophus rufescens,Sarcomphalus chloroxylon,9089357,0
Sorbus dacica,Hedlundia scepusiensis,9511442,0
Morus microphilyra,Dendrocnide photiniphylla,4098637,0
Artocarpus pubescens,Ficus amplissima,5572290,0
Cerasus anglica,Prunus avium,3020791,1
Laportea annamica,Dendrocnide stimulans,4098487,1
Pomaderris hirsuta,Spyridium spadiceum,7273965,1
Colletia ephedra,Retanilla ephedra,7273774,1
Aphanes vulgaris,Dendrocnide sessiliflora,4098520,0
Margyrocarpus setosus,Hedlundia mougeotii,9312105,0
Colubrina mystacina,Berchemiella berchemiifolia,3875970,0
Celtis emuyaca,Oreocnide obovata,7300607,0
Pentaphyllum divisum,Potentilla concinna,5366180,1
Morus parvifolia,Karpatiosorbus karpatii,9286100,0
Urticastrum alatipes,Dorstenia barnimiana,7262729,0
Boehmeria oblongata,Boehmeria oblongata,4102138,1
Elaeagnus morrisonensis,Cecropia telenitida,4013242,0
Photinia notabilis,Pourthiaea beauverdiana,3000384,1
Sorocea cuspidata,Sorocea muriculata,7262387,1
Pouzolzia glochidiata,Pouzolzia zeylanica,2984383,1
Morus japonica,Morus alba,5361889,1
Poikilospermum concolor,Ficus benjamina,5361932,0
Sorbus mougeotii,Elaeagnus triflora,7293096,0
Margarocarpus asper,Pouzolzia poeppigiana,4099219,1
Potentilla kemulariae,Potentilla divina,5367094,1
Rhamnus chacaye,Rhaphiolepis indica,5371542,0
Urtica trinervia,Pilea melastomoides,5670477,1
Pilea trinitensis,Pilea minguetii,5670355,1
Spiraea crispifolia,Spiraea japonica,8170635,1
Pyrus velebitica,Hedlundia velebitica,9473299,1
Ziziphus funiculosa,Ziziphus funiculosa,8086556,1
Pyrus serrata,Rhaphiolepis serrata,10740422,1
Elaeagnus salicifolia,Hippophae salicifolia,7293122,1
Urera engleriana,Blackallia nudiflora,3875879,0
Celtis cercidifolia,Condalia rigida,5602834,0
Scypharia senticosa,Scutia spicata,7273727,1
Dorstenia hockii,Dorstenia benguellensis,3765939,1
Ioxylon mora,Trilepisium madagascariense,3766911,0
Artocarpus pubescens,Artocarpus nobilis,3764420,1
Soleirolia corsica,Hedlundia lancifolia,9535830,0
Pentaphyllum argyreum,Potentilla hippiana,5367733,1
Ziziphus floribunda,Spyridium globulosum,3877637,0
Dorstenia fruticulosa,Prunus ulmifolia,3023601,0
Urostigma clusioides,Celtis philippensis,7303643,0
Dorstenia lagoensis,Laportea cuspidata,7300634,0
Urera fischeri,Scepocarpus sansibaricus,11828971,1
Ulmus exoniensis,Ulmus glabra,5361866,1
Celtis henriquezii,Celtis africana,5834428,1
Mespilus sieboldii,Rhaphiolepis indica,5371542,1
Sorbus alnoides,Scandosorbus intermedia,10071055,1
Morus exsucca,Maquira calophylla,3763735,0
Adicea tetraphylla,Pseudolmedia laevis,3764170,0
Zizyphus helvola,Maclura cochinchinensis,7262552,0
Crataegus arnoldiana,Crataegus holmesiana,3014062,1
Crataegus serotina,Cydonia oblonga,5362215,1
Sorbus controversa,Brosimum lactescens,3763127,0
Urostigma holosericeum,Pilea bracteosa,7300933,0
Armeniaca duracina,Sarcomphalus obtusifolius,8937468,0
Pilea purpurella,Rhaphiolepis indica,5371542,0
Rubus internatus,Pilea tetraphylla,5670037,0
Pyrus acutiloba,Karpatiosorbus hybrida,9478021,1
Cecropia ibaguensis,Cecropia mutisiana,4013487,1
Dorstenia penduflora,Sorbaronia kovalevii,6712320,0
Gironniera grandifolia,Acaena magellanica,5370832,0
Crataegus bodinieri,Crataegus scabrifolia,3013721,1
Dorstenia nervosa,Dorstenia urceolata,7262385,1
Zizyphus mairei,Ziziphus mairei,3875748,1
Missiessya villosa,Spiraea ouensanensis,3026541,0
Boehmeria rugosa,Argentina archboldiana,7734740,0
Pyrus maulei,Chaenomeles japonica,3000610,1
Dorstenia stipitata,Dorstenia benguellensis,3765939,1
Ceanothus dillenianus,Spiraea bella,3026631,0
Crataegus champlainensis,Oreocnide rhodopleura,4099423,0
Hippophae fasciculata,Scepocarpus sansibaricus,11828971,0
Pouzolzia rostrata,Pouzolzia zeylanica,2984383,1
Photinia lipingensis,Crataegus douglasii,3013580,0
Pilea fasciata,Pilea sinofasciata,5670419,1
Trymalium subochreatum,Brosimum alicastrum,2984660,0
Leucosyke palawanensis,Discaria chacaye,5602883,0
Artocarpus woodii,Parartocarpus venenosa,3766049,1
Sorbus rupicola,Pilea rivularis,7300820,0
Urtica caffra,Ficus elastica,7835333,0
Spiraea thompsoni,Spiraea thunbergii,3026402,1
Perlarius mollissimus,Nothocnide mollissima,4099907,1
Apetlothamnus alnifolia,Laportea interrupta,2984469,0
Discaria cognata,Karpatiosorbus adamii,9440757,0
Cecropia libradensis,Aruncus dioicus,5362136,0
Rhamnus sphaerosperma,Persica lancaefolia,3855043,0
Elaeagnus arborea,Elaeagnus conferta,7293128,1
Sponia affinis,Phylica parviflora,7389046,0
Eleiosina altaica,Prunus emarginata,7272137,0
Colletia spicata,Scutia spicata,7273727,1
Spiraea sinensis,Maclura cochinchinensis,7262552,0
Urera cordifolia,Boehmeria excelsa,4099109,0
Sorbus isenacensis,Allaeanthus luzonicus,8317606,0
Trema integrifolia,Trichocephalus stipularis,5602927,0
Hybosperma verrucosum,Poikilospermum peltatum,4013163,0
Rhamnus texensis,Colubrina texensis,5372460,1
Parietaria bracteata,Parietaria cretica,8126790,1
Pouzolzia petiolata,Elatostematoides filicoides,10863809,0
Elaeagnus turcomanica,Urtica glomeruliflora,8284380,0
Abelicea acuminata,Zelkova serrata,2984532,1
Johnstonia axilliflora,Johnstonalia axilliflora,3875299,1
Coussapoa macerrima,Coussapoa macerrima,4013370,1
Cryptandra ledifolia,Trymalium ledifolium,7273761,1
Crataegus minor,Malacomeles denticulata,2988294,1
Gouania seretii,Rhaphiolepis salicifolia,5371531,0
Fragaria nilgerrensis,Sorbaria sorbifolia,3012089,0
Spiraea nobleana,Spiraea sanssouciana,3026803,1
Heteromeles salicifolia,Boehmeria holosericea,7300512,0
Urtica aestuans,Laportea aestuans,2984466,1
Olmedia polycephala,Pouzolzia sanguinea,7300542,0
Urtica horrida,Urera baccifera,7411905,1
Maclura trilobata,Physocarpus monogynus,2988349,0
Laportea schlechteri,Dendrocnide schlechteri,4098530,1
Ziziphus microdictya,Sarcomphalus microdictyus,3875913,1
Boehmeria cochinchinensis,Majovskya sudetica,9238979,0
Elatostema grueningii,Trema angustifolium,4159501,0
Ziziphus paniculata,Prunus javanica,3022372,0
Parietaria orizabae,Parietaria pensylvanica,5361796,1
Albrandia spinosa,Taxotrophis taxoides,11138557,1
Artocarpus muricatus,Artocarpus rigidus,2984576,1
Pouzolzia dalzellii,Parartocarpus venenosa,3766049,0
Phylica atrata,Phylica atrata,3876370,1
Crataegus arcana,Pyracantha coccinea,2988188,0
Freirea alsinaefolia,Pipturus albidus,7500826,0
Urtica membranacea,Pouzolzia occidentalis,2984385,0
Streblus laxiflorus,Urtica urens,5361815,0
Pleiosorbus wardii,Rhaphiolepis wardii,10915902,1
Dorstenia solheidii,Laportea interrupta,2984469,0
Morus brunoniana,Paratrophis pendulina,11172036,1
Celtis amboinensis,Prunus rhamnoides,3023741,0
Ceanothus glomeratus,Ceanothus americanus,3039318,1
Pyrus pollvilla,Pyraria irregularis,12193096,1
Urtica triandra,Gonostegia triandra,4100795,1
Boehmeria ramiflora,Mespilus germanica,3031774,0
Sorbus motleyi,Laportea interrupta,2984469,0
Pipturus palauensis,Stenanthemum pimeleoides,3876610,0
Maclura zanthoxylon,Rubus niveus,2989183,0
Trema orientalis,Trema orientale,2984508,1
Pouzolzia quinquenervis,Boehmeria caudata,7610513,0
Morus patavia,Morus alba,5361889,1
Cotoneaster denticulata,Malacomeles denticulata,2988294,1
Pyrus acutiloba,Boehmeria cylindrica,2984345,0
Dorstenia achtenii,Dorstenia benguellensis,3765939,1
Piratinera guianensis,Argentina turfosa,7965200,0
Crataegus secta,Crataegus punctata,3014805,1
Cryptandra dielsii,Pyracantha crenulata,2988172,0
Ficus martabanica,Ficus lamponga,7262880,1
Broussonetia hanjiana,Crataegus opaca,3014153,0
Urtica contracta,Dendrocnide contracta,4099028,1
Dorstenia palmata,Sageretia thea,3039516,0
Conocephalus acuminatus,Dendrocnide gigantea,4098866,0
Urtica parasitica,Hedlundia thuringiaca,9471386,0
Urtica bulbifera,Morus celtidifolia,5570117,0
Rhamnus pubescens,Atadinus sibthorpianus,9432696,1
Crataegus laciniata,Maclura tinctoria,2984583,0
Ceanothus endlichii,Ceanothus fendleri,3039389,1
Sorbus haesitans,Prunus avium,3020791,0
Ulmus ciliata,Ulmus laevis,7303616,1
Boehmeria lohuiensis,Karpatiosorbus adamii,9440757,0
Celastrus diffusus,Spiraea pyramidata,3026523,0
Ulmus erythrocarpa,Celtis iguanaea,2984498,0
Fragaria grandiflora,Trema orientale,2984508,0
Celtis patula,Ficus politoria,5572392,0
Helicostylis poeppigiana,Helicostylis tomentosa,3764831,1
Spiraea belgica,Spiraea chamaedryfolia,3026406,1
Rhamnus paniculiflora,Physocarpus monogynus,2988349,0
Eriobotrya longifolia,Rhaphiolepis longifolia,10730678,1
Pourthiaea cotoneaster,Pourthiaea villosa,8356787,1
Potentilla micropetala,Jaffrea erubescens,9612652,0
Pyrus pulchra,Prunus spinosa,3023221,0
Fusticus xanthoxylon,Maclura tinctoria,2984583,1
Rhaphiolepis herae,Rhamnella martini,3874883,0
Spiraea hydrangeaefolia,Spiraea splendens,3026675,1
Spiraea crataegifolia,Maoutia diversifolia,5671121,0
Boehmeria prostrata,Trema cannabina,2984507,0
Urera thonneri,Scepocarpus thonneri,11754518,1
Solenandra leucophracta,Karpatiosorbus gayeriana,9482210,0
Rubus palekii,Sarcomphalus laurinus,7273826,0
Pilea guyanensis,Artocarpus heterophyllus,2984565,0
Ziziphus insularis,Ziziphus mauritiana,3039424,1
Ziziphus soporifera,Ziziphus jujuba,3039423,1
Photinia pilosicalyx,Dorstenia mannii,7262540,0
Piratinera velutina,Brosimum guianense,7374879,1
Condalia retusa,Reynosia retusa,3875084,1
Crataegus purpurea,Crataegus sanguinea,3013574,1
Ziziphus trinervia,Ziziphus trinervis,11031973,1
Potentilla iinumae,Elaeagnus triflora,7293096,0
Mespilus bengalensis,Ulmus hollandica,7141604,0
Berchemia ohwii,Berchemia formosana,3876448,1
Gouania gracilis,Spiraea semperflorens,7219921,0
Cormonema venezuelense,Colubrina retusa,7273891,1
Crataegus graeca,Aria graeca,5370233,1
Margyricarpus prolifer,Frangula mucronata,3877732,0
Celtis aristata,Chaetachme aristata,4159728,1
Phylica commelini,Phylica plumosa,3875114,1
Elatostema lignescens,Scepocarpus thonneri,11754518,0
Celtis glabra,Obetia ficifolia,8351231,0
Tormaria latifolia,Karpatiosorbus latifolia,9306058,1
Olmediophaena maxima,Maquira coriacea,3763724,1
Crataegus corymbosa,Endotropis standleyana,9392442,0
Tramoia lactifera,Naucleopsis oblongifolia,3767082,1
Corchorus hirtus,Zelkova serrata,2984532,1
Laportea latifolia,Dendrocnide latifolia,4098799,1
Humulus lupulus,Humulus scandens,2984537,1
Dubrueilia ciliaris,Pilea parietaria,5361834,1
Conocephalus pubescens,Atadinus alpinus,3877063,0
Cecropia ferreyrae,Milicia excelsa,3763589,0
Rubus lasiocarpus,Ficus parietalis,5569936,0
Piratinera potabilis,Elatostema lanceolatum,4098692,0
Celtis appendiculata,Ficus ampelos,8053189,0
Pachytrophe obovata,Ampalis dimepate,11911398,1
Chaenomeles cardinalis,Karpatiosorbus rhombiformis,9269022,0
Crataegus mollis,Dendrocnide sinuata,4098506,0
Ulmus gallica,Ulmus glabra,5361866,1
Trymatococcus usambarensis,Dorstenia kameruniana,3764528,1
Crataegus sorbifolia,Sorbaronia sorbifolia,2987868,1
Prunus nigricans,Prunus avium,3020791,1
Planera parvifolia,Ulmus parvifolia,5361869,1
Sponia crassifolia,Celtis occidentalis,2984481,1
Urtica contracta,Ventilago dichotoma,3874510,0
Sorbus milensis,Karpatiosorbus milensis,9570204,1
Urera liberica,Dendrocnide rechingeri,4098574,0
Chlorophora greveana,Frangula granulosa,3874505,0
Osteomeles lanata,Dorstenia arifolia,7262742,0
Morocarpus velutinus,Leucosyke puya,4102185,0
Laportea subpeltata,Dendrocnide densiflora,4098926,1
Urtica caravellana,Laportea aestuans,2984466,1
Ziziphus zingiber,Urtica spatulata,5670135,0
Dorstenia houstonii,Dorstenia contrajerva,2984541,1
Morus cucullata,Morus alba,5361889,1
Laportea integrifolia,Pyracantha coccinea,2988188,0
Ulmus pseudelegantissima,Ulmus hollandica,7141604,1
Urtica tenuis,Pouzolzia zeylanica,2984383,1
Morus scabra,Morus nigra,5361888,1
Frangula wulfenii,Aronia prunifolia,5363613,0
Pyrus zuzanae,Majovskya zuzanae,9445237,1
Elatostema bulusanense,Dorstenia elata,7262616,0
Trymalium parvifolium,Spyridium parvifolium,7273996,1
Procris ponapensis,Boehmeria cylindrica,2984345,0
Stellariopsis santalinoides,Retanilla ephedra,7273774,0
Crataegus egens,Rhaphiolepis stipularis,10676307,0
Ficus macrocarpa,Ficus punctata,7673670,1
Olmedia aspera,Olmedia aspera,7954917,1
Helinus scandens,Prunus persica,8149923,0
Urtica meyerae,Ceanothus americanus,3039318,0
Crataegus sicula,Spiraea tomentosa,3026819,0
Sloetia sideroxylon,Sloetia elongata,3763185,1
Padus emarginata,Prunus emarginata,7272137,1
Leucosyke mutabilis,Leucosyke capitellata,4102514,1
Crataegus serotina,Ficus melinocarpa,7262687,0
Gironniera sumatrana,Laportea ovalifolia,4098915,0
Prunoamygdalus baldshuanica,Scandosorbus intermedia,10071055,0
Elaeagnus variegata,Elaeagnus pungens,3039270,1
Pyrus harziana,Cecropia ficifolia,8173870,0
Urticastrum pterostigma,Dendrocnide meyeniana,4098765,1
Rhamnus chlorophora,Ficus assamica,5571866,0
Girtanneria alnifolia,Endotropis alnifolia,9266494,1
Pilea montana,Crataegus berberifolia,3014985,0
Sponia ilicifolia,Aphananthe philippinensis,4159824,1
Rhamnus texensis,Celtis iguanaea,2984498,0
Urticastrum laxiflorum,Laportea laxiflora,4099232,1
Phenax urticifolius,Sarcomphalus amole,9008095,0
Vanieria pubescens,Margyricarpus ameghinoi,3030134,0
Pyrus whiteana,Aria whiteana,9550953,1
Morus vernonii,Morus celtidifolia,5570117,1
Rhamnus jelskii,Frangula sphaerosperma,3039467,1
Saccus lowii,Pipturus argenteus,6414892,0
Pomaderris stenopetala,Pomaderris myrtilloides,7273910,1
Prunus podolica,Prunus spinosa,3023221,1
Urtica repens,Pouzolzia zeylanica,2984383,1
Acalypha discolor,Didymodoxa capensis,7300493,1
Sorbus collina,Batocarpus orinocensis,3763838,0
Ambaiba obtusa,Potentilla muirii,5365301,0
Trophis borbonica,Maillardia borbonica,3763965,1
Trymalium behrii,Maclura tricuspidata,9130387,0
Mespilus cornifolia,Adolphia infesta,5372476,0
Pipturus velutinus,Sorbaronia jackii,2987857,0
Ulmus sativa,Berchemiella berchemiifolia,3875970,0
Cerasus tomentosa,Discaria nana,8629951,0
Ulmus smithii,Ulmus hollandica,7141604,1
Ziziphus glabrata,Ziziphus glabrata,12257700,1
Coussapoa fagifolia,Coussapoa microcephala,7316409,1
Tragia interrupta,Laportea interrupta,2984469,1
Lepargyrea canadensis,Trilepisium madagascariense,3766911,0
Pseudolmedia guaranitica,Trema micranthum,2984501,0
Pseudomorus pendulina,Paratrophis pendulina,11172036,1
Dyctisperma lasiocarpus,Procris repens,7916114,0
Procris caulescens,Pilea caulescens,5671025,1
Celtis chichilea,Pilea melastomoides,5670477,0
Photinia bergerae,Pourthiaea bergerae,3000458,1
Artocarpus sumatranus,Cecropia concolor,7316398,0
Zelkova japonica,Torminalis glaberrima,9410160,0
Elkania multinervis,Celtis lingualis,11772803,0
Elatostema pentaneurum,Elatostematoides polioneurum,4098279,1
Cryptandra lawrencii,Spyridium lawrencii,3877551,1
Urtica lappulacea,Pipturus argenteus,6414892,0
Phylica rosmarinifolia,Hippophae salicifolia,7293122,0
Mespilus calicina,Rhamnus florissantensis,11762307,0
Rhamnus grangenos,Argentina lineata,8228815,0
Pyrus arsenii,Sorbaronia arsenii,2987867,1
Adenorhachis atropurpurea,Rhaphiolepis angustissima,10817764,0
Discaria nana,Discaria nana,8629951,1
Procris rugosa,Phenax rugosus,7300597,1
Solenostigma rigescens,Cypholophus lutescens,4099764,0
Conocephalus intermedius,Poikilospermum intermedium,4013218,1
Conocephalus ovatus,Poikilospermum suaveolens,4013131,1
Boehmeria argentea,Pipturus argenteus,6414892,1
Celtis politoria,Pipturus argenteus,6414892,0
Sorbus pseudobakonyensis,Fragaria moschata,8350369,0
Parartocarpus excelsa,Ulmus hollandica,7141604,0
Maclura regia,Aria edulis,8411755,0
Chaetachme madagascariensis,Chaetachme aristata,4159728,1
Potentilla oreites,Potentilla oreites,5366668,1
Ceanothus ovalis,Ceanothus herbaceus,3039322,1
Celtis muku,Aphananthe aspera,4159921,1
Spiraea thyrsiflora,Debregeasia saeneb,4099243,0
Adicea variegata,Pilea variegata,4098041,1
Horkelia muirii,Elaeagnus conferta,7293128,0
Cecropia schiedeana,Cecropia peltata,2984476,1
Sponia bracteolata,Rubus alterniflorus,8321269,0
Taxotrophis laxiflora,Bleekrodea tonkinensis,3763799,0
Chlorophora mora,Maclura tinctoria,2984583,1
Ramium japonicum,Boehmeria japonica,7300501,1
Eriobotrya deflexa,Celtis sinensis,4159594,0
Acaena molliuscula,Acaena magellanica,5370832,1
Celtis glabrata,Gonostegia pentandra,4100866,0
Procris nivea,Boehmeria nivea,2984359,1
Acaena closiana,Acaena magellanica,5370832,1
Reynosia northropiana,Cecropia concolor,7316398,0
Pyrus moravica,Pilea inaequalis,5361845,0
Urostigma neglectum,Celtis iguanaea,2984498,0
Rhamnus ulmoides,Zelkova carpinifolia,7467231,1
Rosa silverhjelmii,Rosa beggeriana,7832083,1
Adicea bracteosa,Pilea bracteosa,7300933,1
Treculia erinacea,Pilea rugosa,5670691,0
Covellia glomerata,Potentilla radiata,5366051,0
Cydonia maliformis,Cydonia oblonga,5362215,1
Morus laciniata,Morus indica,5569978,1
Ziziphus officinarum,Ziziphus jujuba,3039423,1
Treculia engleriana,Ficus coccolobifolia,5570361,0
Ramium hispidulum,Boehmeria nivea,2984359,0
Sibiraea altaiensis,Sibiraea laevigata,3032453,1
Pourouma longipendula,Pourouma ovata,4013587,1
Pilea mildbraedii,Pourthiaea villosa,8356787,0
Artocarpus integra,Artocarpus heterophyllus,2984565,1
Planera ulmifolia,Scutia myrtina,8317476,0
Crataegus oxyacanthogermanica,Potentilla multifida,8416400,0
Celtis montana,Colubrina cubensis,5372474,0
Celtis riparia,Celtis latifolia,4160248,0
Adicea inaequalis,Pilea inaequalis,5361845,1
Neillia velutina,Prunus emarginata,7272137,0
Mertensia citrifolia,Rubus leucodermis,8110785,0
Rhamnus pasteurii,Pipturus argenteus,6414892,0
Ventilago macrantha,Ventilago denticulata,7273609,1
Dendrocnide photinophylla,Sarcomphalus pedunculatus,9186176,0
Aronia watsoniana,Karpatiosorbus hybrida,9478021,1
Photinia deflexa,Rhaphiolepis deflexa,10855510,1
Rhaphiolepis mekongensis,Rhaphiolepis indica,5371542,1
Pyrus arbutifolia,Acaena magellanica,5370832,0
Boehmeria nudiflora,Gonostegia triandra,4100795,0
Fragaria intermedia,Hedlundia hybrida,9245228,0
Pyrus deflexa,Rhaphiolepis deflexa,10855510,1
Rhamnus pruniformis,Rhamnus leptophylla,3877478,1
Urtica triandra,Karpatiosorbus badensis,9384949,0
Pygeum caudatum,Pomaderris discolor,3877251,0
Urtica melastomoides,Leucosyke capitellata,4102514,1
Potentilla ellwindensis,Potentilla elvendensis,5367499,1
Tylanthus abietinus,Phylica abietina,7494340,1
Pyrus velebitica,Trema cannabina,2984507,0
Pyrus philippinensis,Boehmeria japonica,7300501,0
Sorbus cambrensis,Aria cambrensis,9359390,1
Trymatococcus paraensis,Brosimum amazonicum,11724343,1
Cryptandra dielsii,Cryptandra dielsii,3877644,1
Celtis grewioides,Ziziphus angustifolia,3877032,1
Pyrus veszpremensis,Karpatiosorbus veszpremensis,9613352,1
Urtica salicifolia,Debregeasia saeneb,4099243,1
Crataegus mollis,Crataegus submollis,3015560,1
Mespilus caroliniana,Myriocarpa stipitata,7300728,0
Berchemia discolor,Prunus avium,3020791,0
Amygdalus campestris,Crataegus pruinosa,7790552,0
Conocephalus subscaber,Poikilospermum amboinense,4013310,1
Pellionia peltata,Elatostema peltifolium,4101399,1
Dorstenia fluminensis,Didymodoxa capensis,7300493,0
Smithiodendron artocarpoideum,Spyridium coactilifolium,7273613,0
Cecropia steyermarkii,Cecropia kavanayensis,4013253,1
Potentilla mooniana,Argentina polyphylla,7661473,1
Maclura greveana,Prunus armeniaca,7818643,0
Spiraea tenuifolia,Pouzolzia zeylanica,2984383,0
Potentilla kandavanensis,Potentilla radiata,5366051,1
Morus laevigata,Potentilla glaucescens,5366478,0
Celtis crenata,Zelkova carpinifolia,7467231,0
Solenostigma djungiel,Celtis philippensis,7303643,1
Cecropia ambaci,Cecropia pachystachya,4013385,1
Sponia integrifolia,Celtis gomphophylla,4159937,1
Sageretia horrida,Sageretia thea,3039516,1
Mesogyne henriquesii,Ulmus glabra,5361866,0
Treculia affona,Celtis brasiliensis,7303606,0
Sorbus moenofranconica,Pourthiaea villosa,8356787,0
Ulmus pinguis,Ulmus rubra,5361867,1
Potentilla stenophylla,Aria edulis,8411755,0
Celtis sinensis,Aria edulis,8411755,0
Spiraea fetulifolia,Spiraea fritschiana,7271833,1
Conocephalus diffusus,Perebea angustifolia,3765858,0
Laportea torricellensis,Rhamnus virgata,7273971,0
Streblus ascendens,Paratrophis ascendens,11136910,1
Gonostegia matsudae,Gonostegia parvifolia,4100881,1
Celtis pavonii,Crataegus pruinosa,7790552,0
Ficus metallica,Sorocea hilarii,3762918,0
Paliurus trinervatus,Paliurus spina-christi,5372457,1
Adenorachis atropurpurea,Aronia prunifolia,5363613,1
Rhamnus zeyheri,Phyllogeiton zeyheri,3874536,1
Rosa eurytoma,Rosa eurytoma,7409596,1
Pellionia pachypoda,Spiraea trilobata,3026656,0
Sorbus kitaibeliana,Boehmeria zollingeriana,7300724,0
Nanocnide pilosa,Nanocnide lobata,4100198,1
Celtis acata,Celtis tetrandra,7366997,1
Artocarpus zollingeriana,Spiraea hailarensis,3027387,0
Trymalium obovatum,Pilea gnidioides,5669843,0
Basilima grandiflora,Cecropia pachystachya,4013385,0
Ochetophila trinervis,Holodiscus discolor,2987780,0
Urtica japonica,Fatoua villosa,2984652,1
Cryptandra campanulata,Cryptandra amara,7273650,1
Conocephalus oblongifolius,Celtis biondii,7303618,0
Fleurya caraoellana,Laportea aestuans,2984466,1
Boehmeria candolleana,Boehmeria sieboldiana,4101147,0
Batidea sandbergii,Karwinskia humboldtiana,3039523,0
Urtica carolinensis,Ficus amplissima,5572290,0
Pyrus conwentzii,Scandosorbus intermedia,10071055,1
Sorbus rupicoloides,Aria rupicoloides,9634280,1
Morus bullata,Morus alba,5361889,1
Procris rectangularis,Procris rectangulare,5671119,1
Trema rugosum,Phylica cylindrica,12240768,0
Trema xerophila,Trema tomentosum,7303576,1
Pyrus futakiana,Pouzolzia occidentalis,2984385,0
Morus serrata,Morus alba,5361889,1
Amygdalus havardii,Prunus havardii,3021386,1
Aria orbiculata,Aria umbellata,9330923,1
Boehmeria minor,Aria edulis,8411755,0
Trophis spinosa,Maclura cochinchinensis,7262552,1
Pyrus ujhelyii,Aria ujhelyii,9577636,1
Adicea virgata,Pilea urticifolia,5669690,0
Boehmeria rupestris,Boehmeria pilosiuscula,4101774,1
Aronia densa,Ceanothus lorenzenii,10375932,0
Ficus kietana,Ficus indigofera,5570118,1
Boehmeria anomala,Karpatiosorbus eystettensis,9565114,0
Cecropia standleyana,Phenax sonneratii,6414569,0
Celtis microphylla,Trema cannabina,2984507,1
Urtica poiretii,Naucleopsis ternstroemiiflora,3767003,0
Urtica diversifolia,Pourthiaea benthamiana,3000344,0
Adicea inaequalis,Pourthiaea villosa,8356787,0
Leucosyke montana,Neillia sinensis,3024789,0
Fleurya bulbifera,Aria edulis,8411755,0
Celtis glycycarpa,Rhamnus napalensis,4928522,0
Potentilla gelida,Ficus padifolia,5570153,0
Tylanthus brevifolius,Phylica brevifolia,3876288,1
Vanieria fruticosa,Maclura cochinchinensis,7262552,1
Boehmeria odontophylla,Artocarpus rigidus,2984576,0
Sorbus villosa,Pourthiaea villosa,8356787,1
Maclura plumerii,Maclura tinctoria,2984583,1
Cryptandra scortechinii,Spyridium scortechinii,3877178,1
Elaeagnus gussoni,Trophis mexicana,3766584,0
Ulmus angustifolia,Potentilla ancistrifolia,5366710,0
Broussonetia spathulata,Karpatiosorbus griseotormaria,11600632,0
Rhamnus wendtii,Maclura cochinchinensis,7262552,0
Morus tokwa,Morus alba,5361889,1
Soulangia axillaris,Pomaderris forrestiana,3877070,0
Fusticus glabra,Maclura tinctoria,2984583,1
Pyrus sargentii,Ventilago leiocarpa,7274033,0
Azarolus pollvilleriana,Pyraria irregularis,12193096,1
Urera crenulata,Scepocarpus hypselodendron,11931426,1
Boehmeria rugosa,Phenax hirtus,7300652,1
Mystacinus mystacinus,Spyridium spathulatum,7273960,0
Synoecia falcata,Artocarpus hirsutus,2984572,0
Spiraea xvanhouttei,Spiraea vanhouttei,3026622,1
Ramium denutatum,Allaeanthus zeylanicus,3765642,0
Phenax galeottianus,Celtis philippensis,7303643,0
Ziziphus yunnanensis,Elatostema macrophyllum,4098062,0
Ulmus major,Ficus crassinervia,5361897,0
Parietaria arborea,Gesnouinia arborea,4101571,1
Saccus chaplasha,Pilea virgata,5671366,0
Urtica arborea,Pilea leucophaea,5670822,0
Bosqueia spinosa,Trilepisium madagascariense,3766911,1
Ficus rotundifolia,Procris anfracta,5669825,0
Ramium niveum,Boehmeria nivea,2984359,1
Ficus blepharosepala,Rousselia humilis,5361854,0
Fleurya aestuans,Elatostematoides fruticulosum,10698121,0
Pyrus legrei,Spyridium eriocephalum,7274041,0
Eriobotrya condaoensis,Stenanthemum pimeleoides,3876610,0
Rubus repens,Holodiscus discolor,2987780,0
Helianthostylis paraensis,Brosimum sprucei,11665758,1
Pyrus beauverdiana,Cydonia oblonga,5362215,0
Abelicea hirta,Ziziphus jujuba,3039423,0
Ficus martabanica,Crataegus granatensis,3015272,0
Apetlothamnus alnifolia,Endotropis alnifolia,9266494,1
Ziziphus exserta,Cecropia peltata,2984476,0
Acalypha capensis,Didymodoxa capensis,7300493,1
Frangula peruviana,Frangula polymorpha,7274018,1
Hyrtanandra ternata,Parietaria debilis,5361795,0
Ceanothus austromontanus,Ceanothus foliosus,3039336,1
Pyrus hirsuta,Photinia hirsuta,5363887,1
Ulmus pitteursii,Planera aquatica,5361858,0
Calpidochlamys drupacea,Majovskya sudetica,9238979,0
Laportea murrayana,Laportea aestuans,2984466,0
Crataegus resima,Crataegus senta,3013958,1
Rubus belliatus,Rubus belliatus,3854088,1
Crataegus laxa,Nanocnide japonica,4100206,0
Rubus pinnatus,Rubus niveus,2989183,1
Parietaria australis,Parietaria debilis,5361795,1
Morus kagayamae,Morus indica,5569978,1
Sorbus latissima,Karpatiosorbus andreanszkyana,9507936,1
Alchemilla occidentalis,Aphanes arvensis,5365013,1
Parasponia similis,Trema parviflorum,9662432,1
Boehmeria formosana,Boehmeria sieboldiana,4101147,1
Gouania ulei,Ficus melinocarpa,7262687,0
Freirea alsinaefolia,Urtica urens,5361815,0
Ulmophyllum brookense,Pouzolzia conglobata,4100763,0
Coussapoa cuneata,Argentina vittata,7421284,0
Paliurus trinervatus,Dorstenia brasiliensis,7262704,0
Parietaria virgata,Parietaria pensylvanica,5361796,1
Ulmus incisa,Ulmus hollandica,7141604,1
Elatostema crassifolium,Prunus marsupialis,3022286,0
Perlarius platyphyllus,Pipturus platyphyllus,4101588,1
Pourthiaea variabilis,Pourthiaea villosa,8356787,1
Rhamnus scandens,Spiraea pachystachys,3026609,0
Ceanothus alamanii,Colubrina macrocarpa,7273930,1
Sageretia theezans,Gouania trichodonta,5602882,0
Urtica pinfaensis,Cecropia strigosa,4013364,0
Spiraea ferganensis,Pouzolzia guineensis,4100342,0
Ulmus campestris,Ulmus glabra,5361866,1
Louiseania ulmifolia,Scepocarpus acuminatus,11851100,0
Rhamnella longifolia,Rhamnella rubrinervis,9039596,1
Dorstenia alexiteria,Dorstenia contrajerva,2984541,1
Walpersia rhipophora,Gironniera celtidifolia,4159570,0
Parietaria nitida,Rosa viscidula,3002650,0
Ziziphus pedicellala,Frangula neblinensis,8345431,0
Pyrus fallax,Sorbaronia fallax,2987863,1
Rhamnus jelskii,Maclura cochinchinensis,7262552,0
Pyrus gabrieljanae,Dendrocnide densiflora,4098926,0
Acaena alboffii,Acaena magellanica,5370832,1
Laportea monticola,Fatoua villosa,2984652,0
Boehmeria lutescens,Aria edulis,8411755,0
Sorbus hazslinszkyana,Hedlundia hazslinszkyana,9355951,1
Pouzolzia pyramidata,Pouzolzia zeylanica,2984383,1
Missiessya mutabilis,Leucosyke capitellata,4102514,1
Urtica umbellata,Dendrocnide meyeniana,4098765,1
Elatostema parvifolium,Dorstenia arifolia,7262742,0
Pyrus mercurius,Aria obtusifolia,9276845,1
Calaunia negrosensis,Persica ispahanensis,7430872,0
Pyrus legrei,Hedlundia legrei,9541608,1
Urtica tiliifolia,Sarcomphalus obtusifolius,8937468,0
Ceanothus submontanus,Ventilago dichotoma,3874510,0
Pilea stelluligera,Pilea wrightiana,7300935,1
Crataegus arnoldiana,Crataegus punctata,3014805,0
Potentilla martinii,Karpatiosorbus gayeriana,9482210,0
Boehmeria travancarica,Boehmeria depauperata,4099464,1
Myrianthus laurentii,Celtis boninensis,4160046,0
Crataegus triloba,Crataegus pycnoloba,3013789,1
Prunus graeca,Prunus discolor,3022033,1
Girardinia marginata,Frangula grandifolia,3874526,0
Ficus stahlii,Gouania rosei,5602918,0
Cypholophus brassii,Cypholophus decipiens,4099882,1
Procris pseudostrigosa,Sorocea bonplandii,3763071,0
Potentilla semiternata,Potentilla semiternata,5367754,1
Boehmeria hypoleuca,Debregeasia saeneb,4099243,1
Pyrus schwarziana,Hedlundia schwarziana,9321038,1
Spiraea ribifolia,Physocarpus capitatus,2988390,1
Rosa albicans,Holodiscus discolor,2987780,0
Trema griffithii,Trema tomentosum,7303576,1
Sponia lucida,Trema orientale,2984508,1
Pouzolzia gardneriana,Rhamnus infectoria,3874579,0
Celtis angustifolia,Boehmeria depauperata,4099464,0
Nanocnide dichotoma,Pilea urticifolia,5669690,0
Pyrus gayeriana,Karpatiosorbus gayeriana,9482210,1
Urtica nivea,Boehmeria nivea,2984359,1
Elatostema papangae,Pilea inaequalis,5361845,0
Padus wilsonii,Prunus wilsonii,3023112,1
Ulmus cinerea,Ulmus glabra,5361866,1
Missiessya parvifolia,Debregeasia edulis,4099382,1
Brosimum utile,Crataegus sanguinea,3013574,0
Rhamnus divaricata,Cecropia peltata,2984476,0
Eriobotrya griffithii,Photinia griffithii,5364046,1
Saccus kertau,Artocarpus rigidus,2984576,1
Rhamnus cavaleriei,Rhamnus heterophylla,3874929,1
Touchardia sandwicensis,Pouzolzia zeylanica,2984383,0
Urera arborea,Pouzolzia sanguinea,7300542,0
Pouzolzia prostrata,Prunus armeniaca,7818643,0
Microcerasus aspera,Acaena pinnatifida,5370645,0
Aphanes occidentalis,Aphanes arvensis,5365013,1
Mithridatea toxicaria,Antiaris toxicaria,7262663,1
Trophis glabrata,Spyridium parvifolium,7273996,0
Urtica darwinii,Urtica magellanica,7300920,1
Morus papyrifera,Broussonetia papyrifera,5361944,1
Bosqueia welwitschii,Trilepisium madagascariense,3766911,1
Ceanothus officinalis,Ceanothus americanus,3039318,1
Sorbus acutiserrata,Karpatiosorbus acutiserrata,9634931,1
Urera densiflora,Urera caracasana,2984335,1
Celtis riparia,Trema micranthum,2984501,1
Sorbopyrus auricularis,Aphanes microcarpa,9062455,0
Sitodium cauliflorum,Artocarpus integer,2984566,1
Sponia affinis,Trema orientale,2984508,1
Sorbus redliana,Rhamnus songorica,3874646,0
Sorbus ararica,Pourthiaea salicifolia,3000518,0
Sorbus carpinifolia,Rubus leucodermis,8110785,0
Trema lanceolatum,Ziziphus mauritiana,3039424,0
Margyricarpus linearis,Boehmeria virgata,4100434,0
Gouania cucullata,Gouania hillebrandii,8240892,1
Urtica multiflora,Pilea multiflora,5670242,1
Urtica gigas,Dendrocnide excelsa,4098881,1
Spiraea prostrata,Discocnide mexicana,4098157,0
Crumenaria steyermarkii,Boehmeria depauperata,4099464,0
Rubus hypoleucus,Rubus malagassus,2994710,1
Brosimopsis amplifolia,Brosimum lactescens,3763127,1
Ancistrum decumbens,Aphanes floribunda,5365020,0
Phylica thunbergii,Phylica glabrata,3875842,1
Ficus todayensis,Ficus ampelos,8053189,1
Abelicea ulmoides,Zelkova carpinifolia,7467231,1
Pyrus madoniensis,Pyracantha inermis,2988218,0
Pogonotrophe alnifolia,Argentina tapetodes,8156095,0
Eriobotrya condaoensis,Rhaphiolepis condaoensis,10867093,1
Rhamnus inconspicua,Gonostegia pentandra,4100866,0
Parietaria pensylvanica,Parietaria pensylvanica,5361796,1
Pyrus hibernica,Aria hibernica,9254502,1
Celtis orientalis,Sarcomphalus cinnamomum,8994554,0
Poikilospermum papuanum,Nothocnide repanda,4099887,0
Trema guineense,Artocarpus rigidus,2984576,0
Alphitonia emmenosperma,Cecropia dealbata,4013109,0
Urtica cordatifolia,Lecanthus petelotii,7300467,1
Oreocnide villosa,Oreocnide tonkinensis,4099347,1
Photinia blumei,Photinia integrifolia,5363967,1
Antidesma nervosum,Gironniera nervosa,4159442,1
Dorstenia tenuifolia,Spiraea alba,3026585,0
Sorbus margaretae,Boehmeria excelsa,4099109,0
Pygeum sumatranum,Prunus arborea,3021654,1
Chaetoptelea pseudofulva,Ulmus pseudofulva,9269703,1
Mespilus caroliniana,Crataegus punctata,3014805,1
Gonostegia oppositifolia,Crataegus obtusata,3014035,0
Rhamnus pachyphylla,Rhamnus pachyphylla,10862356,1
Margyricarpus clarazii,Margyricarpus caespitosus,3030143,1
Pomaderris acuminata,Aruncus dioicus,5362136,0
Lazarolus intermedia,Aruncus dioicus,5362136,0
Urtica filiformis,Boehmeria cylindrica,2984345,1
Rosa cabulica,Rosa beggeriana,7832083,1
Freirea ocymifolia,Parietaria mauritanica,5669706,1
Ancistrum repens,Acaena ovalifolia,5370651,1
Sponia mollis,Gonostegia triandra,4100795,0
Pyrus stenophylla,Photinia stenophylla,5363856,1
Pipturus brighamii,Rhamnus yoshinoi,3876958,0
Spyridium complicatum,Stenanthemum complicatum,3876803,1
Parietaria abyssinica,Pouzolzia guineensis,4100342,1
Procris lateriflora,Boehmeria cylindrica,2984345,1
Ceanothus ferrisae,Ceanothus ferrisiae,3039371,1
Celtis ferruginea,Ziziphus trinervis,11031973,1
Phylica reclinata,Phylica pinea,3875149,1
Pseudolmedia murure,Celtis laevigata,2984491,0
Phylica leucocephala,Trema parviflorum,9662432,0
Celtis crenatoserrata,Celtis timorensis,4160107,1
Amygdalus mira,Potentilla hirsuta,7773437,0
Walpersia rhipophora,Trichocephalus stipularis,5602927,1
Aphananthe yunnanensis,Aphananthe cuspidata,8293016,1
Spiraea coespitosa,Dorstenia benguellensis,3765939,0
Persica pendula,Crataegus punctata,3014805,0
Colubrina leschenaultii,Pipturus arborescens,4102074,0
Pouzolzia fulgens,Pouzolzia calophylla,4100852,1
Ambaiba sciadophylla,Gouania canescens,5603099,0
Pyrus bodajkensis,Crataegus submollis,3015560,0
Pomaderris obovata,Rhaphiolepis prinoides,10804358,0
Elatostema piliferum,Boehmeria cylindrica,2984345,0
Pouzolzia lythroides,Spiraea crenata,8331908,0
Rhamnus glomerata,Colubrina triflora,5602971,1
Rhamnus vulgaris,Treculia africana,7895921,0
Urtica hirta,Crataegus pruinosa,7790552,0
Mespilus berberifolia,Crataegus berberifolia,3014985,1
Pyrus rhaphiolepis,Rhaphiolepis indica,5371542,1
Urtica dubia,Acaena novae-zelandiae,5370755,0
Crataegus brevispina,Crataegus douglasii,3013580,1
Rhamnus nummularia,Spyridium coactilifolium,7273613,0
Pyrus pollwilleriana,Pyraria irregularis,12193096,1
Holodiscus dumosus,Prunus sclerophylla,3022462,0
Parietaria decoris,Parietaria macrophylla,5669717,1
Trymatococcus kamerunianus,Dorstenia kameruniana,3764528,1
Gironniera curranii,Aphananthe cuspidata,8293016,1
Rhamnus chugokuensis,Rhamnus yoshinoi,3876958,1
Potentilla aemulans,Potentilla ancistrifolia,5366710,1
Cerasus scopulorum,Crataegus chlorocarpa,7892367,0
Urtica parvula,Helicostylis scabra,3764842,0
Fragaria chiloensis,Fragaria chiloensis,7738624,1
Rubus brachyclados,Prunus microcarpa,3021376,0
Quercus cretensis,Pourthiaea benthamiana,3000344,0
Sageretia lehmannii,Phenax poiretii,5670194,0
Spiraea stipulata,Colletia spinosissima,6371450,0
Celtis sericea,Celtis chicape,8383074,1
Potentilla gelida,Potentilla crantzii,5366215,1
Pyracantha gibbsii,Pyracantha atalantioides,2988212,1
Elatostema decurrens,Procris decurrens,5669735,1
Celtis ugandensis,Crataegus laciniata,8240558,0
Ochetophila divergens,Parietaria debilis,5361795,0
Aria hybrida,Karpatiosorbus hybrida,9478021,1
Pyrus villosa,Pourthiaea villosa,8356787,1
Dorstenia caulescens,Zelkova carpinifolia,7467231,0
Ceanothus trinervus,Ceanothus americanus,3039318,1
Cassine parvifolia,Phyllogeiton zeyheri,3874536,1
Dorstenia binzaensis,Dorstenia dinklagei,7262628,1
Oreoherzogia alpina,Atadinus alpinus,3877063,1
Morus radulina,Morus microphylla,5361881,1
Rhamnus brandegeeana,Krugiodendron ferreum,3039518,1
Pyrus pseudomeinichii,Hedlundia pseudomeinichii,9523257,1
Pyrus rhodanthera,Karpatiosorbus rhodanthera,9298826,1
Microcerasus aspera,Aphananthe aspera,4159921,1
Coussapoa froesii,Coussapoa latifolia,4013448,1
Rhamnidium cubensis,Auerodendron cubense,7273940,1
Fragaria pratensis,Fragaria moschata,8350369,1
Trichilia brieyi,Dendrocnide gigantea,4098866,0
Potentilla hololeuca,Dorstenia psilurus,3763387,0
Pyracantha chinensis,Pouzolzia occidentalis,2984385,0
Uromorus anthropophagorum,Frangula henryi,3874488,0
Olmedia polycephala,Helicostylis tomentosa,3764831,1
Soulangia rubra,Elatostema rostratum,11066335,0
Cerasus anglica,Atadinus libanoticus,9561769,0
Ficus bandana,Polianthion wichurae,3874457,0
Adike rhomboidea,Pilea parietaria,5361834,1
Luetkea coespitosa,Phylica harveyi,3875786,0
Urtica grandidentata,Urera baccifera,7411905,1
Ulmus cordifrons,Ulmus hollandica,7141604,1
Reynosia truncata,Auerodendron truncatum,3876812,1
Artocarpus macrocarpon,Artocarpus integer,2984566,1
Maclura humbertii,Colubrina viridis,5602941,0
Potentilla polyphylla,Argentina polyphylla,7661473,1
Potentilla fulgens,Karpatiosorbus veszpremensis,9613352,0
Gymnartocarpus triandra,Parartocarpus venenosa,3766049,1
Saccus integer,Leucosyke capitellata,4102514,0
Spiraea xmacrothyrsa,Spiraea macrothyrsa,3027355,1
Pilea phenacoides,Rhamnus infectoria,3874579,0
Prunus aspera,Aphananthe aspera,4159921,1
Sorbus cordigastensis,Procris curtisii,7398160,0
Rhamnus confinis,Frangula betulifolia,3039465,1
Pyracantha loureiroi,Dendrocnide ternatensis,4098440,0
Ulmus pinguis,Dorstenia hirta,3764709,0
Celtis edulis,Celtis jessoensis,7141633,1
Procris philippinensis,Procris crenata,5669749,1
Rhamnidium rocanum,Karwinskia rocana,3874944,1
Sorbus klasterskyana,Karpatiosorbus klasterskyana,9416761,1
Ficus bukkaensis,Poikilospermum suaveolens,4013131,0
Urticastrum decumanum,Rhamnella rubrinervis,9039596,0
Olmedia tovarensis,Helicostylis tovarensis,3764818,1
Boehmeria macrocephala,Elaeagnus umbellata,3039267,0
Urtica ovalifolia,Urtica urens,5361815,1
Rhamnus scandens,Berchemia scandens,3039506,1
Rhamnidium sulcinerve,Colubrina elliptica,5372458,0
Sorbus pauca,Hedlundia pauca,9259323,1
Coussapoa fagifolia,Ziziphus napeca,7449477,0
Cydonia lagenaria,Chaenomeles speciosa,3000679,1
Pilea rapensis,Pilea diversifolia,5670342,0
Urera cameroonensis,Scepocarpus trinervis,11543475,1
Torminaria vulgaris,Torminalis glaberrima,9410160,1
Parietaria ocimifolia,Coussapoa microcephala,7316409,0
Touchardia angusta,Photinia lochengensis,5363965,0
Pyrus merguiensis,Maclura tinctoria,2984583,0
Potentilla mairei,Argentina micropetala,7582115,1
Freirea welwitschii,Urera baccifera,7411905,0
Amygdalus campestris,Prunus tenella,3022879,1
Fleurya ingrata,Dorstenia choconiana,7262676,0
Ulmus insularum,Ulmus hollandica,7141604,1
Smythea dupontii,Smythea lanceata,3039431,1
Sorbus austriaca,Hedlundia austriaca,9251540,1
Ceanothus globulosus,Spyridium globulosum,3877637,1
Ziziphus angolito,Artocarpus lacucha,7873234,0
Rhamnoides hippophii,Hippophae rhamnoides,3039285,1
Sorbus meyeri,Parietaria floridana,5361793,0
Dorstenia ophioglossoides,Dorstenia barnimiana,7262729,1
Coussapoa steyermarkii,Hippophae salicifolia,7293122,0
Cecropia goodspeedii,Cecropia peltata,2984476,1
Ficus soroceoides,Ficus politoria,5572392,1
Rhamnella vitiensis,Dallachya vitiensis,3875981,1
Cydonia europaea,Ziziphus mucronata,3875567,0
Elaeagnus ghuwacen,Physocarpus monogynus,2988349,0
Villebrunea rubescens,Rhamnella martini,3874883,0
Rhamnus sectipetala,Spyridium parvifolium,7273996,0
Crataegus digyna,Crataegus digyna,3013892,1
Boehmeria scabra,Stenanthemum divaricatum,3876767,0
Calius lactescens,Pouzolzia zeylanica,2984383,0
Colubrina pubescens,Spiraea decumbens,3027183,0
Margarocarpus boivinianus,Pouzolzia boiviniana,4100913,1
Dorstenia scabra,Pourthiaea arguta,2988149,0
Acalypha discolor,Trema cannabina,2984507,0
Ampelocera crenulata,Ulmus lanceifolia,8348291,1
Cerasus pallida,Prunus avium,3020791,1
Helobiaephyllum undulatum,Sarcomphalus undulatus,8826109,1
Rhamnus glaberrima,Atadinus fallax,9581355,1
Ziziphus yucatanensis,Sarcomphalus yucatanensis,8889408,1
Ziziphus glaberrima,Ziziphus xylopyrus,7524561,1
Trophis taxiformis,Taxotrophis taxoides,11138557,1
Paliurus lucidus,Ziziphus jujuba,3039423,1
Ulmus oblongata,Dendrocnide basirotunda,4099095,0
Spiraea ulicina,Berchemia floribunda,3876453,0
Sorbaronia mitschurinii,Elatostema cauliflorum,4100987,0
Boehmeria guatemalana,Pouzolzia guatemalana,7300733,1
Urtica dichotoma,Debregeasia longifolia,4099305,1
Dubrueilia melastomoides,Pilea melastomoides,5670477,1
Cecropia surinamensis,Cecropia peltata,2984476,1
Prunus scopulorum,Prunus pseudocerasus,3021437,1
Dorstenia stolzii,Dorstenia psilurus,3763387,1
Cerasus heaumiana,Prunus avium,3020791,1
Botrymorus paniculata,Pipturus argenteus,6414892,1
Urtica affinis,Laportea interrupta,2984469,1
Coussapoa brenesii,Spiraea chamaedryfolia,3026406,0
Elaeagnus cyanea,Elaeagnus cyanea,4048172,1
Maclura xanthoxylon,Maclura tinctoria,2984583,1
Trymalium biauritum,Pomaderris obcordata,3876571,1
Elaeagnus gaudichaudiana,Elaeagnus conferta,7293128,1
Acaena andina,Maclura tinctoria,2984583,0
Ziziphus abyssinica,Artocarpus elasticus,7425575,0
Holodiscus schaffneri,Acaena magellanica,5370832,0
Dorstenia telekii,Dorstenia barnimiana,7262729,1
Momisia pallida,Celtis pallida,2984494,1
Dorstenia montana,Dorstenia brasiliensis,7262704,1
Allaeanthus glaber,Allaeanthus luzonicus,8317606,1
Artocarpus corneri,Trilepisium madagascariense,3766911,0
Cydonia japonica,Crataegus douglasii,3013580,0
Phylica ledifolia,Phylica paniculata,3875228,1
Missiessya wallichii,Maclura brasiliensis,7262554,0
Sorbus ujhelyii,Dendrocnide latifolia,4098799,0
Crataegus pentasperma,Ulmus hollandica,7141604,0
Pentaphyllum concinnum,Potentilla concinna,5366180,1
Aphananthe aspera,Crataegus disperma,3014641,0
Elaeagnus breyniastrum,Elaeagnus conferta,7293128,1
Cydonia vulgaris,Cydonia oblonga,5362215,1
Colletia brevispina,Colletia hystrix,7273656,1
Poikilospermum grande,Zelkova carpinifolia,7467231,0
Ogcodeia tessmannii,Cecropia pachystachya,4013385,0
Soulangia reclinata,Phylica pinea,3875149,1
Physocarpus opulifolius,Physocarpus opulifolius,2988354,1
Trevoa trinervis,Retanilla trinervia,3875478,1
Pourouma steyermarkii,Pourouma velutina,4013280,1
Fleurya spicata,Laportea interrupta,2984469,1
Phylica ramosissima,Crataegus punctata,3014805,0
Ziziphus cinnamomum,Phylica spicata,8247775,0
Ficus grewiifolia,Ficus asperiuscula,5571880,1
Elaeagnus crispa,Elaeagnus umbellata,3039267,1
Fleurya cuneata,Celtis latifolia,4160248,0
Sponia tetrandra,Celtis tetrandra,7366997,1
Gouania domingensis,Pyraria irregularis,12193096,0
Margyricarpus alatus,Margyricarpus alatus,3030140,1
Potentilla contigua,Argentina contigua,9629832,1
Zizyphus zeyheriana,Phylica gracilis,3875811,0
Batidea sandbergii,Rubus leucodermis,8110785,1
Rhamnus arnottiana,Rhamnus arnottiana,3874473,1
Ficus whytei,Oreocnide rubescens,4099400,0
Crataegus porteri,Crataegus pruinosa,7790552,1
Ceanothus franklinii,Ceanothus pauciflorus,3876325,1
Dorstenia caulescens,Dorstenia caulescens,7750536,1
Morus membranacea,Crataegus punctata,3014805,0
Elaeagnus songorica,Elaeagnus songorica,4048298,1
Chamabainia squamigera,Ficus diospyrifolia,5572356,0
Sorbus istriaca,Argentina lignosa,8424475,0
Urtica dubia,Urtica membranacea,7685819,1
Dorstenia ledermannii,Ulmus hollandica,7141604,0
Pyrus pinnatifida,Hedlundia thuringiaca,9471386,1
Urtica cubensis,Urtica urens,5361815,1
Ceanothus mystacinus,Karpatiosorbus semiincisa,9325082,0
Sorbus pseudofennica,Pouzolzia zeylanica,2984383,0
Laportea stimulans,Dendrocnide stimulans,4098487,1
Pyrus amici-petri,Atadinus fallax,9581355,0
Opulaster intermedius,Physocarpus opulifolius,2988354,1
Colubrina infesta,Torminalis glaberrima,9410160,0
Aruncus aethusifolius,Acaena magellanica,5370832,0
Ulmus campestris,Photinia glabra,5363818,0
Ulmus dentata,Ulmus americana,5361872,1
Ziziphus pomaderroides,Neillia hanceana,3853034,0
Pilea ciliata,Acaena pinnatifida,5370645,0
Urtica japonica,Brosimum guianense,7374879,0
Mespilus loureiroi,Potentilla pedata,8327079,0
Elaeagnus daibuensis,Elaeagnus thunbergii,4048183,1
Ficus cavronii,Celtis lingualis,11772803,0
Boehmeria mollicoma,Trichocephalus stipularis,5602927,0
Elatostematoides manillensis,Elatostematoides manillense,4098334,1
Rubus foliolosus,Rubus niveus,2989183,1
Potentilla humifusa,Potentilla concinna,5366180,1
Nangha amplifolia,Artocarpus altilis,2984573,1
Perlarius platyphyllus,Kentrothamnus weddellianus,3874789,0
Retanilla glauca,Ziziphus rugosa,7273665,0
Pouzolzia glochidiata,Boehmeria caudata,7610513,0
Discaria gracilenta,Discaria americana,5602906,1
Ogcodeia guianensis,Rhamnella rubrinervis,9039596,0
Rubus mysorensis,Rubus niveus,2989183,1
Chaenomeles lagenaria,Chaenomeles japonica,3000610,1
Sorbus stirtoniana,Aria stirtoniana,9604336,1
Ficus laceratifolia,Ficus bhotanica,5571447,1
Sponia pallida,Forsskaolea viridis,8040520,0
Freirea fernandeziana,Parietaria debilis,5361795,1
Ambaiba cyrtostachya,Cecropia pachystachya,4013385,1
Pentaphylloides vilmoriniana,Pouzolzia guineensis,4100342,0
Spiraea grata,Ceanothus sorediatus,3039339,0
Pyrus minima,Hedlundia minima,9234228,1
Parietaria australis,Musanga leo-errerae,7955313,0
Gouania fauriei,Prunus avium,3020791,0
Ceanothus reclinatus,Gouania nematostachya,10851969,0
Calaunia negrosensis,Paratrophis glabra,3765995,1
Colubrina venezuelensis,Leucosyke capitellata,4102514,0
Dorstenia vilella,Dorstenia brasiliensis,7262704,1
Acaena sericea,Acaena sericea,5370716,1
Potentilla festiva,Prunus javanica,3022372,0
Alchemilla microcarpa,Aphanes microcarpa,9062455,1
Pyracantha pyracantha,Artocarpus lacucha,7873234,0
Ancistrum sarmentosum,Acaena sarmentosa,5371103,1
Ceanothus peduncularis,Potentilla grandiflora,5366106,0
Photinia subzessilis,Photinia subzessilis,5363858,1
Rhamnus meyeri,Rhamnus globosa,6371045,1
Ramium malabaricum,Scutia myrtina,8317476,0
Sorbus pseudolatifolia,Karpatiosorbus tauricola,9285479,1
Pellionia paucidentata,Elatostema paucidentatum,4101508,1
Urera cuneata,Ziziphus xylopyrus,7524561,0
Rhamnus fasciculata,Endotropis serrata,9276778,1
Celastrus diffusus,Ventilago diffusa,3874500,1
Fragaria multifida,Phenax hirtus,7300652,0
Dorstenia volkensii,Trymalium wayi,7659623,0
Urtica incana,Hesperocnide sandwicensis,2984323,0
Mertensia goudotii,Celtis iguanaea,2984498,1
Procris gracilis,Elatostema gracile,4099808,1
Fleurya lurida,Phippsiomeles guerreris,11706261,0
Potentilla argyrea,Karpatiosorbus decipientiformis,9271446,0
Ziziphus emarginata,Urera expansa,4099366,0
Ariosorbus mougeotii,Hedlundia mougeotii,9312105,1
Phylica albida,Ulmus glabra,5361866,0
Conocephalus violaceus,Poikilospermum suaveolens,4013131,1
Pilea chamaedrys,Pilea inaequalis,5361845,1
Brosimopsis diandra,Ficus politoria,5572392,0
Sorbus pseudaria,Majovskya sudetica,9238979,1
Sorbus turcica,Sageretia elegans,3876721,0
Basilima pygmea,Crataegus submollis,3015560,0
Cecropia laetevirens,Aria edulis,8411755,0
Sorocea grandifolia,Chaenomeles speciosa,3000679,0
Dorstenia paucibracteata,Condalia microphylla,7273791,0
Cormus trilobata,Eriolobus trilobatus,7272334,1
Pyrus densiflora,Cecropia angustifolia,4013465,0
Prunus montana,Scutia myrtina,8317476,0
Tylanthus excelsus,Ficus barclayana,7486090,0
Urtica glaucescens,Urtica pilulifera,5670646,1
Rubus stereobelus,Elatostematoides gracilipes,4098380,0
Dorstenia brieyi,Aronia arbutifolia,5363629,0
Prunus crenulata,Trema orientale,2984508,0
Pyrus chihsiniana,Pouzolzia baronii,4100968,0
Morus plumiera,Maclura tinctoria,2984583,1
Fragaria moschata,Prunus avium,3020791,0
Pouzolzia dalzellii,Gonostegia pentandra,4100866,1
Urtica horrida,Stenanthemum pomaderroides,3876586,0
Gouania colurnifolia,Gouania velutina,5602862,1
Pomaderris coactilifolia,Spyridium coactilifolium,7273613,1
Elaeagnus pugens,Celtis occidentalis,2984481,0
Stephanandra gracilis,Prunus arborea,3021654,0
Chamaebatia foliolosa,Noltea africana,3877365,0
Ulmus taihangshanensis,Trymalium angustifolium,3875939,0
Artocarpus muricatus,Procris pilifera,5671174,0
Boehmeria melanocarpa,Spiraea tomentosa,3026819,0
Sageretia apiculata,Laportea alatipes,4100081,0
Spiraea opulifolia,Physocarpus opulifolius,2988354,1
Tetraglochin acanthocarpa,Margyricarpus acanthocarpus,3030153,1
Berchemia repanda,Berchemia scandens,3039506,1
Sorbus erubescens,Karpatiosorbus hybrida,9478021,0
Boehmeria arachnoidea,Pouzolzia arachnoidea,7909401,1
Spiraea coristantia,Spiraea coristantia,10687486,1
Pseudolmedia karstenii,Urtica magellanica,7300920,0
Rhamnus serrulata,Boehmeria holosericea,7300512,0
Ziziphus amole,Gonostegia pentandra,4100866,0
Crataegus laxa,Crataegus senta,3013958,1
Oreoherzogia imeretina,Trema cannabina,2984507,0
Urtica parietariifolia,Elatostema rugosum,4100369,0
Boehmeria cummingiana,Boehmeria heterophylla,4098689,1
Physocarpus pubescens,Phenax hirtus,7300652,0
Phylica imberbis,Pourthiaea impressivena,3000471,0
Ziziphus iguanea,Oreocnide rubescens,4099400,0
Morus paniculata,Treculia africana,7895921,1
Gouania nematostachya,Gouania nematostachya,10851969,1
Trymalium phlebophyllum,Urtica galeopsifolia,5670219,0
Dorstenia rosenii,Dorstenia benguellensis,3765939,1
Morus ovalifolia,Morus ovalifolia,5569676,1
Rhamnus imeretia,Atadinus alpinus,3877063,1
Crataegus quaesita,Poikilospermum suaveolens,4013131,0
Acaena cuneata,Dendrocnide peltata,4098650,0
Cydonia maulei,Elaeagnus conferta,7293128,0
Plagioceltis dichotoma,Celtis iguanaea,2984498,1
Celtis dysodoxylon,Celtis timorensis,4160107,1
Pellionia funingensis,Elatostema grijsii,11142078,1
Ficus stipulata,Potentilla newberryi,5368473,0
Broussonetia plumeri,Maclura tinctoria,2984583,1
Sorbus turkestanica,Elaeagnus angustifolia,3039269,0
Adicea acuminata,Procris pedunculata,5671195,0
Pygeum wallaceanum,Morus alba,5361889,0
Ulmus pumila,Ulmus parvifolia,5361869,1
Celtis stuhlmannii,Celtis zenkeri,4159774,1
Crataegus bodinieri,Celtis iguanaea,2984498,0
Sorbus seyboldiana,Karpatiosorbus seyboldiana,9619610,1
Urtica hyperborea,Urtica hyperborea,5669894,1
Clarisia mattogrossensis,Urtica portosanctana,5670622,0
Ceanothus parvifolius,Ampalis mauritiana,3765609,0
Boehmeria elongata,Crataegus punctata,3014805,0
Rhamnus microphylla,Frangula microphylla,3877750,1
Gyrotaenia cephalantha,Pilea tetraphylla,5670037,0
Pyrus eminens,Hovenia trichocarpa,7273737,0
Sorbus barthae,Aphanes arvensis,5365013,0
Boehmeria sordida,Boehmeria caudata,7610513,1
Sorbotoraria intermedia,Scandosorbus intermedia,10071055,1
Berchemia calophylla,Ziziphus calophylla,3876846,1
Artocarpus pubescens,Artocarpus hirsutus,2984572,1
Artocarpus riedelii,Parartocarpus venenosa,3766049,1
Rhamnus ephedra,Retanilla ephedra,7273774,1
Margyricarpus patagonicus,Scutia myrtina,8317476,0
Rhamnus volubilis,Berchemia scandens,3039506,1
Vitmannia africana,Noltea africana,3877365,1
Abelicea aquatica,Pilea grandifolia,5361822,0
Ficus caudatifolia,Ficus heteropleura,7262505,1
Colletia spinosa,Colletia spinosissima,6371450,1
Urtica furialis,Obetia radula,8399299,1
Rhamnus brandegeeana,Urtica pilulifera,5670646,0
Ficus inconstantissima,Artocarpus lacucha,7873234,1
Morus jinpingensis,Pilea glaberrima,5669878,0
Boehmeria arborea,Gesnouinia arborea,4101571,1
Urera alceifolia,Urera caracasana,2984335,1
Ceanothus andersonii,Ceanothus integerrimus,3039382,1
Dorstenia hispida,Dorstenia schliebenii,3763142,1
Crataegus pyracantha,Pyracantha crenulata,2988172,1
Lithocnides lappulacea,Rousselia humilis,5361854,1
Acaena decumbens,Acaena latebrosa,5370824,1
Pourouma uvifera,Karpatiosorbus sellii,9303590,0
Pomaderris parvifolia,Maclura tinctoria,2984583,0
Potentilla leuconota,Argentina peduncularis,8011593,1
Pyrus richii,Aria richii,9457420,1
Ficus semecarpifolia,Ficus austrocaledonica,8272563,1
Scutia circumcissa,Scutia myrtina,8317476,1
Cecropia discolor,Boehmeria nivea,2984359,0
Broussonetia rupicola,Spiraea japonica,8170635,0
Boehmeria janatsi-itsigo,Debregeasia edulis,4099382,1
Urtica viminea,Trema parviflorum,9662432,0
Ulmus chaterorum,Neillia thibetica,3024806,0
Pilea alpestris,Ceanothus caeruleus,3875440,0
Potentilla gorokana,Argentina gorokana,7405749,1
Pourthiaea laevis,Pourthiaea villosa,8356787,1
Celtis swartzii,Celtis trinervia,2984493,1
Acaena skottsbergii,Acaena poeppigiana,5370739,1
Macrorhamnus sphaerocarpa,Colubrina decipiens,5603150,1
Pyrus moiorum,Pourthiaea arguta,2988149,1
Papyrius japonica,Broussonetia papyrifera,5361944,1
Rhus lineatifolia,Helinus integrifolius,3875572,0
Ulmus crispa,Poikilospermum erectum,4013260,0
Artocarpus varians,Artocarpus rigidus,2984576,1
Dorstenia rugosa,Acaena confertissima,5370816,0
Phylica sessiliflora,Phylica paniculata,3875228,1
Urtica quadristipulata,Hedlundia kuznetzovii,10813232,0
Cotoneaster acuticarpa,Crataegus acuticarpa,7532361,1
Pouzolzia minor,Pouzolzia zeylanica,2984383,1
Saccus mariannensis,Artocarpus altilis,2984573,1
Phylica virgata,Phylica virgata,3874598,1
Dorstenia tomentosa,Acaena magellanica,5370832,0
Dorstenia piscicelliana,Dorstenia benguellensis,3765939,1
Soaresia ilicifolia,Gonostegia parvifolia,4100881,0
Rhamnus granulosa,Pouzolzia zeylanica,2984383,0
Sorbus portae-bohemicae,Karpatiosorbus portae-bohemicae,9255441,1
Cecropia bracteata,Prunus bucharica,3021249,0
Urtica melastomoides,Sorbaronia monstrosa,2987859,0
Phylica cotinifolia,Nesiota elliptica,3877392,1
Broussonetia papyrifera,Broussonetia papyrifera,5361944,1
Pleuranthoides hillebrandii,Gouania hillebrandii,8240892,1
Dorstenia minor,Dorstenia hirta,3764709,1
Sorbus schuwerkiorum,Ficus racemosa,5361904,0
Morocarpus lutescens,Debregeasia longifolia,4099305,1
Artocarpus philippensis,Artocarpus heterophyllus,2984565,1
Rhamnus pinetorum,Boehmeria holosericea,7300512,0
Potentilla caroliniana,Trema orientale,2984508,0
Sorbus hungarica,Aria hungarica,9260256,1
Sorbus subenimens,Aria eminens,9343973,1
Elaeagnus isensis,Hedlundia turkestanica,10809500,0
Condaliopsis lycioides,Sarcomphalus obtusifolius,8937468,1
Bosqueiopsis parvifolia,Ficophyllum crassinerve,11155712,0
Acaena laxiflora,Laportea interrupta,2984469,0
Elaeagnus litoralis,Elaeagnus angustifolia,3039269,1
Sponia griffithii,Trema tomentosum,7303576,1
Scypharia guayaquilensis,Scutia spicata,7273727,1
Ceanothus versaillensis,Pourouma emarginata,7904473,0
Trichothalamus lignosus,Chaetachme aristata,4159728,0
Brosimum angustifolium,Boehmeria heterophylla,4098689,0
Celtis eriantha,Gesnouinia arborea,4101571,0
Fragariastrum nitidum,Potentilla nitida,5367673,1
Boehmeria dasypoda,Boehmeria cylindrica,2984345,1
Sorbus gemella,Karpatiosorbus gemella,9594195,1
Rhamnidium reticulatum,Olmedia aspera,7954917,0
Cudrania jingdongensis,Maclura cochinchinensis,7262552,1
Sorbus norvegica,Aria obtusifolia,9276845,1
Pipturus fauriei,Didymodoxa caffra,4098352,0
Ulmus keia-ki,Zelkova serrata,2984532,1
Ceanothus divergens,Ochetophila trinervis,3877218,1
Horkelia baileyi,Rhaphiolepis fulvicoma,10746511,0
Cerasus pallida,Potentilla canadensis,5368951,0
Pomaderris obscura,Pomaderris lanigera,3876790,1
Condalia lycioides,Boehmeria sieboldiana,4101147,0
Elaeagnus dendroidea,Elaeagnus conferta,7293128,1
Morus morettiana,Morus alba,5361889,1
Soulangia cordata,Aronia arbutifolia,5363629,0
Acaena montevidensis,Dorstenia tayloriana,7262415,0
Parietaria fernandeziana,Leucosyke capitellata,4102514,0
Nuttallia davidiana,Cryptandra amara,7273650,0
Touchardia christensenii,Phylica atrata,3876370,0
Spiraea xmacrothyrsa,Holodiscus discolor,2987780,0
Mertensia tala,Celtis tala,7141607,1
Cecropia adenopus,Crataegus pruinosa,7790552,0
Cryptandra suavis,Aria stirtoniana,9604336,0
Pleuranthoides hillebrandii,Parartocarpus venenosa,3766049,0
Pyrus uranus,Photinia prunifolia,5363844,1
Cerasus griffithii,Prunus griffithii,3021947,1
Phenax gaudichaudianus,Phenax mexicanus,7300639,1
Choenomeles lagenaria,Chaenomeles speciosa,3000679,1
Trophis drupacea,Prunus spinosa,3023221,0
Ramium celtidifolium,Boehmeria celtidifolia,4099945,1
Ulmus modiolina,Pouzolzia sanguinea,7300542,0
Sorbus tamamschjanae,Hedlundia tamamschjanae,10675505,1
Eriobotrya obovata,Rhaphiolepis obovata,10826191,1
Pyrus bibas,Rhaphiolepis bibas,10786206,1
Pellionia angulare,Cydonia oblonga,5362215,0
Condalia spinosa,Discaria americana,5602906,1
Parasponia eurhyncha,Spiraea ouensanensis,3026541,0
Ulmus latifolia,Ulmus glabra,5361866,1
Myriocarpa colipensis,Didymodoxa caffra,4098352,0
Ceanothus cuneatus,Argentina commutata,7651201,0
Trema griseum,Poikilospermum peltatum,4013163,0
Momisia tarijensis,Celtis iguanaea,2984498,1
Rhamnus pringlei,Frangula pringlei,3877499,1
Cecropia magnifolia,Dorstenia poinsettifolia,7515664,0
Crataegus alutacea,Gouania meyenii,5372441,0
Phylica myrtifolia,Karpatiosorbus dracofolia,9460008,0
Melanobatus leucodermis,Dendrocnide oblanceolata,4098661,0
Boehmeria rubescens,Gesnouinia arborea,4101571,1
Pourouma emarginata,Pourouma emarginata,7904473,1
Urtica depressa,Pilea depressa,5361825,1
Colubrina mollis,Colubrina triflora,5602971,1
Pomaderris biaurita,Pomaderris obcordata,3876571,1
Tetraglochin clarazii,Margyricarpus caespitosus,3030143,1
Pyrus barrandienica,Trema eurhynchum,9734868,0
Pyrus fokienensis,Pourthiaea fokienensis,3000554,1
Elaeagnus ferruginea,Elaeagnus triflora,7293096,1
Potentilla josephiana,Dendrocnide stimulans,4098487,0
Parietaria soleirolii,Antiaris toxicaria,7262663,0
Zizyphus nummularia,Ziziphus nummularia,3039427,1
Hyrtanandra javanica,Gonostegia pentandra,4100866,1
Sorbus budaiana,Aria edulis,8411755,1
Elatostema visciforme,Procris visciformis,5671009,1
Berchemia nana,Berchemia edgeworthii,3876494,1
Ficus exasperata,Ficus ampelos,8053189,1
Morus inusitata,Prunus armeniaca,7818643,0
Laportea sessiliflora,Dendrocnide sessiliflora,4098520,1
Gironniera ferruginea,Sorbaronia fallax,2987863,0
Sorbus margaretae,Aria margaretae,9614363,1
Celtis waitzii,Celtis timorensis,4160107,1
Condaliopsis seleri,Sarcomphalus pedunculatus,9186176,1
Urera alceifolia,Argentina micropetala,7582115,0
Pilea pellis-crocodili,Elatostematoides falcifolia,11773604,0
Laportea crassifolia,Dendrocnide crassifolia,4098948,1
Saccus integer,Artocarpus integer,2984566,1
Crataegus alpina,Pomaderris flabellaris,3877084,0
Cryptandra connata,Blackallia connata,3875886,1
Pyrus anlungensis,Photinia anlungensis,5363855,1
Armeniaca mongametia,Prunus armeniaca,7818643,1
Bosqueia cerasifolia,Aphanes microcarpa,9062455,0
Nuttallia cerasiformis,Oemleria cerasiformis,2988485,1
Adicea obliqua,Dendrocnide meyeniana,4098765,0
Sorbus trilobata,Eriolobus trilobatus,7272334,1
Rubus japonicus,Kerria japonica,5371450,1
Ulmus reticuata,Dorstenia dorstenioides,3765117,0
Trymalium serpyllaceum,Spyridium obcordatum,3877394,1
Prainea rumphiana,Spiraea tobolskia,3027279,0
Urostigma nudum,Ficus austrocaledonica,8272563,0
Pipturus integrifolia,Ficus ampelos,8053189,0
Cecropia carbonaria,Cecropia pachystachya,4013385,1
Elaeagnus argentea,Celtis sinensis,4159594,0
Sibbaldia byssitecta,Argentina micropetala,7582115,1
Zelkova keaki,Karpatiosorbus hybrida,9478021,0
Pygeum ovale,Cecropia glaziovii,7512929,0
Artocarpus altilis,Rosa beggeriana,7832083,0
Ziziphus circumscissa,Gonostegia pentandra,4100866,0
Boehmeria ovata,Neraudia ovata,2984372,1
Pyrus zhijiangensis,Pourthiaea sorbifolia,9657347,1
Pouzolzia diffusa,Phylica gracilis,3875811,0
Rhamnella mairei,Potentilla sieversiana,5367800,0
Bosqueia manongarivensis,Celtis iguanaea,2984498,0
Ulmus pendula,Ulmus hollandica,7141604,1
Quercus abelicea,Zelkova abelicea,4159329,1
Trema hochstetteri,Rhaphiolepis henryi,10808055,0
Crataegus rugosa,Crataegus pruinosa,7790552,1
Mespilus cuneifolia,Crataegus punctata,3014805,1
Cryptandra spinosa,Cryptandra australis,3874594,1
Kosaria palmata,Dorstenia barnimiana,7262729,1
Urtica decumana,Laportea decumana,4099644,1
Spiraea dumosa,Holodiscus australis,2987775,1
Pyrus pumila,Paratrophis philippinensis,3765935,0
Potentilla cristata,Argentina stenophylla,8033120,1
Spiraea splendens,Cryptandra propinqua,7273907,0
Tetraglochin inerme,Margyricarpus inermis,3030145,1
Ulmus irregularis,Ficus coloradensis,11640099,1
Ficus schinzii,Ficus abelii,5570171,1
Pourthiaea kankoensis,Boehmeria nivea,2984359,0
Gironniera retinervia,Aphananthe philippinensis,4159824,0
Amygdalus argentea,Hedlundia pekarovae,9363050,0
Poikilospermum tonkinense,Poikilospermum suaveolens,4013131,1
Argentina mieheorum,Trichocephalus stipularis,5602927,0
Sorbus arsenei,Sorbaronia arsenii,2987867,1
Ficus subpyriformis,Colletia hystrix,7273656,0
Pyrus eystettensis,Karpatiosorbus eystettensis,9565114,1
Thecanisia discolor,Rubus leucodermis,8110785,0
Pouzolzia arabica,Pouzolzia mixta,7300658,1
Rhamnus palmeri,Frangula palmeri,3877609,1
Photinia glomerata,Photinia griffithii,5364046,1
Achudemia iseana,Achudemia japonica,4099750,1
Urtica macrophylla,Argentina lineata,8228815,0
Phylica oblongifolia,Phylica paniculata,3875228,1
Phylica scandens,Urtica fissa,7788593,0
Colubrina pubiflora,Berchemia pubiflora,3876127,1
Freirea fernandeziana,Cecropia membranacea,4013609,0
Ancistrum acaena,Aria vajdae,9512002,0
Pyrus tauricola,Karpatiosorbus tauricola,9285479,1
Celtis mississippiensis,Elatostematoides polioneurum,4098279,0
Ziziphus mistol,Sarcomphalus mistol,8889452,1
Eriobotrya stipularis,Rhaphiolepis stipularis,10676307,1
Dorstenia houstonii,Sageretia gracilis,3876684,0
Elatostema henryanum,Elatostema heterolobum,4099443,1
Mespilus pyracantha,Pyracantha crenulata,2988172,1
Urera cuneata,Scepocarpus cuneatus,11873380,1
Urtica meyeri,Pouzolzia zeylanica,2984383,0
Solenostigma philippinensis,Rosa unica,3854786,0
Acaena macrophyes,Karpatiosorbus gayeriana,9482210,0
Sageretia hayatae,Clarisia racemosa,5572170,0
Gouania domingensis,Scepocarpus trinervis,11543475,0
Photinia sieboldii,Phenax hirtus,7300652,0
Dimerocarpus balansae,Taxotrophis macrophylla,3767188,1
Sciophila frutescens,Procris frutescens,7300452,1
Cydonia europaea,Cydonia oblonga,5362215,1
Taxotrophis caudata,Taxotrophis zeylanica,3767138,1
Frangula atroviridis,Ficus crassinervia,5361897,0
Trophis philippinensis,Paratrophis philippinensis,3765935,1
Ficus imperialis,Ficus auriculata,5571773,1
Procris rupicola,Celtis pallida,2984494,0
Morocarpus sororius,Ficus glandulifera,7942321,0
Acaena pseudopoeppigiana,Acaena poeppigiana,5370739,1
Parietaria cuneata,Ziziphus dalanta,3876613,0
Pyrus scepusiensis,Hedlundia scepusiensis,9511442,1
Urera viridisetosa,Urera baccifera,7411905,1
Pyrus photinia,Heteromeles arbutifolia,5370154,1
Colletia chacaye,Discaria chacaye,5602883,1
Acaena oligoglochin,Acaena magellanica,5370832,1
Fragariastrum curvisetum,Gonostegia parvifolia,4100881,0
Urtica viminea,Pouzolzia sanguinea,7300542,1
Phylica atrata,Rhamnella martini,3874883,0
Ulmus pseudoamericana,Alphitonia excelsa,3039494,0
Sponia glabrescens,Trema cannabina,2984507,1
Trema riparium,Celtis tala,7141607,0
Colubrina vellozoi,Colubrina retusa,7273891,1
Ctenocladus mildbraedii,Celtis mildbraedii,4159999,0
Elaeagnus rotundifolia,Elaeagnus latifolia,4048232,1
Aboriella myriantha,Achudemia myriantha,11208539,1
Trema carinatum,Trema cannabina,2984507,1
Gouania pilata,Gouania hillebrandii,8240892,1
Photinia cavaleriei,Ziziphus glabrata,12257700,0
Rhamnus alpina,Endotropis alnifolia,9266494,1
Ficus ekmanii,Karpatiosorbus pseudolatifolia,9540654,0
Pyrus magocsyana,Karpatiosorbus magocsyana,9616932,1
Urtica arborescens,Margyricarpus andinus,9492557,0
Potentilla terglovensis,Aruncus dioicus,5362136,0
Crataegus divida,Crataegus macracantha,3013570,1
Spyridium prostratum,Dendrocnide kotoensis,4098823,0
Taxotrophis poilanei,Cecropia glaziovii,7512929,0
Celtis fengqingensis,Elatostema cauliflorum,4100987,0
Colletia stipellacea,Discaria nana,8629951,1
Schychowskya ruderalis,Ziziphus jujuba,3039423,0
Artocarpus gomezianus,Karpatiosorbus milensis,9570204,0
Pyrus pseudothuringiaca,Hedlundia pseudothuringiaca,9477048,1
Boehmeria flagelliformis,Boehmeria caudata,7610513,1
Morus albida,Prunus crassa,8249530,0
Urtica meyerae,Urtica lobata,5671412,1
Rhamnus coriacea,Rhamnus songorica,3874646,1
Brosimum platyneurum,Brosimum rubescens,3762826,1
Momisia dichotoma,Celtis iguanaea,2984498,1
Ficus hypoleucogramma,Ficus orthoneura,5570349,1
Ivesia sanlotinoides,Potentilla santolinoides,5365641,1
Ulmus reticuata,Ulmus minor,5361865,1
Fragaria carolinensis,Ficus glandulifera,7942321,0
Sorocea uriamem,Laportea cuneata,2984462,0
Photinia consimilis,Photinia prunifolia,5363844,1
Potentilla exaltata,Potentilla chinensis,5365665,1
Ficus kingiana,Pouzolzia cymosa,4100704,0
Elaeagnus songarica,Elaeagnus songarica,8273261,1
Pyrus trilobata,Eriolobus trilobatus,7272334,1
Pyracomeles vilmorinii,Acaena trifida,5370812,0
Potentilla oronoma,Potentilla oronoma,5367390,1
Momisia lamarckii,Celtis laevigata,2984491,1
Aronia melanocarpa,Aronia melanocarpa,5363627,1
Acaena grandistipula,Acaena magellanica,5370832,1
Cecropia sylvicola,Frangula capreifolia,3874736,0
Acaena depauperata,Pouzolzia parasitica,4099533,0
Crataegus pruinosa,Celtis sinensis,4159594,0
Condalia obtusifolia,Sageretia thea,3039516,0
Pyrus scabrifolia,Crataegus scabrifolia,3013721,1
Helinus spartioides,Helinus spartioides,3875512,1
Boehmeria glochidiata,Dorstenia brasiliensis,7262704,0
Cecropia palmatisecta,Cecropia angustifolia,4013465,1
Rubus internatus,Rubus internatus,2999979,1
Cryptandra behriana,Maclura cochinchinensis,7262552,0
Boehmeria tirapensis,Pourouma minor,4013658,0
Freirea micrantha,Aria keszthelyensis,9577061,0
Sorbus vexans,Aria vexans,9390956,1
Ceanothus divaricatus,Phylica curvifolia,3876057,0
Elaeagnus philippensis,Pipturus arborescens,4102074,0
Crataegus laevis,Pourthiaea villosa,8356787,1
Rhamnus circumscissa,Ulmus pumila,5361877,0
Fragaria indica,Argentina micropetala,7582115,1
Ceanothus bakeri,Celtis brasiliensis,7303606,0
Rhamnus elliptica,Colubrina elliptica,5372458,1
Urtica rubra,Pouzolzia sanguinea,7300542,1
Sorbus robertsonii,Aronia arbutifolia,5363629,0
Lasiodiscus mildbraedii,Lasiodiscus pervillei,7273616,1
Morus grisea,Cecropia angustifolia,4013465,0
Dubrueilia semidentata,Ziziphus mairei,3875748,0
Ficus umbrina,Pilea pubescens,7300898,0
Crataegus melanocarpa,Dendrocnide sinuata,4098506,0
Crataegus germanica,Mespilus germanica,3031774,1
Solenandra humilis,Stenanthemum humile,3876727,1
Gouania remyi,Gouania hillebrandii,8240892,1
Celtis rugosa,Aria edulis,8411755,0
Paliurus aculeatus,Paliurus spina-christi,5372457,1
Trophis ramon,Dendrocnide sinuata,4098506,0
Celtis hottlei,Ampelocera hottlei,4160087,1
Rhamnus affinis,Sageretia hamosa,7273915,1
Urtica meyeniana,Prunus lancilimba,3023124,0
Alchemilla berteroana,Aphanes berteroana,5364998,1
Potentilla luteopilosa,Argentina luteopilosa,8387290,1
Parasponia parviflora,Maclura spinosa,3764154,0
Artocarpus clementis,Frangula rupestris,3877335,0
Urtica longifolia,Debregeasia longifolia,4099305,1
Sorbus moravica,Aria moravica,9233662,1
Urtica burchellii,Urtica lobata,5671412,1
Urera ficifolia,Maclura cochinchinensis,7262552,0
Spiraea argentea,Holodiscus argenteus,2987810,1
Adicea laxa,Pilea laxa,5670869,1
Photinia formosana,Pourthiaea lucida,3000593,1
Pellionia esquirolii,Elatostema parvum,7300859,1
Pentaphylloides vilmoriniana,Potentilla frigida,5368457,1
Pseudotrophis mindanaensis,Taxotrophis macrophylla,3767188,1
Ziziphus emarginata,Krugiodendron ferreum,3039518,1
Aruncus americanus,Aruncus sylvester,6369098,1
Sorbus thaiszii,Artocarpus lacucha,7873234,0
Ficus morifolia,Ficus lateriflora,5572364,1
Dorstenia mildbraediana,Spiraea lasiocarpa,3026795,0
Crataegus serrata,Heteromeles arbutifolia,5370154,1
Sorbus andreanszkyana,Karpatiosorbus ratisbonensis,9488887,0
Trema rugosum,Trema micranthum,2984501,1
Persica levis,Celtis brasiliensis,7303606,0
Rhamnus chekiangensis,Boehmeria sieboldiana,4101147,0
Smythea reticulata,Smythea lanceata,3039431,1
Urera rotundifolia,Parietaria officinalis,5361803,0
Rubus leucostachys,Rubus leucodermis,8110785,1
Solenostigma angustifolium,Pourthiaea callosa,3000473,0
Artocarpus frutescens,Crataegus laciniata,8240558,0
Ziziphus floribunda,Berchemia floribunda,3876453,1
Zizyphus trinervia,Sorbaria kirilowii,3012103,0
Sorbus hibernica,Aria hibernica,9254502,1
Ficus glomerata,Celtis philippensis,7303643,0
Celtis sinensis,Coussapoa microcarpa,4013334,0
Bagassa sagotiana,Bagassa guianensis,3763926,1
Ficus megacarpa,Neraudia sericea,2984374,0
Laportea ternatensis,Dendrocnide ternatensis,4098440,1
Rubus separinus,Debregeasia saeneb,4099243,0
Spiraea ulmifolia,Spiraea bella,3026631,0
Ulmus longicaudata,Dorstenia arifolia,7262742,0
Artocarpus lingnanensis,Artocarpus parvus,3764344,1
Pyrus cochleariformis,Scutia myrtina,8317476,0
Berchemia zeyheri,Gouania fimbriata,10689212,0
Urtica mollissima,Nothocnide mollissima,4099907,1
Spiraea billardierei,Spiraea billiardii,7732954,1
Sageretia spicata,Scutia spicata,7273727,1
Sibiraea croatica,Sibiraea laevigata,3032453,1
Persica necturina,Persica necturina,3032495,1
Celtis riparia,Scepocarpus rigidus,11732428,0
Luetkea cinerascens,Petrophytum cinerascens,3030186,1
Rhamnus micrantha,Ziziphus mauritiana,3039424,0
Rubus pauciflorus,Rubus niveus,2989183,1
Cerasus erythrocarpa,Prunus bifrons,3020970,1
Potentilla moeszii,Potentilla radiata,5366051,1
Trema pallidum,Trema cannabina,2984507,1
Phyllostylon brasiliensis,Phyllostylon brasiliensis,4927755,1
Margarocarpus ovatus,Hedlundia schwarziana,9321038,0
Mespilus prunifolia,Crataegus persimilis,3015457,1
Morus formosensis,Aronia melanocarpa,5363627,0
Urtica fischeri,Scepocarpus sansibaricus,11828971,1
Korsaria forskahlei,Ziziphus spina-christi,8228089,0
Hovenia pubescens,Prunus javanica,3022372,0
Sorbus bukkensis,Endotropis alnifolia,9266494,0
Crataegus saundersiana,Crataegus pruinosa,7790552,1
Pyrus cucphuongensis,Rhamnus prostrata,3875839,0
Aria flabellifolia,Trevoa quinquenervia,3876194,0
Crataegus asperata,Rhamnus disperma,3875579,0
Cecropia philipsonii,Elatostema yunnanense,8179778,0
Trymalium halmaturinum,Vauquelinia californica,3001749,0
Pyrus major,Frangula goudotiana,3874545,0
Dorstenia caulescens,Dorstenia urceolata,7262385,1
Laportea microstigma,Dendrocnide microstigma,4098754,1
Ulmus mollifolia,Ulmus americana,5361872,1
Horkeliella congdonis,Potentilla congdonis,11355431,1
Colubrina buxifolia,Ceanothus buxifolius,3875457,1
Eriobotrya buisanensis,Artocarpus lacucha,7873234,0
Spiraea pachysandra,Prunus javanica,3022372,0
Reynosia intermedia,Debregeasia longifolia,4099305,0
Helianthostylis sprucei,Brosimum sprucei,11665758,1
Ceanothus ferreus,Krugiodendron ferreum,3039518,1
Ceanothus grandis,Ceanothus velutinus,7723763,1
Karwinskia pubescens,Elaeagnus pungens,3039270,0
Chaydaia rubrinervis,Ulmus hollandica,7141604,0
Broussonetia greveana,Allaeanthus greveanus,3765669,1
Urtica corallina,Poikilospermum suaveolens,4013131,0
Urtica crenulata,Dendrocnide sinuata,4098506,1
Rubus donianus,Laportea ovalifolia,4098915,0
Morus riparia,Morus rubra,5361886,1
Urtica triplinervis,Pouzolzia zeylanica,2984383,1
Ceanothus mystacinus,Helinus integrifolius,3875572,1
Colubrina napalensis,Didymodoxa capensis,7300493,0
Maillardia mandrarensis,Ziziphus spina-christi,8228089,0
Rhamnus decussata,Scutia spicata,7273727,1
Boehmeria travancorica,Gonostegia triandra,4100795,0
Adicea ceratocalyx,Ochetophila trinervis,3877218,0
Rosa drimylophylla,Rosa drimylophylla,3008830,1
Urtica morifolia,Broussonetia papyrifera,5361944,0
Gonostegia alternifolia,Gonostegia pentandra,4100866,1
Prunus nitens,Naucleopsis glabra,3767226,0
Pseudolmedia guaranitica,Pseudolmedia laevigata,3764182,1
Adicea repens,Ficus odoardi,5570499,0
Pyrus subarranensis,Hedlundia subarranensis,9439756,1
Urtica whitlowii,Laportea canadensis,2984463,1
Colletia trifurcata,Colletia spinosissima,6371450,1
Adicea melastomodes,Chaetachme aristata,4159728,0
Sorbus zuzanae,Colubrina triflora,5602971,0
Cerasus actiana,Colubrina heteroneura,5603104,0
Batidaea sandbergii,Ficus elastica,7835333,0
Sorbus redliana,Karpatiosorbus redliana,9331888,1
Broussonetia kasii,Pourthiaea zhejiangensis,3000394,0
Sponia sumatrana,Gironniera subaequalis,4159324,1
Dorstenia domingensis,Dorstenia erythrandra,8892698,1
Rhamnus glabrata,Artocarpus calophyllus,3765088,0
Photinia subsessilis,Rhaphiolepis hookeriana,10740939,1
Ulmus keaki,Zelkova serrata,2984532,1
Sorbus xteodori,Hedlundia teodori,9502874,1
Notophaena tomentosa,Colletia hystrix,7273656,1
Lecanocnide diversifolia,Urera aurantiaca,7300663,0
Rhamnus chinensis,Trema orientale,2984508,0
Pyracantha spinosa,Pyracantha coccinea,2988188,1
Pellionia goepeliana,Ampalis mauritiana,3765609,0
Adicea diversifolia,Pilea diversifolia,5670342,1
Ambaiba acutifolia,Rhaphiolepis bibas,10786206,0
Stenanthemum pimelioides,Maclura tinctoria,2984583,0
Celtis compressa,Karwinskia humboldtiana,3039523,0
Ficus sororia,Brosimum rubescens,3762826,0
Spiraea triternata,Pouzolzia arachnoidea,7909401,0
Ficus karet,Auerodendron cubense,7273940,0
Urtica pendula,Cecropia telenitida,4013242,0
Crataegus lancei,Pouzolzia variifolia,4098645,0
Scutia circumcissa,Elatostematoides rigidum,4098271,0
Adicea rotundata,Pilea rotundata,7300807,1
Urera obovata,Aria edulis,8411755,0
Urtica rigida,Hedlundia thuringiaca,9471386,0
Celtis hilariana,Phylica ambigua,3876469,0
Spiraea tobolskia,Fragaria orientalis,3029834,0
Elaeagnus mayebarai,Elaeagnus montana,4048261,1
Crataegus amoena,Oreocnide tonkinensis,4099347,0
Cecropia hondurensis,Cecropia peltata,2984476,1
Sorbus hornadensis,Hedlundia hornadensis,9383472,1
Celtis durandii,Elaeagnus commutata,3039274,0
Hulthemosa hardyi,Rosa hardyi,8115297,1
Maclura plumerii,Colubrina asiatica,5372467,0
Elatostema ponapense,Procris pedunculata,5671195,1
Elatostema lucidum,Cecropia polystachya,4013171,0
Physocarpus glaber,Celtis bungeana,7141664,0
Potentilla subarctica,Argentina subarctica,5370264,1
Eriobotrya capitata,Spiraea veitchii,3027382,0
Ulmus antarctica,Ulmus glabra,5361866,1
Ulmus acuminatissima,Dorstenia warneckei,3762617,0
Pilea morseana,Urtica spatulata,5670135,0
Boehmeria succosa,Karpatiosorbus pseudolatifolia,9540654,0
Dubrueilia rupipendia,Sageretia thea,3039516,0
Boehmeria spicata,Laportea interrupta,2984469,1
Saccus champeden,Margyricarpus alatus,3030140,0
Berchemia pycnantha,Ulmus hollandica,7141604,0
Taxotrophis triapiculata,Taxotrophis ilicifolia,3767205,1
Pyrus speciosa,Chaenomeles speciosa,3000679,1
Mespilus bengalensis,Rhaphiolepis bengalensis,10869066,1
Heteromeles salicifolia,Heteromeles arbutifolia,5370154,1
Zizyphus mairei,Crataegus macracantha,3013570,0
Prunus myriocephala,Sarcochlamys pulcherrima,4100697,0
Helicostylis affinis,Helicostylis tomentosa,3764831,1
Pilea oligantha,Achudemia japonica,4099750,1
Boehmeria boliviana,Pouzolzia boiviniana,4100913,1
Elatostema paludosum,Elatostema macrophyllum,4098062,1
Elatostema wenzelii,Elatostematoides wenzelii,11468118,1
Ficus discolor,Laportea bulbifera,7300666,0
Ancistrum barbatum,Ochetophila trinervis,3877218,0
Urtica ternata,Gonostegia pentandra,4100866,1
Adicea ceratocalyx,Pilea ceratocalyx,5670968,1
Sponia tetrandra,Artocarpus lamellosus,3764628,0
Dorstenia erecta,Dorstenia hirta,3764709,1
Fleurya glandulosa,Laportea aestuans,2984466,1
Duretia cylindrica,Boehmeria cylindrica,2984345,1
Urera thonneri,Argentina lineata,8228815,0
Rhamnus cornifolia,Hedlundia arranensis,9290014,0
Ancistrum diandrum,Aria herefordensis,9580582,0
Morus alba,Prunus gazelle-peninsulae,3022154,0
Sorbus woronowii,Hedlundia armeniaca,10833957,1
Morus vernonii,Argentina micropetala,7582115,0
Tylanthus diosmoides,Phylica diosmoides,3876006,1
Castilloa markhamiana,Perebea xanthochyma,3765422,1
Potentilla coryphea,Potentilla coryphea,5367180,1
Cormonema biglandulosum,Rhamnus biglandulosa,3877077,1
Sorbus arvernensis,Acaena cylindristachya,5371112,0
Streblus madagascariensis,Bleekrodea madagascariensis,3763815,1
Phenax ballotifolius,Celtis adolfi-friderici,4159612,0
Rhamnus longistyla,Frangula longistyla,7928442,1
Pyrus andreanszkyana,Pseudolmedia spuria,2984543,0
Pilea macropoda,Boehmeria splitgerbera,4101039,0
Albrandia spinosa,Elatostema volubile,4098780,0
Rhamnus eriocarpa,Rhamnus pichleri,3876064,1
Laportea terminalis,Laportea bulbifera,7300666,1
Acaena millefolia,Dendrocnide peltata,4098650,0
Elatostema mesargyreum,Dendrocnide venosa,4098413,0
Cryptandra propinqua,Aria zolyomii,9456472,0
Sphaerotylos medogensis,Rubus alterniflorus,8321269,0
Pomaderris ligustrina,Pomaderris ligustrina,7594100,1
Streblus malayanus,Potentilla hendersonii,5369235,0
Celtis aphanonthoides,Celtis jessoensis,7141633,1
Ficus parvifolia,Ceanothus integerrimus,3039382,0
Urera stimulans,Laportea interrupta,2984469,0
Conocephalus amboinensis,Poikilospermum amboinense,4013310,1
Celtis soyauxii,Cecropia glaziovii,7512929,0
Urera spicata,Ceanothus delileanus,4928516,0
Potentilla polytricha,Potentilla polytricha,8237052,1
Urtica sessiliflora,Laportea interrupta,2984469,1
Pyrus malipoensis,Rhaphiolepis malipoensis,10861574,1
Ficus phlebophylla,Ficus parietalis,5569936,1
Artocarpus lacucha,Brosimum costaricanum,3763319,0
Pilea wydleri,Argentina lineata,8228815,0
Gironniera retinervia,Gironniera celtidifolia,4159570,1
Urera ficifolia,Aronia arbutifolia,5363629,0
Spiraea cuneifolia,Cecropia membranacea,4013609,0
Rhamnus retanilla,Aria edulis,8411755,0
Photinia floribunda,Spiraea acuta,3853960,0
Prunus blireana,Aphananthe cuspidata,8293016,0
Urtica semicrenata,Celtis zenkeri,4159774,0
Potentilla leuconota,Ulmus hollandica,7141604,0
Conocephalus ellipticus,Poikilospermum suaveolens,4013131,1
Streblus dimepate,Aria arvonicola,9578666,0
Urera madagascariensis,Obetia madagascariensis,4099791,1
Coussapoa prancei,Ulmus glabra,5361866,0
Cryptandra villosa,Spyridium villosum,3876904,1
Oreoherzogia fallax,Ceanothus americanus,3039318,0
Urtica melanocarpa,Scutia myrtina,8317476,0
Persica ispahamensis,Persica ispahanensis,7430872,1
Brosimum sapiifolium,Dendrocnide peltata,4098650,0
Rhamnus cinerascens,Berchemia cinerascens,7720336,1
Ulmus crispa,Ulmus rubra,5361867,1
Acaena sanguisorbae,Acaena anserinifolia,7942884,1
Pyrus benthamiana,Pourthiaea benthamiana,3000344,1
Urtica decumana,Physocarpus malvaceus,2988332,0
Rhamnus kiusiana,Argentina shweliensis,7366653,0
Rhamnus maytenoides,Celtis iguanaea,2984498,0
Dorstenia faria,Procris pedunculata,5671195,0
Photinia scandens,Ficus globosa,5571079,0
Photinia koreana,Maclura tinctoria,2984583,0
Aronia sorbifolia,Sorbaronia sorbifolia,2987868,1
Rhaphiolepis impressivena,Gironniera parvifolia,4159419,0
Sorbus gemella,Berchemiella berchemiifolia,3875970,0
Trymalium hermannioides,Spyridium parvifolium,7273996,1
Ficus rudis,Dorstenia poinsettifolia,7515664,0
Fragaria chilensis,Gouania blanchetiana,5603111,0
Cryptandra halmaturina,Spyridium halmaturinum,7274027,1
Gouania triehodonta,Crataegus nigra,3015596,0
Ulmus transbaicalensis,Rhaphiolepis indica,5371542,0
Prunus takasagomontana,Prunus transarisanensis,3023032,1
Pseudolmedia coriacea,Maquira coriacea,3763724,1
Urtica pustulata,Laportea canadensis,2984463,1
Sorbus latifolia,Pipturus argenteus,6414892,0
Gouania viridis,Ulmus hollandica,7141604,0
Brosimum lanciferum,Polianthion minutiflorum,3874471,0
Boehmeria nepalensis,Dorstenia dinklagei,7262628,0
Dorstenia heringeri,Ceanothus americanus,3039318,0
Boehmeria quelpaertensis,Boehmeria splitgerbera,4101039,1
Sorbus stirtoniana,Physocarpus malvaceus,2988332,0
Cecropia digitata,Cecropia pachystachya,4013385,1
Covellia macrophylla,Argentina indivisa,8214411,0
Urtica squamigera,Chamabainia cuspidata,7300685,1
Myrianthus mildbraedii,Physocarpus monogynus,2988349,0
Boehmeria glabrata,Karpatiosorbus latifolia,9306058,0
Crataegus oxystevenii,Crataegus media,3013800,1
Pouzolzia obscura,Gonostegia triandra,4100795,1
Rhamnus humifusa,Dendrocnide longifolia,4098791,0
Sorbus rhodanthera,Scepocarpus sansibaricus,11828971,0
Rhamnus macrophylla,Procris crenata,5669749,0
Ziziphus rhodoxylon,Hesperocnide tenella,2984324,0
Sorbus intermedia,Scandosorbus intermedia,10071055,1
Laportea leytensis,Boehmeria repens,2984358,0
Berchemia lineata,Maclura cochinchinensis,7262552,0
Boehmeria arenicola,Boehmeria dura,4099280,1
Maoutia planitora,Maoutia setosa,5671060,1
Photinia raupingensis,Prunus emarginata,7272137,0
Cydonia piriformis,Dallachya vitiensis,3875981,0
Alchemilla minutiflora,Aphanes minutiflora,5365004,1
Cudranus triloba,Ampalis mauritiana,3765609,0
Helianthostylis steyermarkii,Maillardia borbonica,3763965,0
Paliurus australis,Paliurus spina-christi,5372457,1
Chamaemespilus pseudaria,Majovskya sudetica,9238979,1
Cecropia lisboana,Phenax sonneratii,6414569,0
Ceanothus regius,Ceanothus regius,10030111,1
Ficophyllum oblongifolium,Ampalis mauritiana,3765609,0
Leucococcus orientalis,Leucosyke capitellata,4102514,0
Crataegus poiretiana,Crataegus pruinosa,7790552,1
Elatostema lucidum,Procris pedunculata,5671195,1
Ulmus pyramidalis,Ulmus glabra,5361866,1
Ceanothus chloroxylon,Cecropia pachystachya,4013385,0
Pyrus herefordensis,Aria herefordensis,9580582,1
Pseudolmedia brosimifolia,Celtis tessmannii,4160195,0
Torminaria vulgaris,Spiraea betulifolia,3026550,0
Rubus separinus,Rubus alterniflorus,8321269,1
Soulangia ledifolia,Phylica paniculata,3875228,1
Elatostema caudatum,Elatostematoides caudatum,4098406,1
Aphananthe mexicana,Physocarpus opulifolius,2988354,0
Sorbus glaberrima,Didymodoxa caffra,4098352,0
Elatostema laevigatum,Procris pedunculata,5671195,1
Pentaphyllum hippianum,Pilea sublucens,5670202,0
Elatostema puberulum,Nothocnide repanda,4099887,0
Frangula atroviridis,Frangula goudotiana,3874545,1
Elaeagnus schnabeliana,Pilea parietaria,5361834,0
Pouzolzia canescens,Pouzolzia laevigata,4100090,1
Maquira granatensis,Ulmus hollandica,7141604,0
Chlorophora tenuifolia,Elatostema macrophyllum,4098062,0
Celtis laurifolia,Acaena trifida,5370812,0
Urtica lamiifolia,Maclura cochinchinensis,7262552,0
Trophis chorizantha,Celtis tetrandra,7366997,0
Boehmeria pannosa,Acaena antarctica,5370768,0
Rhamnus paliurus,Paliurus spina-christi,5372457,1
Urtica furialis,Ulmus castaneifolia,5680380,0
Ziziphus ornata,Ziziphus calophylla,3876846,1
Prunus erythrocarpa,Prunus bifrons,3020970,1
Stranvaesia scandens,Margyricarpus alatus,3030140,0
Sorbus confusa,Karpatiosorbus hybrida,9478021,1
Alicastrum rubescens,Brosimum rubescens,3762826,1
Potentilla gracillima,Argentina turfosa,7965200,1
Boehmeria miqueliana,Aria umbellata,9330923,0
Parietaria indica,Pouzolzia zeylanica,2984383,1
Elatostema falcifolium,Elatostematoides falcifolia,11773604,1
Eriobotrya integrifolia,Laportea interrupta,2984469,0
Photinia fortuneana,Rhaphiolepis latifolia,10857330,0
Prunus involucrata,Rosa viscidula,3002650,0
Phylica juniperifolia,Phylica gnidioides,3875818,1
Rhamnus prunifolius,Boehmeria repens,2984358,0
Eriobotrya pseudoraphiolepis,Myriocarpa obovata,5670534,0
Crataegus steveniana,Crataegus pallasii,3013600,1
Celtis epiphylladena,Boehmeria hamiltoniana,4098770,0
Dasiphora nitida,Potentilla nitida,5367673,1
Streblus sclerophyllus,Paratrophis sclerophylla,11112314,1
Tylanthus imberbis,Phylica imberbis,7725424,1
Acaena leptophylla,Acaena pinnatifida,5370645,1
Pyrus pseudovertesensis,Berchemia scandens,3039506,0
Cotoneaster thymaefolius,Poikilospermum suaveolens,4013131,0
Alphitonia philippinensis,Alphitonia incana,3877487,1
Ficus chrysocarpa,Didymodoxa capensis,7300493,0
Freirea debilis,Celtis glabrata,4159970,0
Urtica convexa,Urtica pilulifera,5670646,1
Sponia riparia,Trema micranthum,2984501,1
Aphanes inexspectata,Artocarpus altilis,2984573,0
Ulmus pumila,Brosimum gaudichaudii,7262433,0
Rhaphiolepis kerrii,Ceanothus perplexans,3876275,0
Spiraea cinerascens,Aronia arbutifolia,5363629,0
Viburnum komarovii,Ficus dendrocida,5572579,0
Ziziphus loureiroana,Pilea inaequalis,5361845,0
Pyrus gerecseensis,Karpatiosorbus gerecseensis,9607560,1
Schizonotus ariifolius,Rhaphiolepis indica,5371542,0
Ficus cartagenensis,Ficus altissima,5361907,1
Spiraea japonica,Prainea scandens,3764413,0
Adenorhachis nigra,Aronia melanocarpa,5363627,1
Rubus palekii,Rubus josholubii,2991592,1
Celtis epiphylladena,Celtis iguanaea,2984498,1
Elatostema parasiticum,Mespilus germanica,3031774,0
Acanthinophyllum ilicifolium,Clarisia ilicifolia,7262841,1
Sorbus puellarum,Karpatiosorbus puellarum,9318534,1
Walpersia stipularis,Rosa involuta,3006908,0
Gironniera thompsoniae,Aphananthe cuspidata,8293016,1
Rhamnus americana,Rhamnus americana,7432073,1
Ficus rubricaulis,Trilepisium madagascariense,3766911,0
Laportea photinophylla,Dendrocnide photiniphylla,4098637,1
Parietaria aspera,Fatoua villosa,2984652,1
Colubrina montana,Colubrina triflora,8232243,1
Photinia micrantha,Hedlundia lonetalensis,9254825,0
Morus chinensis,Morus alba,5361889,1
Chamaedryfolia procridifolia,Forsskaolea procridifolia,4101910,1
Elatostema quinquecostatum,Ceanothus depressus,3875052,0
Pyrus meierottii,Karpatiosorbus meierottii,9517201,1
Elaeagnus nokoensis,Trema angustifolium,4159501,0
Urtica elongata,Pilea melastomoides,5670477,1
Macrorhamnus louvelii,Bathiorhamnus louvelii,7273925,1
Osteomeles chinensis,Osteomeles schweriniae,4938587,1
Fleurya cordata,Margyricarpus alatus,3030140,0
Laportea pterostigma,Dendrocnide meyeniana,4098765,1
Ficus imenensis,Ficus orthoneura,5570349,1
Coussapoa fontanesiana,Coussapoa microcarpa,4013334,1
Colletia cruciata,Crataegus pruinosa,7790552,0
Momisia crenata,Celtis brasiliensis,7303606,1
Padus pseudocerasus,Prunus schlechteri,3022025,0
Pachytrophe obovata,Aronia arbutifolia,5363629,0
Acaena longifolia,Acaena pinnatifida,5370645,1
Urtica hastata,Laportea interrupta,2984469,1
Urtica armigera,Ficus andamanica,5572257,0
Neillia torreyi,Physocarpus malvaceus,2988332,1
Helianthostylis guggenheimii,Brosimum sprucei,11665758,1
Ambaiba carbonaria,Cecropia pachystachya,4013385,1
Dorstenia goossensii,Pseudolmedia glabrata,3764285,0
Myrianthus mildbraedii,Myrianthus holstii,4013390,1
Pyrus decaisnei,Broussonetia kaempferi,5569771,0
Urtica takedana,Urtica platyphylla,8246832,1
Poterium caudatum,Bencomia caudata,3032183,1
Tetraglochin inermis,Poikilospermum naucleiflorum,4013188,0
Eriogynia hendersonii,Petrophytum hendersonii,3030192,1
Sericotheca dumosa,Holodiscus australis,2987775,1
Mystacinus lanceolatus,Nothocnide repanda,4099887,0
Morus atropurpurea,Dendrocnide ternatensis,4098440,0
Coilotapalus obtusa,Elatostematoides fruticulosum,10698121,0
Pyrus griffithiana,Olmedia aspera,7954917,0
Pyrus kmetiana,Karpatiosorbus kmetiana,9294366,1
Acaena valida,Acaena antarctica,5370768,1
Celtis montana,Argentina bidentula,7661894,0
Cerasus nigricans,Prunus avium,3020791,1
Rosa viscidula,Laportea ruderalis,4098684,0
Parietaria lusitanica,Artocarpus rigidus,2984576,0
Cecropia humboldtiana,Trilepisium madagascariense,3766911,0
Rhamnus lineata,Crataegus macracantha,3013570,0
Ficus tenii,Ficus geniculata,7262657,1
Rhamnus martini,Cydonia oblonga,5362215,0
Berchemia transvaalensis,Phyllogeiton zeyheri,3874536,1
Urtica hirsuta,Pilea hirsuta,5671295,1
Ziziphus pedunculata,Sarcomphalus pedunculatus,9186176,1
Pyrus komarovii,Laportea laxiflora,4099232,0
Aruncus allegheniensis,Aruncus dioicus,5362136,1
Crataegus grandiflora,Crataemespilus lobata,12208838,1
Gironniera amboinensis,Gironniera subaequalis,4159324,1
Prunus nigricans,Karpatiosorbus vallerubusensis,9409586,0
Broussonetia luzonica,Allaeanthus luzonicus,8317606,1
Boehmeria odontophylla,Maoutia odontophylla,5670629,1
Poterium lucidum,Acaena lucida,5370697,1
Conocephalus naucleiformis,Ficus abelii,5570171,0
Ulmus fulva,Berchemia omeiensis,8019620,0
Artocarpus scortechinii,Elatostematoides mesargyreum,4098321,0
Photinia elliptica,Torminalis glaberrima,9410160,0
Urtica crenata,Cypholophus macrocephalus,2984390,1
Amygdalus nucipersica,Prunus persica,8149923,1
Hyrtanandra triandra,Gonostegia triandra,4100795,1
Pyrus sumboshia,Cydonia oblonga,5362215,1
Ochetophila nana,Taxotrophis ilicifolia,3767205,0
Morus alpina,Morus alba,5361889,1
Urtica verrucosa,Urera verrucosa,4098115,1
Photinia dabeishanensis,Ribeirea sorbilis,3853650,0
Soulangia plumosa,Phylica ambigua,3876469,1
Rhamnus eriocarpa,Frangula goudotiana,3874545,0
Potentilla khasiana,Potentilla khasiana,5365347,1
Stenodiscus ulicinus,Pilea pubescens,7300898,0
Taxotrophis crenata,Taxotrophis taxoides,11138557,1
Rhamnus burgundiaca,Rhamnus hybrida,3874812,1
Urtica nivea,Elaeagnus multiflora,3039272,0
Pyrus porrigentiformis,Ventilago leiocarpa,7274033,0
Dorstenia alta,Pourthiaea arguta,2988149,0
Prunus floribunda,Discaria chacaye,5602883,0
Gironniera chinensis,Berchemia scandens,3039506,0
Scutia sphaerosperma,Frangula sphaerosperma,3039467,1
Soulangia myrtifolia,Prunus stellipila,3023351,0
Urtica polystachya,Celtis schippii,4159734,0
Covellia racemifera,Ficus racemifera,5571764,1
Boehmeria prostrata,Cypholophus prostratus,4099656,1
Pyrus blinii,Debregeasia longifolia,4099305,0
Physocarpus thyrsiflorus,Neillia thyrsiflora,3024763,1
Fatoua subcordata,Fatoua villosa,2984652,1
Fleurya urticoides,Laportea alatipes,4100081,1
Laportea photinophylla,Dorstenia brasiliensis,7262704,0
Lamellisepalum hildebrandtii,Sageretia thea,3039516,1
Urostigma holosericeum,Ficus holosericea,5570480,1
Cerasus cantabrigiensis,Elaeagnus angustifolia,3039269,0
Trema affine,Karpatiosorbus semiincisa,9325082,0
Rhamnus americana,Aphanes cornucopioides,5364996,0
Ogcodeia acreana,Naucleopsis glabra,3767226,1
Pyrus barabitsii,Parartocarpus venenosa,3766049,0
Urtica repanda,Phylica excelsa,12206432,0
Boehmeria trinervis,Nothocnide repanda,4099887,1
Spyridium bifidum,Spyridium bifidum,7273625,1
Celtis mollis,Berchemia scandens,3039506,0
Pipturus helleri,Pipturus albidus,7500826,1
Pilea miconiifolia,Prunus emarginata,7272137,0
Pellionia lanceolatum,Elatostema lanceolatum,4098692,1
Lepargyrea canadensis,Shepherdia canadensis,5372427,1
Broussonetia kazi,Broussonetia papyrifera,5361944,1
Missiessya velutina,Holodiscus discolor,2987780,0
Ziziphus circumscissa,Scutia myrtina,8317476,1
Pyrus vertesensis,Karpatiosorbus vertesensis,9528027,1
Mespilus cuneiformis,Crataegus disperma,3014641,1
Sageretia decussata,Spyridium oligocephalum,3877349,0
Saccus rigidus,Phenax angustifolius,5670460,0
Fleurya funigera,Crataegus senta,3013958,0
Artocarpus zollingeriana,Artocarpus glaucus,3764827,1
Conocephalus lanceolatus,Cryptandra australis,3874594,0
Cudrania cochinchinensis,Maclura cochinchinensis,7262552,1
Artocarpus refractus,Trymalium wayi,7659623,0
Pomatoderris lanigera,Karpatiosorbus pseudosemiincisa,9613720,0
Streblus rectinervis,Aphananthe philippinensis,4159824,1
Celtis ferruginea,Phenax sonneratii,6414569,0
Pseudolmedia ferruginea,Pseudolmedia laevis,3764170,1
Elaeagnus grandifolia,Adolphia infesta,5372476,0
Ficus flavidula,Ficus fulva,5571361,1
Rubus douglasii,Rubus leucodermis,8110785,1
Sorbus obtusidentata,Gouania lupuloides,5372440,0
Elatostema trichophlebium,Artocarpus altilis,2984573,0
Urtica caudata,Debregeasia saeneb,4099243,0
Pyrus admonitor,Karpatiosorbus admonitor,9284607,1
Acaena glaucophylla,Pouzolzia rugulosa,4098989,0
Urtica scabrella,Urtica scabrella,5670246,1
Ceanothus lorenzenii,Ceanothus lorenzenii,10375932,1
Kosaria barnimiana,Dorstenia barnimiana,7262729,1
Poikilospermum subscaber,Poikilospermum amboinense,4013310,1
Helxine dioscoridis,Parietaria officinalis,5361803,1
Pouzolzia zeylanica,Pouzolzia zeylanica,2984383,1
Craterogyne dorstenioides,Dorstenia dorstenioides,3765117,1
Zelkova ulmoides,Boehmeria holosericea,7300512,0
Aria obtusata,Soleirolia soleirolii,2984366,0
Zelkova crenata,Zelkova carpinifolia,7467231,1
Rhamnus marahuacensis,Frangula marahuacensis,8157442,1
Rhamnus darii,Ficus pruniformis,8416474,0
Zizyphus flavescens,Hedlundia hybrida,9245228,0
Amelanchier nervosa,Phyllogeiton discolor,3874547,0
Balanostreblus ilicifolius,Taxotrophis ilicifolia,3767205,1
Marlothia spartioides,Dalibarda repens,2999946,0
Cryptandra glabrata,Acaena magellanica,5370832,0
Pyrus thuringiaca,Trema micranthum,2984501,0
Sorbus fallax,Sorbaronia fallax,2987863,1
Lupulus amarus,Humulus lupulus,2984535,1
Pyrus osteomeles,Ulmus hollandica,7141604,0
Spiraea coespitosa,Petrophytum caespitosum,3030194,1
Acaena adenocarpa,Acaena integerrima,5370670,1
Sorbus subenimens,Scandosorbus intermedia,10071055,0
Morus arabica,Karpatiosorbus hybrida,9478021,0
Dorstenia triternata,Dorstenia barnimiana,7262729,1
Ziziphus microphylla,Colubrina heteroneura,5603104,0
Ancistrum pinnatifidum,Acaena pinnatifida,5370645,1
Spiraea sorbifolia,Prainea scandens,3764413,0
Rosa lehmanniana,Dendrocnide sinuata,4098506,0
Colubrina nelsonii,Colubrina heteroneura,5603104,1
Rubus pedunculatus,Rubus niveus,2989183,1
Pyrus maliformis,Aruncus dioicus,5362136,0
Spiraea grandiflora,Sorbaria pallasii,3012125,1
Potentilla pentaphylla,Celtis brasiliensis,7303606,0
Paliurus virgatus,Gyrotaenia microcarpa,4100671,0
Timbalia pyracantha,Artocarpus lacucha,7873234,0
Dorstenia reducta,Dorstenia dinklagei,7262628,1
Pilea smilacifolia,Ulmus laevis,7303616,0
Sorbus madoniensis,Dendrocnide vitiensis,4098403,0
Parietaria taiwania,Ziziphus jujuba,3039423,0
Photinia sambuciflora,Phylica gnidioides,3875818,0
Ceanothus arborescens,Karpatiosorbus portae-bohemicae,9255441,0
Photinia dentata,Frangula ulei,3877257,0
Drimopogon ferruginea,Ceanothus caeruleus,3875440,0
Sorbus baldaccii,Aria baldaccii,9482227,1
Laportea armata,Laportea decumana,4099644,1
Crataegus sinensis,Rhaphiolepis indica,5371542,1
Tetrapasma juncea,Discaria pubescens,5602819,1
Sorbaria olgae,Sorbaria tomentosa,3012117,1
Momisia lancifolia,Dorstenia arifolia,7262742,0
Tylanthus ericoides,Spiraea ouensanensis,3026541,0
Persica chinensis,Pilea parietaria,5361834,0
Streblus perakensis,Taxotrophis perakensis,11156027,1
Gonostegia aquatica,Elatostematoides rigidum,4098271,0
Pyrus portae-bohemicae,Karpatiosorbus portae-bohemicae,9255441,1
Sorbopyrus auricularis,Pyraria irregularis,12193096,1
Rhamnus microphylla,Phylica ericoides,7560201,0
Sorbus schwarziana,Gouania blanchetiana,5603111,0
Potentilla borneensis,Krugiodendron ferreum,3039518,0
Acaena digitata,Acaena alpina,8113617,1
Urera longifolia,Laportea humblotii,4099353,1
Spiraea lancifolia,Spiraea decumbens,3027183,1
Sponia cuspidata,Aphananthe cuspidata,8293016,1
Artocarpus xanthocarpus,Spiraea pseudosalicifolia,3026444,0
Ambaiba carbonaria,Hedlundia thuringiaca,9471386,0
Berchemia trichantha,Smythea lanceata,3039431,1
Cecropia yarinensis,Cecropia engleriana,4013581,1
Fragariastrum rugulosum,Potentilla ancistrifolia,5366710,1
Lasiodiscus articulatus,Colubrina articulata,5603180,1
Elatostema rigidum,Cryptandra australis,3874594,0
Colletia inermis,Ochetophila trinervis,3877218,1
Rhamnus citrifolia,Frangula pubescens,3877483,1
Morus reticulata,Paratrophis insignis,11137754,1
Celtis azcurrensis,Myriocarpa longipes,7300750,0
Ceanothus cubensis,Boehmeria repens,2984358,0
Elatostema polioneurum,Elatostematoides polioneurum,4098279,1
Saccus glaucescens,Pipturus platyphyllus,4101588,0
Ziziphus orthacantha,Potentilla congdonis,11355431,0
Sorbus arranensis,Hedlundia arranensis,9290014,1
Physocarpus bracteatus,Rhaphiolepis deflexa,10855510,0
Pyrus alpina,Aria edulis,8411755,1
Photinia arguta,Pourthiaea arguta,2988149,1
Colletia infausta,Colletia spinosissima,6371450,1
Adicea obliqua,Pilea bracteosa,7300933,1
Rhamnus filiformis,Elaeagnus conferta,7293128,0
Adicea leucophaea,Ziziphus abyssinica,3877223,0
Elaeagnus salicifolia,Elaeagnus umbellata,3039267,1
Ficus tabing,Sorbaronia sorbifolia,2987868,0
Leucosyke angusta,Leucosyke capitellata,4102514,1
Urostigma rufum,Trema tomentosum,7303576,0
Urtica interrupta,Laportea interrupta,2984469,1
Girtanneria oenoplia,Ziziphus oenopolia,3875331,1
Pyrus concavifolia,Hedlundia hybrida,9245228,0
Sahagunia strepitans,Clarisia ilicifolia,7262841,1
Gouania glabriuscula,Ziziphus jujuba,3039423,0
Pseudolmedia alnifolia,Pseudolmedia laevis,3764170,1
Ulmus alba,Ulmus americana,5361872,1
Chamaedryfolia angustifolia,Forsskaolea angustifolia,4102001,1
Neillia bracteata,Boehmeria caudata,7610513,0
Sorbus evansii,Celtis iguanaea,2984498,0
Rubus liburnicus,Discocnide mexicana,4098157,0
Urtica grandidentata,Urtica atrovirens,5671245,1
Maclura braziliensis,Boehmeria splitgerbera,4101039,0
Phylica imberbis,Phylica ericoides,7560201,1
Villebrunea integrifolia,Oreocnide integrifolia,7300622,1
Pouzolzia glomerata,Aremonia agrimonoides,2988624,0
Opulaster capitatus,Physocarpus capitatus,2988390,1
Soulangia oleifolia,Phylica oleifolia,3875260,1
Artocarpus petiolaris,Artocarpus gomezianus,3764819,1
Dorstenia anthuriifolia,Dorstenia bahiensis,3766013,1
Sorbus dacica,Hedlundia semipinnata,9304536,1
Rhamnus owiakensis,Pourthiaea amphidoxa,3024230,0
Pellionia daveauana,Procris repens,7916114,1
Cudrania grandifolia,Maclura cochinchinensis,7262552,1
Chamabainia squamigera,Chamabainia cuspidata,7300685,1
Potentilla pedemontana,Rhamnus prinoides,3875856,0
Celtis bonplandiana,Celtis pallida,2984494,1
Pyrus depressa,Dorstenia arifolia,7262742,0
Potentilla microphylla,Gouania polygama,5372439,0
Celtis orientalis,Celtis australis,2984492,1
Missiessya corymbulosa,Leucosyke corymbulosa,4102440,1
Ficus ochrochlora,Ficus mollior,7262612,1
Acaena closiana,Poikilospermum suaveolens,4013131,0
Trophis heyneana,Gillenia stipulata,7557273,0
Ceanothus macrocarpus,Ficus altissima,5361907,0
Broussonetia cucullata,Rhaphiolepis salwinensis,10673519,0
Eriobotrya brackloi,Rhaphiolepis cavaleriei,10731169,1
Neillia virgata,Brosimum gaudichaudii,7262433,0
Myrianthus gracilis,Aruncus sylvester,6369098,0
Urtica orbiculata,Soleirolia soleirolii,2984366,0
Trema amboinense,Trema tomentosum,7303576,1
Celtis douglasii,Celtis reticulata,6406316,1
Pyrus latifolia,Parartocarpus venenosa,3766049,0
Physocarpus opulifolius,Frangula blumeri,3039461,0
Crataegus coloradensis,Crataegus macracantha,3013570,1
Crataegus fera,Parietaria mauritanica,5669706,0
Coussapoa puberula,Urera caracasana,2984335,0
Elatostema manillense,Sorocea guilleminiana,3762938,0
Coussapoa obovata,Coussapoa curranii,4013118,1
Trema wightii,Photinia glabra,5363818,0
Artocarpus cumingianus,Artocarpus lacucha,7873234,1
Notophaena discolor,Urtica orbiculata,5670849,0
Parietaria circeifolia,Karpatiosorbus simonkaiana,9329985,0
Achudemia insignis,Ficus calyptroceras,5570992,0
Ficus obliqua,Karpatiosorbus magocsyana,9616932,0
Ziziphus cinnamomum,Sarcomphalus cinnamomum,8994554,1
Sorbus arsenei,Elaeagnus conferta,7293128,0
Adicea scripta,Elatostema lanceolatum,4098692,0
Gironniera curranii,Brosimum rubescens,3762826,0
Adicea rubiifolia,Pilea parietaria,5361834,1
Sageretia splendens,Colubrina asiatica,5372467,1
Urtica nana,Pouzolzia zeylanica,2984383,1
Ramium rhyncophyllum,Maclura pomifera,2984580,0
Dorstenia scabra,Dorstenia psilurus,3763387,1
Holodiscus schaffneri,Holodiscus australis,2987775,1
Colletia kunthiana,Elatostema banahaense,4101589,0
Trophis montana,Maclura cochinchinensis,7262552,0
Urtica latifolia,Neillia thibetica,3024806,0
Elaeagnus philippinensis,Prunus emarginata,7272137,0
Urtica crenulata,Pilea crenulata,5670620,1
Poikilospermum amethystinum,Poikilospermum microstachys,4013197,1
Ficophyllum tenuinerve,Parartocarpus venenosa,3766049,0
Acaena oligodonta,Acaena magellanica,5370832,1
Adicea griffithii,Dorstenia drakena,7777272,0
Frangula sphaerocarpa,Fatoua villosa,2984652,0
Cryptandra nudiflora,Blackallia nudiflora,3875879,1
Pyrus houstoniae,Procris decurrens,5669735,0
Potentilla naspata,Argentina lineata,8228815,1
Debregeasia bicolor,Debregeasia saeneb,4099243,1
Celtis tupalangi,Crataegus senta,3013958,0
Rosa lehmanniana,Rosa beggeriana,7832083,1
Ventilago calpicarpa,Spiraea sanssouciana,3026803,0
Pourouma multifida,Pourouma cecropiifolia,4013508,1
Pyracantha chinensis,Pyracantha crenulata,2988172,1
Photinia callosa,Aria pannonica,9276861,0
Elatostema trichophlebium,Elatostematoides samarense,4098242,1
Celtidopsis citrifolia,Celtis iguanaea,2984498,1
Pyrus zertovae,Alphitonia incana,3877487,0
Ulmus nemoralis,Zelkova carpinifolia,7467231,1
Alicastrum brownii,Pyracantha crenulata,2988172,0
Pouzolzia glomerata,Pouzolzia zeylanica,2984383,1
Urtica articulata,Pilea articulata,5669732,1
Pyrus roopiana,Pouzolzia conglobata,4100763,0
Pyrus eximia,Celtis tenuifolia,2984482,0
Trymalium polycephalum,Spyridium polycephalum,3877265,1
Elatostema ebracteatum,Elatostema platyphyllum,7300825,1
Urtica cuneiformis,Brosimum oligandrum,11629865,0
Fragaria umbelliformis,Fragaria virginiana,7950792,1
Chamaemespilus aria,Aria edulis,8411755,1
Spiraea altaica,Ficus melinocarpa,7262687,0
Adicea serratifolia,Pilea serratifolia,5670488,1
Trema rufescens,Trema micranthum,2984501,1
Memorialis quinquenervis,Holodiscus argenteus,2987810,0
Urera subpeltata,Artocarpus elasticus,7425575,0
Alicastrum glaziovii,Holodiscus discolor,2987780,0
Parietaria zeylanica,Scandosorbus intermedia,10071055,0
Hyrtanandra hirta,Gonostegia triandra,4100795,1
Laportea gaudichaudiana,Rosa belnensis,3003985,0
Soulangia paniculata,Phenax mexicanus,7300639,0
Rhamnus chimalapensis,Frangula chimalapensis,8245027,1
Conocephalus cordifolius,Poikilospermum cordifolium,4013277,1
Urtica argentea,Artocarpus altilis,2984573,0
Gouania bishopii,Acaena macrocephala,5370642,0
Dorstenia caulescens,Pilea caulescens,5671025,1
Boehmeria chiangmaiensis,Ceanothus integerrimus,3039382,0
Urtica polystachya,Boehmeria polystachya,4101696,1
Crataegus lutea,Cecropia distachya,4013607,0
Artocarpus tephrophyllus,Kageneckia oblonga,3016219,0
Trema melinonum,Prunus avium,3020791,0
Cecropia bureauiana,Zelkova verschaffeltii,4927731,0
Artocarpus integrifolius,Artocarpus integer,2984566,1
Rhamnidium potrerilloanum,Aruncus sylvester,6369098,0
Trema lamarckianum,Ficus odoardi,5570499,0
Zizyphus cotinifolia,Karpatiosorbus badensis,9384949,0
Margyricarpus microphyllus,Margyricarpus caespitosus,3030143,1
Procris excelsa,Boehmeria excelsa,4099109,1
Rhamnus libanoticus,Atadinus libanoticus,9561769,1
Sorbus orbiculata,Aria umbellata,9330923,1
Urtica mitis,Morus celtidifolia,5570117,0
Cecropia ruiziana,Cecropia polystachya,4013171,1
Dorstenia quarrei,Argentina lineata,8228815,0
Rosa velutinaeflora,Rosa wormastinyana,3009508,1
Brosimum ojoche,Celtis iguanaea,2984498,0
Aphanes inexpectata,Aphanes australis,5365026,1
Ficus spectabilis,Ficus denveriana,11440786,1
Astilbe aruncus,Gonostegia pentandra,4100866,0
Pourouma isophlebia,Prunus hypotricha,3021649,0
Eriobotrya elliptica,Rhaphiolepis petiolata,10845808,1
Ambaiba pachystachya,Photinia integrifolia,5363967,0
Celtis pubescens,Allaeanthus greveanus,3765669,0
Sponia politoria,Trema politoria,4159810,1
Eriobotrya prionophylla,Photinia prionophylla,5363925,1
Horkelia hendersonii,Potentilla hendersonii,5369235,1
Elaeagnus sinensis,Elaeagnus pungens,3039270,1
Spiraea acuta,Colubrina macrocarpa,7273930,0
Rhamnus inermis,Sageretia hamosa,7273915,0
Missiessya borneensis,Leucosyke borneensis,4102558,1
Mespilus lobata,Paliurus ramosissimus,5603062,0
Potentilla divisa,Potentilla concinna,5366180,1
Sorbus tauricola,Karpatiosorbus tauricola,9285479,1
Ambaiba ruiziana,Procris pedunculata,5671195,0
Saccus chaplasta,Celtis bungeana,7141664,0
Cerasus microcarpa,Artocarpus hypargyreus,3764756,0
Ramium lindenianum,Ficus parietalis,5569936,0
Perebea integrifolia,Perebea xanthochyma,3765422,1
Pourthiaea laevis,Cecropia pachystachya,4013385,0
Urtica nana,Spiraea vacciniifolia,8111204,0
Aruncus asiaticus,Aria lancastriensis,9281660,0
Dorstenia tubicina,Dorstenia brasiliensis,7262704,1
Conocephalus piperi,Ficus amplissima,5572290,0
Pyrus buekkensis,Hedlundia buekkensis,9306638,1
Brosimum palmarum,Morus nigra,5361888,0
Rubus leucodermis,Rubus leucodermis,8110785,1
Chlorophora tenuifolia,Milicia excelsa,3763589,1
Ceanothus oreganus,Ceanothus sanguineus,3039303,1
Mertensia rhamnoides,Celtis iguanaea,2984498,1
Urtica corymbosa,Pilea corymbosa,5670687,1
Morus kagayamae,Parartocarpus riedelii,3766071,0
Parietaria decaisnei,Pouzolzia zeylanica,2984383,1
Celtis pumila,Celtis occidentalis,2984481,1
Chaetachme microcarpa,Atadinus sibthorpianus,9432696,0
Urtica fissa,Parietaria debilis,5361795,0
Aronia atropurpurea,Fatoua villosa,2984652,0
Lecanocnide rubricaulis,Phylica buxifolia,3876260,0
Olmedia laurina,Maquira coriacea,3763724,1
Pygeum sclerophyllum,Prunus sclerophylla,3022462,1
Trymalium biauritum,Ziziphus mauritiana,3039424,0
Tetraglochin tragacantha,Margyricarpus cristatus,3030136,1
Potentilla exigua,Ulmus hollandica,7141604,0
Aria tomentosa,Phyllogeiton zeyheri,3874536,0
Maoutia puya,Reynosia microphylla,3875222,0
Urtica aquatica,Urtica platyphylla,8246832,0
Grewia subcordata,Sarcomphalus amole,9008095,0
Chevalierodendron glabrum,Spiraea nana,3853528,0
Elatostema pulchrum,Ulmus rubra,5361867,0
Celtis orientalis,Celtis occidentalis,2984481,1
Trema affinis,Discaria articulata,7840245,0
Rubus leucanthemos,Rubus leucanthemos,10895112,1
Pyrus devoniensis,Artocarpus heterophyllus,2984565,0
Momisia anfractuosa,Celtis iguanaea,2984498,1
Urtica alnifolia,Trema micranthum,2984501,1
Alchemilla delicatula,Morus alba,5361889,0
Persica platycarpa,Prunus persica,8149923,1
Colubrina guatemalensis,Colubrina triflora,5602971,1
Streblus indicus,Pseudostreblus indicus,7801475,1
Ceanothus lorenzenii,Poikilospermum scabrinervium,4013152,0
Elaeagnus morrisonensis,Elaeagnus thunbergii,4048183,1
Ficus regia,Ficus auriculata,5571773,1
Berchemia crenulata,Dallachya vitiensis,3875981,1
Eriobotrya cavaleriei,Rhaphiolepis major,5371529,0
Urtica suffruticosa,Ficus orthoneura,5570349,0
Acaena parvifoliolata,Acaena lucida,5370697,1
Chaetoptelea microphylla,Planera microphylla,9025188,1
Cecropia puberula,Cecropia utcubambana,4013159,1
Morus exsucca,Paratrophis insignis,11137754,1
Elaeagnus longidrupa,Elaeagnus glabra,7293101,1
Pellionia curtisiae,Celtis mildbraedii,4159999,0
Sponia sampsonii,Trema angustifolium,4159501,1
Bollwilleria bulbiformis,Prunus moritziana,3023070,0
Ziziphus pubiflora,Spiraea japonica,8170635,0
Potentilla armeniaca,Potentilla radiata,5366051,1
Gouania thinophila,Colubrina celtidifolia,5603163,0
Ficus biglandulosa,Ficus altissima,5361907,0
Hippophae conferta,Hippophae salicifolia,7293122,1
Mertensia goudotii,Gillenia trifoliata,2986435,0
Spiraea chamaedryfolia,Spiraea betulifolia,3026550,1
Eriobotrya fragrans,Rhaphiolepis williamtelliana,11007992,1
Momisia tala,Ulmus minor,5361865,0
Sorbus atrovirens,Zelkova abelicea,4159329,0
Dorstenia mirabilis,Dorstenia benguellensis,3765939,1
Adicea corymbosa,Pilea corymbosa,5670687,1
Ziziphus inermis,Ziziphus angustifolia,3877032,1
Cecropia tubulosa,Cecropia angustifolia,4013465,1
Elaeagnus caspica,Urtica membranacea,7685819,0
Pyrus hammelii,Ficus auriculata,5571773,0
Ulmus rotundata,Ulmus laevis,7303616,1
Ficus phoberos,Ficus angolensis,8378161,1
Laportea havanensis,Laportea aestuans,2984466,1
Conocephalus tonkinensis,Karpatiosorbus hybrida,9478021,0
Basilima millefolium,Nothocnide repanda,4099887,0
Spyridium rotundifolium,Pomaderris rotundifolia,3876035,1
Spiraea xpseudosalicifolia,Spiraea pseudosalicifolia,3026444,1
Sciophila torresiana,Acaena magellanica,5370832,0
Urtica strigosa,Pouzolzia zeylanica,2984383,1
Rhamnus cornifolia,Atadinus cornifolius,9408776,1
Sorbus futakiana,Cypholophus anisoneurus,7826691,0
Sponia morifolia,Doerpfeldia cubensis,3875287,0
Dorstenia bequaertii,Dorstenia dinklagei,7262628,1
Ceanothus latifolius,Ceanothus americanus,3039318,1
Memorialis hispida,Karpatiosorbus pseudovertesensis,9287578,0
Urera spicata,Gyrotaenia spicata,4100649,1
Rhamnus zizyphoides,Auerodendron cubense,7273940,0
Prunus trichopetala,Prunus emarginata,7272137,1
Azarolus pollveriana,Pyraria irregularis,12193096,1
Colletia spartioides,Argentina linilaciniata,7665523,0
Trymatococcus parvifolius,Bosqueiopsis gilletii,3763654,1
Androstylanthus paraensis,Brosimum sprucei,11665758,1
Forsskaolea scabra,Forsskaolea candida,8076412,1
Aria torminalis,Torminalis glaberrima,9410160,1
Crataegus flexuosa,Argentina turfosa,7965200,0
Aria alpina,Holodiscus australis,2987775,0
Urera crenulata,Dendrocnide sinuata,4098506,1
Parietaria reclinata,Pouzolzia zeylanica,2984383,1
Celtis labilis,Celtis sinensis,4159594,1
Ulmus adiantifolia,Ulmus glabra,5361866,1
Sphaerotylos medogensis,Sarcochlamys pulcherrima,4100697,1
Artocarpus maingayi,Artocarpus kemando,3764693,1
Poikilospermum gagnepainii,Poikilospermum suaveolens,4013131,1
Crataegus lalandei,Pyracantha coccinea,2988188,1
Adicea involucrata,Pilea pubescens,7300898,1
Colubrina leschenaultii,Colubrina asiatica,5372467,1
Maclura zanthoxylon,Maclura tinctoria,2984583,1
Sorbus semitorminalis,Torminalis glaberrima,9410160,1
Sorbus longifolia,Aria edulis,8411755,1
Pomaderris calvertiana,Artocarpus rigidus,2984576,0
Adolia capensis,Scutia myrtina,8317476,1
Dubrueilia multiflora,Celtis philippensis,7303643,0
Elatostema lamii,Sorocea guilleminiana,3762938,0
Ceanothus pueblensis,Ceanothus depressus,3875052,1
Osteomeles anthyllifolia,Argentina shweliensis,7366653,0
Colubrina napalensis,Rhamnus napalensis,4928522,1
Hovenia pubescens,Hovenia dulcis,3039410,1
Potentilla scorpionis,Argentina scorpionis,7373468,1
Gouania brandisii,Acaena magellanica,5370832,0
Dendrocnide diffusa,Dendrocnide meyeniana,4098765,1
Urtica sessilifolia,Laportea interrupta,2984469,1
Ficus repens,Ficus montana,8041955,1
Ficus haggeri,Oemleria cerasiformis,2988485,0
Pipturus gaudichaudeanus,Pipturus albidus,7500826,1
Rosa latispina,Berchemia scandens,3039506,0
Cudrania sumatrana,Retanilla ephedra,7273774,0
Sorbus slavnicensis,Karpatiosorbus slavnicensis,10407282,1
Adenorachis atropurpurea,Celtis iguanaea,2984498,0
Rosa cabulica,Neillia uekii,3024769,0
Urtica venosa,Aria hibernica,9254502,0
Morus tortuosa,Pouzolzia variifolia,4098645,0
Trymalium daphnoides,Spyridium daphnoides,11532673,1
Basilima pygmaea,Paratrophis anthropophagorum,12239769,0
Hybosperma spinosum,Artocarpus anisophyllus,7262640,0
Chacaya trinervis,Ampalis dimepate,11911398,0
Cotoneaster denticulata,Prunus emarginata,7272137,0
Rhamnus ulei,Discaria americana,5602906,0
Photinia pyrifolia,Aronia arbutifolia,5363629,1
Acanthinophyllum spruceanum,Clarisia ilicifolia,7262841,1
Urera rigida,Gillenia stipulata,7557273,0
Rhamnus microphylla,Pomaderris wendlandiana,3875740,0
Elaeagnus songorica,Elaeagnus angustifolia,3039269,1
Artocarpus rufa,Aria stirtoniana,9604336,0
Crataegus flexuosa,Crataegus punctata,3014805,1
Potentilla tranzschelii,Potentilla ancistrifolia,5366710,1
Sorbus holubyana,Scepocarpus thonneri,11754518,0
Ulmus pilifera,Ulmus minor,5361865,1
Ficus tampang,Chaenomeles speciosa,3000679,0
Cervispina infectoria,Rhamnus infectoria,3874579,1
Boehmeria esquirolii,Leucosyke puya,4102185,1
Berchemia yemensis,Sageretia thea,3039516,1
Elatostema backeri,Laportea cuspidata,7300634,0
Ulmoxylon lapidariorum,Maclura tinctoria,2984583,0
Dorstenia stipitata,Dendrocnide moroides,4098695,0
Potentilla stenophylla,Argentina stenophylla,8033120,1
Sorbus schwarziana,Hedlundia schwarziana,9321038,1
Urtica leptostachys,Droguetia leptostachys,4102666,1
Ficus fachikoogi,Cypholophus friesianus,4099848,0
Ventilago macrantha,Gironniera subaequalis,4159324,0
Colubrina colubrinus,Aphanes arvensis,5365013,0
Alicastrum glaucum,Hedlundia thuringiaca,9471386,0
Cecropia adenopus,Pomaderris phillyraefolia,7880748,0
Ficus rojasii,Ceanothus tomentosus,3039360,0
Gyrotaenia trinervata,Gyrotaenia myriocarpa,4100663,1
Freirea steudelii,Prunus incana,3020605,0
Cydonia minor,Cydonia oblonga,5362215,1
Sorbus arvernensis,Aria edulis,8411755,1
Paliurus virgatus,Ziziphus incurva,3876080,1
Berchemia congesta,Rhamnella franguloides,3874947,1
Ceanothus hypericoides,Maclura andamanica,3764424,0
Pipturus mollissimus,Nothocnide mollissima,4099907,1
Urtica argentea,Pipturus argenteus,6414892,1
Ficus barclayana,Ficus barclayana,7486090,1
Elatostema scandens,Poikilospermum acuminatum,4013317,0
Celtis orientalis,Rhamnus prostrata,3875839,0
Mespilus calicina,Mespilus germanica,3031774,1
Pellionia yunnanense,Elatostema yunnanense,8179778,1
Sorbus barrandienica,Karpatiosorbus barrandienica,9468177,1
Pilea parietaria,Ziziphus xylopyrus,3877691,0
Rhamnus micrantha,Trema micranthum,2984501,1
Boehmeria aspera,Spiraea grossulariifolia,3853655,0
Elaeagnus simonii,Hesperocnide sandwicensis,2984323,0
Alchemilla bachiti,Rubus niveus,2989183,0
Dorstenia alta,Hijmania alta,8975654,1
Pyrus pyrrhula,Hedlundia austriaca,9251540,1
Cannabis faetens,Musanga leo-errerae,7955313,1
Pyrus germanica,Rubus niveus,2989183,0
Mespilus heldreichii,Potentilla jaegeri,5367994,0
Ulmus batavina,Hedlundia thuringiaca,9471386,0
Boehmeria stipularis,Pomaderris oraria,7273900,0
Crataegus conjuncta,Crataegus pruinosa,7790552,1
Trevoa patagonica,Retanilla patagonica,3875516,1
Mespilus pauciflora,Pyracantha coccinea,2988188,1
Ficus punctulata,Ficus punctata,7673670,1
Mystacinus brevipes,Helinus brevipes,3875580,1
Laportea peltata,Phylica meyeri,3875433,0
Acaena oearcei,Gouania gracilis,5603022,0
Spyridium stuartii,Ziziphus nummularia,3039427,0
Urtica arborea,Acaena montana,5370674,0
Celtis yunnanensis,Celtis tetrandra,7366997,1
Pellionia angulare,Elatostema angulare,4101907,1
Pipturus acuminatus,Pourthiaea villosa,8356787,0
Saccus kertau,Acaena magellanica,5370832,0
Sorbus buekkensis,Argentina kinabaluensis,8304324,0
Rhamnus terminalis,Argentina gorokana,7405749,0
Pilea tenuicaulis,Pilea inaequalis,5361845,1
Rhamnus saquil,Cecropia herthae,4013414,0
Elaeagnus obtusa,Elaeagnus pungens,3039270,1
Aronia japonica,Vauquelinia californica,3001749,0
Boehmeria taquetii,Boehmeria sieboldiana,4101147,1
Rhamnus oleoides,Frangula rupestris,3877335,0
Armeniaca epirotica,Prunus armeniaca,7818643,1
Pyrus prunifolia,Maoutia ambigua,5671133,0
Trymatococcus oligandrus,Touchardia oahuensis,11706294,0
Fleurya lanceolata,Gouania polygama,5372439,0
Urtica gaudichaudii,Laportea interrupta,2984469,1
Photinia variabilis,Pourthiaea arguta,2988149,1
Ulmus serpentina,Spiraea chamaedryfolia,3026406,0
Urtica interrupta,Ochetophila trinervis,3877218,0
Ceanothus lancifolius,Helinus integrifolius,3875572,0
Cerasus aproniana,Prunus cerasus,3021922,1
Crataegus ater,Crataegus pruinosa,7790552,1
Boehmeria scabra,Oreocnide rubescens,4099400,1
Morus amamiana,Boehmeria platanifolia,7473660,0
Solenostigma hasseltii,Celtis philippensis,7303643,1
Pyrus sellii,Aria javorkana,9502264,0
Brosimopsis lactescens,Brosimum lactescens,3763127,1
Crataegus vicinalis,Celtis philippensis,7303643,0
Fragaria umbelliformis,Ficus callophylla,5571020,0
Soulangia subcanescens,Phylica cryptandroides,3876066,1
Ziziphus macrophylla,Ficus auriculata,5571773,0
Taxotrophis rectinerva,Crataegus pruinosa,7790552,0
Horkelia baileyi,Potentilla baileyi,5370121,1
Momisia membranacea,Celtis iguanaea,2984498,1
Elatostema frutescens,Procris frutescens,7300452,1
Ziziphus napeca,Aruncus sylvester,6369098,0
Momisia integrifolia,Spiraea nana,3853528,0
Boehmeria tricuspis,Boehmeria japonica,7300501,1
Chaydaia rubrinervis,Rhamnella rubrinervis,9039596,1
Trevoa weddelliana,Kentrothamnus weddellianus,3874789,1
Olmedioperebea calophylla,Maquira calophylla,3763735,1
Laportea lanaensis,Dendrocnide stimulans,4098487,1
Urera microstigma,Dendrocnide microstigma,4098754,1
Gouania pubescens,Trilepisium madagascariense,3766911,0
Rubus roylei,Crataegus persimilis,3015457,0
Ulmophyllum crassinerve,Ceanothus thyrsiflorus,3039379,0
Cecropia dielsiana,Cecropia peltata,2984476,1
Olmedia erythrorhiza,Rosa elymaitica,3008681,0
Hyrtanandra javanica,Ceanothus lorenzenii,10375932,0
Trymalium thomasioides,Berchemia edgeworthii,3876494,0
Ficus manok,Ficus globosa,5571079,1
Urtica grandifolia,Pilea pubescens,7300898,1
Cryptandra hookeri,Spyridium parvifolium,7273996,1
Ficus tuberculata,Pouzolzia sanguinea,7300542,0
Streblus glaber,Elaeagnus songarica,8273261,0
Helinus spartioides,Crataegus pruinosa,7790552,0
Discaria foliosa,Aronia prunifolia,5363613,0
Trema amboinense,Urtica glomeruliflora,8284380,0
Spiraea pinnata,Didymodoxa capensis,7300493,0
Artocarpus reticulatus,Artocarpus lanceifolius,7776286,1
Pygeum salomonense,Prunus schlechteri,3022025,1
Potentilla dealbata,Phyllogeiton discolor,3874547,0
Pseudolmedia sagotii,Pseudolmedia laevis,3764170,1
Ramium helferi,Boehmeria helferi,8102460,1
Persica necturina,Oreocnide rubescens,4099400,0
Planera abelicea,Zelkova abelicea,4159329,1
Prunus orientalis,Margyricarpus alatus,3030140,0
Prunus densifolia,Prunus sargentii,3020955,1
Gouania leguatii,Potentilla ancistrifolia,5366710,0
Araliorhamnus vaginata,Phyllogeiton discolor,3874547,1
Ficus rufipila,Ficus ampelos,8053189,0
Eriobotrya metrosideros,Rhaphiolepis bengalensis,10869066,1
Margarocarpus exasperatus,Rhaphiolepis macrocarpa,10788054,0
Potentilla sieversiana,Potentilla sieversiana,5367800,1
Potentilla euxantha,Acaena anserinifolia,7942884,0
Spiraea capitata,Ceanothus delileanus,4928516,0
Pomaderris bilocularis,Polianthion bilocularis,3874490,1
Potentilla manipurensis,Potentilla multifida,8416400,0
Walpersia spicata,Phylica spicata,8247775,1
Pouzolzia parva,Elaeagnus angustifolia,3039269,0
Pseudolmedia obliqua,Pilea leucophaea,5670822,0
Adicea acuminata,Pilea acuminata,7300553,1
Alphitonia emmenosperma,Emmenosperma alphitonoides,3875258,1
Cryptandra tomentosa,Myriocarpa cordifolia,7300779,0
Caturus oblongatus,Trilepisium madagascariense,3766911,0
Pellionia curvitepalum,Cecropia pachystachya,4013385,0
Rubus sweginzowianus,Karpatiosorbus cordigastensis,9429974,0
Fragariastrum rugulosum,Scepocarpus rigidus,11732428,0
Prunus cineraceus,Prunus tomentosa,7380100,1
Treculia centralis,Elaeagnus angustifolia,3039269,0
Ulmus serrata,Ulmus hollandica,7141604,1
Bosquiea boiviniana,Trilepisium madagascariense,3766911,1
Sageretia spiciflora,Sageretia thea,3039516,1
Rhamnus microreticulata,Brosimum rubescens,3762826,0
Parietaria judaica,Parietaria mauritanica,5669706,1
Celtis asperula,Celtis iguanaea,2984498,1
Colletia campanulata,Trevoa quinquenervia,3876194,1
Pilea comorensis,Frangula caroliniana,3039468,0
Ceanothus nitidus,Ceanothus sorediatus,3039339,1
Elaeagnus buisanensis,Ulmus rubra,5361867,0
Spiraea bracteata,Sibiraea laevigata,3032453,1
Crataegus robesoniana,Crataegus amicta,3014994,1
Pyraria malifolia,Touchardia latifolia,2984457,0
Spiraea longifolia,Colubrina viridis,5602941,0
Pourouma aurea,Pourthiaea bergerae,3000458,0
Celtis prantlii,Acaena caespitosa,7806638,0
Colletia nivalis,Ziziphus talanae,8027203,0
Ficus mallotoides,Ficus albipila,7262874,1
Solenostigma brevinerve,Dorstenia kameruniana,3764528,0
Parasponia simulans,Karpatiosorbus concavifolia,9625377,0
Celtis fluminensis,Celtis brasiliensis,7303606,1
Pyrus vallusensis,Karpatiosorbus vallusensis,9621238,1
Leucosyke corymbulosa,Leucosyke corymbulosa,7881233,1
Cecropia lisboana,Cecropia obtusa,4013449,1
Agrimonia decumbens,Gonostegia triandra,4100795,0
Girtanneria lineata,Celtis iguanaea,2984498,0
Ulmus proceriformis,Physocarpus monogynus,2988349,0
Gouania lehmannii,Sageretia elegans,3876721,1
Pouzolzia procumbens,Pouzolzia zeylanica,2984383,1
Boehmeria leiophylla,Prunus avium,3020791,0
Crataegus trilobata,Eriolobus trilobatus,7272334,1
Planera davidii,Atadinus imeretinus,9471532,0
Pyrus rupicoloides,Aria rupicoloides,9634280,1
Urtica parvula,Urtica urens,5361815,1
Prunus bucharica,Prunus bucharica,3021249,1
Ficus huilensis,Ficus gigantosyce,5571179,1
Solenandra waterhousii,Cryptandra waterhousii,3876063,1
Rhamnus nelsonii,Frangula mucronata,3877732,1
Sorbus dualis,Hedlundia roopiana,9356550,1
Sorbus bellojocensis,Aria edulis,8411755,1
Boehmeria tenuifolia,Boehmeria dura,4099280,1
Cryptandra divaricata,Ficus mutisii,5570900,0
Urtica subperforata,Dendrocnide harveyi,4098856,0
Pyrus slovenica,Karpatiosorbus slovenica,9635542,1
Amygdalus gessleriana,Frangula hordwellensis,11183743,0
Microptelea parvifolia,Ulmus parvifolia,5361869,1
Urtica villosa,Ficus henryi,5570621,0
Ficus reclinata,Photinia loriformis,5363842,0
Mespilus domestica,Mespilus germanica,3031774,1
Urera viridisetosa,Dendrocnide ternatensis,4098440,0
Conocephalus subscaber,Holodiscus discolor,2987780,0
Sorbus pseudovertesensis,Pourthiaea fokienensis,3000554,0
Rhamnus spina-christi,Ziziphus spina-christi,8228089,1
Urtica ferox,Dendrocnide meyeniana,4098765,1
Pyrus hybrida,Sorbaronia hybrida,2987861,1
Spiraea vacciniifolia,Spiraea vacciniifolia,8111204,1
Pyracantha formosana,Pyracantha koidzumii,2988162,1
Maillardia orientalis,Potentilla nitida,5367673,0
Eriogynia uniflora,Hedlundia armeniaca,10833957,0
Ficus blepharosepala,Ficus ampelos,8053189,1
Colubrina glomerata,Colubrina triflora,5602971,1
Rhamnus rupestris,Ulmus laevis,7303616,0
Mespilus pyracantha,Potentilla canadensis,5368951,0
Ulmus virgata,Ulmus parvifolia,5361869,1
Stephanandra nakatsu-riparia,Neillia nakatsu-riparia,3853025,1
Pyrus kusnetzovii,Hedlundia kuznetzovii,10813232,1
Ulmus simplicidens,Ulmus laevis,7303616,1
Solenostigma hasseltii,Physocarpus monogynus,2988349,0
Rhamnus jelskii,Frangula polymorpha,7274018,1
Aronia watsoniana,Pouzolzia sanguinea,7300542,0
Berchemia axilliflora,Maclura tinctoria,2984583,0
Potentilla xscandica,Photinia subzessilis,5363858,0
Rosa daenensis,Cecropia insignis,4013292,0
Helianthostylis paraensis,Potentilla borisiiregis,5365979,0
Sponia laevigata,Phylica gracilis,3875811,0
Kurzinda lanceolatum,Ventilago kurzii,3877716,1
Planera davidii,Hemiptelea davidii,4160206,1
Pyracantha rogersiana,Pyracantha fortuneana,2988224,1
Prunus antilibanotica,Atadinus glaucophyllus,9534958,0
Urtica sanguinea,Pouzolzia sanguinea,7300542,1
Sorbus spuria,Crataegus macracantha,3013570,0
Sorbus theophrasta,Karpatiosorbus croceocarpa,9629033,1
Urtica lutescens,Ceanothus delilianus,3875113,0
Ventilago fasciculiflora,Smythea lanceata,3039431,1
Trophis ramon,Trophis racemosa,2984648,1
Leptocnide rubricaulis,Pseudoziziphus parryi,8997716,0
Stranvaesia digyna,Pourthiaea villosa,8356787,1
Urtica glaberrima,Pilea glaberrima,5669878,1
Sorbus polgariana,Pilea verbascifolia,5671435,0
Acaena incisa,Acaena pinnatifida,5370645,1
Celtis cavaleriei,Celtis biondii,7303618,1
Phylica nitida,Poikilospermum suaveolens,4013131,0
Celtis multifolia,Celtis philippensis,7303643,1
Elatostema edule,Elatostema platyphyllum,7300825,1
Rosa marschalliana,Soleirolia soleirolii,2984366,0
Trichocephalus gracilis,Phylica gracilis,3875811,1
Urtica aestuans,Obetia radula,8399299,0
Spiraea laucheana,Spiraea ouensanensis,3026541,1
Eriobotrya metrosideros,Atadinus alpinus,3877063,0
Pyrus hippomenes,Aronia prunifolia,5363613,1
Ziziphus elmeri,Frangula crenata,7273631,0
Pygeum platyphyllum,Frangula capreifolia,3874736,0
Pellionia cuneata,Elatostema suzukii,4099449,1
Awayus japonicus,Karpatiosorbus hybrida,9478021,0
Urtica chesneyana,Sarcomphalus platyphyllus,9171870,0
Dimerocarpus brenieri,Taxotrophis macrophylla,3767188,1
Azarolus torminalis,Torminalis glaberrima,9410160,1
Laportea canadensis,Laportea canadensis,2984463,1
Urtica hirta,Gonostegia triandra,4100795,1
Prunus baldshuanica,Prunus ulmifolia,3023601,1
Celtis montana,Trema parviflorum,9662432,1
Freirea gracilis,Parietaria debilis,5361795,1
Procris grandis,Poikilospermum acuminatum,4013317,1
Urticastrum microstigma,Noltea africana,3877365,0
Celtis hilariana,Celtis iguanaea,2984498,1
Spiraea altaiensis,Crataegus pruinosa,7790552,0
Celtis flagellaris,Allaeanthus greveanus,3765669,0
Rhamnus obliqua,Coussapoa parviceps,4013190,0
Neraudia kahoolawensis,Holodiscus discolor,2987780,0
Fragaria sempervirens,Elatostema hoffmannianum,4099325,0
Streblus madagascariensis,Elaeagnus songarica,8273261,0
Phylica arborescens,Phylica nitida,7568909,1
Prunus bigarella,Crataegus pruinosa,7790552,0
Chamaebatia foliolosa,Chamaebatiaria millefolium,3026352,1
Rhamnus virgata,Auerodendron reticulatum,3876830,0
Elatostema minutum,Potentilla radiata,5366051,0
Villebrunea murina,Lecanthus obtusus,4098241,0
Retanilla moelleri,Retanilla ephedra,7273774,1
Urtica ciliaris,Pilea parietaria,5361834,1
Pilea cucullata,Discaria serratifolia,7273739,0
Urtica gigantea,Dendrocnide gigantea,4098866,1
Humulus japonicus,Frangula crenata,7273631,0
Potentilla habbemana,Karpatiosorbus barrandienica,9468177,0
Acaena glandulifera,Ficus carica,5361909,0
Artocarpus cuspidatus,Artocarpus rigidus,2984576,1
Sibbaldia phanerophlebia,Argentina phanerophlebia,7979861,1
Urtica ficifolia,Potentilla divina,5367094,0
Zelkova acuminata,Acaena sericea,5370716,0
Dorstenia katubensis,Lozanella enantiophylla,4160094,0
Potentilla millefoliolata,Fragaria moschata,8350369,0
Dicera rhamnifolia,Gironniera rhamnifolia,4159362,1
Morus laciniata,Crataegus pruinosa,7790552,0
Pipturus rockii,Pipturus albidus,7500826,1
Chamaemespilus ambigua,Majovskya ambigua,9285492,1
Droguetia urticifolia,Dorstenia fawcettii,3764971,0
Spiraea prostrata,Spiraea chamaedryfolia,3026406,1
Mespilus heldreichii,Crataegus heldreichii,3015539,1
Ulmus cavaleriei,Pteroceltis tatarinowii,4159853,1
Ulmus cordifrons,Gouania fimbriata,10689212,0
Sorbus obtusata,Crataegus obtusata,3014035,1
Debregeasia luteocarpa,Crataegus berberifolia,3014985,0
Sorbus huljakii,Cryptandra leucophracta,3877146,0
Rhamnus imeretiae,Dorstenia benguellensis,3765939,0
Artocarpus echinatus,Artocarpus rigidus,2984576,1
Parietaria linguifolia,Prunus bucharica,3021249,0
Urtica monilifera,Atadinus fallax,9581355,0
Sorbus magocsyana,Karpatiosorbus magocsyana,9616932,1
Cecropia setico,Parietaria officinalis,5361803,0
Adolia buxifolia,Scutia buxifolia,7819318,1
Gouania stipularis,Berchemia polyphylla,8142461,0
Elatostematoides insignis,Elatostematoides insigne,4098367,1
Amygdalus latifolia,Trema micranthum,2984501,0
Dorstenia telekii,Rubus niveus,2989183,0
Photinia consimilis,Helinus mystacinus,3875546,0
Sorocea castaneifolia,Sorocea guilleminiana,3762938,1
Ceanothus arnouldii,Ceanothus arnouldii,3875633,1
Celtis rhamnifolia,Rhamnus prinoides,3875856,1
Aronia pumila,Aronia arbutifolia,5363629,1
Planera verschaffeltii,Artocarpus vrieseanus,8332746,0
Lazarolus aria,Aria edulis,8411755,1
Cerasus incana,Prunus incana,3020605,1
Potentilla villosa,Potentilla crantzii,5366215,1
Ceanothus granulosus,Frangula granulosa,3874505,1
Rhamnus parviflorus,Sageretia parviflora,3876438,1
Margarocarpus heterophyllus,Spiraea bella,3026631,0
Sorbus lonetalensis,Hedlundia lonetalensis,9254825,1
Crataegus henryi,Crataegus scabrifolia,3013721,1
Procris caudata,Dendrocnide subclausa,4098477,0
Cecropia candida,Sageretia thea,3039516,0
Colletia obcordata,Nanocnide lobata,4100198,0
Ziziphus celata,Physocarpus opulifolius,2988354,0
Forsskaolea eenii,Elatostematoides robustum,4098258,0
Ziziphus rotundifolia,Procris repens,7916114,0
Colubrina ferruginosa,Colubrina arborescens,5372463,1
Sponia andaresa,Pouzolzia zeylanica,2984383,0
Scutia fiebrigii,Ficus fergusonii,5571616,0
Ulmus modiolina,Ulmus hollandica,7141604,1
Sorbus zolyomii,Boehmeria ternifolia,4100788,0
Acaena behriana,Pilea inaequalis,5361845,0
Halmia lobata,Elatostema filicinum,4100128,0
Acaena acrobyssina,Acaena montana,5370674,1
Sorbus karpatii,Shepherdia canadensis,5372427,0
Missiessya aspera,Zelkova serrata,2984532,0
Morus caudatifolia,Elatostematoides pictum,4098294,0
Laportea termatense,Elatostema suzukii,4099449,0
Treculia brieyi,Treculia obovoidea,3766978,1
Crataegus ferentaria,Crataegus macracantha,3013570,1
Parietaria rotundifolia,Discaria chacaye,5602883,0
Pourouma acutiflora,Pourouma guianensis,7316407,1
Laportea sessiliflora,Ulmus hollandica,7141604,0
Sorbus parviloba,Rhamnus persicifolia,3876121,0
Pipturus melastomatifolius,Nothocnide melastomatifolia,4099920,1
Mespilus laciniata,Bencomia caudata,3032183,0
Zizyphus meigsii,Ulmus hollandica,7141604,0
Sorbus joannis,Karpatiosorbus balatonica,9571244,0
Procris parva,Argentina polyphylla,7661473,0
Amygdalus graeca,Prunus discolor,3022033,1
Coussapoa cornifolia,Trichocephalus stipularis,5602927,0
Ceanothus pinetorum,Trilepisium madagascariense,3766911,0
Hahnia torminalis,Sibiraea laevigata,3032453,0
Adicea oxyodon,Pilea oxyodon,5669896,1
Trema philippinensis,Trema eurhynchum,9734868,1
Cerasus nigra,Pourthiaea villosa,8356787,0
Spiraea pumila,Spiraea japonica,8170635,1
Pomaderris zizyphoides,Zelkova serrata,2984532,0
Fleurya aesturans,Sloetia elongata,3763185,0
Sponia mollis,Trema micranthum,2984501,1
Urtica palustris,Ziziphus zeyheriana,3877649,0
Acaena plioglochin,Chaenomeles speciosa,3000679,0
Microrhamnus taquetii,Rhamnella franguloides,3874947,1
Photinia raupingensis,Photinia prunifolia,5363844,1
Trophis cochinchinensis,Pipturus albidus,7500826,0
Procris rhizantha,Colubrina viridis,5602941,0
Rhamnus obtusifolia,Sarcomphalus obtusifolius,8937468,1
Dicera lanceolata,Celtis paniculata,4159385,1
Rhamnus serpyllifolia,Rhamnus serpyllacea,3874893,1
Conocephalus naucleiformis,Poikilospermum suaveolens,4013131,1
Spiraea subcordata,Spiraea bella,3026631,1
Ziziphus platyphylla,Sarcomphalus platyphyllus,9171870,1
Adicea obtusata,Pilea inaequalis,5361845,1
Pyrus umbellifera,Aria umbellata,9330923,1
Pyrus lobata,Rubus caucasicus,2990820,0
Pseudolmedia huberi,Maquira coriacea,3763724,1
Pourthiaea parvifolia,Pourouma velutina,4013280,0
Saccus nobilis,Artocarpus nobilis,3764420,1
Pyrus semipinnata,Hedlundia thuringiaca,9471386,1
Spiraea pubescens,Spiraea ouensanensis,3026541,1
Dubrueilia rhombea,Pilea parietaria,5361834,1
Pellionia filicoides,Elatostematoides filicoides,10863809,1
Fragaria elatior,Rosa beggeriana,7832083,0
Pyrus taurica,Aria taurica,9354971,1
Cryptandra pauciflora,Artocarpus lanceifolius,7776286,0
Ficus skytinoderma,Chaenomeles japonica,3000610,0
Sponia timorensis,Trema cannabina,2984507,1
Crataegus rubra,Rhaphiolepis indica,5371542,1
Mespilus aria,Frangula sphaerosperma,3039467,0
Sorbus pseudomeinichii,Hedlundia pseudomeinichii,9523257,1
Sorbus grandifolia,Celtis timorensis,4160107,0
Laportea chingiana,Trymalium wayi,7659623,0
Boehmeria longispica,Gouania hillebrandii,8240892,0
Discaria crenata,Discaria chacaye,5602883,1
Tetraglochin ameghinoi,Margyricarpus ameghinoi,3030134,1
Potentilla karoi,Trema orientale,2984508,0
Spiraea pachysandra,Spiraea pachystachys,3026609,1
Fleurya mooreana,Laportea mooreana,4099014,1
Ficus concentrica,Nothocnide repanda,4099887,0
Paliurus paliurus,Paliurus spina-christi,5372457,1
Boehmeria hirta,Boehmeria brevirostris,4100242,1
Acaena ovalis,Phippsiomeles mexicana,11455449,0
Prainea limpato,Prainea limpato,7262561,1
Potentilla brassii,Argentina brassii,7773714,1
Pomaderris capsularis,Chamaemeles coriacea,3031018,0
Hippophae litangensis,Bagassa guianensis,3763926,0
Maria turbinata,Hijmania turbinata,9189516,1
Obetia australis,Obetia carruthersiana,4099842,1
Saccus lanceifolius,Artocarpus lanceifolius,7776286,1
Celtis flexuosa,Taxotrophis ilicifolia,3767205,0
Cryptandra globulosa,Spyridium spadiceum,7273965,0
Bosquiea thouarsiana,Cecropia angustifolia,4013465,0
Oxyacantha punctata,Chaenomeles vilmoriniana,3000609,0
Potentilla breviscissa,Potentilla multifida,8416400,1
Ulmophyllum tenuinerve,Ulmiphyllum tenuinerve,8992328,1
Celtis aurantiaca,Cryptandra tomentosa,7273849,0
Conocephalus gratus,Phylica imberbis,7725424,0
Ulmus erythrocarpa,Ulmus szechuanica,5680310,1
Celtis helleri,Celtis lindheimeri,2984480,1
Laportea giraldiana,Endotropis serrata,9276778,0
Potentilla axilliflora,Argentina micropetala,7582115,1
Urtica ildefonsia,Urtica scabrella,5670246,1
Sericotheca fissa,Holodiscus fissus,2987807,1
Pyracantha pauciflora,Pyracantha coccinea,2988188,1
Fusticus tataiba,Prunus microcarpa,3021376,0
Gironniera scabrida,Gironniera parvifolia,4159419,1
Celtis rhamnifolia,Pilea pubescens,7300898,0
Hullettia griffithiana,Argentina stenophylla,8033120,0
Pouzolzia acuta,Gonostegia pentandra,4100866,1
Pouzolzia arnhemica,Aria edulis,8411755,0
Ramium mollicoma,Boehmeria nivea,2984359,1
Boehmeria ballotifolia,Phenax rugosus,7300597,1
Laportea nicaraguensis,Discocnide mexicana,4098157,1
Morus caudatifolia,Morus indica,5569978,1
Elatostema rupicola,Elatostema brongniartianum,4101221,1
Morus kaempferi,Ziziphus calophylla,3876846,0
Pomaderris hirta,Rhaphiolepis daduheensis,10772222,0
Spiraea glauca,Spiraea bella,3026631,1
Sageretia trinervis,Holodiscus australis,2987775,0
Coussapoa cuneata,Coussapoa microcephala,7316409,1
Ficus cristobalensis,Ficus novae-georgiae,5570663,1
Gillenia stipulacea,Gillenia stipulata,7557273,1
Rhamnus wulfenii,Morus indica,5569978,0
Sponia bracteolata,Trema orientale,2984508,1
Elaeagnus glabra,Paratrophis insignis,11137754,0
Ceanothus arnouldii,Rhaphiolepis fulvicoma,10746511,0
Alchemilla triloba,Aphanes arvensis,5365013,1
Zizyphus oligantha,Sarcomphalus laurinus,7273826,0
Pyrus bergerae,Pourthiaea bergerae,3000458,1
Boehmeria stipularis,Boehmeria grandis,2984353,1
Dorstenia angusticornis,Hijmania angusticornis,8742459,1
Rhamnus ephedra,Taxotrophis taxoides,11138557,0
Rhamnus tumetica,Rhamnus parvifolia,7273851,1
Rubus septicola,Rubus alterniflorus,8321269,1
Frangula chimantensis,Poulsenia armata,5570848,0
Urera benthamii,Ulmus laevis,7303616,0
Neillia millsii,Neillia uekii,3024769,1
Dorstenia ophiocoma,Dorstenia barnimiana,7262729,0
Photinia schneideriana,Cecropia reticulata,7316447,0
Pilea melastomoides,Pilea hispaniolana,7818256,1
Cerasus karelinii,Prunus incana,3020605,1
Boehmeria arborescens,Trymalium albicans,3875955,0
Soulangia marifolia,Phylica paniculata,3875228,1
Pyrus neglecta,Physocarpus monogynus,2988349,0
Morus luzonica,Pourouma cuspidata,4013412,0
Fleurya petiolata,Laportea aestuans,2984466,1
Urtica pseudodioica,Urtica magellanica,7300920,1
Potentilla nitida,Cryptandra tubulosa,3876136,0
Parietaria obtusa,Parietaria pensylvanica,5361796,1
Eriobotrya poilanei,Kageneckia oblonga,3016219,0
Crumenaria steyermarkii,Crumenaria decumbens,3875417,1
Celtis montana,Trema eurhynchum,9734868,1
Photinia sambuciflora,Photinia integrifolia,5363967,1
Ziziphus ferruginea,Ziziphus oenopolia,3875331,1
Pilea gonavensis,Sieversia pusilla,5364194,0
Sponia blancoi,Trema tomentosum,7303576,1
Acaena poterioides,Acaena poterioides,5371195,1
Crataegus cerasina,Ventilago kurzii,3877716,0
Cecropia propinqua,Cecropia peltata,2984476,1
Sorbus rhodanthera,Karpatiosorbus rhodanthera,9298826,1
Rhamnus liukiuensis,Dorstenia arifolia,7262742,0
Frangula neblinensis,Taxotrophis ilicifolia,3767205,0
Ficus xavieri,Acaena magellanica,5370832,0
Pouzolzia sponiifolia,Rhamnella rubrinervis,9039596,0
Ziziphus acuminata,Colubrina triflora,5602971,1
Naucleopsis insculptula,Maclura cochinchinensis,7262552,0
Morus latifolia,Sibiraea laevigata,3032453,0
Celtis lima,Trema micranthum,2984501,1
Dalibarda violioides,Sarcomphalus obtusifolius,8937468,0
Helxine pensylvanica,Ulmus hollandica,7141604,0
Trymalium stuartii,Procris pedunculata,5671195,0
Phylica capitata,Aria collina,9453938,0
Rhamnus latifolia,Crataegus sanguinea,3013574,0
Poikilospermum gagnepainii,Spyridium lawrencii,3877551,0
Parietaria zeylanica,Pouzolzia zeylanica,2984383,1
Pyrus velebilii,Treculia africana,7895921,0
Morus cretica,Morus nigra,5361888,1
Boehmeria vestita,Cypholophus vestitus,4099512,1
Urtica lomatocarpa,Ulmus wallichiana,7303567,0
Urtica lobata,Urtica lobata,5671412,1
Elaeagnus gussoni,Elaeagnus conferta,7293128,1
Celtis glabrata,Celtis iguanaea,2984498,1
Phylica cordifolia,Phylica buxifolia,3876260,1
Spiraea triternata,Aruncus sylvester,6369098,1
Pyrus hornadensis,Prunus buxifolia,3022783,0
Pilea longifolia,Pilea ivohibeensis,5671048,1
Conocephalus singalensis,Poikilospermum singalense,4013137,1
Sorbus pseudaria,Ulmus glabra,5361866,0
Ceanothus scandens,Fragaria orientalis,3029834,0
Ulmus corylacea,Ulmus glabra,5361866,1
Sloetia eusideroxylon,Karpatiosorbus remensis,9350399,0
Elaeagnus cumingii,Elaeagnus triflora,7293096,1
Reynosia excisa,Zelkova carpinifolia,7467231,0
Conocephalus mollis,Celtis philippensis,7303643,0
Elaeagnus veteris-castelli,Elaeagnus commutata,3039274,1
Octarillum fruticosum,Gonostegia triandra,4100795,0
Celtis morifolia,Celtis iguanaea,2984498,1
Potentilla tatsienluensis,Rhamnus wightii,3877053,0
Dorstenia gilletii,Dorstenia psilurus,3763387,1
Ficus clusiifolia,Ceanothus foliosus,3039336,0
Amygdalus persica,Maclura fruticosa,3764318,0
Piratinera gaudichaudii,Brosimum gaudichaudii,7262433,1
Mertensia commutata,Maclura tinctoria,2984583,0
Gouania mexicana,Holodiscus discolor,2987780,0
Australina caffra,Didymodoxa capensis,7300493,1
Crataegus bracteata,Sorocea guilleminiana,3762938,0
Ancistrum diandrum,Acaena novae-zelandiae,5370755,1
Nanocnide pilosa,Gouania hillebrandii,8240892,0
Ulmus antarctica,Fragaria orientalis,3029834,0
Oreoherzogia mulleyana,Rhamnus mulleyana,3876880,1
Rhamnus sanguinea,Ziziphus xylopyrus,7524561,0
Neillia malvacea,Physocarpus malvaceus,2988332,1
Pyrus veitchii,Pyronia veitchii,5364229,1
Urtica bicolor,Celtis africana,5834428,0
Dorstenia multisquamea,Dorstenia erythrandra,8892698,1
Acaena triglochin,Cypholophus lutescens,4099764,0
Urtica fruticosa,Pipturus argenteus,6414892,1
Morus italica,Morus alba,5361889,1
Rhamnus senticosa,Scutia spicata,7273727,1
Dendrocnide nitida,Dendrocnide ternatensis,4098440,1
Forsskaolea cossoniana,Elatostema heterolobum,4099443,0
Urera repens,Aria umbellata,9330923,0
Cydonia citripomma,Hedlundia hybrida,9245228,0
Adenorhachis arbutifolia,Aronia arbutifolia,5363629,1
Stranvaesia argyi,Debregeasia saeneb,4099243,0
Potentilla transcaspia,Celtis occidentalis,2984481,0
Broussonetia zanthoxylon,Boehmeria depauperata,4099464,0
Touchardia nana,Photinia serratifolia,5364029,0
Morus mexicana,Spiraea bella,3026631,0
Amygdalus incana,Planera aquatica,5361858,0
Microrhamnus ericoides,Karwinskia umbellata,3874888,0
Ficus urophylla,Ficus heteropleura,7262505,1
Llyonothamnus floribundus,Lyonothamnus floribundus,3027433,1
Pyrus chingiana,Frangula crenata,7273631,0
Saccus maingayi,Achudemia myriantha,11208539,0
Ulmus manshurica,Cryptandra tubulosa,3876136,0
Parietaria circeaefolia,Parietaria circeaefolia,5670039,1
Ziziphus umbellata,Trema orientale,2984508,0
Adicea rhombea,Pilea parietaria,5361834,1
Pygeum lancilimbum,Prunus lancilimba,3023124,1
Celtis elongata,Oreocnide integrifolia,7300622,1
Boehmeria sidifolia,Crataegus punctata,3014805,0
Duretia hirtella,Celtis caucasica,7141655,0
Elatostema frutescens,Prunus microcarpa,3021376,0
Urtica salicifolia,Laportea aestuans,2984466,0
Tetraglochin andina,Pouzolzia zeylanica,2984383,0
Prunus chorassanica,Bosqueiopsis gilletii,3763654,0
Pellionia begoniifolia,Procris repens,7916114,1
Urtica elevata,Prunus cerasus,3021922,0
Urtica angustata,Debregeasia longifolia,4099305,1
Acaena microcephala,Acaena antarctica,5370768,1
Morus levasseurei,Scepocarpus oblongifolius,11415631,0
Rubus attenuatispinus,Rubus alterniflorus,8321269,1
Ziziphus cotinifolia,Sarcomphalus cotinifolius,8847000,1
Karpatiosorbus parviloba,Elaeagnus conferta,7293128,0
Brosimum tessmannii,Elaeagnus angustifolia,3039269,0
Ulmus expansa,Laportea bulbifera,7300666,0
Trymalium eupatorioides,Spyridium parvifolium,7273996,1
Ventilago calpicarpa,Smythea calpicarpa,3875191,1
Elaeagnus igda,Elaeagnus angustifolia,3039269,1
Sibiraea altaiensis,Discaria articulata,7840245,0
Ficus condensa,Ficus fistulosa,7262725,1
Rhamnus cinerascens,Trema rigidum,9698943,0
Fragariastrum petiolatum,Potentilla caulescens,5367397,1
Villebrunea intermedia,Photinia serratifolia,5364029,0
Gironniera glabra,Paratrophis glabra,3765995,1
Pyrus crassifolia,Sageretia filiformis,3876704,0
Acaena elegans,Maoutia setosa,5671060,0
Sorocea houllettiana,Sorocea guilleminiana,3762938,1
Pyrus gabrieljanae,Hedlundia tamamschjanae,10675505,1
Sorbus lippertiana,Hedlundia lippertiana,11555094,1
Trema rugosum,Trema eurhynchum,9734868,1
Frangula cambodiana,Frangula crenata,7273631,1
Prunus ferganensis,Prunus persica,8149923,1
Microcerasus microcarpa,Prunus microcarpa,3021376,1
Phenax gaudichaudianus,Crataegus berberifolia,3014985,0
Ulmus lancifolia,Ulmus lanceifolia,8348291,1
Crataegus elongata,Crataegus holmesiana,3014062,1
Streblus ilicifolius,Parietaria pensylvanica,5361796,0
Spyridium stuartii,Spyridium coactilifolium,7273613,1
Artocarpus tarap,Elatostema smilacinum,8220890,0
Rubus tenuicaulis,Rubus baileyanus,2989820,1
Artocarpus fretissi,Cecropia ficifolia,8173870,0
Pyrus firma,Sorbaria pallasii,3012125,0
Urera bequaertii,Artocarpus rigidus,2984576,0
Sorbus sargentii,Rhamnus nigricans,3876680,0
Acaena polycarpa,Spiraea superba,3026423,0
Sponia wightii,Trema orientale,2984508,1
Eriobotrya angustissima,Sageretia parviflora,3876438,0
Rubus bouvetianus,Rubus bouvetianus,7811689,1
Crataegus grandis,Pipturus argenteus,6414892,0
Laportea contracta,Dendrocnide contracta,4099028,1
Rhamnus guayaquilensis,Scutia spicata,7273727,1
Pouzolzia heterophylla,Laportea interrupta,2984469,0
Ficus cuspidatocaudata,Chaenomeles japonica,3000610,0
Cecropia teleincana,Cecropia telenitida,4013242,1
Memorialis ciliaris,Hedlundia roopiana,9356550,0
Sitodium cauliflorum,Karpatiosorbus hybrida,9478021,0
Pomaderris subochreata,Spyridium subochreatum,7273953,1
Pipturus fauriei,Pipturus arborescens,4102074,1
Rubus bosquetianus,Rubus bosquetianus,2997753,1
Ulmus alba,Gironniera subaequalis,4159324,0
Ceanothus hirsutus,Ceanothus oliganthus,3039398,1
Procris laevigata,Procris crenata,5669749,1
Fleurya caffra,Atadinus microcarpus,9351724,0
Rhamnus glaberrima,Elaeagnus triflora,7293096,0
Dorstenia rhomboidea,Dorstenia hildebrandtii,7262592,1
Celastrus ovatus,Colubrina arborescens,5372463,1
Cudrania tricuspidata,Urera kaalae,2984337,0
Dorstenia tenuis,Dendrocnide meyeniana,4098765,0
Artocarpus echinatus,Majovskya zuzanae,9445237,0
Eriobotrya cavaleriei,Rhaphiolepis cavaleriei,10731169,1
Colletia bictanensis,Gouania timorensis,5602890,0
Rubus incanus,Rubus niveus,2989183,1
Kageneckia crataegoides,Kageneckia oblonga,3016219,1
Pyrus dacica,Potentilla radiata,5366051,0
Ficus obtusata,Sarcomphalus cotinifolius,8847000,0
Rhaphiolepis cheniana,Parietaria pensylvanica,5361796,0
Ulmus pumila,Margyricarpus cristatus,3030136,0
Celtis willdenowiana,Pouzolzia sanguinea,7300542,0
Petrophyton hendersonii,Petrophytum hendersonii,3030192,1
Sorbus taurica,Aria taurica,9354971,1
Urera cordifolia,Scepocarpus cordifolius,11710036,1
Cryptandra angustifolia,Auerodendron cubense,7273940,0
Crataegus carpathica,Crataegus nigra,3015596,1
Sloetia minahassae,Paratrophis philippinensis,3765935,1
Rhamnus laetevirens,Sageretia thea,3039516,1
Urtica bicolor,Debregeasia saeneb,4099243,1
Cecropia surinamensis,Atadinus sibthorpianus,9432696,0
Allaeanthus glaber,Elatostematoides lingua,11410332,0
Alchemilla monandra,Boehmeria excelsa,4099109,0
Fragariastrum collettianum,Dendrocnide ternatensis,4098440,0
Dorstenia lagoensis,Dorstenia bowmanniana,3765868,1
Elaeagnus argentea,Morus indica,5569978,0
Cydonia sargentii,Chaenomeles japonica,3000610,1
Prunus podolica,Hovenia trichocarpa,7273737,0
Boehmeria calophleba,Laportea grossa,4102053,0
Sorbus sorbifolia,Sorbaronia sorbifolia,2987868,1
Sorocea castaneifolia,Dendrocnide meyeniana,4098765,0
Maclura polyneura,Maclura tinctoria,2984583,1
Oxyacantha amygdalifolia,Sorocea bonplandii,3763071,0
Ficus marmorata,Prunus pseudocerasus,3021437,0
Oblixilis divaricatus,Laportea canadensis,2984463,1
Ziziphus iroensis,Pilea parietaria,5361834,0
Acaena pinnatifida,Acaena trifida,5370812,1
Spiraea obovata,Spiraea brevipes,3026663,1
Berchemia hamosa,Sageretia hamosa,7273915,1
Cerasus canescens,Prunus canescens,3023141,1
Urtica armigera,Urera baccifera,7411905,1
Smythea lancifolia,Boehmeria cylindrica,2984345,0
Prunus erythrocarpa,Ficus mauritiana,5571388,0
Ceanothus macrophyllus,Spiraea thunbergii,3026402,0
Berchemia ohwii,Artocarpus rigidus,2984576,0
Trevoa berteroniana,Pouzolzia sanguinea,7300542,0
Ziziphus sonorensis,Sarcomphalus amole,9008095,1
Pygeum glandulosum,Trilepisium madagascariense,3766911,0
Acaena hystrix,Acaena confertissima,5370816,1
Ziziphus sarcomphalus,Sarcomphalus laurinus,7273826,1
Ficus lanyuensis,Dendrocnide basirotunda,4099095,0
Amygdalus ledebouriana,Rosa sepincola,3006936,0
Trymalium capsulare,Phippsiomeles guerreris,11706261,0
Azarolus torminalis,Maoutia odontophylla,5670629,0
Osteomeles boninensis,Osteomeles schweriniae,4938587,1
Fragariastrum nitidum,Physocarpus amurensis,2988383,0
Elatostema laevigatum,Spiraea splendens,3026675,0
Pseudomorus sandwicensis,Argentina sumatrana,8298825,0
Urtica caravellana,Ulmus glabra,5361866,0
Ficus hispida,Dorstenia brasiliensis,7262704,0
Pyrus vallerubusensis,Karpatiosorbus vallerubusensis,9409586,1
Laportea latifolia,Ficus asperiuscula,5571880,0
Holodiscus franciscanus,Pilea grandifolia,5361822,0
Taxotrophis rectinervis,Aphananthe philippinensis,4159824,1
Parietaria heterophyla,Parietaria pensylvanica,5361796,1
Physocarpus intermedius,Physocarpus intermedius,2988352,1
Pyrus tsaii,Pourthiaea salicifolia,3000518,1
Scutia sarcomphalus,Sarcomphalus laurinus,7273826,1
Photinia buisanensis,Rhaphiolepis deflexa,10855510,1
Morus deqinensis,Morus mongolica,7262362,1
Inophloeum armatum,Poulsenia armata,5570848,1
Tetraglochin cristata,Margyricarpus cristatus,3030136,1
Morus japonica,Rubus vigoi,2997633,0
Ostinia mespylus,Mespilus germanica,3031774,1
Kageneckia crataegoides,Ficus membranacea,5571303,0
Bosqueia danguyana,Trilepisium madagascariense,3766911,1
Acaena sanguisorbae,Spyridium halmaturinum,7274027,0
Parartocarpus involucratus,Parartocarpus venenosa,3766049,1
Chaenomeles xsuperba,Chaenomeles superba,3000632,1
Rhamnus ramosissima,Paliurus ramosissimus,5603062,1
Urtica conglobata,Urtica conglobata,5670777,1
Ceanothus sarcomphalus,Sarcomphalus laurinus,7273826,1
Elaeagnus glabropungens,Elaeagnus reflexa,4048279,1
Chamaedryfolia viridis,Forsskaolea viridis,8040520,1
Morus tiliifolia,Ulmus hollandica,7141604,0
Sloetia sideroxylon,Pilea inaequalis,5361845,0
Parartocarpus papuanus,Holodiscus discolor,2987780,0
Eriobotrya balgooyi,Rhaphiolepis balgooyi,10701900,1
Pyrus capitata,Ampalis dimepate,11911398,0
Crataegus beckiana,Chaenomeles japonica,3000610,0
Spiraea californica,Vauquelinia californica,3001749,1
Aruncus barbaecapri,Cydonia oblonga,5362215,0
Pouzolzia hypericifolia,Ampalis mauritiana,3765609,0
Artocarpus horridus,Artocarpus altilis,2984573,1
Boehmeria melastomoidea,Gonostegia pentandra,4100866,1
Rhamnus baptica,Berchemia formosana,3876448,0
Boehmeria aspera,Pouzolzia poeppigiana,4099219,1
Parietaria lusitanica,Parietaria cretica,8126790,1
Sibiraea angustata,Sibiraea angustata,3032449,1
Pourouma garciana,Pourouma cucura,4013430,1
Bosquiea manongarivensis,Pilea pubescens,7300898,0
Zizyphus mauritiana,Aria danubialis,9573476,0
Aphanes maroccana,Aphanes maroccana,5365008,1
Morus dioica,Broussonetia papyrifera,5361944,0
Oblixilis canadensis,Laportea canadensis,2984463,1
Pyrus tomentosa,Pyraria irregularis,12193096,1
Cryptandra floribunda,Elatostematoides falcatum,4098396,0
Fleuryopsis petiolata,Laportea aestuans,2984466,1
Stranvaesia argyi,Photinia serratifolia,5364029,1
Pyrus stipularis,Rhaphiolepis stipularis,10676307,1
Chamaedryfolia tenacissima,Forsskaolea tenacissima,4101888,1
Pouzolzia batesii,Pouzolzia rubricaulis,4099003,0
Pellionia goepeliana,Procris goepeliana,5669628,1
Dorstenia katangensis,Dorstenia benguellensis,3765939,1
Crataegus divida,Berchemia koganii,7508707,0
Piratinera rubescens,Brosimum rubescens,3762826,1
Phylica australis,Phylica parviflora,7389046,1
Fleurya racemosa,Majovskya sudetica,9238979,0
Procris violacea,Prunus avium,3020791,0
Crataegus peoriensis,Artocarpus nobilis,3764420,0
Acaena trifida,Aronia arbutifolia,5363629,0
Celtis parvifolia,Aphanes maroccana,5365008,0
Rosa beanii,Aphananthe philippinensis,4159824,0
Laportea sinensis,Laportea bulbifera,7300666,1
Ramium tenue,Coussapoa orthoneura,4013222,0
Mespilus prunifolia,Procris pedunculata,5671195,0
Celtis floridana,Celtis occidentalis,2984481,1
Pyrus xizangensis,Aphananthe aspera,4159921,0
Urostigma elasticum,Ficus elastica,7835333,1
Ogcodeia caloneura,Elatostematoides scandens,11127643,0
Aria semiincisa,Karpatiosorbus semiincisa,9325082,1
Zizyphus undulata,Sarcomphalus undulatus,8826109,1
Brosimum belizense,Brosimum lactescens,3763127,1
Phylica cylindrica,Hedlundia turkestanica,10809500,0
Gouania cordifolia,Reissekia smilacina,8188318,1
Morus excelsa,Prunus emarginata,7272137,0
Urtica hypselodendron,Artocarpus heterophyllus,2984565,0
Neillia breviracemosa,Aria javorkana,9502264,0
Ficus thwaitesii,Ficus diversiformis,5572308,1
Gouania paniculata,Gouania lupuloides,5372440,1
Taxotrophis triapiculata,Crataegus scabrifolia,3013721,0
Memorialis hirta,Gonostegia triandra,4100795,1
Morus calcar-galli,Maclura cochinchinensis,7262552,1
Pyrus komarovii,Pourthiaea villosa,8356787,1
Pyrus photinia,Dorstenia fawcettii,3764971,0
Crataegus korolkowii,Crataegus chlorocarpa,7892367,1
Rhamnus obovatilimba,Ziziphus leucodermis,3875900,0
Boehmeria crenata,Maoutia diversifolia,5671121,0
Sorbus tomentosa,Aria edulis,8411755,1
Elaeagnus nivea,Elaeagnus nivea,4048092,1
Catha zeylanica,Scutia myrtina,8317476,1
Dubrueilia grandifolia,Pilea grandifolia,5361822,1
Spyridium ramosissimum,Spiraea californica,7909178,0
Ficus karet,Ficus elastica,7835333,1
Cudrania spinosa,Condalia buxifolia,5602931,0
Urtica angustata,Cecropia peltata,2984476,0
Rubus hederifolius,Rubus lasiotrichos,4923959,1
Trilepisium gymnandrum,Trilepisium madagascariense,3766911,1
Sorocea macrogyna,Pourthiaea calleryana,3000535,0
Ficus curranii,Rhaphiolepis wuzhishanensis,5598423,0
Leucosyke rhodopleura,Spyridium eriocephalum,7274041,0
Pomaderris ligustrina,Pomaderris ledifolia,7273929,1
Cecropia moniquirana,Phylica comosa,3876164,0
Gouania hillii,Dorstenia tenera,7262412,0
Sorbus semiincisa,Acaena magellanica,5370832,0
Elaeagnus obovata,Pouzolzia mixta,7300658,0
Neillia velutina,Coussapoa microcephala,7316409,0
Urera tenax,Ulmus hollandica,7141604,0
Pyrus sorbifolia,Sorbaronia sorbifolia,2987868,1
Cotoneaster blinii,Elatostema macrophyllum,4098062,0
Polychroa volubilis,Elatostema volubile,4098780,1
Ziziphus microdictya,Crataemespilus canescens,8872103,0
Gouania gagnei,Holodiscus australis,2987775,0
Planera richardii,Crataegus pennsylvanica,3014745,0
Laportea salomonensis,Dendrocnide longifolia,4098791,1
Rhaphiolepis minor,Rhaphiolepis indica,5371542,1
Adicea gnidioides,Pilea gnidioides,5669843,1
Cryptandra holostyla,Cryptandra pungens,3876579,1
Ziziphus spinosa,Karpatiosorbus hybrida,9478021,0
Cecropia digitata,Endotropis alnifolia,9266494,0
Dorstenia benguellensis,Dorstenia benguellensis,3765939,1
Alicastrum guianense,Hedlundia anglica,9486316,0
Stephanandra incisa,Ziziphus linnaei,3875884,0
Sorbus torminalis,Torminalis glaberrima,9410160,1
Potentilla irianensis,Argentina irianensis,7672107,1
Rhamnus rotundifolia,Sarcomphalus reticulatus,3039426,1
Aria vulgaris,Ceanothus cuneatus,3039404,0
Dorstenia anthuriifolia,Ficus parietalis,5569936,0
Colubrina nepaulensis,Celtis reticulata,6406316,0
Elatostematoides thibaudiifolium,Elatostema rostratum,11066335,1
Rosa anemoniflora,Gonostegia triandra,4100795,0
Amygdalus urumiensis,Prunus urumiensis,3022391,1
Missiessya ochroneura,Leucosyke ochroneura,4102232,1
Eriobotrya kwangsiensis,Boehmeria holosericea,7300512,0
Rhamnus darii,Rhamnus prostrata,3875839,1
Urtica ballotifolia,Urtica leptophylla,5669658,1
Trophis americana,Trophis racemosa,2984648,1
Ioxylon aurantiacum,Boehmeria sieboldiana,4101147,0
Mertensia citrifolia,Celtis iguanaea,2984498,1
Sibiraea glaberrima,Parietaria alsinifolia,5670125,0
Soulangia thymifolia,Phylica polifolia,3875106,1
Urera amplissima,Dendrocnide amplissima,4099119,1
Parietaria globulifera,Parietaria floridana,5361793,1
Prunus bucharica,Rhaphiolepis henryi,10808055,0
Eleiosina triloba,Spiraea trilobata,3026656,1
Photinia amphidoxa,Celtis iguanaea,2984498,0
Elaeagnus spinosa,Elaeagnus angustifolia,3039269,1
Urtica betulifolia,Pilea betulifolia,7300951,1
Spiraea procumbens,Spiraea betulifolia,3026550,1
Ficus nepalensis,Scutia myrtina,8317476,0
Ziziphus roxburghiana,Ziziphus rugosa,7273665,1
Adenorhachis atropurpurea,Aronia prunifolia,5363613,1
Crataegus porrecta,Crataegus disperma,3014641,1
Sorbus teodori,Hedlundia teodori,9502874,1
Ipecacuanha virginiana,Celtis sinensis,4159594,0
Aphananthe mexicana,Aphananthe monoica,7395485,1
Pomaderris albicans,Trymalium albicans,3875955,1
Boehmeria macrocephala,Cypholophus macrocephalus,2984390,1
Prunus mira,Cypholophus macrocephalus,2984390,0
Morus insignis,Paratrophis insignis,11137754,1
Morus virginica,Ulmus rubra,8002521,0
Oreoherzogia microcarpa,Atadinus microcarpus,9351724,1
Parietaria coreana,Parietaria micrantha,5669693,1
Urtica grandis,Boehmeria grandis,2984353,1
Pilea guadalupensis,Clarisia ilicifolia,7262841,0
Sorbus pyricarpa,Karpatiosorbus pseudosemiincisa,9613720,1
Pouzolzia neurocarpa,Retanilla ephedra,7273774,0
Olmedia calophylla,Maquira calophylla,3763735,1
Sponia tomentosa,Rhaphiolepis seguinii,10762909,0
Lepargyraea rotundifolia,Potentilla grammopetala,5367985,0
Ficus aequatorialis,Ficus macbridei,5571803,1
Urtica grandidentata,Boehmeria didymogyne,4099441,0
Elaeagnus obovata,Elaeagnus umbellata,3039267,1
Paliurus clypeiformis,Kelseya uniflora,2988160,0
Conocephalus subtrinervius,Rhaphiolepis bengalensis,10869066,0
Sibbaldia emodi,Aremonia agrimonoides,2988624,0
Photinia micrantha,Photinia integrifolia,5363967,1
Crataegus pyrifolia,Crataegus punctata,3014805,1
Ulmus planifolia,Ulmus planifolia,5680195,1
Sorocea grandifolia,Sorocea guilleminiana,3762938,1
Paratrophis caudata,Taxotrophis macrophylla,3767188,1
Ziziphus yunnanensis,Ziziphus incurva,3876080,1
Dorstenia katangensis,Ziziphus xylopyrus,7524561,0
Ceanothus macrocarpus,Boehmeria nivea,2984359,0
Acaena parvifolia,Poikilospermum subtrinervium,4013121,0
Discaria andina,Auerodendron jamaicense,3876898,0
Zizyphus jujuba,Acaena ovina,5371158,0
Sorbus ronnigeri,Hedlundia ronnigeri,10469556,1
Sorbus pontis-satanae,Poikilospermum acuminatum,4013317,0
Persica chinensis,Prunus persica,8149923,1
Alchemilla minutiflora,Ulmus hollandica,7141604,0
Crataegus antiplasta,Celtis iguanaea,2984498,0
Sorbus grandifolia,Aronia melanocarpa,5363627,1
Boehmeria puya,Aria keszthelyensis,9577061,0
Dorstenia marambensis,Dorstenia hildebrandtii,7262592,1
Sorbus hibernica,Colubrina triflora,5602971,0
Ficus biglandulosa,Scutia spicata,7273727,0
Celtis membranacea,Laportea aestuans,2984466,0
Urtica pubescens,Urtica pubescens,8052403,1
Laportea stimulans,Artocarpus lanceifolius,7776286,0
Pomaderris prostrata,Ficus asperiuscula,5571880,0
Spiraea incisa,Pilea rivularis,7300820,0
Ziziphus acutifolia,Chaenomeles japonica,3000610,0
Saccus venosus,Cecropia distachya,4013607,0
Rhamnus scopulorum,Frangula scopulorum,7818760,1
Pyrus seguinii,Rhaphiolepis seguinii,10762909,1
Berchemia nana,Argentina commutata,7651201,0
Prunus persica,Rhaphiolepis delacourii,5371539,0
Urtica minor,Urtica urens,5361815,1
Ziziphus atacorensis,Ceanothus microphyllus,3039306,0
Rosa belgradensis,Pipturus argenteus,6414892,0
Potentilla albifolia,Argentina micropetala,7582115,1
Ceanothus infestus,Adolphia infesta,5372476,1
Rhamnus diffusa,Condalia maytenoides,5602872,1
Pellionia lanceolatum,Crataegus pruinosa,7790552,0
Agrimonia agrimonioides,Aremonia agrimonoides,2988624,1
Pyracantha discolor,Potentilla hippiana,5367733,0
Celtis roxburghii,Spiraea bella,3026631,0
Ulmus expansa,Ulmus glabra,5361866,1
Aphananthe rectinervia,Gironniera subaequalis,4159324,0
Ficus humilis,Ficus humilis,5570390,1
Cecropia leucophaea,Pouzolzia guineensis,4100342,0
Ambaiba concolor,Cecropia concolor,7316398,1
Urtica grossecrenata,Ceanothus americanus,3039318,0
Smythea novoguineensis,Smythea lanceata,3039431,1
Neillia opulifolia,Physocarpus opulifolius,2988354,1
Dorstenia longipes,Dorstenia bahiensis,3766013,1
Pilea grandis,Urtica urens,5361815,0
Antidesma nervosum,Elaeagnus multiflora,3039272,0
Ziziphus yucatanensis,Coussapoa vannifolia,4013527,0
Procris erecta,Rosa apetala,12318374,0
Sorbus milensis,Ulmus hollandica,7141604,0
Potentilla sericophylla,Argentina sericophylla,7872569,1
Rhamnus elliptica,Aphananthe cuspidata,8293016,0
Condaliopsis rigida,Aria edulis,8411755,0
Ficus inconstans,Ficus montana,8041955,1
Gouania ulmifolia,Aria edulis,8411755,0
Ulmus multidentata,Ulmus hollandica,7141604,1
Trymalium uncinatum,Colubrina decipiens,5603150,0
Rubus uniflorifer,Rubus baileyanus,2989820,1
Rosa erinacea,Rosa erinacea,7943770,1
Pouzolzia ternata,Celtis tetrandra,7366997,0
Artocarpus griffithii,Artocarpus lamellosus,3764628,1
Ficus peguensis,Ficus peguensis,5569833,1
Acaena tomentella,Spiraea pseudosalicifolia,3026444,0
Ramium tenue,Elatostematoides australe,10790833,0
Stranvaesia calleryana,Pourthiaea calleryana,3000535,1
Ulmus americana,Ulmus americana,5361872,1
Eriobotrya crassifolia,Hippophae salicifolia,7293122,0
Ramium polystachyum,Boehmeria polystachya,4101696,1
Ancistrum decumbens,Acaena magellanica,5370832,1
Urtica candidissima,Leucosyke javanica,4102370,1
Osmaronia obtusa,Parietaria pensylvanica,5361796,0
Boehmeria formicaria,Pouzolzia formicaria,4100524,1
Myriocarpa yzabalensis,Celtis biondii,7303618,0
Colubrina solanacea,Pouzolzia zeylanica,2984383,0
Tylanthus imberbis,Berchemia koganii,7508707,0
Gouania brandisii,Gouania microcarpa,5602966,1
Photinia matudae,Phippsiomeles matudae,11517361,1
Rhamnidium orbiculatum,Ficus diospyrifolia,5572356,0
Sorbus sorbifolia,Boehmeria depauperata,4099464,0
Acaena pulvinata,Acaena caespitosa,7806638,1
Pyrus berberidifolia,Ulmus glabra,5361866,0
Crataegus hyracantha,Parietaria mauritanica,5669706,0
Ulmus microdon,Ulmus hollandica,7141604,1
Mespilus pumila,Aronia arbutifolia,5363629,1
Pourthiaea lanata,Aronia arbutifolia,5363629,0
Persica hispahamensis,Aronia arbutifolia,5363629,0
Morus mizuho,Morus indica,5569978,1
Colletia foliosa,Pyracantha coccinea,2988188,0
Procris ramiflora,Boehmeria ramiflora,7300855,1
Photinia subzessilis,Phylica nitida,7568909,0
Frangula americana,Endotropis alnifolia,9266494,1
Ziziphus domingensis,Aria edulis,8411755,0
Fleurya globulifera,Fatoua villosa,2984652,1
Elaeagnus zollingeri,Discaria pubescens,5602819,0
Morus wallichiana,Morus macroura,7262379,1
Phylica capitata,Phylica pubescens,8265192,1
Gillenia stipulata,Pilea tetraphylla,5670037,0
Ziziphus thyrsiflora,Sarcomphalus thyrsiflorus,8719617,1
Pilea melastomoides,Crataegus berberifolia,3014985,0
Celtis dubia,Cryptandra tubulosa,3876136,0
Aria aria,Elatostema macrophyllum,4098062,0
Cryptandra gracilipes,Colubrina arborescens,5372463,0
Polychroa repens,Rhamnus virgata,7273971,0
Morus japonica,Morus indica,5569978,1
Spiraea prostrata,Spiraea pjassetzkii,3027189,1
Colletia inermis,Exochorda racemosa,3024256,0
Sorbus semipinnata,Prunus avium,3020791,0
Alchemilla cornucopioides,Aphanes cornucopioides,5364996,1
Ulmus ferruginea,Ulmus castaneifolia,5680380,1
Oxyacantha amygdalifolia,Pyracantha coccinea,2988188,1
Cryptandra largiflora,Cryptandra amara,7273650,1
Ulmus wentworthii-pendula,Ulmus hollandica,7141604,1
Morus pensylvanica,Morus rubra,5361886,1
Colletia dumosa,Colletia hystrix,7273656,1
Fragaria elatior,Fragaria moschata,8350369,1
Gironniera sumatrana,Gironniera subaequalis,4159324,1
Cerasus carponaria,Prunus cerasus,3021922,1
Alchemilla arvensis,Aphanes arvensis,5365013,1
Pyrus parkmannii,Aronia prunifolia,5363613,1
Hovenia inaequalis,Pouzolzia peteri,4099339,0
Pilea anivoranensis,Pilea rivularis,7300820,1
Prunus dulcis,Prunus avium,3020791,1
Myriocarpa magnifica,Paliurus spina-christi,5372457,0
Prunus gracea,Cecropia membranacea,4013609,0
Sorbaria grandiflora,Brosimum amazonicum,11724343,0
Dendrocnide milnei,Boehmeria heterophylla,4098689,0
Ventilago lanceata,Gouania canescens,5603099,0
Helxine dioscoridis,Prunus emarginata,7272137,0
Tramoia lactifera,Celtis iguanaea,2984498,0
Tylanthus atratus,Phylica atrata,3876370,1
Trophis fruticosa,Maclura cochinchinensis,7262552,1
Scutia natalensis,Poikilospermum acuminatum,4013317,0
Prunus afghana,Prunus bifrons,3020970,1
Procris violacea,Poikilospermum suaveolens,4013131,1
Lithocnide lappulacea,Frangula goudotiana,3874545,0
Pouzolzia huillensis,Pouzolzia mixta,7300658,1
Urera boliviensis,Karpatiosorbus vertesensis,9528027,0
Ficus stahlii,Ficus crassinervia,5361897,1
Prunus iuliana,Prunus avium,3020791,1
Pomaderris pyrrhophylla,Hedlundia hybrida,9245228,0
Pilea lapidincola,Pilea lobulata,5670751,1
Potentilla glacialis,Potentilla frigida,5368457,1
Pyrus gauckleri,Didymodoxa caffra,4098352,0
Celtis zizyphoides,Celtis iguanaea,2984498,1
Ficus barclayana,Cecropia peltata,7717979,0
Phenax edentatus,Celtis tetrandra,7366997,0
Pyrus cochleariformis,Karpatiosorbus hybrida,9478021,1
Ulmaria aruncus,Cydonia oblonga,5362215,0
Ulmus virgata,Urtica ardens,5671305,0
Sponia chichilea,Rhaphiolepis indica,5371542,0
Pipturus hawaiiensis,Gonostegia pentandra,4100866,0
Pygeum platyphyllum,Prunus gazelle-peninsulae,3022154,1
Streblus laevifolius,Ceanothus oliganthus,3039398,0
Maclura pomifera,Maclura pomifera,2984580,1
Colubrina faraloatra,Colubrina faralaotra,5603148,1
Potentilla polyphylloides,Argentina polyphylloides,9423552,1
Pomaderris intangenda,Granitites intangendus,3875622,1
Olmedia asperula,Karpatiosorbus hybrida,9478021,0
Laportea cordata,Dendrocnide cordata,4098983,1
Ceanothus macrophyllus,Ceanothus americanus,3039318,1
Celtis cordifolia,Colletia hystrix,7273656,0
Ficus goolereea,Majovskya sudetica,9238979,0
Sorbus paxiana,Sorocea guilleminiana,3762938,0
Pyrus milensis,Karpatiosorbus milensis,9570204,1
Spiraea fissa,Ulmus wardii,11838296,0
Ficus notobor,Ficus benjamina,5361932,1
Pyrus halliana,Berchemia scandens,3039506,0
Albertia simplicifolia,Ficus crassinervia,5361897,0
Maclura tinctoria,Frangula caroliniana,3039468,0
Sponia orientalis,Trema orientale,2984508,1
Ulmus humilis,Ulmus pumila,5361877,1
Elaeagnus argentea,Elaeagnus angustifolia,3039269,1
Potentilla fontolii,Morus alba,5361889,0
Pilea goglado,Argentina microphylla,8380317,0
Urtica glaberrima,Pourouma minor,4013658,0
Photinia calleryana,Sageretia thea,3039516,0
Caloncoba ficifolia,Treculia obovoidea,3766978,1
Sorbus thayensis,Aria thayensis,9418662,1
Colletia cruciata,Colletia paradoxa,5602738,1
Adicea oxydon,Ficus benjamina,5361932,0
Laportea schlecteri,Dendrocnide schlechteri,4098530,1
Urtica canadensis,Potentilla frigida,5368457,0
Smythea nitida,Ventilago leiocarpa,7274033,1
Parietaria decoris,Pilea hirsuta,5671295,0
Celtis discolor,Pilea pubescens,7300898,0
Acaena australis,Acaena sericea,5370716,1
Villebrunea rhodopleura,Obetia ficifolia,8351231,0
Potentilla ussuriensis,Potentilla ancistrifolia,5366710,1
Laportea luzonensis,Prunus sargentii,3020955,0
Cudranus triloba,Maclura tricuspidata,9130387,1
Pouzolzia triandra,Stenanthemum pimeleoides,3876610,0
Cerasus pattoniana,Mespilus germanica,3031774,0
Momisia triflora,Colubrina asiatica,5372467,0
Duretia hirtella,Boehmeria sieboldiana,4101147,1
Pyrus lochengensis,Artocarpus chama,3765040,0
Sorbus hohenesteri,Pouzolzia zeylanica,2984383,0
Padus grayana,Prunus grayana,3021963,1
Sorbus incisa,Ficus asperiuscula,5571880,0
Crataegus kellermanii,Celtis gomphophylla,4159937,0
Acaena pallida,Elaeagnus formosana,4048228,0
Gironniera cuspidata,Aria subdanubialis,9613746,0
Berchemia cavaleriei,Sageretia henryi,3876620,1
Physocarpus torreyi,Physocarpus monogynus,2988349,1
Prunus cantabrigiensis,Majovskya zuzanae,9445237,0
Boehmeria amplissima,Boehmeria grandis,2984353,1
Spiraea sorbifolia,Treculia obovoidea,3766978,0
Solenostigma kraussii,Solenostigma kraussii,3802163,1
Tetraglochin macrophyllus,Margyricarpus caespitosus,3030143,1
Trymalium ramosissimum,Celtis zenkeri,4159774,0
Berchemia axilliflora,Berchemia edgeworthii,3876494,1
Crataegus lasiocarpa,Crataegus laciniata,8240558,1
Artocarpus jarrettiae,Discaria chacaye,5602883,0
Condalia pedunculata,Phylica ambigua,3876469,0
Ulmus effusa,Ulmus laevis,7303616,1
Urtica lobotifolia,Parietaria debilis,5361795,0
Pouzolzia diffusa,Pouzolzia zeylanica,2984383,1
Ficus gazellae,Boehmeria japonica,7300501,0
Morus italica,Dendrocnide kotoensis,4098823,0
Cypholophus brassii,Urtica rubricaulis,5670324,0
Pilea rupipendia,Pilea urticifolia,5669690,1
Ziziphus burmanniana,Forsskaolea candida,8076412,0
Pyrus suecica,Scandosorbus intermedia,10071055,1
Batis aurantiaca,Maclura spinosa,3764154,1
Rhaphiolepis gracilis,Artocarpus kemando,3764693,0
Urera amberana,Laportea amberana,4100068,1
Pyrus uranus,Artocarpus lacucha,7873234,0
Sorbus meinichii,Hedlundia meinichii,9312119,1
Prunus matudai,Prunus matudae,3854186,1
Rhamnidium moreireanum,Colubrina elliptica,5372458,1
Ficus intermedia,Ficus heteropleura,7262505,1
Boehmeria latifolia,Ficus ampelos,8053189,0
Tetrapasma juncea,Photinia serratifolia,5364029,0
Urtica vesicaria,Celtis brasiliensis,7303606,0
Potentilla mieheorum,Argentina commutata,7651201,1
Sorbus arsenii,Ulmus laevis,7303616,0
Urtica scripta,Ventilago dichotoma,3874510,0
Sageretia perpusilla,Cecropia angustifolia,4013465,0
Urera fischeri,Elatostema banahaense,4101589,0
Pyrus septiloba,Trema cannabina,2984507,0
Zizyphus rugosa,Zelkova serrata,2984532,0
Celtis biflora,Celtis iguanaea,2984498,1
Sorocea mexicana,Gonostegia triandra,4100795,0
Rhamnus minuta,Hedlundia neglecta,9446782,0
Armeniaca armeniaca,Prunus armeniaca,7818643,1
Ficus pendula,Procris rectangulare,5671119,0
Urtica vesicaria,Pouzolzia zeylanica,2984383,1
Pyrus dolomiticola,Prunus incana,3020605,0
Cecropia montana,Crataegus obtusata,3014035,0
Adicea ceratomera,Pilea rivularis,7300820,1
Frangula riojae,Frangula granulosa,3874505,1
Ulmus dippeliana,Treculia obovoidea,3766978,0
Pipturus oahuensis,Pilea nerteroides,5670145,0
Fragaria sericea,Colletia ulicina,5603197,0
Amygdalus korshinskyi,Prunus korshinskyi,3022498,1
Photinia beauverdiana,Maclura tinctoria,2984583,0
Phenax gaudichaudeanus,Phenax mexicanus,7300639,1
Gouania ulugurica,Trema micranthum,2984501,0
Ramium lindenianum,Boehmeria celtidifolia,4099945,1
Urera caracasana,Urera baccifera,7411905,1
Ceanothus ferrisae,Karwinskia bicolor,3875197,0
Rhamnus alnifolia,Physocarpus opulifolius,2988354,0
Cecropia polyandrophora,Cecropia insignis,4013292,1
Naegelia dubia,Gouania leptostachya,7273872,1
Cryptandra pomaderroides,Stenanthemum pomaderroides,3876586,1
Ochetophila parvifolia,Discaria nana,8629951,1
Stranvaesia impressivena,Pourthiaea impressivena,3000471,1
Urtica baccifera,Urera baccifera,7411905,1
Boehmeria rubricaulis,Boehmeria japonica,7300501,1
Acaena parvifoliolata,Mespilus germanica,3031774,0
Colletia ephedra,Myriocarpa stipitata,7300728,0
Sponia macrophylla,Trema micranthum,2984501,1
Adicea capitellata,Pilea capitellata,5671092,1
Adicea guadalupensis,Cryptandra leucopogon,3877130,0
Karwinskia oblongifolia,Boehmeria rugosissima,4101294,0
Dorstenia angusticornis,Pilea urticifolia,5669690,0
Cerasus avicularis,Prunus avium,3020791,1
Elaeagnus erivanensis,Cecropia sciadophylla,7316424,0
Ancistrum magellanicum,Acaena magellanica,5370832,1
Ficus soroceoides,Potentilla karoi,5368724,0
Colletia cunninghamii,Pyraria irregularis,12193096,0
Urtica radula,Aphanes arvensis,5365013,0
Pellionia vittata,Rubus niveus,2989183,0
Taxotrophis spinosa,Dendrocnide photiniphylla,4098637,0
Aremonia agrimonioides,Aremonia agrimonoides,2988624,1
Gouania smilacina,Pilea urticifolia,5669690,0
Australina thunbergii,Spyridium globulosum,3877637,0
Celtis serotina,Celtis tetrandra,7366997,1
Condalia celata,Pseudoziziphus celata,9152134,1
Pellionia peltata,Ficus benjamina,5361932,0
Dorstenia lucida,Spiraea pseudosalicifolia,3026444,0
Elatostematoides samarensis,Dorstenia cuspidata,7262644,0
Piratinera angustifolia,Celtis iguanaea,2984498,0
Morus bifaria,Sloetia elongata,3763185,1
Elatostema griffithianum,Laportea laxiflora,4099232,0
Coussapoa incomitata,Coussapoa curranii,4013118,1
Aphananthe aspera,Aphananthe aspera,4159921,1
Potentilla crantzii,Artocarpus altilis,2984573,0
Solenandra pimelodes,Dorstenia djettii,3765162,0
Pouzolzia dewevrei,Aria danubialis,9573476,0
Ceanothus grandis,Potentilla leucophylla,8034433,0
Conocephalus microstachys,Artocarpus lacucha,7873234,0
Laportea amplissima,Sorbaronia sorbifolia,2987868,0
Ancistrum humile,Cecropia angustifolia,4013465,0
Dorstenia exaltata,Scepocarpus rigidus,11732428,0
Photinia oblongifolia,Phippsiomeles oblongifolia,11858614,1
Dorstenia sessilis,Dorstenia benguellensis,3765939,1
Frangula dodonei,Cecropia pachystachya,4013385,0
Rubus oblongifrons,Rubus oblongifrons,12187023,1
Alphitonia cinerascens,Alphitonia excelsa,3039494,0
Fleurya caffra,Laportea peduncularis,7300538,1
Potentilla pumila,Potentilla canadensis,5368951,1
Pilea ceratomera,Pilea rivularis,7300820,1
Streblus sclerophyllus,Boehmeria ramiflora,7300855,0
Australina caffra,Frangula grandifolia,3874526,0
Maclura plumieri,Maclura tinctoria,2984583,1
Cerasus californica,Prunus emarginata,7272137,1
Mystacinus ovatus,Ulmus hollandica,7141604,0
Hemiptelea davidiana,Hemiptelea davidii,4160206,1
Gymnogyne elongata,Pilea articulata,5669732,0
Sponia willdenowiana,Aphanes arvensis,5365013,0
Dorstenia gourmaensis,Pilea tetraphylla,5670037,0
Urticastrum morodes,Prunus avium,3020791,0
Potentilla sieversiana,Karwinskia orbiculata,3875020,0
Celtis orthocantha,Celtis orthacanthos,4159478,1
Phylica bathiei,Phylica emirnensis,3875948,1
Celtis lancifolia,Celtis tetrandra,7366997,0
Pouzolzia orientalis,Elatostema grijsii,11142078,0
Elaeagnus kologa,Elaeagnus latifolia,4048232,1
Rhamnus pubescens,Myriocarpa stipitata,7300728,0
Saccus venenosus,Hedlundia roopiana,9356550,0
Sorbus carolipolitana,Karpatiosorbus carolipolitana,11542115,1
Walpersia curvifolia,Phylica curvifolia,3876057,1
Sericotheca argentea,Scutia myrtina,8317476,0
Fragaria sempervirens,Fragaria sempervirens,3029815,1
Pouzolzia nana,Gouania lupuloides,5372440,0
Laportea liebmannii,Aria robertsonii,9558333,0
Elatostema rectangulare,Cecropia kavanayensis,4013253,0
Kosaria barnimiana,Pilea tetraphylla,5670037,0
Prunus erecta,Prunus emarginata,7272137,1
Ficus nugentii,Ficus melinocarpa,7262687,0
Colubrina hondurensis,Colubrina elliptica,5372458,1
Spiraea belloides,Hedlundia hybrida,9245228,0
Ficus harlandii,Ficus fistulosa,7262725,1
Rosa caerulescens,Rosa caerulescens,3854654,1
Urtica smilacifolia,Pilea glaberrima,5669878,1
Fragaria muricata,Pyracantha coccinea,2988188,0
Acaena capitata,Acaena leptacantha,5370922,1
Cryptandra phlebophylla,Antiaris toxicaria,7262663,0
Berchemia parviflora,Sageretia filiformis,3876704,1
Pyracantha vulgaris,Cypholophus friesianus,4099848,0
Rosa leucantha,Rosa biebersteiniana,3003016,1
Paliurus sinicus,Ulmus parvifolia,5361869,0
Conocephalus naucleiflorus,Poikilospermum naucleiflorum,4013188,1
Ficus pseudobenjamina,Debregeasia saeneb,4099243,0
Cerasus floribunda,Prunus sargentii,3020955,1
Acaena valida,Sageretia minutiflora,8054984,0
Pyrus subcuneata,Boehmeria nivea,2984359,0
Pyrus glomerata,Prunus arborea,3021654,0
Bosqueiopsis carvalhoana,Bosqueiopsis gilletii,3763654,1
Morus pabularia,Pouzolzia obliqua,4099683,0
Prunus scortechinii,Prunus javanica,3022372,1
Celtis australiensis,Celtis strychnoides,4159465,1
Sorbus karpatii,Karpatiosorbus karpatii,9286100,1
Brosimum rotundatum,Brosimum guianense,7374879,1
Urtica myrapi,Boehmeria depauperata,4099464,1
Ceanothus utahensis,Ceanothus martini,3876938,1
Diplothorax tonkinensis,Streblus asper,10242935,1
Photinia komarovii,Pourthiaea villosa,8356787,1
Paliurus aubletia,Sorocea guilleminiana,3762938,0
Urtica parietaria,Karpatiosorbus latifolia,9306058,0
Tylanthus abietinus,Ceanothus caeruleus,3875440,0
Acaena acroglochin,Acaena magellanica,5370832,1
Morus missouriensis,Colletia paradoxa,5602738,0
Elatostema lingua,Prunus lancilimba,3023124,0
Sponia schiedeana,Trema micranthum,2984501,1
Leucosyke bimensis,Holodiscus discolor,2987780,0
Urtica granulosa,Urtica gracilenta,5361817,1
Pyrus crassifolia,Photinia crassifolia,5363933,1
Prunus sericea,Ficus assamica,5571866,0
Rhamnus granulosa,Frangula granulosa,3874505,1
Rosa pervirens,Trilepisium madagascariense,3766911,0
Karpatiosorbus cochleariformis,Rhamnus utilis,3039481,0
Pyrus athenae,Rhaphiolepis cavaleriei,10731169,1
Broussonetia xanthoxylon,Kageneckia oblonga,3016219,0
Rubus viburnifolius,Ulmus hollandica,7141604,0
Paliurus colubrina,Coussapoa curranii,4013118,0
Ficus tashiroi,Laportea ovalifolia,4098915,0
Dendrocnide salomonensis,Photinia integrifolia,5363967,0
Pyrus alabaster,Cecropia peltata,2984476,0
Urtica recurvata,Urtica membranacea,7685819,1
Spirea altaica,Sibiraea laevigata,3032453,1
Pyrus pubens,Aronia arbutifolia,5363629,1
Lecanocnide borbonica,Pouzolzia sanguinea,7300542,1
Photinia dentata,Photinia serratifolia,5364029,1
Rhamnus lindeniana,Frangula lindeniana,3874454,1
Morus hispanica,Reynosia wrightii,3874997,0
Parietaria gracilis,Phylica polifolia,3875106,0
Pyrus scepusiensis,Chamabainia cuspidata,7300685,0
Pyrus pollveria,Trema orientale,2984508,0
Lehmannia lignosa,Karpatiosorbus decipientiformis,9271446,0
Rhamnus acuminata,Frangula acuminata,7671266,1
Elaeagnus ohashii,Elaeagnus formosensis,4048215,1
Taxotrophis javanica,Taxotrophis spinosa,8344866,1
Brosimum glaucifolium,Elaeagnus angustifolia,3039269,0
Ventilago fascigera,Smythea oblongifolia,11062813,1
Adolia buxifolia,Pourthiaea villosa,8356787,0
Pyrus cheddarensis,Prunus pseudocerasus,3021437,0
Trymalium minutiflorum,Parietaria mauritanica,5669706,0
Treculia brieyei,Treculia obovoidea,3766978,1
Mansana arborea,Aronia arbutifolia,5363629,0
Conocephalus diffusus,Poikilospermum acuminatum,4013317,1
Laportea vitensis,Dendrocnide vitiensis,4098403,1
Acaena multifida,Acaena pinnatifida,5370645,1
Elaeagnus incana,Acaena magellanica,5370832,0
Tormentilla canadensis,Trema micranthum,2984501,0
Fragaria carolinensis,Fragaria ananassa,3029912,1
Neraudia cookii,Neraudia ovata,2984372,1
Dorstenia tricolor,Dorstenia rocana,3763239,1
Alicastrum brownii,Brosimum alicastrum,2984660,1
Cerasus fruticosa,Poikilospermum microstachys,4013197,0
Rhamnus mcvaughii,Frangula mcvaughii,7645472,1
Sarcomphalus graecus,Taxotrophis taxoides,11138557,0
Urtica longifolia,Pilea verbascifolia,5671435,1
Acaena rubescens,Prunus emarginata,7272137,0
Adicea oxydon,Pilea bracteosa,7300933,1
Sorbus majeri,Rhamnus infectoria,3874579,0
Alicastrum utile,Trema cannabina,2984507,0
Laportea rechingeri,Dendrocnide rechingeri,4098574,1
Cecropia moniquirana,Cecropia angustifolia,4013465,1
Eriogynia hendersonii,Taxotrophis taxoides,11138557,0
Trophis cordata,Boehmeria japonica,7300501,0
Sorocea macrophylla,Sorocea hilarii,3762918,1
Taxotrophis balansae,Trophis mexicana,3766584,0
Ceanothus arborescens,Colubrina arborescens,5372463,1
Discaria serratifolia,Cypholophus moluccanus,2984389,0
Ziziphus flavescens,Berchemia flavescens,8622044,1
Rhamnus colchica,Atadinus imeretinus,9471532,1
Chamaemespilus pseudaria,Gonostegia triandra,4100795,0
Pyrus rhombiformis,Kageneckia oblonga,3016219,0
Trema guineensis,Trema orientale,2984508,1
Rhamnus spinosa,Colubrina heteroneura,5603104,1
Urtica villosa,Fatoua villosa,2984652,1
Parietaria virgata,Aria edulis,8411755,0
Potentilla semiloba,Atadinus cornifolius,9408776,0
Ficus blumei,Ficus ampelos,8053189,1
Rhamnus alpina,Frangula grandifolia,3874526,1
Saccus varians,Artocarpus rigidus,2984576,1
Sorbus vertesensis,Crataegus punctata,3014805,0
Urtica atlantica,Urtica urens,5361815,1
Pyrus kuznetzovii,Hedlundia kuznetzovii,10813232,1
Pipturus skottsbergii,Elaeagnus songarica,8273261,0
Soaresia nitida,Clarisia racemosa,5572170,1
Aria orbiculata,Pouzolzia poeppigiana,4099219,0
Ceanothus intermedius,Neodistemon indicus,4100157,0
Elaeagnus thwaitesii,Acaena ovalifolia,5370651,0
Pyracantha crenatiserrata,Pyracantha fortuneana,2988224,1
Pyrus vexans,Aria vexans,9390956,1
Prainea limpato,Morus alba,5361889,0
Hyrtanandra pentandra,Gonostegia pentandra,4100866,1
Perlarius asper,Elaeagnus maritima,4048041,0
Ulmus gigantea,Boehmeria sieboldiana,4101147,0
Sorbus carpinifolia,Aria edulis,8411755,1
Notophaena foliosa,Lasiodiscus pervillei,7273616,0
Sorbus sooi,Aria danubialis,9573476,1
Photinia komarovii,Ceanothus microphyllus,3039306,0
Spiraea oblongifolia,Spiraea alpina,3026665,1
Rhamnus obtusifolia,Brosimum guianense,7374879,0
Ioxylon maclura,Maclura pomifera,2984580,1
Urtica cilindrica,Milicia excelsa,3763589,0
Potentilla simulans,Argentina simulans,7462016,1
Pyrus amphidoxa,Pourthiaea amphidoxa,3024230,1
Reynosia excisa,Auerodendron cubense,7273940,1
Hollia africana,Noltea africana,3877365,1
Sorbus arguta,Rosa beggeriana,7832083,0
Cerasus cerasus,Karpatiosorbus pseudovertesensis,9287578,0
Pyrus klasterskyana,Karpatiosorbus klasterskyana,9416761,1
Photinia cavaleriei,Pourthiaea beauverdiana,3000384,1
Cecropia sciodaphylla,Photinia integrifolia,5363967,0
Ceanothus pitcheri,Ceanothus americanus,3039318,1
Morus tatayiba,Maclura tinctoria,2984583,1
Urera congolensis,Scepocarpus oblongifolius,11415631,0
Celtis cordifolia,Celtis jessoensis,7141633,1
Parasponia aspera,Trema eurhynchum,9734868,1
Myriocarpa dombeyana,Obetia radula,8399299,0
Urtica mollissima,Berchemia edgeworthii,3876494,0
Pseudosorocea poeppigii,Ficus heteropleura,7262505,0
Touchardia wailauensis,Gouania lupuloides,5372440,0
Ceanothus nepalensis,Rhamnus nepalensis,8181645,1
Phenax urticifolius,Rhamnus parvifolia,7273851,0
Photinia dasythrysa,Photinia integrifolia,5363967,1
Colletia valdiviana,Milicia excelsa,3763589,0
Elatostema decurrens,Krugiodendron ferreum,3039518,0
Gouania chrysophylla,Ficus benjamina,5361932,0
Urera oblongifolia,Ziziphus spina-christi,8228089,0
Morus heterophylla,Morus alba,5361889,1
Boehmeria diversifolia,Maoutia diversifolia,5671121,1
Freirea squalida,Dorstenia hildebrandtii,7262592,0
Ficus santanderiana,Ceanothus caeruleus,3875440,0
Ceanothus capsularis,Ficus racemosa,5361904,0
Trymalium rosmarinifolium,Urera caracasana,2984335,0
Pellionia undulatum,Elatostema undulatum,4098998,1
Ulmus superba,Ulmus hollandica,7141604,1
Ficus suborbicularis,Karpatiosorbus pseudosemiincisa,9613720,0
Ficus pruniformis,Ficus ampelos,8053189,0
Potentilla eynensis,Potentilla crantzii,5366215,1
Acaena behriana,Acaena ovina,5371158,1
Cerasus sylvestris,Ziziphus jujuba,3039423,0
Eleiosina altaica,Sibiraea laevigata,3032453,1
Boehmeria tonkinensis,Aria lancastriensis,9281660,0
Celtis glabrata,Trema micranthum,2984501,0
Parietaria decaisnei,Karpatiosorbus latifolia,9306058,0
Pygeum merrillianum,Cryptandra australis,3874594,0
Abelicea cretica,Zelkova abelicea,4159329,1
Ulmus taihangshanensis,Ulmus lamellosa,5680388,1
Pilea grossecrenata,Parietaria officinalis,5361803,0
Boehmeria repanda,Poikilospermum lanceolatum,4013213,0
Acaena digitata,Berchemia edgeworthii,3876494,0
Elatostema pulchrum,Procris repens,7916114,1
Pyrus grandifolia,Aronia melanocarpa,5363627,1
Boehmeria ingjiangensis,Argentina glabriuscula,7516818,0
Boehmeria diversifolia,Potentilla glaucescens,5366478,0
Ulmus shirasawana,Argentina lignosa,8424475,0
Saccus champeden,Ficus auriculata,5571773,0
Oreocnide villosa,Rhaphiolepis deflexa,10855510,0
Dorstenia intermedia,Ceanothus sorediatus,3039339,0
Raphiolepis indica,Rhaphiolepis indica,5371542,1
Trymalium parvifolium,Rubus aldenoensis,2989294,0
Artocarpus dadah,Sloetia elongata,3763185,0
Rhamnus iguanea,Morus indica,5569978,0
Acaena adscendens,Acaena magellanica,5370832,1
Mespilus pyracantha,Morus indica,5569978,0
Urtica spinosa,Paratrophis microphylla,7974324,0
Boehmeria ovata,Pouzolzia occidentalis,2984385,1
Pilea fuscata,Pilea pubescens,7300898,1
Sorbaria alpina,Sorbaria pallasii,3012125,1
Adicea chamaedrys,Pilea inaequalis,5361845,1
Ceanothus orcuttii,Ceanothus oliganthus,3039398,1
Rhamnus serrata,Frangula alnus,3039454,0
Perlarius albidus,Celtis tetrandra,7366997,0
Myriocarpa heterostachya,Taxotrophis zeylanica,3767138,0
Laportea gracilipes,Dendrocnide stimulans,4098487,1
Saccus biformis,Celtis philippensis,7303643,0
Lasiodiscus zenkeri,Colubrina elliptica,5372458,0
Ulmus acuta,Ulmus laevis,7303616,1
Osmaronia cerasiformis,Prunus marsupialis,3022286,0
Cerasus microcarpa,Prunus microcarpa,3021376,1
Boehmeria glomerulifera,Ziziphus linnaei,3875884,0
Elaeagnus rotundifolia,Ulmus glabra,5361866,0
Ficus pomifera,Rhaphiolepis wardii,10915902,0
Mespilus loureiri,Pyracantha atalantioides,2988212,1
Pyrus pseudomeinichii,Rhaphiolepis deflexa,10855510,0
Prunus scopulorum,Frangula borneensis,9210340,0
Urera henriquesii,Morus notabilis,5569682,0
Poulsenia aculeata,Poulsenia armata,5570848,1
Ficus arboricida,Ficus dendrocida,5572579,1
Ceanothus ramulosus,Ceanothus cuneatus,3039404,1
Cryptandra rotundifolia,Pomaderris rotundifolia,3876035,1
Gouania hillii,Gouania australiana,5603125,1
Pyrus intermedia,Scandosorbus intermedia,10071055,1
Phenax pentandrus,Phenax sonneratii,6414569,1
Parietaria nitens,Parietaria officinalis,5361803,1
Leucosyke angusta,Ziziphus mauritiana,3039424,0
Ambaiba humboldtiana,Cecropia peltata,2984476,1
Sponia sinensis,Celtis sinensis,4159594,1
Pyrus zolyomii,Spiraea trilobata,3026656,0
Tylanthus retrorsus,Trilepisium madagascariense,3766911,0
Trema griffithii,Karpatiosorbus rhodanthera,9298826,0
Urtica subinermis,Archiboehmeria atrata,4101208,0
Crataegus angulata,Gonostegia pentandra,4100866,0
Rhamnus alpina,Spiraea decumbens,3027183,0
Urostigma haematocarpum,Broussonetia papyrifera,5361944,0
Aronia nigra,Aronia arbutifolia,5363629,1
Boehmeria boiviniana,Colubrina decipiens,5603150,0
Bosquiea thouarsiana,Trilepisium madagascariense,3766911,1
Crataegus pura,Debregeasia saeneb,4099243,0
Ziziphus obovata,Phylica callosa,8065463,0
Pilea spicata,Achudemia myriantha,11208539,1
Sorbus aria,Aria edulis,8411755,1
Urtica pedunculata,Spiraea pjassetzkii,3027189,0
Australina septemdentata,Pouzolzia acalyphoides,4101131,0
Urera ovatifolia,Urera expansa,4099366,1
Poikilospermum sinense,Poikilospermum suaveolens,4013131,1
Saccus heterophyllus,Rhaphiolepis hookeriana,10740939,0
Pellionia repens,Pouzolzia zeylanica,2984383,0
Cryptandra erubescens,Celtis adolfi-friderici,4159612,0
Macrorhamnus decipiens,Colubrina decipiens,5603150,1
Boehmeria nepalensis,Pouzolzia sanguinea,7300542,1
Frangula revoluta,Frangula betulifolia,3039465,1
Celtis asperifolia,Celtis rigescens,4159994,1
Ziziphus glabrata,Argentina subarctica,5370264,0
Pyrus-cydonia cydonia,Cydonia oblonga,5362215,1
Elatostema afrikanum,Aphanes microcarpa,9062455,0
Broussonetia navicularis,Broussonetia papyrifera,5361944,1
Spiraea undulata,Spiraea alba,3026585,1
Dorstenia boliviana,Cecropia latiloba,4013210,0
Boehmeria oblongifolia,Pourthiaea amphidoxa,3024230,0
Dorstenia peltata,Dorstenia arifolia,7262742,1
Urera usambarensis,Scepocarpus trinervis,11543475,1
Spiraea ariifolia,Holodiscus discolor,2987780,1
Elaeagnus siphonantha,Ceanothus arboreus,3039374,0
Cryptandra lasiophylla,Cryptandra tubulosa,3876136,1
Crataegus pertomentosa,Crataegus macracantha,3013570,1
Urtica capensis,Crataegus pruinosa,7790552,0
Physocarpa torreyi,Artocarpus parvus,3764344,0
Artocarpus hirsutissimus,Artocarpus integer,2984566,1
Neopilea tsaratananensis,Elatostematoides manillense,4098334,0
Urtica gigas,Taxotrophis macrophylla,3767188,0
Rhamnus prinifolia,Ziziphus jujuba,3039423,0
Aria scandica,Urera bequaertii,4099786,0
Sorbus concavifolia,Karpatiosorbus concavifolia,9625377,1
Conocephalus niveus,Potentilla ancistrifolia,5366710,0
Eleiosina levigata,Sibiraea laevigata,3032453,1
Potentilla manipurensis,Potentilla khasiana,5365347,1
Aria flabellifolia,Aria umbellata,9330923,1
Celtis rigida,Ulmus rubra,5361867,0
Spyridium coronatum,Cryptandra coronata,3877706,1
Tetraglochin inerme,Aronia prunifolia,5363613,0
Amelanchier pinnata,Sorbaronia sorbifolia,2987868,1
Acaena brachyglochin,Physocarpus opulifolius,2988354,0
Pyracantha crenatoserrata,Pyracantha fortuneana,2988224,1
Ficus exotica,Ficus benjamina,5361932,1
Ulmus racemosa,Ulmus thomasii,5361875,1
Pygeum junghuhnii,Photinia integrifolia,5363967,0
Fragaria xananassa,Fragaria ananassa,3029912,1
Armeniaca anomala,Pouzolzia parasitica,4099533,0
Zizyphus nummularia,Spyridium halmaturinum,7274027,0
Potentilla pellita,Potentilla hypargyrea,5365530,1
Boehmeria pallida,Ziziphus jujuba,3039423,0
Chaetachme serrata,Prunus tatsienensis,3022097,0
Elaeagnus daibuensis,Celtis caucasica,7141655,0
Morus subalba,Morus alba,5361889,1
Ramium compactum,Karpatiosorbus pseudobakonyensis,9248585,0
Hippophae canadensis,Boehmeria clidemioides,7300656,0
Solenostigma sumatranum,Rhamnus mulleyana,3876880,0
Debregeasia pulchra,Leucosyke pulchra,4102193,1
Rhamnobrina heterophylla,Colubrina viridis,5602941,1
Ziziphus chinensis,Ziziphus jujuba,3039423,1
Ficus binata,Ficus neriifolia,8007516,1
Adicea melastomodes,Pilea melastomoides,5670477,1
Rhamnus macrocarpa,Colubrina asiatica,5372467,0
Pyrus teodori,Hedlundia teodori,9502874,1
Lazarolus pollvilleriana,Dorstenia hirta,3764709,0
Celtis longifolia,Elaeagnus angustifolia,3039269,0
Elaeagnus armata,Elaeagnus infundibularis,4048130,1
Cerasus tatsienensis,Prunus tatsienensis,3022097,1
Pyrus decaisnei,Pourthiaea calleryana,3000535,1
Urtica glomerata,Phylica parviflora,7389046,0
Ceanothus huichagorare,Humulus lupulus,2984535,0
Photinia salicifolia,Pourthiaea salicifolia,3000518,1
Adicea clarkei,Broussonetia papyrifera,5361944,0
Procris excelsa,Aria busambarensis,9431918,0
Mespilus tinctoria,Rosa tephrophylla,3009752,0
Spiraea crenata,Spiraea crenata,8331908,1
Korsaria forskohlii,Dorstenia foetida,7262610,1
Pouzolzia integrifolia,Gonostegia triandra,4100795,1
Rhamnus glabra,Rhamnus schneideri,3874964,1
Pygeum pilinospermum,Prunus arborea,3021654,1
Sponia peruviana,Dorstenia cuspidata,7262644,0
Villebrunea tonkinensis,Dendrocnide gigantea,4098866,0
Rubus oblongifrons,Noltea africana,3877365,0
Spiraea betulifolia,Berchemia lineata,7799649,0
Mespilus cuila,Taxotrophis taxoides,11138557,0
Ceanothus colubrinus,Crataemespilus lobata,12208838,0
Rosa deminuescens,Pourthiaea parviflora,3000446,0
Pouzolzia hirta,Elatostema rupestre,4100361,0
Elaeagnus ebbingei,Elaeagnus submacrophylla,4048240,1
Pyrus gomorrana,Cecropia polystachya,4013171,0
Ficus rotundifolia,Ficus auriculata,5571773,1
Urticastrum costatum,Dendrocnide stimulans,4098487,1
Droguetia ovata,Droguetia leptostachys,4102666,1
Pouzolzia rothiana,Pouzolzia zeylanica,2984383,1
Adicea betulifolia,Pilea betulifolia,7300951,1
Trophis cordata,Broussonetia papyrifera,5361944,1
Pyrus deflexa,Elatostematoides scandens,11127643,0
Spiraea aubifolia,Spiraea chamaedryfolia,3026406,1
Elaeagnus simonii,Elaeagnus pungens,3039270,1
Celtis ferarum,Celtis schippii,4159734,1
Soulangia paniculata,Phylica paniculata,3875228,1
Ulmus humilis,Achudemia japonica,4099750,0
Ficus xiphocuspis,Hedlundia thuringiaca,9471386,0
Ogcodeia venosa,Sibiraea laevigata,3032453,0
Mespilus macrocarpa,Argentina sericophylla,7872569,0
Paliurus mairei,Ziziphus jujuba,3039423,1
Trymalium diversifolium,Boehmeria ramiflora,7300855,0
Artocarpus clementis,Artocarpus lanceifolius,7776286,1
Dorstenia jabassensis,Rhaphiolepis wuzhishanensis,5598423,0
Physocarpus glaber,Physocarpus opulifolius,2988354,1
Celtis microcarpa,Gonostegia triandra,4100795,0
Perlarius mollissimus,Scepocarpus gabonensis,11626762,0
Artocarpus blancoi,Coussapoa parvifolia,4013182,0
Pyrus ratisbonensis,Karpatiosorbus ratisbonensis,9488887,1
Colubrina infesta,Adolphia infesta,5372476,1
Polyphema jaca,Artocarpus heterophyllus,2984565,1
Acaena laevigata,Ulmiphyllum crassinerve,9171465,0
Mespilus torminalis,Torminalis glaberrima,9410160,1
Rubus lobophyllus,Cecropia pachystachya,4013385,0
Conocephalus annamensis,Pourthiaea parviflora,3000446,0
Humulus lupus,Humulus lupulus,2984535,1
Dorstenia carnosula,Broussonetia papyrifera,5361944,0
Urtica fernandeziana,Urtica glomeruliflora,8284380,1
Phylica cordifolia,Dendrocnide microstigma,4098754,0
Pyrus jackii,Sorbaronia jackii,2987857,1
Pyrus portae-bohemicae,Ulmus hollandica,7141604,0
Ziziphus mairei,Ziziphus mauritiana,3039424,1
Acaena tomentosa,Prunus avium,3020791,0
Adicea arguta,Pilea arguta,5669747,1
Notophaena toumatou,Elatostema hirticaule,4099362,0
Paratrophis microphylla,Paratrophis microphylla,7974324,1
Fragaria grandiflora,Endotropis alnifolia,9266494,0
Pyrus auriculata,Crataegus punctata,3014805,0
Gouania obtusifolia,Gouania obtusifolia,5602956,1
Potentilla svanetica,Potentilla radiata,5366051,1
Celtis lamarckiana,Laportea canadensis,2984463,0
Fragariastrum divinum,Urtica pilulifera,5670646,0
Photinia fortuneana,Pyracantha fortuneana,2988224,1
Crataegus deltoides,Crataegus pruinosa,7790552,1
Elatostema vittatum,Elatostematoides vittatum,4098204,1
Elatostema novarae,Rhamnus triquetra,12256834,0
Aronia depressa,Cecropia membranacea,4013609,0
Ficus phlebophylla,Endotropis standleyana,9392442,0
Neopilea anivoranensis,Pomaderris multiflora,3876656,0
Rubus rosiiflorus,Cecropia pachystachya,4013385,0
Fragaria rubiginosa,Leucosyke puya,4102185,0
Alicastrum costaricanum,Brosimum costaricanum,3763319,1
Urtica muralis,Pouzolzia parasitica,4099533,1
Dorstenia richardii,Ficus heteropleura,7262505,0
Ziziphus napeca,Acaena sarmentosa,5371103,0
Pyrus vajdae,Didymodoxa capensis,7300493,0
Urtica takedana,Pipturus argenteus,6414892,0
Urtica chesneyana,Urtica pilulifera,5670646,1
Spiraea ariaefolia,Holodiscus discolor,2987780,1
Pilea chloroclada,Photinia serratifolia,5364029,0
Ficus collinsii,Dendrocnide microstigma,4098754,0
Dendrocnide costata,Dendrocnide stimulans,4098487,1
Spirea altaica,Laportea alatipes,4100081,0
Rubus stereobelus,Rubus alterniflorus,8321269,1
Spiraea acuta,Spiraea acuta,3853960,1
Diplocos zeylanica,Taxotrophis zeylanica,3767138,1
Urtica arborea,Cypholophus macrocephalus,2984390,1
Ulmus communis,Acaena magellanica,5370832,0
Ulmus scabra,Ulmus glabra,5361866,1
Olmedia laevis,Rhaphiolepis indica,5371542,0
Cotoneaster angustifolius,Prunus wallaceana,3021851,0
Cerasus angustifolia,Prunus albicaulis,3021639,1
Acaena petiolulata,Cecropia peltata,2984476,0
Cecropia auyantepuiana,Cecropia kavanayensis,4013253,1
Ulmus webbiana,Ziziphus horsfieldii,3876125,0
Droguetia thouarsiana,Droguetia leptostachys,4102666,1
Cypholophus prostratus,Cypholophus prostratus,4099656,1
Saccus callophyllus,Artocarpus calophyllus,3765088,1
Laportea divaricata,Laportea canadensis,2984463,1
Momisia dichotoma,Ulmus hollandica,7141604,0
Celtis roxburghii,Celtis tetrandra,7366997,1
Villebrunea rufescens,Ulmus hollandica,7141604,0
Physocarpus flexuosus,Dorstenia benguellensis,3765939,0
Oxyacantha punctata,Crataegus punctata,3014805,1
Laportea macrostachya,Brosimum costaricanum,3763319,0
Trema wightii,Trema orientale,2984508,1
Planera acuminata,Acaena cylindristachya,5371112,0
Debregeasia pulchra,Phylica rigida,3874950,0
Cerasus aspera,Karwinskia potrerilloana,3874978,0
Urera crassifolia,Gyrotaenia crassifolia,4100693,1
Dorstenia amboniensis,Dorstenia tayloriana,7262415,1
Pseudolmedia scabra,Neillia pendryi,11787580,0
Cecropia mituana,Rubus condensatiformis,3853449,0
Urtica repanda,Trema cannabina,2984507,1
Eriobotrya hongiaoensis,Rhaphiolepis hongiaoensis,11216899,1
Ogcodeia tamamuri,Naucleopsis glabra,3767226,1
Terminalia selloana,Karpatiosorbus balatonica,9571244,0
Colletia intricata,Planera aquatica,5361858,0
Colletia multiflora,Prunus armeniaca,7818643,0
Laportea humbertii,Laportea amberana,4100068,1
Morocarpus angustatus,Debregeasia longifolia,4099305,1
Basilima kirilowii,Celtis iguanaea,2984498,0
Pyrus moiorum,Artocarpus glaucus,3764827,0
Laportea crassifolia,Dendrocnide harveyi,4098856,0
Pyrus japonica,Dorstenia elata,7262616,0
Pouzolzia huegeliana,Karpatiosorbus latifolia,9306058,0
Trophis cylindrica,Ampalis mauritiana,3765609,1
Ficus cystopoda,Elatostema parvum,7300859,0
Discaria weddeliana,Kentrothamnus weddellianus,3874789,1
Ventilago fascigera,Clarisia ilicifolia,7262841,0
Adicea leucophaea,Pilea leucophaea,5670822,1
Streblus taxoides,Taxotrophis taxoides,11138557,1
Fragaria elatior,Fragaria nilgerrensis,3029934,1
Laportea grossedentata,Laportea cuspidata,7300634,1
Colletia multiflora,Adolphia infesta,5372476,1
Cecropia leucocoma,Cecropia concolor,7316398,1
Adicea articulata,Pouzolzia guineensis,4100342,0
Urtica goglado,Pilea glaberrima,5669878,1
Artocarpus leytensis,Colubrina beccariana,5603172,0
Amygdalus graeca,Boehmeria densiflora,6414592,0
Spiraea obovata,Karpatiosorbus decipientiformis,9271446,0
Ficus glomerata,Ficus racemosa,5361904,1
Amonia agrimonioides,Aremonia agrimonioides,2988625,1
Cerasus dulcis,Prunus avium,3020791,1
Cerasus pattoniana,Prunus emarginata,7272137,1
Pyrus brunnea,Trema micranthum,2984501,0
Pyrus stipularis,Gonostegia triandra,4100795,0
Sorbus petraea,Aria petraea,12184710,1
Rhamnus nummularia,Ziziphus nummularia,3039427,1
Awayus japonicus,Karpatiosorbus latifolia,9306058,0
Dorstenia maoungouensis,Dorstenia hildebrandtii,7262592,1
Pouzolzia quadrialata,Debregeasia longifolia,4099305,0
Debregeasia hypoleuca,Debregeasia saeneb,4099243,1
Ceanothus capensis,Trema micranthum,2984501,0
Sageretia lehmannii,Sageretia elegans,3876721,1
Leucosyke villosa,Hijmania turbinata,9189516,0
Pyrus dominii,Karpatiosorbus dominii,9543203,1
Laportea leytensis,Dendrocnide meyeniana,4098765,1
Urera benthamii,Scepocarpus thonneri,11754518,1
Ziziphus trinervia,Ficus diversiformis,5572308,0
Pouzolzia erythraeae,Sorbaronia arsenii,2987867,0
Acaena affinis,Acaena magellanica,5370832,1
Celtis parvifolia,Atadinus depressus,9592364,0
Pyrus kitaibeliana,Karpatiosorbus kitaibeliana,10335706,1
Urtica expansa,Rhaphiolepis indica,5371542,0
Radermachia incisa,Artocarpus altilis,2984573,1
Urtica lamiifolia,Boehmeria nivea,2984359,1
Cerasus scopulorum,Prunus pseudocerasus,3021437,1
Pilea macropoda,Pilea rivularis,7300820,1
Urtica lappulacea,Rousselia humilis,5361854,1
Eriobotrya integrifolia,Frangula ulei,3877257,0
Ramium polystachyum,Gouania hillebrandii,8240892,0
Ziziphus inermis,Prunus persica,8149923,0
Urera sansibarica,Scepocarpus sansibaricus,11828971,1
Momisia integrifolia,Celtis tala,7141607,1
Ficus bhotanica,Cypholophus moluccanus,2984389,0
Dorstenia poggei,Ulmus laevis,7303616,0
Acaena aculeata,Acaena pinnatifida,5370645,1
Sponia virgata,Ulmus serotina,5361861,0
Urtica urentissima,Polianthion bilocularis,3874490,0
Ulmus pubescens,Ulmus rubra,5361867,1
Rhamnus riojae,Frangula granulosa,3874505,1
Streblus anthropophagorum,Procris curtisii,7398160,0
Colubrina anomala,Pilea arguta,5669747,0
Urtica rupipendia,Pilea urticifolia,5669690,1
Gironniera chinensis,Gironniera subaequalis,4159324,1
Ficus neglecta,Ficus benjamina,5361932,1
Morocarpus angustatus,Atadinus cornifolius,9408776,0
Urtica lobata,Dendrocnide mirabilis,4098733,0
Boehmeria microceltis,Ziziphus pubinervis,3875041,0
Ceanothus napalensis,Rhamnus napalensis,4928522,1
Girardinia marginata,Laportea alatipes,4100081,1
Conocephalus erectus,Ziziphus mauritiana,3039424,0
Rubus couchii,Ficus racemosa,5361904,0
Gouania bishopii,Gouania vitifolia,5372444,1
Pouzolzia bennettiana,Gonostegia triandra,4100795,1
Cecropia libradensis,Cecropia sararensis,4013590,1
Rhamnus rotundifolia,Ziziphus xylopyrus,7524561,1
Basilima grandiflora,Sorbaria pallasii,3012125,1
Neillia rubiflora,Acaena magellanica,5370832,0
Pyrus armeniaca,Hedlundia armeniaca,10833957,1
Chaenomeles eugenioides,Dorstenia peruviana,3763547,0
Taxotrophis spinosa,Taxotrophis spinosa,8344866,1
Dorstenia marginata,Ziziphus rugosa,7273665,0
Mespilus abortiva,Mespilus germanica,3031774,1
Gymnartocarpus woodii,Parartocarpus venenosa,3766049,1
Fleurya podocarpa,Scepocarpus talbotii,11604469,0
Sorbus bollwilleriana,Ulmus minor,5361865,0
Crataegus eriocalyx,Crataegus media,3013800,1
Coussapoa rekoi,Leucosyke capitellata,4102514,0
Ancistrum sanguisorbae,Acaena anserinifolia,7942884,1
Colletia pubescens,Acaena lucida,5370697,0
Calpidochlamys branderhorstii,Cecropia pachystachya,4013385,0
Sorbus abscondita,Maclura tinctoria,2984583,0
Rhamnidium bicolor,Karwinskia bicolor,3875197,1
Pseudolmedia obliqua,Maquira coriacea,3763724,1
Ficus membranacea,Ficus membranacea,5571303,1
Mystacinus mystacinus,Helinus mystacinus,3875546,1
Ancistrum magellanicum,Neillia incisa,3853033,0
Urtica candicans,Boehmeria nivea,2984359,1
Elaeagnus rotundifolia,Elaeagnus multiflora,3039272,1
Celtis scabra,Rhaphiolepis indica,5371542,0
Aria migarica,Aria graeca,5370233,1
Parietaria multicaulis,Pilea grandifolia,5361822,0
Elaeagnus hortensis,Coussapoa microcephala,7316409,0
Photinia integerrima,Physocarpus opulifolius,2988354,0
Broussonetia tricolor,Morus alba,5361889,0
Rubus armiger,Pipturus albidus,7500826,0
Olmediophaena coriacea,Maquira coriacea,3763724,1
Pilea trinitensis,Scepocarpus rigidus,11732428,0
Sorbus javorkana,Ziziphus jujuba,3039423,0
Ancistrum pinnatifidum,Phylica polifolia,3875106,0
Pouzolzia acuta,Gonostegia triandra,4100795,1
Epicarpurus involucratus,Rhaphiolepis indica,5371542,0
Ceanothus pubescens,Scepocarpus cuneatus,11873380,0
Pipturus ellipticus,Margyricarpus cristatus,3030136,0
Pygeum lancilimbum,Acaena magellanica,5370832,0
Photinia crenatoserrata,Chamabainia cuspidata,7300685,0
Pygeum schlechteri,Prunus schlechteri,3022025,1
Pogonotrophe glandulifera,Berchemia yunnanensis,3875993,0
Cerasus crenulata,Prunus emarginata,7272137,1
Pourouma tomentosa,Phylica atrata,3876370,0
Ficus henschelii,Pseudolmedia laevis,3764170,0
Cypholophus prostratus,Laportea canadensis,2984463,0
Ficus biglandulosa,Ficus montana,8041955,1
Fleurya ruderalis,Laportea ruderalis,4098684,1
Adicea depressa,Brosimum sprucei,11665758,0
Laportea murryana,Brosimum steyermarkii,11782436,0
Lanessania turbinata,Brosimum amazonicum,11724343,1
Ficus spadicea,Aphanes arvensis,5365013,0
Pomaderris ovata,Rhamnus hybrida,3874812,0
Urera dewevrei,Cecropia angustifolia,4013465,0
Pyrus intermedia,Karpatiosorbus latifolia,9306058,1
Celtis pruniputaminea,Celtis vandervoetiana,4159948,1
Ulmus pseudobovata,Potentilla santolinoides,5365641,0
Ziziphus celtidifolia,Cryptandra coronata,3877706,0
Ivesia gracilis,Morus rubra,5361886,0
Smithiella myriantha,Achudemia myriantha,11208539,1
Ulmus rhombifolia,Acaena magellanica,5370832,0
Neillia glabrata,Ulmus hollandica,7141604,0
Sorbus kmetiana,Trema eurhynchum,9734868,0
Artocarpus polyphemus,Artocarpus integer,2984566,1
Zizyphus platyphylla,Pilea parietaria,5361834,0
Trophis spinosa,Cecropia pachystachya,4013385,0
Agrimonia agrimonioides,Sorocea guilleminiana,3762938,0
Sorbus herefordensis,Laportea aestuans,2984466,0
Acaena eptandrum,Laportea bulbifera,7300666,0
Celtis glomerata,Acaena caespitosa,7806638,0
Debregeasia hypoleuca,Cryptandra coronata,3877706,0
Elatostema novarae,Elatostema rostratum,11066335,1
Adolia myrtina,Trema orientale,2984508,0
Crataegus douglasii,Crataegus macracantha,3013570,1
Ventilago bombaiensis,Scyphosyce manniana,3763274,0
Alicastrum glaziouvii,Brosimum glaziouvii,11206000,1
Rhamnidium reticulatum,Auerodendron reticulatum,3876830,1
Ziziphus poiretii,Ziziphus mauritiana,3039424,1
Acaena philippii,Acaena magellanica,5370832,1
Celtis holtzii,Pilea tetraphylla,5670037,0
Bosquiea gymnandra,Gonostegia triandra,4100795,0
Humulus yunnanensis,Humulus lupulus,2984535,1
Adicea rivularis,Cecropia ficifolia,8173870,0
Rhamnus intermedius,Spiraea bella,3026631,0
Celtis mauritiana,Celtis philippensis,7303643,1
Phylica imberbis,Rhaphiolepis indica,5371542,0
Cerasus erythrocarpa,Laportea interrupta,2984469,0
Sorbus barabitsii,Karwinskia oblongifolia,7357065,0
Trevoa tenuis,Retanilla trinervia,3875478,1
Artocarpus glaucescens,Artocarpus glaucus,3764827,1
Sorbus arioides,Aria edulis,8411755,1
Urtica diversifolia,Maoutia diversifolia,5671121,1
Mespilus trewiana,Crataegus punctata,3014805,1
Tormaria latifolia,Boehmeria ternifolia,4100788,0
Celtis rugosa,Celtis lingualis,11772803,1
Dorstenia poggei,Dorstenia benguellensis,3765939,1
Photinia villosa,Gyrotaenia myriocarpa,4100663,0
Dorstenia seretii,Dorstenia dinklagei,7262628,1
Berchemia volubilis,Berchemia scandens,3039506,1
Celtis inglisii,Celtis caucasica,7141655,1
Pourouma acutiflora,Aphananthe philippinensis,4159824,0
Rhamnus microphylla,Aria graeca,5370233,0
Celtis guangxiensis,Celtis biondii,7303618,1
Urticastrum sinuatum,Dendrocnide stimulans,4098487,1
Ventilago sulphurea,Trophis racemosa,2984648,0
Missiessya mutabilis,Laportea decumana,4099644,0
Conocephalus concolor,Poikilospermum suaveolens,4013131,1
Ziziphus soporifera,Dendrocnide stimulans,4098487,0
Druparia avium,Prunus avium,3020791,1
Celtis trinervia,Celtis tetrandra,7366997,1
Urtica fischeri,Prunus arborea,3021654,0
Dorstenia ophiocoma,Dorstenia mannii,7262540,1
Elatostema reticulatovenosum,Coussapoa microcarpa,4013334,0
Spiraea cuneifolia,Chaenomeles thibetica,3000655,0
Trichocephalus ellipticus,Procris pedunculata,5671195,0
Urtica elevata,Urtica morifolia,7379923,1
Cerasus erecta,Sarcomphalus pedunculatus,9186176,0
Sorbus bosniaca,Maclura cochinchinensis,7262552,0
Broussonetia tricolor,Broussonetia papyrifera,5361944,1
Neillia virgata,Neillia thyrsiflora,3024763,1
Pleuranthodes orbiculare,Pseudolmedia laevis,3764170,0
Fragaria dubia,Ceanothus pauciflorus,3876325,0
Pyrus mokpoensis,Pourthiaea villosa,8356787,1
Laportea warburghii,Dendrocnide longifolia,4098791,1
Crataegus lutea,Crataegus punctata,3014805,1
Samaroceltis rhamnoides,Phyllostylon rhamnoides,4160095,1
Mespilus pauciflora,Celtis philippensis,7303643,0
Freirea floridana,Parietaria floridana,5361793,1
Boehmeria sanguinea,Pouzolzia sanguinea,7300542,1
Celtis canina,Cecropia angustifolia,4013465,0
Berchemiella crenulata,Rhamnus parvifolia,7273851,0
Dorstenia argentata,Ceanothus herbaceus,3039322,0
Pyrus subdanubialis,Aria subdanubialis,9613746,1
Adicea serratifolia,Paratrophis philippinensis,3765935,0
Sponia strigosa,Archiboehmeria atrata,4101208,0
Sorbus sargentii,Sorbaronia monstrosa,2987859,1
Opa japonica,Dendrocnide ternatensis,4098440,0
Rhamnus oleaefolius,Rhamnus florissantensis,11762307,1
Crataegus flabellifolia,Argentina lineata,8228815,0
Saccus mariannensis,Sarcomphalus taylorii,3039416,0
Acaena nivalis,Acaena macrocephala,5370642,1
Rhamnidium cubensis,Ulmiphyllum brookense,8717787,0
Ziziphus mairei,Elaeagnus loureiroi,7557320,0
Fragaria elatior,Bleekrodea insignis,3763823,0
Pipturus gaudichaudeanus,Artocarpus odoratissimus,2984571,0
Pyrus umbellularia,Rhaphiolepis prinoides,10804358,0
Eriogynia caespitosa,Petrophytum caespitosum,3030194,1
Celtis serotina,Maclura tinctoria,2984583,0
Hahnia suecica,Alphitonia excelsa,3039494,0
Urtica cilindrica,Boehmeria cylindrica,2984345,1
Scutia rheediana,Scutia myrtina,8317476,1
Pyrus minima,Ceanothus pauciflorus,3876325,0
Stellariopsis santolinoides,Potentilla santolinoides,5365641,1
Pyrus norvegica,Artocarpus elasticus,7425575,0
Ramium grande,Pseudolmedia macrophylla,3764164,0
Ficus obtusata,Ficus mauritiana,5571388,1
Decorima umbellata,Procris goepeliana,5669628,0
Olmedia caloneura,Naucleopsis caloneura,3767273,1
Trophis aspera,Parietaria officinalis,5361803,0
Pyrus speciosa,Sageretia pycnophylla,3876397,0
Pilea chloroclada,Pilea parietaria,5361834,1
Pyrus teodori,Phylica paniculata,3875228,0
Sorbus globulifera,Aria edulis,8411755,1
Phylica eriophora,Boehmeria siamensis,4101166,0
Celtis mississippiensis,Celtis tenuifolia,2984482,1
Papyrius karinokii,Physocarpus intermedius,2988352,0
Sorbus grandifolia,Aronia arbutifolia,5363629,1
Urticastrum alatipes,Laportea alatipes,4100081,1
Potentilla moeszii,Morus alba,5361889,0
Crataegus indica,Rhaphiolepis indica,5371542,1
Urticastrum bulbiferum,Crataegus pruinosa,7790552,0
Ulmus tomentosa,Sageretia leprosa,3876541,0
Pyrus meinichii,Aronia prunifolia,5363613,0
Pyrus obovata,Rhaphiolepis obovata,10826191,1
Acaena polycarpa,Acaena stricta,5370972,1
Urticastrum microstigma,Dendrocnide microstigma,4098754,1
Prunus aquifolioides,Scutia myrtina,8317476,0
Callionia pumila,Pouzolzia poeppigiana,4099219,0
Spiraea cuneifolia,Eleiosina cuneifolia,7965375,1
Ceanothus tardiflorus,Ceanothus americanus,3039318,1
Acaena fuegina,Trema rigidum,9698943,0
Poikilospermum tonkinense,Aria wilmottiana,9365504,0
Cryptandra sieberi,Celtis vandervoetiana,4159948,0
Potentilla pectinata,Oemleria cerasiformis,2988485,0
Sorocea houllettiana,Ochetophila trinervis,3877218,0
Chaydaia crenulata,Celtis iguanaea,2984498,0
Urtica elongata,Rhamnella rubrinervis,9039596,0
Spiraea ceanothifolia,Ficus macbridei,5571803,0
Laportea elliptica,Prunus albicaulis,3021639,0
Dorstenia lactifera,Ziziphus oenopolia,3875331,0
Urtica insularis,Rhamnus triquetra,12256834,0
Rhamnus palmeri,Treculia africana,7895921,0
Laportea divaricata,Pouzolzia zeylanica,2984383,0
Physocarpa torreyi,Physocarpus monogynus,2988349,1
Conocephalus ellipticus,Ficus elastica,7835333,0
Rubus housei,Boehmeria heterophylla,4098689,0
Perebea chimiqua,Perebea xanthochyma,3765422,1
Ziziphus cupularis,Ziziphus kunstleri,3875945,1
Pilea diversissima,Pilea ecbolophylla,5670278,1
Ficus chittagonga,Colubrina viridis,5602941,0
Acaena glaucella,Acaena magellanica,5370832,1
Cannabis lupulus,Humulus lupulus,2984535,1
Ficus skytinodermis,Ficus elastica,7835333,1
Pipturus oahuensis,Pipturus albidus,7500826,1
Elaeagnus longipedunculata,Elaeagnus multiflora,3039272,1
Olmedia asperula,Helicostylis tomentosa,3764831,1
Momisia alnifolia,Celtis iguanaea,2984498,1
Pouzolzia bracteosa,Spiraea billiardii,7732954,0
Chamaemespilus sudetica,Aria margaretae,9614363,0
Cecropia catarinensis,Cecropia pachystachya,4013385,1
Ochetophila riparia,Aremonia agrimonoides,2988624,0
Bollwilleria auricularis,Celtis philippensis,7303643,0
Cerasus arida,Karpatiosorbus eystettensis,9565114,0
Sorbus vajdae,Physocarpus opulifolius,2988354,0
Ceanothus multiflorus,Ceanothus americanus,3039318,1
Conocephalus amethystinus,Torminalis glaberrima,9410160,0
Ficus kellermanii,Ficus costaricana,5569991,1
Abelicea davidii,Hemiptelea davidii,4160206,1
Discaria australis,Discaria pubescens,5602819,1
Rhamnus oenoplia,Ziziphus oenopolia,3875331,1
Celtis insularis,Boehmeria caudata,7610513,0
Ficus longipes,Ficus politoria,5572392,1
Tralliana scandens,Karwinskia humboldtiana,3039523,0
Crataegus peoriensis,Crataegus disperma,3014641,1
Ramium zollingerianum,Boehmeria zollingeriana,7300724,1
Boehmeria ballotaefolia,Retanilla stricta,3875486,0
Craterogyne kameruniana,Karpatiosorbus barthae,9552007,0
Ficus nuruensis,Ficus comitis,5570268,1
Urtica salicifolia,Lecanthus peduncularis,7300476,1
Boehmeria scabrella,Argentina anserinoides,5370267,0
Opa integerrima,Poikilospermum gjellerupii,4013246,0
Cecropia puberula,Prunus emarginata,7272137,0
Paliurus paliurus,Karpatiosorbus hoppeana,9394023,0
Urtica cordatifolia,Prunus armeniaca,7818643,0
Cydonia sumboshia,Elatostematoides vittatum,4098204,0
Epicarpurus spinosus,Cecropia peltata,2984476,0
Sorbus semipinnata,Pipturus succulentus,4101426,0
Pyracantha lucida,Pyracantha coccinea,2988188,1
Rosa anserinifolia,Rosa beggeriana,7832083,1
Saccus bracteatus,Parartocarpus bracteatus,8190094,1
Eleiosina bracteata,Sibiraea laevigata,3032453,1
Ogcodeia guianensis,Naucleopsis guianensis,3767214,1
Pyrus istriaca,Helinus integrifolius,3875572,0
Elatostema backeri,Elatostema parvum,7300859,1
Procris longifolia,Oreocnide rubescens,4099400,1
Sorbus leighensis,Karpatiosorbus houstoniae,9579641,0
Ziziphus guatemalensis,Milicia excelsa,3763589,0
Sorbus pelsoensis,Karpatiosorbus pelsoensis,9436048,1
Adicea sanctae-crucis,Pilea sanctae-crucis,5361836,1
Ficus nuruensis,Sageretia elegans,3876721,0
Sorbus admonitor,Karpatiosorbus admonitor,9284607,1
Adicea glomerata,Pilea glomerata,5669850,1
Oxyacantha media,Acaena magellanica,5370832,0
Duretia sieboldiana,Margyricarpus pinnatus,3030248,0
Elaeagnus incana,Elaeagnus angustifolia,3039269,1
Craterogyne africana,Dorstenia africana,3766272,1
Phyllochlamys taxoides,Bleekrodea madagascariensis,3763815,0
Rhamnus gonzalezii,Colubrina heteroneura,5603104,1
Ceanothus hybridus,Kerria japonica,5371450,0
Ceanothus intricatus,Ceanothus sorediatus,3039339,1
Trema virgatum,Aphanes neglecta,5365011,0
Streblus maritimus,Ampalis mauritiana,3765609,1
Urera talbotii,Scepocarpus talbotii,11604469,1
Artocarpus lakoocha,Ziziphus mucronata,3875567,0
Eriobotrya prionophylla,Photinia chingiana,5363865,0
Paliurus vulgaris,Paliurus spina-christi,5372457,1
Morocarpus sororius,Debregeasia longifolia,4099305,1
Ivesia baileyi,Potentilla baileyi,5370121,1
Elatostema archboldianum,Elatostematoides filicoides,10863809,1
Aronia nigra,Aronia melanocarpa,5363627,1
Ulmus alta,Ulmus hollandica,7141604,1
Colubrina anomala,Colubrina beccariana,5603172,1
Crataegus gravis,Crataegus prona,3015130,1
Laportea ardens,Laportea aestuans,2984466,0
Sorbus bodajkensis,Procris repens,7916114,0
Spiraea ciliata,Paratrophis glabra,3765995,0
Trisecus frangulaefolia,Gouania frangulifolia,5603028,1
Urtica rubricaulis,Prunus tatsienensis,3022097,0
Spiraea kamaonensis,Cecropia membranacea,4013609,0
Potentilla pseudochinensis,Brosimum speciosum,3762808,0
Potentilla glacialis,Trema discolor,4160278,0
Ampelocera crenulata,Crataemespilus gillotii,3026359,0
Urticastrum ferox,Urtica ferox,5670293,1
Dorstenia walleri,Brosimum rubescens,3762826,0
Urtica cataractae,Pilea melastomoides,5670477,1
Saccus varians,Urtica leptophylla,5669658,0
Dorstenia quadrata,Dorstenia arifolia,7262742,1
Urtica parva,Sorbaronia sorbifolia,2987868,0
Pouzolzia parva,Pouzolzia zeylanica,2984383,1
Photinia kudoi,Touchardia latifolia,2984457,0
Trema integrifolium,Phenax sonneratii,6414569,0
Parietaria reclinata,Karpatiosorbus schnizleiniana,9498099,0
Fragariastrum arcadiensis,Potentilla arcadiensis,5366577,1
Ceanothus excelsa,Prunus gazelle-peninsulae,3022154,0
Ficus quercifolia,Leucosyke puya,4102185,0
Pilea cruzensis,Pilea acuminata,7300553,1
Dorstenia longipes,Rosa deminuescens,3008075,0
Hippophae nepalensis,Olmedia aspera,7954917,0
Discaria nana,Frangula sphaerosperma,3039467,0
Parietaria nummularia,Parietaria floridana,5361793,1
Potentilla microphylla,Argentina microphylla,8380317,1
Urera hypselodendron,Prunus incana,3020605,0
Urtica distachya,Potentilla hypargyrea,5365530,0
Ancistrum pumilum,Rhaphiolepis indica,5371542,0
Celtis harperi,Karpatiosorbus andreanszkyana,9507936,0
Acaena niederleinii,Karpatiosorbus simonkaiana,9329985,0
Trema simile,Maclura tinctoria,2984583,0
Spiraea ovata,Spiraea ovata,3026919,1
Pouzolzia ovalifolia,Gonostegia triandra,4100795,1
Morus cudranus,Maclura cochinchinensis,7262552,1
Dorstenia amazonica,Dorstenia brasiliensis,7262704,1
Ficus tabing,Ficus parietalis,5569936,1
Sageretia divergens,Ochetophila trinervis,3877218,1
Adolia obcordata,Scutia myrtina,8317476,1
Pourthiaea brunnea,Pourthiaea villosa,8356787,1
Rhamnus capreifolia,Frangula capreifolia,3874736,1
Momisia chichape,Stenanthemum pimeleoides,3876610,0
Aronia pumila,Sloetia elongata,3763185,0
Pseudopipturus melastomatifolius,Myriocarpa cordifolia,7300779,0
Potentilla hooglandii,Poulsenia armata,5570848,0
Sorbus sarcocarpa,Karpatiosorbus hybrida,9478021,1
Ivesia pityocharis,Trema angustifolium,4159501,0
Maoutia zollingeriana,Maoutia diversifolia,5671121,1
Macrorhamnus louvelii,Pouzolzia zeylanica,2984383,0
Phenax vulgaris,Rubus niveus,2989183,0
Padus bracteata,Padus bracteata,8632667,1
Boehmeria palmeri,Physocarpus monogynus,2988349,0
Morus ovalifolia,Sorocea bonplandii,3763071,0
Ulmus longidens,Neillia incisa,3853033,0
Sorbus zertovae,Streblus asper,10242935,0
Scutia guayaquilensis,Scutia spicata,7273727,1
Opulaster australis,Physocarpus opulifolius,2988354,1
Ziziphus glaberrima,Acaena montana,5370674,0
Ziziphus paniculata,Prunus schlechteri,3022025,0
Pyrus hohenesteri,Hedlundia hohenesteri,9391565,1
Potentilla cardotiana,Argentina cardotiana,8080473,1
Urtica ficifolia,Obetia radula,8399299,1
Droguetia urticifolia,Droguetia ambigua,4098087,1
Phylica australis,Dorstenia oligogyna,3763788,0
Conocephalus paxianus,Poikilospermum paxianum,4013167,1
Sorbus suecica,Scandosorbus intermedia,10071055,1
Acaena triglochin,Acaena magellanica,5370832,1
Morus lhou,Morus alba,5361889,1
Dorstenia cyperus,Fragaria nigra,8306150,0
Gironniera glabra,Ceanothus ochraceus,3876685,0
Crataegus serrata,Phenax hirtus,7300652,0
Urtica arborea,Gesnouinia arborea,4101571,1
Prunus incana,Boehmeria japonica,7300501,0
Berchemia floribunda,Celtis philippensis,7303643,0
Dorstenia crassipes,Emmenosperma micropetalum,3877090,0
Spiraea lindleyana,Sorbaria tomentosa,3012117,1
Aphananthe rectinervis,Aphananthe philippinensis,4159824,1
Spiraea bracteata,Rosa mariaegraebneriae,3011469,0
Ficus suringarii,Ficus racemifera,5571764,1
Uromorus anthopophagorum,Paratrophis anthropophagorum,12239769,1
Hippophae argentea,Cecropia telenitida,4013242,0
Celtis tetrandra,Ulmus hollandica,7141604,0
Celastrus esquirolianus,Potentilla crantzii,5366215,0
Celastrus kouytchensis,Dorstenia benguellensis,3765939,0
Celtis orientalis,Trema orientale,2984508,1
Gonostegia neurocarpa,Pouzolzia australis,4100976,0
Boehmeria vialis,Karpatiosorbus alnifrons,9367939,0
Ficus pachyphylla,Prunus persica,8149923,0
Adicea cuneifolia,Droguetia leptostachys,4102666,0
Trymalium flabellare,Artocarpus glaucus,3764827,0
Pyrus seguinii,Crataegus punctata,3014805,0
Rhamnus ketmenica,Celtis sinensis,4159594,0
Sponia velutina,Trema tomentosum,7303576,1
Castilloa markhamiana,Hedlundia austriaca,9251540,0
Urtica hulensis,Urtica kioviensis,5669756,1
Mespilus flexuosa,Gonostegia parvifolia,4100881,0
Margarocarpus obliquus,Pouzolzia obliqua,4099683,1
Urera elliottii,Pourthiaea impressivena,3000471,0
Retanilla articulata,Ficus parietalis,5569936,0
Rhamnus tinctoria,Pilea crenulata,5670620,0
Rhamnus horrida,Poikilospermum scortechinii,4013147,0
Boehmeria cochinchinensis,Shepherdia argentea,5372429,0
Artocarpus rima,Artocarpus altilis,2984573,1
Ventilago bracteata,Ventilago madraspatana,4928549,1
Colubrina pubescens,Colubrina javanica,5603090,1
Photinia obliqua,Potentilla karoi,5368724,0
Phylica angustifolia,Myrianthus serratus,7316414,0
Photinia villosa,Pourthiaea villosa,8356787,1
Mespilus loureiroi,Pyracantha atalantioides,2988212,1
Parietaria lusitanica,Parietaria officinalis,5361803,1
Wichuraea arbutiflora,Cryptandra arbutiflora,7273629,1
Urera subpeltata,Urera caracasana,2984335,1
Rhamnus microphylla,Condalia mexicana,5372437,1
Pyracantha loureiroi,Pyracantha atalantioides,2988212,1
Ziziphus latifolia,Ziziphus rugosa,7273665,1
Pouzolzia bracteosa,Pouzolzia fadenii,4100548,1
Mespilus purpurea,Crataegus sanguinea,3013574,1
Prunus tianshanica,Prunus griffithii,3021947,1
Ulmus pedunculata,Ulmus laevis,7303616,1
Girtanneria nopeca,Ziziphus linnaei,3875884,1
Sorbus croatica,Hedlundia croatica,10464334,1
Sorbus pauca,Laportea bulbifera,7300666,0
Ceanothus laniger,Ziziphus oxyphylla,7273718,0
Urtica penduliflora,Boehmeria penduliflora,7769607,1
Rhaphiolepis ovata,Rhaphiolepis indica,11237736,1
Sorbus vallusensis,Karpatiosorbus vallusensis,9621238,1
Urtica hirsuta,Laportea aestuans,2984466,1
Olmedia falcifolia,Trema micranthum,2984501,0
Scutia pauciflora,Karpatiosorbus vertesensis,9528027,0
Boehmeria guatemalensis,Phyllogeiton discolor,3874547,0
Pygeum brevifolium,Prunus glabrifolia,3022606,1
Urtica rubricaulis,Urtica rubricaulis,5670324,1
Boehmeria boliviana,Dendrocnide longifolia,4098791,0
Ramium celtidifolium,Phylica paniculata,3875228,0
Pyrus edulis,Aria edulis,8411755,1
Tylanthus debilis,Spyridium spadiceum,7273965,0
Pellionia pauperatum,Pourthiaea bergerae,3000458,0
Elaeagnus chrysophylla,Discaria chacaye,5602883,0
Pipturus taitensis,Pipturus albidus,7500826,1
Torminalis orientalis,Cypholophus lutescens,4099764,0
Chamaemespilus sudetica,Majovskya sudetica,9238979,1
Parietaria suffruticosa,Parietaria floridana,5361793,1
Chlorophora regia,Crataegus media,3013800,0
Pilea subpubera,Prunus moritziana,3023070,0
Cryptandra nervata,Acaena pinnatifida,5370645,0
Aria majestica,Ziziphus jujuba,3039423,0
Celtis japonica,Celtis sinensis,4159594,1
Gouania sepiaria,Gironniera nervosa,4159442,0
Pyracantha yunnanensis,Laportea aestuans,2984466,0
Elatostema filicinum,Elatostema filicinum,4100128,1
Mespilus chinensis,Rhaphiolepis indica,5371542,1
Pilea rivoirae,Ficus assamica,5571866,0
Phylica reclinata,Phylica curvifolia,3876057,1
Boehmeria pannosa,Hedlundia velebitica,9473299,0
Acaena echinata,Acaena ovina,5371158,1
Morocarpus velutinus,Debregeasia longifolia,4099305,1
Pellionia robusta,Physocarpus malvaceus,2988332,0
Myrianthus seretii,Myrianthus preussii,7316418,1
Zizyphus mauritiana,Ziziphus mauritiana,3039424,1
Rhamnus retamilla,Laportea decumana,4099644,0
Ramium elongatum,Potentilla saxosa,5370099,0
Ficus morifolia,Prunus canescens,3023141,0
Urtica laxa,Pilea laxa,5670869,1
Cryptandra leucopogon,Potentilla congdonis,11355431,0
Pouzolzia hispida,Gonostegia triandra,4100795,1
Urtica scripta,Pilea scripta,5670582,1
Mespilus anthyllidifolia,Rhaphiolepis platyphylla,10683774,0
Sorbus danubialis,Aria danubialis,9573476,1
Pyrus loriformis,Photinia loriformis,5363842,1
Discaria longispina,Discaria americana,5602906,1
Prunus xanthocarpos,Prunus armeniaca,7818643,1
Anonocarpus peruvianus,Sarcomphalus pedunculatus,9186176,0
Conocephalus roxburghii,Sarcomphalus reticulatus,3039426,0
Debregeasia velutina,Debregeasia longifolia,4099305,1
Artocarpus macrocarpon,Procris crenata,5669749,0
Rubus bernardinus,Celtis brasiliensis,7303606,0
Tetraglochin alata,Margyricarpus alatus,3030140,1
Rosa viscidula,Rosa viscidula,3002650,1
Ficus sclerocoma,Ficus montana,8041955,1
Pilea buchenaui,Cydonia oblonga,5362215,0
Colubrina venezuelensis,Colubrina retusa,7273891,1
Potentilla taliensis,Paratrophis anthropophagorum,12239769,0
Sorbus tomentella,Karpatiosorbus hybrida,9478021,1
Crataegus rivularis,Crataegus douglasii,3013580,1
Mirandaceltis monoica,Maclura pomifera,2984580,0
Sorbus devoniensis,Physocarpus opulifolius,2988354,0
Lepargyraea argentea,Shepherdia argentea,5372429,1
Laurocerasus opaca,Colubrina arborescens,5372463,0
Sorbus arranensis,Prunus tenella,3022879,0
Ficophyllum tenuinerve,Ficophyllum crassinerve,11155712,1
Ficus aurantiaca,Ficus punctata,7673670,1
Pyracantha mekongensis,Pyracantha inermis,2988218,1
Photinia subumbellata,Pilea rivularis,7300820,0
Rhamnus splendens,Colubrina asiatica,5372467,1
Pogonotrophe sumatrana,Ficus glandulifera,7942321,1
Pilea xalapensis,Broussonetia papyrifera,5361944,0
Pilea glaucophylla,Pilea multiflora,5670242,1
Ceanothus wendlandianus,Pomaderris wendlandiana,3875740,1
Laportea sinensis,Sageretia rugosa,3876365,0
Fatoua pilosa,Fatoua villosa,2984652,1
Colubrina megacarpa,Colubrina macrocarpa,7273930,1
Rubus biflorus,Papistylus grandiflorus,3876660,0
Acaena brachyglochin,Acaena magellanica,5370832,1
Ziziphus heteroneura,Colubrina heteroneura,5603104,1
Ceanothus intermedius,Ceanothus herbaceus,3039322,1
Eriobotrya chinensis,Rhaphiolepis indica,5371542,1
Urtica trichopoda,Hedlundia persica,10830289,0
Acaena pusilla,Acaena anserinifolia,7942884,1
Acaena floribunda,Poikilospermum micranthum,4013203,0
Urtica mitis,Cecropia telealba,7316405,0
Pyrus chihsiniana,Photinia chihsiniana,5363890,1
Eriobotrya malipoensis,Rhaphiolepis integrifolia,10833669,0
Pouzolzia ovalis,Pseudolmedia laevis,3764170,0
Urtica parietariifolia,Spiraea lasiocarpa,3026795,0
Rhamnus betulifolia,Phylica atrata,3876370,0
Ceanothus nevadensis,Phylica rigida,3874950,0
Cudrania cambodiana,Morus notabilis,5569682,0
Osteomeles lanata,Osteomeles schweriniae,4938587,1
Urostigma pseudotjiela,Potentilla santolinoides,5365641,0
Viburnum komarovii,Pourthiaea villosa,8356787,1
Cecropia santanderensis,Cecropia telenitida,4013242,1
Rhamnus decipiens,Poikilospermum suaveolens,4013131,0
Crataegus oxystevenii,Argentina oxyodonta,7509891,0
Cryptandra humilis,Stenanthemum humile,3876727,1
Pyrus danubialis,Rhamnus punctata,3875697,0
Pyrus puellarum,Ulmus hollandica,7141604,0
Ramium kurzii,Boehmeria kurzii,4098281,1
Elaeagnus fargesii,Elaeagnus henryi,7738982,1
Potentilla habbemana,Argentina habbemana,8233122,1
Sageretia ramosa,Dendrocnide sinuata,4098506,0
Urtica depressa,Pipturus argenteus,6414892,0
Sciophila cephalida,Phylica rigida,3874950,0
Crataegus rivularis,Pilea parietaria,5361834,0
Ceanothus reclinatus,Colubrina elliptica,5372458,1
Procris longifolia,Myrianthus holstii,4013390,0
Adicea melastomoides,Pilea melastomoides,5670477,1
Rubus liburnicus,Rubus liburnicus,2989243,1
Sorbus fennica,Fragaria nigra,8306150,0
Procris splendens,Pouzolzia australis,4100976,1
Urtica cylindrica,Boehmeria cylindrica,2984345,1
Procris splendens,Aria rupicola,9415196,0
Ceanothus hartwegii,Prunus javanica,3022372,0
Rhamnus sharpii,Atadinus alpinus,3877063,0
Ioxylon mora,Maclura tinctoria,2984583,1
Boehmeria vialis,Phenax sonneratii,6414569,1
Pellionia curtisii,Sorocea guilleminiana,3762938,0
Boehmeria janagi-itsigo,Debregeasia orientalis,4099273,1
Aphanes bonifaciensis,Laportea ruderalis,4098684,0
Urtica hirsuta,Elatostema banahaense,4101589,0
Potentilla fantolii,Potentilla grammopetala,5367985,1
Celtis rostrata,Trema cannabina,2984507,1
Sorbus vajdae,Aria vajdae,9512002,1
Morus serotina,Poikilospermum suaveolens,4013131,0
Broussonetia zeylanica,Margyricarpus alatus,3030140,0
Ziziphus baenchia,Pouzolzia rubricaulis,4099003,0
Dorstenia palmata,Dorstenia contrajerva,2984541,1
Artocarpus incisifolius,Helinus integrifolius,3875572,0
Ficus montana,Ficus firma,11954676,1
Berchemia oppositifolia,Elaeagnus conferta,7293128,0
Lecanthus wallichii,Karpatiosorbus acutiserrata,9634931,0
Ficus asperior,Colletia hystrix,7273656,0
Dorstenia bicornis,Cryptandra mutila,3876969,0
Spiraea margaritae,Laportea cuspidata,7300634,0
Ficus torresiana,Ficus macbridei,5571803,1
Elatostema sublaxum,Elatostematoides sublaxum,4098234,1
Urera mannii,Reissekia smilacina,8188318,0
Pouzolzia tuberosa,Pouzolzia zeylanica,2984383,1
Missiessya bimensis,Sageretia elegans,3876721,0
Potentilla martinii,Argentina lineata,8228815,1
Rosa aginensis,Rosa aginensis,12376718,1
Fatoua globulifera,Treculia obovoidea,3766978,0
Covellia tuberculata,Prunus persica,8149923,0
Nagelia denticulata,Neillia incisa,3853033,0
Rhamnus viridis,Rhamnus viridis,3877137,1
Potentilla papuana,Argentina papuana,7904858,1
Gillenia stipulata,Gillenia stipulata,7557273,1
Fleurya ruderalis,Sorbaronia arsenii,2987867,0
Ziziphus piurensis,Colubrina heteroneura,5603104,0
Rhamnus parviflora,Sloetiopsis usambarensis,3763148,0
Pseudolmedia mildbraedii,Artocarpus lacucha,7873234,0
Crataegus nudiflora,Crataegus opaca,3014153,1
Artocarpus venosus,Parartocarpus venenosa,3766049,1
Celtis obliqua,Celtis occidentalis,2984481,1
Trophis anthropophagorum,Fatoua villosa,2984652,0
Pyrus thaiszii,Naucleopsis glabra,3767226,0
Condalia obovata,Artocarpus lamellosus,3764628,0
Ramium brevirostre,Scutia spicata,7273727,0
Ventilago maderaspatana,Gouania frangulifolia,5603028,0
Soulangia oppositifolia,Nesiota elliptica,3877392,1
Dorstenia caudata,Broussonetia papyrifera,5361944,0
Ceanothus glandulosus,Celtis rubrovenia,4159899,0
Sorbus thaiszii,Aria thaiszii,9374540,1
Urtica grossa,Neodistemon indicus,4100157,1
Celtis similis,Celtis rubrovenia,4159899,1
Crataegus gillotii,Crataemespilus gillotii,3026359,1
Ficus montana,Pilea pubescens,7300898,0
Streblus taxoides,Maclura africana,3764441,0
Rhamnus imeretina,Atadinus imeretinus,9471532,1
Sericotheca obovata,Holodiscus discolor,2987780,1
Discaria integrifolia,Discaria chacaye,5602883,1
Boehmeria formicaria,Argentina lignosa,8424475,0
Urera woodii,Pouzolzia occidentalis,2984385,0
Boehmeria tonkinensis,Boehmeria lanceolata,4098245,1
Artocarpus altilis,Artocarpus altilis,2984573,1
Ambaiba leucophaea,Colletia spartioides,5602724,0
Urtica radicans,Helinus mystacinus,3875546,0
Urtica dodartii,Phenax poiretii,5670194,0
Urtica falcicrenata,Urtica portosanctana,5670622,1
Schizonotus sorbifolius,Ceanothus americanus,3039318,0
Cyathanthus zenkeri,Scyphosyce manniana,3763274,1
Adenorhachis arbutifolia,Phenax sonneratii,6414569,0
Ziziphus latifolia,Crataegus douglasii,3013580,0
Freirea alsinefolia,Aronia prunifolia,5363613,0
Dendrocnide saipanensis,Crataegus persimilis,3015457,0
Persica platycarpa,Oreocnide integrifolia,7300622,0
Gouania sandwichiana,Malacomeles denticulata,2988294,0
Pyrus eyola,Spyridium subochreatum,7273953,0
Kosaria palmata,Brosimum guianense,7374879,0
Phyllostylum orthopterum,Phyllostylon rhamnoides,4160095,1
Epicarpurus zeylanica,Taxotrophis zeylanica,3767138,1
Celtis heterophyla,Celtis occidentalis,2984481,1
Pygeum parviflorum,Phenax sonneratii,6414569,0
Ziziphus muratiana,Crataegus haemacarpa,9224212,0
Spiraea chailarensis,Spiraea hailarensis,3027387,1
Lithocnides lappulacea,Acaena trifida,5370812,0
Pyrus woronowii,Artocarpus altilis,2984573,0
Morus peruviana,Pouzolzia zeylanica,2984383,0
Amygdalus laevis,Prunus persica,8149923,1
Sorbus luristanica,Cecropia polystachya,4013171,0
Pyrus guerreris,Artocarpus integer,2984566,0
Potentilla santolinoides,Oreocnide rubescens,4099400,0
Cryptandra albicans,Boehmeria nivea,2984359,0
Ficus chrysolaena,Ficus mollior,7262612,1
Achymus patens,Rhaphiolepis indica,5371542,0
Naucleopsis glabra,Pyracantha koidzumii,2988162,0
Procris erecta,Poikilospermum erectum,4013260,1
Crataegus pyracantha,Pyracantha coccinea,2988188,1
Ziziphus nitida,Ziziphus jujuba,3039423,1
Streblus brunonianus,Aria wilmottiana,9365504,0
Potentilla parnassica,Aruncus sylvester,6369098,0
Pyrus benthamiana,Scandosorbus intermedia,10071055,0
Pilea gonavensis,Pilea dispar,5670362,1
Ulmus erosa,Physocarpus opulifolius,2988354,0
Ampelopsis chinensis,Leucosyke hispidissima,4102382,0
Sorbus carniolica,Hedlundia carniolica,9975561,1
Rhamnus sempervirens,Rhamnus hybrida,3874812,1
Ivesia santolinoides,Ficus fulva,5571361,0
Sorbus orientalis,Torminalis glaberrima,9410160,1
Rhamnus zizyphus,Condalia maytenoides,5602872,0
Celtis cordata,Artocarpus glaucus,3764827,0
Vanieria chinensis,Procris cantoniensis,5669792,1
Rubus dalibarda,Dalibarda repens,2999946,1
Condaliopsis lloydii,Sarcomphalus lloydii,8780081,1
Rhamnus sectipetala,Frangula sphaerosperma,3039467,1
Urera scandens,Urera aurantiaca,7300663,1
Morus japonica,Brosimum rubescens,3762826,0
Ziziphus aubletii,Scyphosyce manniana,3763274,0
Acaena aculeata,Droguetia leptostachys,4102666,0
Polychroa griffithiana,Colubrina arborescens,5372463,0
Rubus couchii,Rubus couchii,2991725,1
Crataegus furtiva,Crataegus senta,3013958,1
Palmolmedia stipularis,Naucleopsis stipularis,3767028,1
Ceanothus laevigatus,Dorstenia elata,7262616,0
Elaeagnus punctata,Elaeagnus latifolia,4048232,1
Discaria australis,Pourthiaea schneideriana,3000452,0
Urera spicata,Laportea ovalifolia,4098915,1
Urticastrum nicaraguense,Discocnide mexicana,4098157,1
Cudrania cochinchinensis,Aronia prunifolia,5363613,0
Ulmus xhollandica,Ulmus hollandica,7141604,1
Pipturus discolor,Nothocnide discolor,4099932,1
Bosquiea orientalis,Gonostegia parvifolia,4100881,0
Margarocarpus schimperianus,Leucosyke javanica,4102370,0
Pyrus cordigastensis,Karpatiosorbus cordigastensis,9429974,1
Ficus chlorocarpa,Paratrophis glabra,3765995,0
Elatostema affine,Elatostema cuspidatum,7300775,1
Perebea calophylla,Maquira calophylla,3763735,1
Sorbus simonkaiana,Hijmania angusticornis,8742459,0
Phenax pentandrus,Ficophyllum crassinerve,11155712,0
Adolia myrtina,Scutia myrtina,8317476,1
Jujuba mediterranea,Ziziphus jujuba,3039423,1
Rhamnus elegans,Ulmus parvifolia,5361869,0
Pipturus incanus,Pipturus argenteus,6414892,1
Sorbus eminentoides,Aria eminentoides,9491439,1
Boehmeria neglecta,Dendrocnide amplissima,4099119,0
Australina thunbergii,Didymodoxa capensis,7300493,1
Krugiodendron mogoticola,Pilea sublucens,5670202,0
Scutia indica,Urtica pilulifera,5670646,0
Urtica rugosula,Aphanes arvensis,5365013,0
Laportea monticola,Dendrocnide venosa,4098413,1
Cerasus blinovskii,Phylica litoralis,3875533,0
Ramium ampullaceum,Boehmeria caudata,7610513,1
Boehmeria leiophylla,Boehmeria depauperata,4099464,1
Ficus soraria,Ficus mauritiana,5571388,1
Pyrus pourthiaea,Prunus avium,3020791,0
Poikilospermum tangaum,Poikilospermum micranthum,4013203,1
Phylica microcephala,Phylica brachycephala,3876294,1
Frangula nervosa,Rhamnus grubovii,8415110,0
Pyrus ambigua,Celtis tetrandra,7366997,0
Phenax pentandrus,Gonostegia pentandra,4100866,1
Sorbus tobani,Karpatiosorbus tobani,9233639,1
Rhamnus gonzalezii,Margyricarpus inermis,3030145,0
Sponia angustifolia,Trema angustifolium,4159501,1
Urtica ruderalis,Didymodoxa capensis,7300493,0
Sycodendron cuatindi,Pourthiaea fokienensis,3000554,0
Fleurya glomerata,Crataegus holmesiana,3014062,0
Rhamnus roylei,Rhamnus procumbens,3875846,1
Pomaderris zizyphoides,Alphitonia zizyphoides,3877300,1
Urtica acuminata,Scepocarpus acuminatus,11851100,1
Trema nitens,Elatostematoides scandens,11127643,0
Boehmeria pseudosieboldiana,Boehmeria sieboldiana,4101147,1
Sorocea ilicifolia,Celtis tenuifolia,2984482,0
Sorbus pallidifolia,Aria edulis,8411755,1
Debregeasia rhodopleura,Maclura tricuspidata,9130387,0
Padus grayana,Urera caracasana,2984335,0
Celtis willdenowiana,Celtis sinensis,4159594,1
Potentilla aristata,Cecropia hololeuca,4013377,0
Trema glomeratum,Ulmus minor,5361865,0
Clematoclethra racemosa,Phenax mexicanus,7300639,0
Ulmus chaterorum,Ulmus hollandica,7141604,1
Laportea contracta,Boehmeria brevirostris,4100242,0
Urtica sandwicensis,Hesperocnide sandwicensis,2984323,1
Fleurya capensis,Didymodoxa capensis,7300493,1
Procris grandis,Rhaphiolepis bengalensis,10869066,0
Morus laciniata,Ficus lateriflora,5572364,1
Spiraea fissa,Spiraea fissa,9344184,1
Fleurya lanceolata,Laportea lanceolata,4099261,1
Cecropia cobariana,Cecropia sararensis,4013590,1
Rhamnus gayeri,Crataegus persimilis,3015457,0
Boehmeria phyllostachya,Boehmeria cylindrica,2984345,1
Procris volubilis,Elatostema volubile,4098780,1
Amygdalus armeniaca,Photinia chihsiniana,5363890,0
Elatostema longipedunculatum,Elatostema chinense,11199858,1
Tormentilla hemsleyana,Leucosyke capitellata,4102514,0
Ziziphus buraea,Ziziphus rugosa,7273665,1
Pellionia keitaoensis,Phylica ericoides,7560201,0
Acaena microcephala,Nothocnide repanda,4099887,0
Urtica grossa,Pourthiaea impressivena,3000471,0
Urtica candicans,Acaena sericea,5370716,0
Potentilla baltistana,Pourthiaea villosa,8356787,0
Sloetia penangiana,Argentina leuconota,8022597,0
Ziziphus caracutta,Ziziphus xylopyrus,7524561,1
Potentilla kinabaluensis,Frangula grandifolia,3874526,0
Rubus albescens,Rubus niveus,2989183,1
Urtica ulmifolia,Trema micranthum,2984501,0
Celtis henriquezii,Smythea lanceata,3039431,0
Spiraea rosea,Spiraea tomentosa,3026819,1
Ficus chrysopthalma,Artocarpus altilis,2984573,0
Fragaria grandiflora,Potentilla grandiflora,5366106,1
Alaternus glandulosus,Rhamnus glandulosa,3875196,1
Colletia veprecula,Colletia hystrix,7273656,1
Rhamnus chacaye,Discaria chacaye,5602883,1
Urtica evitata,Laportea bulbifera,7300666,1
Ziziphus urbanii,Spyridium obcordatum,3877394,0
Cryptandra nudiflora,Dendrocnide ternatensis,4098440,0
Urtica americana,Crataegus pruinosa,7790552,0
Morus australis,Maclura pomifera,2984580,0
Maoutia reticulata,Astrothalamus reticulatus,4101181,1
Celtis americana,Celtis laevigata,2984491,1
Photinia cotoneaster,Pourthiaea villosa,8356787,1
Potentilla parvula,Ficus benjamina,5361932,0
Physocarpus riparius,Pyracantha coccinea,2988188,0
Didymodoxa debilis,Elatostema yunnanense,8179778,0
Anonocarpus peruvianus,Batocarpus orinocensis,3763838,1
Mespilus purpurea,Potentilla saxosa,5370099,0
Tetraglochin tragacantha,Auerodendron acuminatum,3876993,0
Malus trilobata,Aria moravica,9233662,0
Dorstenia smythei,Leucosyke capitellata,4102514,0
Parietaria lusitanica,Parietaria lusitanica,7671972,1
Ceanothus grandiflorus,Ceanothus herbaceus,3039322,1
Ulmus gyrophylla,Rhamnus napalensis,4928522,0
Eriobotrya lasiogyna,Photinia lasiogyna,5364025,1
Pyrus carniolica,Aphanes arvensis,5365013,0
Ventilago velutina,Elaeagnus conferta,7293128,0
Crataegus flabellifolia,Aria umbellata,9330923,1
Gironniera korthalsii,Karpatiosorbus tauricola,9285479,0
Clarisia urophylla,Aria wilmottiana,9365504,0
Ramium denudatum,Artocarpus chama,3765040,0
Discaria andina,Discaria americana,5602906,1
Ramium japonicum,Aria eminentoides,9491439,0
Ceanothus buxifolius,Pomaderris multiflora,3876656,0
Frangula glaberrima,Atadinus fallax,9581355,1
Sageretia yunlongensis,Rhamnus nigricans,3876680,1
Coussapoa obovata,Coussapoa latifolia,4013448,1
Parietaria cuneata,Droguetia ambigua,4098087,1
Photinia laevis,Pourthiaea villosa,8356787,1
Colletia infausta,Prunus arborea,3021654,0
Icotorus montanus,Physocarpus monogynus,2988349,1
Crataegus grandis,Crataegus disperma,3014641,1
Lanessania turbinata,Aria graeca,5370233,0
Amygdalus scoparia,Prunus scoparia,3022108,1
Sorbus vagensis,Karpatiosorbus hybrida,9478021,1
Pipturus melastomatifolius,Zelkova serrata,2984532,0
Acaena rubescens,Acaena magellanica,5370832,1
Crataegus viaria,Crataegus senta,3013958,1
Frangula acuminatifolia,Frangula crenata,7273631,1
Fragaria pratensis,Nothocnide discolor,4099932,0
Mespilus cosansasi,Crataegus sanguinea,3013574,1
Pilea obtusata,Pilea inaequalis,5361845,1
Sponia crassifolia,Pipturus hubertii,4101793,0
Adicea guadalupensis,Pilea inaequalis,5361845,1
Elaeagnus hortensis,Elaeagnus angustifolia,3039269,1
Morus mariettii,Morus alba,5361889,1
Morus xanthoxylon,Maclura tinctoria,2984583,1
Schizonotus tomentosus,Sorbaria tomentosa,3012117,1
Fleurya sarmentosa,Pyracantha atalantioides,2988212,0
Ventilago velutina,Smythea velutina,3875109,1
Elaeagnus convexolepidota,Prunus hypotrichodes,3020860,0
Urtica arborescens,Pipturus arborescens,4102074,1
Amygdalus wendelboi,Naucleopsis caloneura,3767273,0
Phylica virgata,Pilea hirsuta,5671295,0
Treculia affona,Treculia africana,7895921,1
Zelkova tarokoensis,Zelkova serrata,2984532,1
Pyrus feddei,Cypholophus decipiens,4099882,0
Potentilla adinophylla,Trichocephalus stipularis,5602927,0
Ambaiba leucophaea,Cecropia polystachya,4013171,1
Broussonetia rupicola,Broussonetia monoica,5569721,1
Artocarpus primackii,Artocarpus tomentosulus,3764007,1
Trymalium oligocephalum,Spyridium oligocephalum,3877349,1
Pyrus xizangensis,Chaenomeles thibetica,3000655,1
Chamaespilus sudetica,Majovskya sudetica,9238979,1
Rubus bijugus,Rubus niveus,2989183,1
Acaena longistipula,Acaena magellanica,5370832,1
Dorstenia strangii,Dorstenia arifolia,7262742,1
Aronia alpina,Aria edulis,8411755,1
Crataegus oenochroa,Frangula grandifolia,3874526,0
Celastrus spicatus,Trema orientale,2984508,0
Ficus ekmanii,Ficus crassinervia,5361897,1
Olmedia maxima,Trema tomentosum,7303576,0
Ziziphus rufula,Procris reticulatovenosa,8235414,0
Chaetachme serrata,Chaetachme aristata,4159728,1
Poikilospermum grande,Poikilospermum acuminatum,4013317,1
Ziziphus pseudojoazeiro,Treculia africana,7895921,0
Sparrea gomphophylla,Celtis gomphophylla,4159937,1
Piratinera lemeei,Brosimum guianense,7374879,1
Morus marmolii,Fragaria moschata,8350369,0
Ficus sclerocarpa,Procris frutescens,7300452,0
Aruncus subrotundatus,Celtis iguanaea,2984498,0
Urtica alceaefolia,Urera caracasana,2984335,1
Sorbus bollwilleriana,Pyraria irregularis,12193096,1
Dendrocnide kusaiana,Elaeagnus multiflora,3039272,0
Cotoneaster acuticarpa,Trema micranthum,2984501,0
Planera keaki,Zelkova serrata,2984532,1
Streblus tahitensis,Paratrophis anthropophagorum,12239769,1
Artocarpus venosus,Prunus pseudocerasus,3021437,0
Scutia natalensis,Scutia myrtina,8317476,1
Momisia spinosissima,Celtis iguanaea,2984498,1
Celtis urticifolia,Colubrina cubensis,5372474,0
Colletia tomentosa,Dorstenia africana,3766272,0
Sponia peruviana,Trema cannabina,2984507,1
Crataegus suecica,Scandosorbus intermedia,10071055,1
Potentilla schugnanica,Potentilla ornithopoda,5366556,1
Dubrueilia membranacea,Urtica membranacea,7685819,1
Parietaria circeaefolia,Phylica arborea,3876422,0
Coussapoa emarginata,Pourouma minor,4013658,1
Prunus antilibanotica,Prunus microcarpa,3021376,1
Potentilla mooniana,Sorocea bonplandii,3763071,0
Lithocnide lappulacea,Rousselia humilis,5361854,1
Morus bifaria,Elatostema parvum,7300859,0
Pyrus clarkiana,Chaenomeles clarkiana,3000695,1
Elaeagnus spadicea,Elaeagnus conferta,7293128,1
Crataemespilus grandiflora,Boehmeria dura,4099280,0
Eriogynia uniflora,Kelseya uniflora,2988160,1
Opulaster pauciflorus,Physocarpus malvaceus,2988332,1
Distemon indicum,Neodistemon indicus,4100157,1
Pellionia oshimensis,Pilea gracilis,5669760,0
Photinia salicifolia,Boehmeria cylindrica,2984345,0
Ramium zollingerianum,Brosimum sprucei,11665758,0
Milicia spinosa,Maclura africana,3764441,1
Bosquiea occidentalis,Trilepisium madagascariense,3766911,1
Sorbus glabra,Photinia glabra,5363818,1
Procris hypoleuca,Doerpfeldia cubensis,3875287,0
Elatostema baviense,Argentina victorialis,7578576,0
Rhamnus obscura,Brosimum rubescens,3762826,0
Saccus mollis,Artocarpus lacucha,7873234,1
Parietaia punctata,Pourthiaea arguta,2988149,0
Acaena decumbens,Acaena magellanica,5370832,1
Photinia fauriei,Celtis occidentalis,2984481,0
Neillia ribesioides,Neillia sinensis,3024789,1
Pygeum caudatum,Prunus lancilimba,3023124,1
Rhamnus incana,Aria edulis,8411755,0
Rhamnus drummondii,Colubrina texensis,5372460,1
Colletia insidiosa,Krugiodendron ferreum,3039518,0
Dubrueilia inaequalis,Rhaphiolepis indica,5371542,0
Rubus neurophanes,Rubus alterniflorus,8321269,1
Potentilla virgulata,Achudemia boniana,11138214,0
Vauquelinia corymbosa,Scepocarpus trinervis,11543475,0
Ulmus multinervosa,Ulmus serotina,5361861,1
Ventia smithii,Dorstenia psilurus,3763387,0
Phylica rosmarinifolia,Laportea ruderalis,4098684,0
Helminthospermum scabridum,Phylica buxifolia,3876260,0
Ziziphus saeri,Myriocarpa stipitata,7300728,0
Villebrunea semicrenata,Oreocnide semicrenata,4099379,1
Chaetoptelea microphylla,Retanilla ephedra,7273774,0
Artocarpus chama,Artocarpus chama,3765040,1
Maclura sieberi,Maclura tinctoria,2984583,1
Cecropia setico,Cecropia membranacea,4013609,1
Trymatococcus africanus,Potentilla leucophylla,8034433,0
Pouzolzia hypoleuca,Pouzolzia mixta,7300658,1
Mespilus intermedia,Elatostematoides insigne,4098367,0
Urera sphaerophylla,Scepocarpus trinervis,11543475,1
Rhamnus pianensis,Rhamnus parvifolia,7273851,1
Elaeagnus latifolia,Karpatiosorbus carolipolitana,11542115,0
Elaeagnus edulis,Leucosyke capitellata,4102514,0
Mertensia iguanaea,Celtis iguanaea,2984498,1
Cryptandra grandiflora,Pouzolzia arachnoidea,7909401,0
Planera richardii,Planera aquatica,5361858,1
Artocarpus blumei,Rhaphiolepis bibas,10786206,0
Crataegus media,Pourthiaea lucida,3000593,0
Conocephalus mollis,Poikilospermum suaveolens,4013131,1
Boehmeria ovata,Pomaderris aspera,3877557,0
Freirea ocymifolia,Crataegus punctata,3014805,0
Ziziphus lenticellata,Crataegus laciniata,8240558,0
Pyrus borosiana,Cecropia ficifolia,8173870,0
Acaena longistipula,Prunus ulmifolia,3023601,0
Amelanchier denticulata,Malacomeles denticulata,2988294,1
Crataemespilus dardari,Crataemespilus dardari,3032433,1
Ficus nodosa,Ficus racemifera,5571764,1
Potentilla indivisa,Argentina indivisa,8214411,1
Pyrus cathayensis,Chaenomeles cathayensis,3000645,1
Potentilla diffusa,Potentilla hippiana,5367733,1
Rubus neglectus,Pouzolzia sanguinea,7300542,0
Potentilla vilmoriniana,Potentilla frigida,5368457,1
Pellionia yunnanensis,Phyllogeiton discolor,3874547,0
Mespilus douglasii,Margyricarpus inermis,3030145,0
Spiraea turczaninowii,Ulmus glabra,5361866,0
Celtis procera,Laportea decumana,4099644,0
Albrandia orientalis,Majovskya ambigua,9285492,0
Morus kaki,Morus alba,5361889,1
Urtica melastomoides,Pilea melastomoides,5670477,1
Adicea chamaedrys,Berchemia scandens,3039506,0
Ficus marginalis,Cryptandra tubulosa,3876136,0
Dorstenia frutescens,Dorstenia elliptica,3765058,1
Dorstenia exaltata,Dorstenia elata,7262616,1
Morus mauritiana,Taxotrophis perakensis,11156027,0
Elaeagnus veteris-castelli,Prunus spinosa,3023221,0
Elatostema wenzelii,Spyridium obovatum,7274000,0
Trema dunnianum,Trema tomentosum,7303576,1
Maillardia lancifolia,Maillardia borbonica,3763965,1
Sorbus subeminens,Frangula crenata,7273631,0
Paliurus lucidus,Colubrina asiatica,5372467,0
Aronia densiflora,Aronia arbutifolia,5363629,1
Parietaria welwitschii,Artocarpus lacucha,7873234,0
Chevalierodendron glabrum,Paratrophis glabra,3765995,1
Mespilus laevis,Paratrophis anthropophagorum,12239769,0
Artocarpus grandis,Parietaria pensylvanica,5361796,0
Dorstenia asperifolia,Dorstenia caimitensis,3765702,1
Urticastrum caerulea,Parietaria floridana,5361793,0
Nuttallia cerasiformis,Acaena lucida,5370697,0
Conocephalus concolor,Achudemia japonica,4099750,0
Coussapoa schunkei,Neillia sinensis,3024789,0
Dorstenia griffithiana,Hullettia griffithiana,8282307,1
Ceanothus trinervus,Chaenomeles cathayensis,3000645,0
Spiraea eximia,Spiraea pseudosalicifolia,3026444,1
Potentilla commutata,Argentina commutata,7651201,1
Fleurya havanensis,Laportea aestuans,2984466,1
Celtis mindanaensis,Celtis philippensis,7303643,1
Pyrus loquat,Rhaphiolepis dubia,10809845,1
Lazarolus torminalis,Torminalis glaberrima,9410160,1
Crataegus coriacea,Chamaemeles coriacea,3031018,1
Ficus obliqua,Ficus melinocarpa,7262687,1
Leucosyke magallanensis,Rhamnus nakaharae,5733727,0
Spyridium divaricatum,Stenanthemum divaricatum,3876767,1
Ficus callicarpa,Hedlundia harziana,9426856,0
Pellionia incisoserrata,Dendrocnide sinuata,4098506,0
Sorbus dolomiticola,Acaena tenera,5370987,0
Crataegus rugosa,Taxotrophis ilicifolia,3767205,0
Sorbus quercoides,Boehmeria cylindrica,2984345,0
Colletia dumosa,Pilea pubescens,7300898,0
Tylosperma lignosa,Cypholophus prostratus,4099656,0
Pygeum brachybotrya,Sarcomphalus undulatus,8826109,0
Pyrus llangollenica,Urtica leptophylla,5669658,0
Sorbus ujhelyii,Aria ujhelyii,9577636,1
Pyrus alnifrons,Prunus spinosa,3023221,0
Ivesia jaegeri,Karpatiosorbus croceocarpa,9629033,0
Duretia palustris,Celtis tetrandra,7366997,0
Eriobotrya platyphylla,Rhaphiolepis platyphylla,10683774,1
Photinia zhijiangensis,Celtis vandervoetiana,4159948,0
Celtis utilis,Helicostylis tomentosa,3764831,0
Maclura trilobata,Maclura tinctoria,2984583,1
Sorbus glabrata,Argentina indivisa,8214411,0
Fragaria grandiflora,Fragaria moschata,8350369,1
Pyrus lobata,Crataemespilus lobata,12208838,1
Urtica multiflora,Trema cannabina,2984507,0
Urera lamiifolia,Boehmeria nivea,2984359,1
Pyrus floribunda,Aronia prunifolia,5363613,1
Pilea involucrata,Artocarpus nobilis,3764420,0
Celtis lactea,Afromorus mesozygia,11122103,1
Berchemia ecorollata,Petrophytum acuminatum,3030190,0
Epicarpurus timorensis,Procris repens,7916114,0
Laportea lanaensis,Debregeasia saeneb,4099243,0
Retanilla glauca,Trevoa quinquenervia,3876194,1
Pipturus rotundifolius,Scepocarpus acuminatus,11851100,1
Adicea cuneifolia,Pilea crenulata,5670620,1
Boehmeria decurrens,Rubus niveus,2989183,0
Celtis hamata,Colubrina arborescens,5372463,0
Dorstenia albertorum,Artocarpus lacucha,7873234,0
Boehmeria nakashimae,Pyracantha atalantioides,2988212,0
Sorbus kmetiana,Karpatiosorbus kmetiana,9294366,1
Celtis longifolia,Celtis tenuifolia,2984482,1
Soulangia marifolia,Pilea parietaria,5361834,0
Paratrophis grandifolia,Paratrophis philippinensis,3765935,1
Acaena longearistata,Elatostematoides falcatum,4098396,0
Pellionia hoffmannianum,Mesogyne insignis,3763609,0
Boehmeria argentea,Phylica trachyphylla,3874637,0
Mespilus cosansasi,Celtis jessoensis,7141633,0
Celtis micrantha,Trema micranthum,2984501,1
Artocarpus melinoxylus,Potentilla multifida,8416400,0
Rhamnus ramosissima,Taxotrophis ilicifolia,3767205,0
Trema velutinum,Trema tomentosum,7303576,1
Ulmus serratula,Ulmus hollandica,7141604,1
Solenostigma strychnoides,Celtis strychnoides,4159465,1
Ziziphus melastomoides,Argentina lineata,8228815,0
Ziziphus officinarum,Colubrina arborescens,5372463,0
Urticastrum laxiflorum,Boehmeria caudata,7610513,0
Dorstenia tetractis,Dorstenia cuspidata,7262644,1
Cinnamomum chloroxylon,Celtis philippensis,7303643,0
Rubus tenuicaulis,Pouzolzia zeylanica,2984383,0
Boehmeria weddelliana,Boehmeria brevirostris,4100242,1
Cecropia caucana,Cecropia angustifolia,4013465,1
Boehmeria obliqua,Pouzolzia obliqua,4099683,1
Rubus tongchouanensis,Rubus niveus,2989183,1
Alchemilla parodii,Maillardia montana,3763943,0
Dorstenia aspera,Discaria pubescens,5602819,0
Urtica puya,Leucosyke puya,4102185,1
Morus hachijoensis,Sorbaronia arsenii,2987867,0
Dorstenia reducta,Cecropia engleriana,4013581,0
Amelanchier pringlei,Malacomeles pringlei,7586310,1
Spiraea procumbens,Maclura andamanica,3764424,0
Cerasus chorassanica,Prunus chorassanica,3022681,1
Procris obovata,Scutia myrtina,8317476,0
Blepetalon aculeatum,Dendrocnide rigidifolia,4098564,0
Photinia simplex,Frangula lindeniana,3874454,0
Homoioceltis aspera,Aphananthe aspera,4159921,1
Rhamnus inconspicuus,Morus celtidifolia,5570117,0
Missiessya corymbulosa,Rhaphiolepis wardii,10915902,0
Sieversia rotundifolia,Sieversia rotundifolia,8058317,1
Sorbus franconica,Maclura tinctoria,2984583,0
Abelicea davidii,Discaria americana,5602906,0
Photinia hookeri,Pourthiaea arguta,2988149,1
Morocarpus edulis,Holodiscus australis,2987775,0
Rhamnus sarcomphalus,Sageretia filiformis,3876704,0
Pellionia elatostemoides,Touchardia latifolia,2984457,0
Pilea ciliaris,Ceanothus herbaceus,3039322,0
Urtica conglobata,Pouzolzia conglobata,4100763,1
Urostigma altissimum,Ficus altissima,5361907,1
Lazarolus pinnatifida,Karpatiosorbus hybrida,9478021,1
Cryptandra anomala,Trymalium ledifolium,7273761,1
Rhamnus vitiensis,Dallachya vitiensis,3875981,1
Gouania faurieri,Dorstenia erythrandra,8892698,0
Armeniaca vulgaris,Prunus armeniaca,7818643,1
Fusticus zanthoxylon,Scutia spicata,7273727,0
Potentilla mascuinii,Dendrocnide gigantea,4098866,0
Oxyacantha rugosa,Crataegus pruinosa,7790552,1
Sponia pallida,Trema cannabina,2984507,1
Ulmus macrophylla,Ulmus macrocarpa,7303600,1
Pomaderris commixta,Ziziphus angulata,3877041,0
Ficus eucaudata,Ficus heteropleura,7262505,1
Prunus calycosa,Pourthiaea pilosicalyx,3000400,0
Rhamnus sphaerosperma,Frangula sphaerosperma,3039467,1
Ficus barclayi,Scutia spicata,7273727,0
Dorstenia fischeri,Dorstenia arifolia,7262742,1
Ficus smaragdina,Ficus montana,8041955,1
Acaena ascendens,Acaena magellanica,5370832,1
Robinsoniodendron ambiguum,Maoutia ambigua,5671133,1
Abelicea sibirica,Pourouma minor,4013658,0
Saccus maingayi,Artocarpus kemando,3764693,1
Pogonotrophe alnifolia,Ficus melinocarpa,7262687,1
Cerasus opaca,Prunus opaca,3021834,1
Potentilla turicinensis,Potentilla grandiflora,5366106,1
Pilea smilacifolia,Pilea glaberrima,5669878,1
Urera magna,Urera caracasana,2984335,1
Pilea worsdellii,Fatoua villosa,2984652,0
Sorbaria gilgitensis,Sorbaria tomentosa,3012117,1
Urtica spicata,Boehmeria caudata,7610513,1
Paratrophis heterophylla,Paratrophis microphylla,7974324,1
Reissekia smilacina,Reissekia smilacina,8188318,1
Pouzolzia fuscescens,Milicia regia,3763583,0
Boehmeria boiviniana,Pouzolzia boiviniana,4100913,1
Celtis affinis,Ziziphus nummularia,3039427,0
Rubus viburnifolius,Rubus malifolius,2989397,1
Tylanthus imberbis,Majovskya sudetica,9238979,0
Rhamnus longipes,Frangula longipes,3877791,1
Brosimopsis amplifolia,Prunus bifrons,3020970,0
Sorbus borosiana,Karpatiosorbus borosiana,9500635,1
Gouania leptostachya,Gouania microcarpa,5602966,1
Touchardia occidentalis,Clarisia biflora,7262852,0
Ulmus pseudelegantissima,Ziziphus oenopolia,3875331,0
Exochorda davidiana,Oemleria cerasiformis,2988485,1
Trymalium phlebophyllum,Spyridium phlebophyllum,3877282,1
Ficus roxburghii,Crataegus punctata,3014805,0
Ziziphus baenchia,Ziziphus baenchia,3876959,1
Scutia eberhardtii,Scutia myrtina,8317476,1
Poterium caudatum,Crataegus pycnoloba,3013789,0
Urtica urentissima,Urtica spatulata,5670135,1
Mesogyne henriquesii,Mesogyne insignis,3763609,1
Physocarpus sinensis,Neillia sinensis,3024789,1
Amygdalus spartioides,Prunus arabica,3022146,1
Elatostema hunanense,Scepocarpus hypselodendron,11931426,0
Margarocarpus vimineus,Pouzolzia sanguinea,7300542,1
Rhaphiolepis herae,Rhaphiolepis latifolia,10857330,1
Sponia pendula,Celtis timorensis,4160107,1
Lamellisepalum hildebrandtii,Phylica curvifolia,3876057,0
Phylica elliptica,Nesiota elliptica,3877392,1
Duretia pannosa,Boehmeria dura,4099280,1
Pyrus impressivena,Potentilla saxosa,5370099,0
Ceanothus discolor,Droguetia ambigua,4098087,0
Pharmacosycea dendroctona,Dendrocnide amplissima,4099119,0
Trichocephalus spicatus,Phylica spicata,8247775,1
Celtis missipipiensis,Celtis laevigata,2984491,1
Parietaria pensylvanica,Crataegus punctata,3014805,0
Zizyphus tomentosa,Ziziphus jujuba,3039423,1
Ulmus angustiformis,Ulmus hollandica,7141604,1
Crataegus beckeriana,Crataegus pallasii,3013600,1
Alchemilla looseri,Sageretia filiformis,3876704,0
Urtica lowei,Dorstenia tayloriana,7262415,0
Ulmus dampieri,Brosimum guianense,7374879,0
Colubrina multiflora,Colubrina heteroneura,5603104,1
Acaena colchaguensis,Boehmeria sieboldiana,4101147,0
Halmia punctata,Sarcomphalus platyphyllus,9171870,0
Frangula sphaerocarpa,Frangula sphaerosperma,3039467,1
Forsskaolea latifolia,Forsskaolea tenacissima,4101888,1
Sorbus dracofolia,Karpatiosorbus dracofolia,9460008,1
Aphanes delicatula,Aphanes arvensis,5365013,1
Spiraea lancifolia,Crataegus berberifolia,3014985,0
Pellionia yunnanensis,Elatostema yunnanense,8179778,1
Laportea saipanensis,Pouzolzia laevigata,4100090,0
Ramium edentatum,Argentina pycnophylla,7713831,0
Talguenea mollis,Pomaderris lanigera,3876790,0
Urostigma nitidum,Spyridium halmaturinum,7274027,0
Urtica mollis,Pilea mollis,7746842,1
Rhamnus franguloides,Endotropis alnifolia,9266494,1
Ziziphus chloroxylon,Sarcomphalus chloroxylon,9089357,1
Bosqueia cerasifolia,Trilepisium madagascariense,3766911,1
Urtica laxa,Torminalis glaberrima,9410160,0
Sericotheca schaffneri,Scepocarpus rigidus,11732428,0
Sorbus holubyana,Karpatiosorbus holubyana,9527429,1
Coussapoa williamsii,Coussapoa orthoneura,4013222,1
Gouania integrifolia,Gouania microcarpa,5602966,1
Neraudia pyrifolia,Neraudia ovata,2984372,1
Planera keaki,Pourouma minor,4013658,0
Crumenaria polygaloides,Crumenaria choretroides,3875398,1
Ziziphus havanensis,Celtis caudata,7620865,0
Potentilla sumatrana,Argentina sumatrana,8298825,1
Amelanchier nervosa,Malacomeles nervosa,2988298,1
Musanga smithii,Musanga cecropioides,5643189,1
Olmedia armata,Poulsenia armata,5570848,1
Laportea cordata,Maquira coriacea,3763724,0
Laportea chingiana,Dendrocnide urentissima,4098420,1
Leptocnide heterophylla,Pouzolzia variifolia,4098645,1
Opulaster bracteatus,Trevoa quinquenervia,3876194,0
Scutia lucida,Scutia myrtina,8317476,1
Pyrus zhijiangensis,Colubrina arborescens,5372463,0
Pilea verrucosa,Adolphia infesta,5372476,0
Distemon grossum,Crataegus persimilis,3015457,0
Parartocarpus beccariana,Debregeasia longifolia,4099305,0
Sorbus umbellata,Cryptandra leucophracta,3877146,0
Solenostigma zippelii,Pourouma villosa,4013258,0
Broussonetia nana,Broussonetia papyrifera,5361944,1
Sorbus pulchra,Ficus montana,8041955,0
Sorbus borbasii,Elaeagnus conferta,7293128,0
Rhaphiolepis rubra,Rhaphiolepis indica,5371542,1
Lepargyrea argentea,Shepherdia argentea,5372429,1
Sponia hochstetteri,Trema orientale,2984508,1
Pilea hollickii,Pilea harrisii,5669621,1
Pyrus rotundifolia,Karpatiosorbus hybrida,9478021,1
Urtica punctata,Dorstenia benguellensis,3765939,0
Coussapoa trinervia,Coussapoa trinervia,4013550,1
Ficus millingtonifolia,Rhamnus infectoria,3874579,0
Dendrocnide photinophylla,Dendrocnide photiniphylla,4098637,1
Streblus insignis,Bleekrodea insignis,3763823,1
Saccus zollingerianus,Hedlundia pseudofennica,9555786,0
Cecropia nivea,Cecropia polystachya,4013171,1
Maoutia diversifolia,Physocarpus amurensis,2988383,0
Crataegus philadelphica,Celtis schippii,4159734,0
Pyrus aurelia-aquensis,Rhamnidium ellipticum,3874685,0
Ceanothus decumbens,Ziziphus oenopolia,3875331,0
Photinia semiserrata,Majovskya ambigua,9285492,0
Trevoa berteroana,Retanilla stricta,3875486,1
Fragariastrum divinum,Potentilla divina,5367094,1
Frangula fragilis,Frangula caroliniana,3039468,1
Dorstenia sacleuxii,Physocarpus monogynus,2988349,0
Trevoa campanulata,Trevoa quinquenervia,3876194,1
Solenostigma philippinensis,Celtis philippensis,7303643,1
Prunus iuliana,Ficophyllum crassinerve,11155712,0
Chaenomeles cardinalis,Chaenomeles speciosa,3000679,1
Trema mollis,Trema micranthum,2984501,1
Mansana arborea,Ziziphus jujuba,3039423,1
Prunus ferganensis,Cryptandra amara,7273650,0
Pomaderris biaurita,Cecropia angustifolia,4013465,0
Covellia composita,Poikilospermum suaveolens,4013131,1
Piratinera lecointei,Brosimum guianense,7374879,1
Streblus smithii,Phylica emirnensis,3875948,0
Colubrina mociniana,Ziziphus mauritiana,3039424,0
Celtis bequaertii,Celtis mildbraedii,4159999,1
Olmedia caucana,Pourouma cuspidata,4013412,0
Acaena heptandra,Artocarpus elasticus,7425575,0
Pyrus chingshuiensis,Pourthiaea chingshuiensis,3000580,1
Paratrophis opaca,Clarisia ilicifolia,7262841,0
Streblus insignis,Ziziphus incurva,3876080,0
Morus bifaria,Ampalis mauritiana,3765609,1
Colletia doniana,Ochetophila trinervis,3877218,1
Myrianthus talbotii,Pouzolzia denudata,4100669,0
Rosa eurytoma,Spiraea yunnanensis,3027102,0
Pilea repens,Pilea inaequalis,5361845,1
Australina tasmanica,Australina pusilla,7300503,1
Ziziphus orbicularis,Ziziphus xylopyrus,7524561,1
Artocarpus tephrophyllus,Artocarpus glaucus,3764827,1
Lanessania oligandra,Oemleria cerasiformis,2988485,0
Ceanothus wightiana,Spiraea douglasii,3027159,0
Ficus concentrica,Ficus parietalis,5569936,1
Alcemilla microcarpa,Aphanes microcarpa,9062455,1
Spiraea ulicina,Spiraea alpina,3026665,1
Polychroa ferruginea,Brosimum guianense,7374879,0
Ulmus planeroides,Prunus persica,8149923,0
Ficus macrocarpa,Acaena argentea,7621130,0
Spiraea superba,Spiraea superba,8236449,1
Villebrunea petelotii,Oreocnide obovata,7300607,1
Physocarpus australis,Physocarpus opulifolius,2988354,1
Mertensia integrifolia,Celtis toka,4160100,1
Conocephalus roxburghii,Poikilospermum naucleiflorum,4013188,1
Morus dulcis,Procris repens,7916114,0
Sorbopyrus bollwilleriana,Pyraria irregularis,12193096,1
Potentilla arctica,Potentilla multifida,8416400,1
Ulmus campestris,Spiraea inflexa,3853620,0
Cecropia sucrensis,Ceanothus ferrisiae,3039371,0
Ficus clusioides,Ficus callophylla,5571020,1
Urtica quinquenervis,Gonostegia triandra,4100795,1
Laurophyllum reticulatum,Elaeagnus multiflora,3039272,0
Pyrus joannis,Boehmeria japonica,7300501,0
Saccus glaucus,Karpatiosorbus omissa,9324451,0
Pilea xalapensis,Pilea pubescens,7300898,1
Pilea procumbens,Spiraea japonica,8170635,0
Pyrus croceocarpa,Karpatiosorbus croceocarpa,9629033,1
Pentaphyllum hippianum,Potentilla hippiana,5367733,1
Colletia iguanaea,Celtis iguanaea,2984498,1
Adenilema fallax,Neillia thyrsiflora,3024763,1
Crataegus pyracantha,Pyracantha atalantioides,2988212,1
Dorstenia nipensis,Dorstenia erythrandra,8892698,1
Urtica ficifolia,Prunus emarginata,7272137,0
Petalopogon cuspidatus,Rhaphiolepis merguiensis,10803865,0
Acaena pennatula,Urtica mexicana,8390431,0
Elaeagnus odoratiedulis,Rhaphiolepis latifolia,10857330,0
Dorstenia lucida,Procris pedunculata,5671195,1
Elaeagnus spadicea,Karpatiosorbus devoniensis,9489928,0
Rhamnus mauritiana,Ziziphus jujuba,3039423,1
Crataegus sertata,Pourthiaea chingshuiensis,3000580,0
Spiraea leucantha,Spiraea japonica,8170635,1
Photinia fokienensis,Pourthiaea fokienensis,3000554,1
Ceanothus arnoldi,Crataegus macracantha,3013570,0
Pouzolzia heterophylla,Pouzolzia zeylanica,2984383,1
Cryptandra ericoides,Cryptandra australis,3874594,1
Sorbus pseudovertesensis,Karpatiosorbus pseudovertesensis,9287578,1
Potentilla subnitens,Potentilla grandiflora,5366106,1
Frangula sphaerosperma,Pourthiaea arguta,2988149,0
Streblus elongatus,Sloetia elongata,3763185,1
Pygeum merrillianum,Prunus arborea,3021654,1
Sorbus griseotormaria,Boehmeria dura,4099280,0
Laportea kusaiana,Rhaphiolepis fulvicoma,10746511,0
Sorbus caucasica,Hedlundia armeniaca,10833957,1
Sorbus herbipolitana,Parietaria debilis,5361795,0
Pyrus scannelliana,Rhaphiolepis poilanei,10750769,0
Elatostema oppositifolium,Lecanthus peduncularis,7300476,1
Cotoneaster thymaefolius,Cotoneaster thymaefolius,3853194,1
Covellia macrophylla,Ficus auriculata,5571773,1
Dorstenia plumierifolia,Dorstenia elata,7262616,1
Persica domestica,Prunus persica,8149923,1
Boehmeria rugosa,Phenax rugosus,7300597,1
Cryptandra sieberi,Cryptandra amara,7273650,1
Sageretia affinis,Pyracantha coccinea,2988188,0
Morus cashmeriana,Morus indica,5569978,1
Sponia velutina,Acaena macrocephala,5370642,0
Urtica parasitica,Elatostematoides scandens,11127643,1
Fatoua aspera,Fatoua villosa,2984652,1
Maclura sieberi,Margyricarpus inermis,3030145,0
Gouania ursinicarpa,Gouania polygama,5372439,1
Pouzolzia parietarioides,Pouzolzia zeylanica,2984383,1
Drimopogon tomentosa,Spiraea tomentosa,3026819,1
Tetraglochin inermis,Margyricarpus inermis,3030145,1
Opulaster gracilis,Neillia incisa,3853033,1
Chaenomeles angustifolia,Dorstenia benguellensis,3765939,0
Rosa sabina,Pomaderris ligustrina,7594100,0
Paliurus virgatus,Potentilla pedata,8327079,0
Poikilospermum oblanceolatum,Poikilospermum suaveolens,4013131,1
Sarcomphalus carolinianus,Frangula caroliniana,3039468,1
Parartocarpus spinulosus,Parartocarpus venenosa,3766049,1
Toxylon aurantiacum,Noltea africana,3877365,0
Ziziphus rotunda,Hedlundia hybrida,9245228,0
Phenax urticifolius,Phenax hirtus,7300652,1
Rubus leucodermis,Potentilla multifida,8416400,0
Spiraea rubiacea,Neillia rubiflora,3024781,1
Ziziphus spina-christi,Paliurus spina-christi,5372457,1
Catha zeylanica,Helinus integrifolius,3875572,0
Naegelia tomentosa,Maclura cochinchinensis,7262552,0
Margarocarpus exasperatus,Pouzolzia sanguinea,7300542,1
Acaena chamaecaena,Acaena magellanica,5370832,1
Pilea diversissima,Aronia arbutifolia,5363629,0
Hahnia suecica,Scandosorbus intermedia,10071055,1
Pilea rubiifolia,Dorstenia benguellensis,3765939,0
Ventilago cinerascens,Berchemia cinerascens,7720336,1
Helxine soleirolii,Soleirolia soleirolii,2984366,1
Morus papyrifera,Aronia prunifolia,5363613,0
Parietaria falcata,Rhaphiolepis prinoides,10804358,0
Cecropia tessmannii,Gonostegia pentandra,4100866,0
Louiseania ulmifolia,Prunus ulmifolia,3023601,1
Ficus tetangis,Ficus apiocarpa,5572083,1
Crataegus neobaxteri,Scutia myrtina,8317476,0
Rhamnus venosa,Colubrina elliptica,5372458,1
Coussapoa intermedia,Coussapoa nitida,4013298,1
Poulsenia aculeata,Ceanothus microphyllus,3039306,0
Gonostegia neurocarpa,Gonostegia parvifolia,4100881,1
Elaeagnus nokoensis,Elaeagnus formosana,4048228,1
Dorstenia librevillensis,Ziziphus rugosa,7273665,0
Ziziphus pallens,Celtis tetrandra,7366997,0
Trema lima,Trema micranthum,2984501,1
Coussapoa apoda,Physocarpus amurensis,2988383,0
Dorstenia mandioccana,Ficus ampelos,8053189,0
Ceanothus peduncularis,Ceanothus integerrimus,3039382,1
Adike glaberrima,Pilea glaberrima,5669878,1
Potentilla borisiiregis,Potentilla borisiiregis,5365979,1
Ipecacuanha virginiana,Gillenia trifoliata,2986435,1
Ficus binata,Dorstenia brownii,3765760,0
Ioxylon pomiferum,Maclura pomifera,2984580,1
Ziziphus burmanniana,Berchemia burmanniana,3876585,1
Ziziphus obliqua,Ziziphus rugosa,7273665,1
Persica laevis,Prunus persica,8149923,1
Rhamnus mucronata,Frangula mucronata,3877732,1
Crataegus kupfferi,Crataegus media,3013800,1
Spiraea bumalda,Spiraea japonica,8170635,1
Shepherdia argentea,Ficus diospyrifolia,5572356,0
Momisia lancifolia,Celtis pallida,2984494,1
Pyrus tobanii,Boehmeria polystachya,4101696,0
Cryptandra buxifolia,Rhaphiolepis cavaleriei,10731169,0
Celtis amphibola,Celtis bungeana,7141664,1
Anthomeles opaca,Laportea aestuans,2984466,0
Ulmus planeroides,Ulmus wardii,11838296,1
Procris rhizantha,Procris crenata,5669749,1
Pyrus greenii,Aria greenii,9310020,1
Sorbus borosiana,Celtis philippensis,7303643,0
Celtis vesiculosa,Celtis africana,5834428,1
Pilea japonica,Achudemia japonica,4099750,1
Villebrunea trinervis,Elatostematoides buderi,11540741,0
Adicea franquevilleana,Pilea franquevilleana,5669975,1
Artocarpus paloensis,Artocarpus lacucha,7873234,1
Gouania axilliflora,Karpatiosorbus slovenica,9635542,0
Lecanthus wallichii,Lecanthus peduncularis,7300476,1
Ficus tenii,Laportea bulbifera,7300666,0
Gouania integrifolia,Helinus integrifolius,3875572,1
Mespilus prunifolia,Hedlundia hybrida,9245228,0
Amygdalus nucipersica,Spiraea thunbergii,3026402,0
Acaena anserinella,Potentilla crantzii,5366215,0
Alchemilla australiana,Aphanes australiana,5364997,1
Urostigma fulvum,Ficus holosericea,5570480,1
Lydaea lyday,Celtis philippensis,7303643,0
Pellionia curtisiae,Procris curtisii,7398160,1
Boehmeria amplissima,Laportea aestuans,2984466,0
Ficus colossea,Ficus albipila,7262874,1
Celtis franksiae,Urtica ardens,5671305,0
Sloetia eusideroxylon,Sloetia elongata,3763185,1
Chaenomeles japonica,Chaenomeles japonica,3000610,1
Artocarpus horridus,Colubrina cubensis,5372474,0
Ulmus effusa,Ficus punctata,7673670,0
Helicostylis podogyne,Helicostylis tomentosa,3764831,1
Ficus tylophylla,Urtica pilulifera,5670646,0
Spiraea altaica,Sibiraea laevigata,3032453,1
Celtis brevipes,Dorstenia foetida,7262610,0
Cecropia coriacea,Crataegus obtusata,3014035,0
Artocarpus peltatus,Artocarpus lacucha,7873234,1
Pygeum euphlebium,Pouzolzia boiviniana,4100913,0
Streblus heterophyllus,Paratrophis microphylla,7974324,1
Sponia africana,Trema orientale,2984508,1
Cecropia trilobata,Cecropia putumayonis,4013126,1
Ziziphus hamosa,Crataegus disperma,3014641,0
Morus canina,Aria graeca,5370233,0
Cecropia macranthera,Phylica dioica,3876015,0
Ventilago madraspatana,Ventilago denticulata,7273609,1
Spiraea ulmifolia,Spiraea chamaedryfolia,3026406,1
Amygdalus variabilis,Colletia paradoxa,5602738,0
Phaenopyrum pruinosum,Crataegus pruinosa,7790552,1
Laurea tiliifolia,Discaria americana,5602906,0
Rhaphiolepis rugosa,Phylica paniculata,3875228,0
Potentilla engadinensis,Morus alba,5361889,0
Holodiscus ariifolius,Holodiscus discolor,2987780,1
Elatostema trinerve,Dorstenia psilurus,3763387,0
Pourthiaea lanata,Pourthiaea villosa,8356787,1
Margyricarpus linearis,Margyricarpus alatus,3030140,1
Epicostorus montanus,Physocarpus monogynus,2988349,1
Parartocarpus riedelii,Parartocarpus riedelii,3766071,1
Phylica acerosa,Rhaphiolepis cavaleriei,10731169,0
Aruncus sylvestris,Aruncus sylvester,6369098,1
Streblus elongatus,Spiraea dasyantha,3027025,0
Sarcomphalus punctatus,Celtis iguanaea,2984498,1
Cerasus sativa,Pyraria irregularis,12193096,0
Pyrus pinnatifidia,Hedlundia hybrida,9245228,1
Phylica glabriflora,Frangula crenata,7273631,0
Osmaronia cerasiformis,Oemleria cerasiformis,2988485,1
Crataegus villosa,Pourthiaea villosa,8356787,1
Stenochasma ancolanum,Broussonetia papyrifera,5361944,1
Celtis fuscata,Ficus peguensis,5569833,0
Ulmus cuneiformis,Ulmus hollandica,7141604,1
Rhamnus acuminata,Colubrina asiatica,5372467,1
Dorstenia bequaertii,Karpatiosorbus adeana,9279200,0
Pleuranthoides orbiculare,Gouania meyenii,5372441,1
Rhamnus glaberrima,Colubrina heteroneura,5603104,0
Celtis laeta,Trema orientale,2984508,1
Amygdalus ledebouriana,Prunus ledebouriana,3022663,1
Laportea manombensis,Laportea amberana,4100068,1
Conocephalus lanceolatus,Poikilospermum lanceolatum,4013213,1
Urtica cordata,Laportea aestuans,2984466,1
Pyrus armeniaca,Gouania meyenii,5372441,0
Artocarpus dadah,Artocarpus lacucha,7873234,1
Sponia pumila,Celtis occidentalis,2984481,1
Taxotrophis aquifolioides,Taxotrophis ilicifolia,3767205,1
Sorbus semipinnata,Hedlundia semipinnata,9304536,1
Elaeagnus acuminata,Elaeagnus conferta,7293128,1
Trema dunnianum,Sibiraea laevigata,3032453,0
Pouzolzia gardneri,Gonostegia triandra,4100795,1
Maillardia pendula,Karpatiosorbus hybrida,9478021,0
Dorstenia tubicina,Cecropia engleriana,4013581,0
Procris urticifolia,Phenax poiretii,5670194,1
Fleurya ovalifolia,Morus celtidifolia,5570117,0
Papyrius kaempferi,Broussonetia kaempferi,5569771,1
Urtica trianae,Urtica urens,5361815,1
Ancistrum anserinaefolium,Acaena anserinifolia,7942884,1
Phylica reclinata,Helinus integrifolius,3875572,0
Leucocnide affinis,Acaena echinata,5371172,0
Bollwilleria malifolia,Cydonia oblonga,5362215,1
Gonostegia alternifolia,Acaena magellanica,5370832,0
Maclura timorensis,Maclura cochinchinensis,7262552,1
Photinia eugeniifolia,Acaena magellanica,5370832,0
Gouania leguatii,Gouania laxiflora,5602999,1
Ficus soronensis,Fragaria chiloensis,7738624,0
Piratinera discolor,Brosimum guianense,7374879,1
Lupulus humulus,Boehmeria caudata,7610513,0
Ficus nepalensis,Ficus benjamina,5361932,1
Ceanothus candolleanus,Ceanothus caeruleus,3875440,1
Gouania fauriei,Gouania hillebrandii,8240892,1
Mespilus sanguinea,Crataegus sanguinea,3013574,1
Boehmeria nivea,Elatostema cuspidatum,7300775,0
Ceanothus procumbens,Crataegus heterophylloides,3014305,0
Brosimum myristicoides,Rosa hardyi,8115297,0
Potentilla bidentula,Argentina bidentula,7661894,1
Cerasus furum,Ficus ampelos,8053189,0
Phyllostylon orthopterum,Phyllostylon brasiliensis,4927755,1
Ulmus heyderi,Cecropia polystachya,4013171,0
Broussonetia elegans,Laportea interrupta,2984469,0
Neillia torreyi,Physocarpus monogynus,2988349,1
Opulaster ribesifolius,Celtis tetrandra,7366997,0
Oreoherzogia glaucophylla,Rhaphiolepis platyphylla,10683774,0
Rubus rosiiflorus,Rubus niveus,2989183,1
Frangula citrifolia,Frangula pubescens,3877483,1
Rhamnus cachemirica,Rhamnus virgata,7273971,1
Boehmeria fernandesiana,Elaeagnus pungens,3039270,0
Sorbus cucullifera,Aria cucullifera,9451442,1
Potentilla kemulariae,Parietaria debilis,5361795,0
Morocarpus dichotomus,Ziziphus angustifolia,3877032,0
Perebea elegans,Helicostylis elegans,3764964,1
Ficus glomerata,Coussapoa curranii,4013118,0
Dorstenia cuspidata,Leucosyke puya,4102185,0
Procris rupestris,Prunus persica,8149923,0
Cecropia hachensis,Cecropia angustifolia,4013465,1
Pourthiaea beauverdiana,Pipturus dentatus,4101944,0
Fragaria ananassa,Fragaria ananassa,3029912,1
Brosimum velutinum,Brosimum guianense,7374879,1
Condaliopsis rigida,Cryptandra leucophracta,3877146,0
Sorbus zertovae,Karpatiosorbus zertovae,9516567,1
Maclura affinis,Rhaphiolepis salicifolia,5371531,0
Spiraea macrophylla,Gonostegia parvifolia,4100881,0
Adicea integrifolia,Pilea parietaria,5361834,1
Ziziphus trinervia,Ziziphus glabrata,12257700,1
Urtica grandifolia,Pilea grandifolia,5361822,1
Scutia capensis,Scutia myrtina,8317476,1
Potentilla arvensis,Aphanes arvensis,5365013,1
Aronia mitschurinii,Sorbaronia arsenii,2987867,1
Berchemia corollata,Ventilago ecorollata,3874484,1
Urera sarmentosa,Spiraea japonica,8170635,0
Margyricarpus laevis,Margyricarpus pinnatus,3030248,1
Maria scaphigera,Atadinus alpinus,3877063,0
Pouzolzia stocksii,Artocarpus gomezianus,3764819,0
Artocarpus mariannensis,Artocarpus altilis,2984573,1
Rubus calcareus,Boehmeria holosericea,7300512,0
Ziziphus cotinifolia,Photinia integrifolia,5363967,0
Trophis hilariana,Sorocea guilleminiana,3762938,1
Trymalium bilobatum,Pomaderris obcordata,3876571,1
Prunus daemonifuga,Spiraea bella,3026631,0
Rhamnus kiusiana,Rhamnus yoshinoi,3876958,1
Pyrus paxiana,Karpatiosorbus paxiana,9631682,1
Debregeasia bicolor,Margyricarpus alatus,3030140,0
Debregeasia squamata,Cecropia angustifolia,4013465,0
Maclura xanthoxyloides,Trema tomentosum,7303576,0
Dorstenia brevifolia,Boehmeria japonica,7300501,0
Trymatococcus kamerunianus,Prunus avium,3020791,0
Missiessya aspera,Leucosyke capitellata,4102514,1
Boehmeria salicifolia,Pilea urticifolia,5669690,0
Urtica sinuata,Aphanes arvensis,5365013,0
Photinia zhijiangensis,Pourthiaea sorbifolia,9657347,1
Rhamnus pauciflora,Phylica retrorsa,3874975,0
Boehmeria caudata,Ceanothus integerrimus,3039382,0
Fusticus tinctoria,Pilea melastomoides,5670477,0
Pyrus firma,Hedlundia thuringiaca,9471386,1
Saccus lanceolatus,Rubus alterniflorus,8321269,0
Batidaea sandbergii,Rubus leucodermis,8110785,1
Pipturus helleri,Fragaria tibetica,3029844,0
Urera laciniata,Spyridium spadiceum,7273965,0
Ficus harlandii,Gonostegia parvifolia,4100881,0
Ziziphus macrocarpa,Ziziphus mauritiana,3039424,1
Urtica virulenta,Urtica ardens,5671305,1
Sahagunia racemifera,Sorbaronia jackii,2987857,0
Cecropia robusta,Cecropia membranacea,4013609,1
Pseudotrophis laxiflora,Argentina linilaciniata,7665523,0
Spiraea gemmata,Potentilla radiata,5366051,0
Parietaria diffusa,Urera baccifera,7411905,0
Aronia glabrescens,Aronia prunifolia,5363613,1
Ziziphus acutifolia,Sarcomphalus acutifolius,3876071,1
Amygdalus arabica,Prunus arabica,3022146,1
Urtica pubescens,Pourthiaea benthamiana,3000344,0
Spiraea hookeri,Torminalis glaberrima,9410160,0
Pyrus umbellularia,Rhaphiolepis umbellata,7480375,1
Chaydaia tonkinensis,Gouania polygama,5372439,0
Pseudolmedia alnifolia,Spiraea arguta,3027190,0
Cecropia arenaria,Dorstenia arifolia,7262742,0
Cryptandra microcephala,Spyridium microcephalum,3877481,1
Rubus hederifolius,Maclura pomifera,2984580,0
Parietaria rotundifolia,Parietaria floridana,5361793,1
Pygeum wallaceanum,Prunus wallaceana,3021851,1
Prunus forbesii,Prunus javanica,3022372,1
Ceanothus franklinii,Ziziphus attopensis,3876990,0
Notophaena magellanica,Rosa barbeyi,3004438,0
Sahagunia mexicana,Clarisia biflora,7262852,1
Artocarpus reticulatus,Artocarpus lacucha,7873234,1
Duretia pannosa,Ficus ampelos,8053189,0
Stachyocnide luzonica,Pouzolzia arachnoidea,7909401,1
Parietaria urticifolia,Droguetia ambigua,4098087,1
Ochetophila nana,Discaria nana,8629951,1
Boehmeria pilushanensis,Boehmeria japonica,7300501,1
Neillia longeracemosa,Potentilla baileyi,5370121,0
Elatostema gracilipes,Pourthiaea villosa,8356787,0
Dorstenia liebuschiana,Heteromeles arbutifolia,5370154,0
Ivesia patellifera,Artocarpus altilis,2984573,0
Rhamnus montana,Poikilospermum peltatum,4013163,0
Pyrus tergestina,Aria tergestina,9342096,1
Berchemia parvifolia,Myriocarpa stipitata,7300728,0
Paratrophis anthropophagorum,Paratrophis anthropophagorum,12239769,1
Ulmus abelicea,Zelkova abelicea,4159329,1
Oenoplea lineata,Berchemia floribunda,3876453,1
Spiraea incisa,Procris pedunculata,5671195,0
Acanthinophyllum ilicifolium,Pseudolmedia laevis,3764170,0
Pyrus pulchra,Hedlundia pulchra,9447396,1
Phylica tropica,Celtis laevigata,2984491,0
Artocarpus klidang,Artocarpus anisophyllus,7262640,1
Artocarpus griffithii,Helicostylis tomentosa,3764831,0
Rousselia lappulacea,Rousselia humilis,5361854,1
Acanthinophyllum strepitans,Clarisia ilicifolia,7262841,1
Soulangia oppositifolia,Sorocea duckei,3762996,0
Pilea cucullata,Pilea sumideroensis,5670133,1
Aronia pyrifolia,Aronia arbutifolia,5363629,1
Pyrus hybrida,Torminalis glaberrima,9410160,0
Dorstenia stenophylla,Dorstenia benguellensis,3765939,1
Phylica longirostrata,Prunus pseudocerasus,3021437,0
Aflatunia ulmifolia,Dendrocnide sinuata,4098506,0
Pseudosorocea bonplandi,Gironniera subaequalis,4159324,0
Pomaderris aemula,Spyridium globulosum,3877637,1
Amelanchier pinnata,Colletia paradoxa,5602738,0
Urtica ovalifolia,Torminalis glaberrima,9410160,0
Sageretia ramosa,Sageretia hamosa,7273915,1
Pilea puncticaulis,Potentilla santolinoides,5365641,0
Gouania cormorensis,Gouania laxiflora,5602999,1
Pilea pumila,Pilea robusta,5670778,1
Acaena quinquefida,Dorstenia benguellensis,3765939,0
Sponia angustifolia,Pilea acuminata,7300553,0
Ficus grandifolia,Ficus parietalis,5569936,1
Trema nitens,Trema orientale,2984508,1
Ceanothus frankliniae,Trema micranthum,2984501,0
Celtis grewioides,Cydonia oblonga,5362215,0
Phylica glabriflora,Phylica brevifolia,3876288,1
Celtis bonplandiana,Villebrunea glomerata,4102066,0
Urtica insularis,Urtica pilulifera,5670646,1
Rubus brachyclados,Rubus brachyclados,3853955,1
Ficus striata,Ficus benjamina,5361932,1
Solenandra pimeloides,Stenanthemum pimeleoides,3876610,1
Saccus dimorphophyllus,Boehmeria clidemioides,7300656,0
Celtis muku,Rhaphiolepis elliptica,10758611,0
Laportea murrayana,Dendrocnide peltata,4098650,1
Condalia retusa,Elatostema filicinum,4100128,0
Saccus glaucus,Artocarpus glaucus,3764827,1
Procris laevigata,Prunus emarginata,7272137,0
Rhamnus theezans,Sageretia thea,3039516,1
Sorbus scandica,Hedlundia mougeotii,9312105,1
Ficus clusiifolia,Ficus elastica,7835333,1
Llyonothamnus floribundus,Prunus opaca,3021834,0
Rosa acicularis,Rosa acicularis,7638824,1
Sorbus terminalis,Pyracantha coccinea,2988188,0
Urtica squamigera,Trema cannabina,2984507,0
Pellionia retrohispida,Aronia prunifolia,5363613,0
Saccus dimorphophyllus,Artocarpus rigidus,2984576,1
Elaeagnus attenuata,Margyricarpus acanthocarpus,3030153,0
Planera repens,Zelkova carpinifolia,7467231,1
Sorbus collina,Aria collina,9453938,1
Humulus aculeatus,Humulus scandens,2984537,1
Rubus gymnostachys,Leucosyke capitellata,4102514,0
Trema chichileum,Trema micranthum,2984501,1
Trema timorensis,Gonostegia triandra,4100795,0
Armeniaca vulgaris,Rosa beggeriana,7832083,0
Mertensia iguanea,Pilea virgata,5671366,0
Rhamnus rotundifolia,Prunus arabica,3022146,0
Frangula neblinensis,Frangula neblinensis,8345431,1
Adenorhachis melanocarpa,Potentilla hippiana,5367733,0
Sorbus schuwerkiorum,Karpatiosorbus schuwerkiorum,9252083,1
Scutia capensis,Bagassa guianensis,3763926,0
Ziziphus forbesii,Argentina peduncularis,8011593,0
Pellionia pellioniana,Elatostema rostratum,11066335,1
Pilea filipes,Pilea rotundata,7300807,1
Boehmeria nipononivea,Naucleopsis inaequalis,3767169,0
Elatostema pentaneurum,Ulmus hollandica,7141604,0
Laportea peltata,Dendrocnide morobensis,4098721,1
Condalia spinosa,Sparattosyce balansae,3762455,0
Ceanothus glandulosus,Ceanothus herbaceus,3039322,1
Condalia lineata,Condalia microphylla,7273791,1
Alchemilla australiana,Ziziphus spina-christi,8228089,0
Potentilla cryeri,Potentilla crantzii,5366215,1
Ulmus podolica,Chaenomeles japonica,3000610,0
Leucosyke samarensis,Trymalium ledifolium,7273761,0
Crataegus latisepala,Crataegus pruinosa,7790552,1
Pilea wydleri,Pilea parietaria,5361834,1
Phenax pentlandianus,Phenax hirtus,7300652,1
Artocarpus multifidus,Artocarpus altilis,2984573,1
Osteomeles pentlandiana,Kageneckia lanceolata,3016222,1
Streblus tahitenbsis,Jaffrea xerocarpa,9301181,0
Pilea cuneifolia,Pilea crenulata,5670620,1
Stenanthemum scortechinii,Pouzolzia australis,4100976,0
Osteomeles anthyllidifolia,Aronia arbutifolia,5363629,0
Urera microstigma,Aronia arbutifolia,5363629,0
Armeniaca macrocarpa,Prunus armeniaca,7818643,1
Albrandia orientalis,Streblus asper,10242935,1
Lydaea lyday,Kageneckia oblonga,3016219,1
Gironniera zeylanica,Gironniera parvifolia,4159419,1
Debregeasia japonica,Brosimum rubescens,3762826,0
Ulmus cavaleriei,Urtica rubricaulis,5670324,0
Acaena coxi,Phenax sonneratii,6414569,0
Colletia intricata,Colletia spinosissima,6371450,1
Pyrus pannonica,Aria pannonica,9276861,1
Colletia campanulata,Ficus heteropleura,7262505,0
Morocarpus longifolius,Cecropia kavanayensis,4013253,0
Celtis flavovenarum,Celtis iguanaea,2984498,1
Cryptandra capitata,Potentilla crantzii,5366215,0
Eorhamnidium platyphylloides,Cornus platyphylloides,8950333,1
Scutia rheediana,Cecropia telealba,7316405,0
Dorstenia ovalis,Broussonetia papyrifera,5361944,0
Prunus acacia-germanica,Prunus spinosa,3023221,1
Parietaria nummularia,Paratrophis sclerophylla,11112314,0
Pouzolzia platyphylla,Pouzolzia occidentalis,2984385,1
Pyrus baldaccii,Aria baldaccii,9482227,1
Australina procumbens,Karpatiosorbus simonkaiana,9329985,0
Cudrania javanensis,Maclura cochinchinensis,7262552,1
Crataegus durobrivensis,Crataegus pruinosa,7790552,1
Elaeagnus dactyliformis,Elaeagnus angustifolia,3039269,1
Photinia serrulata,Photinia glabra,5363818,1
Pouzolzia vesicaria,Pouzolzia zeylanica,2984383,1
Laportea kusaiana,Dendrocnide latifolia,4098799,1
Elaeagnus punctata,Cryptandra triplex,3876154,0
Ulmus irregularis,Rhaphiolepis obovata,10826191,0
Helicostylis affinis,Didymodoxa caffra,4098352,0
Acaena canescens,Hedlundia austriaca,9251540,0
Lecanthus taiwanensis,Lecanthus peduncularis,7300476,1
Cotoneaster pyracantha,Majovskya ambigua,9285492,0
Rhamnella obovalis,Rhamnella franguloides,3874947,1
Hypselodendron schimperi,Prunus persica,8149923,0
Ficus dendroctona,Karpatiosorbus andreanszkyana,9507936,0
Sorbus orbiculata,Ficus benjamina,5361932,0
Pygeum floribundum,Prunus arborea,3021654,1
Parartocarpus microcarpus,Karpatiosorbus veszpremensis,9613352,0
Broussonetia brasiliensis,Laportea interrupta,2984469,0
Urtica bullosa,Girardinia bullosa,4101459,1
Acaena euacantha,Hedlundia lonetalensis,9254825,0
Apetlorhamnus alnifolia,Endotropis alnifolia,9266494,1
Cryptandra campanulata,Aphanes arvensis,5365013,0
Prainea rumphiana,Artocarpus lacucha,7873234,1
Frangula revoluta,Pouzolzia variifolia,4098645,0
Pilea ovatinucula,Pilea melastomoides,5670477,1
Gouania klainei,Gouania longipetala,5602985,1
Sorocea uriamem,Sorocea hilarii,3762918,1
Boehmeria maximowiczii,Boehmeria japonica,7300501,1
Morocarpus salicifolius,Debregeasia saeneb,4099243,1
Chlorophora tinctoria,Maclura tinctoria,2984583,1
Spiraea trifoliata,Gillenia trifoliata,2986435,1
Sorbus ariatorminalis,Karpatiosorbus hybrida,9478021,1
Urtica manillensis,Fatoua villosa,2984652,1
Prunus cyanosphaera,Prunus cyanosphaera,9474511,1
Rubus jesteburgensis,Rubus condensatiformis,3853449,1
Nuttallia davidiana,Oemleria cerasiformis,2988485,1
Poikilospermum diffusum,Poikilospermum acuminatum,4013317,1
Pyrus germanica,Mespilus germanica,3031774,1
Photinia luzonensis,Trema micranthum,2984501,0
Procris macrophylla,Pouzolzia australis,4100976,0
Helminthospermum glabrescens,Colubrina arborescens,5372463,0
Rhamnus paliurus,Aphananthe aspera,4159921,0
Fragaria concolor,Fragaria orientalis,3029834,1
Joxylon pomiferum,Adolphia infesta,5372476,0
Pellionia incisoserrata,Elatostema incisoserratum,4099170,1
Chaenomeles lagenaria,Boehmeria ternifolia,4100788,0
Boehmeria tibetica,Artocarpus heterophyllus,2984565,0
Aronia arbutifolia,Aronia arbutifolia,5363629,1
Trymatococcus dorstenioides,Dorstenia dorstenioides,3765117,1
Boehmeria australis,Colubrina asiatica,5372467,0
Ogcodeia sandwithiana,Naucleopsis glabra,3767226,1
Crataegus glabra,Laportea vrieseana,10738106,0
Dorstenia hotteana,Rhaphiolepis indica,5371542,0
Pyrus arsenii,Artocarpus lacucha,7873234,0
Fleurya urophylla,Laportea mooreana,4099014,1
Phylica divaricata,Phylica paniculata,3875228,1
Rhamnus vulgaris,Ziziphus jujuba,3039423,1
Aruncus americanus,Celtis iguanaea,2984498,0
Ficus leucocarpa,Pellionia ronganensis,7511242,0
Solenostigma laurifolium,Celtis philippensis,7303643,1
Tylanthus emirnensis,Phylica emirnensis,3875948,1
Pellionia heteroloba,Elatostema heterolobum,4099443,1
Ficus sclerocoma,Ficus altissima,5361907,0
Didymodoxa debilis,Didymodoxa capensis,7300493,1
Urtica rugosa,Pipturus argenteus,6414892,0
Sorbus omissa,Karpatiosorbus omissa,9324451,1
Berchemia floribunda,Berchemia floribunda,3876453,1
Sageretia salamensis,Leucosyke javanica,4102370,0
Droguetia thouarsiana,Morus alba,5361889,0
Araliorhamnus punctulata,Rosa belnensis,3003985,0
Spiraea oblongata,Ulmus hollandica,7141604,0
Crataegus crawfordiana,Kageneckia oblonga,3016219,0
Pourthiaea tomentosa,Pourthiaea tomentosa,10973824,1
Rhamnus chinensis,Rhamnus globosa,6371045,1
Elaeagnus oxycarpa,Elaeagnus angustifolia,3039269,1
Photinia japonica,Rhaphiolepis bibas,10786206,1
Celtis wallichii,Celtis tetrandra,7366997,1
Cryptandra pimelioides,Stenanthemum pimeleoides,3876610,1
Boehmeria maximowiczii,Trema micranthum,2984501,0
Boehmeria tirapensis,Pouzolzia sanguinea,7300542,1
Elatostema pedunculosum,Elatostema macrophyllum,4098062,1
Phyllostylon brasiliense,Phyllostylon brasiliensis,4927755,1
Pyrus godiva,Photinia lochengensis,5363965,0
Pyrus-cydonia cydonia,Laportea aestuans,2984466,0
Spiraea uniflora,Kelseya uniflora,2988160,1
Sponia micrantha,Alphitonia neocaledonica,3877431,0
Adicea wrightiana,Pilea wrightiana,7300935,1
Procris gibbosa,Procris repens,7916114,1
Prunus pilosiuscula,Prunus tatsienensis,3022097,1
Potentilla helvetica,Phenax sonneratii,6414569,0
Streblus usambarensis,Sloetiopsis usambarensis,3763148,1
Ulmus cantabrigiensis,Parietaria floridana,5361793,0
Schizonotus argenteus,Holodiscus argenteus,2987810,1
Lehmannia lignosa,Argentina lignosa,8424475,1
Spiraea glabrata,Acaena magellanica,5370832,0
Boehmeria weddelliana,Paratrophis anthropophagorum,12239769,0
Cecropia sandersoniana,Acaena novae-zelandiae,5370755,0
Ferolia guianensis,Prunus chorassanica,3022681,0
Colletia pungens,Ulmus castaneifolia,5680380,0
Urostigma chrysopthalmum,Fragaria moschata x vesca,9968879,0
Basilima pygmaea,Sorbaria pallasii,3012125,1
Artocarpus glaucescens,Dorstenia cuspidata,7262644,0
Urostigma cystopodum,Pseudolmedia macrophylla,3764164,1
Boehmeria macrothyrsa,Ceanothus buxifolius,3875457,0
Sorbus humphreyana,Aria stirtoniana,9604336,0
Hymenocardia grandis,Holoptelea grandis,4160181,1
Calpidochlamys branderhorstii,Paratrophis philippinensis,3765935,1
Cudrania rumphii,Hovenia acerba,7273758,0
Celtis formosana,Celtis tetrandra,7366997,1
Ceanothus glandulosus,Ceanothus caeruleus,3875440,1
Urtica petiolata,Laportea aestuans,2984466,1
Alphitonia cinerascens,Berchemia cinerascens,7720336,1
Ulmus microdon,Cecropia telenitida,4013242,0
Ulmus montana,Ulmus glabra,5361866,1
Solenostigma pacificum,Celtis pacifica,4159470,1
Gouania lydgatei,Pipturus succulentus,4101426,0
Prunus subcorymbosa,Potentilla santolinoides,5365641,0
Blaeria leucocephala,Pilea pubescens,7300898,0
Rosa iliensis,Rosa beggeriana,7832083,1
Pomaderris obscura,Celtis paniculata,4159385,0
Gouania nematostachya,Elaeagnus conferta,7293128,0
Elaeagnus hisauchii,Elaeagnus submacrophylla,4048240,1
Dorstenia caulescens,Trilepisium madagascariense,3766911,1
Rhamnus disperma,Rhamnus disperma,3875579,1
Elaeagnus latifolia,Elaeagnus triflora,7293096,1
Laportea latilanceolata,Atadinus libanoticus,9561769,0
Sorbus acutiloba,Aria edulis,8411755,1
Rubus repens,Dalibarda repens,2999946,1
Celtis mairei,Poikilospermum suaveolens,4013131,0
Potentilla hypoleuca,Colubrina asiatica,5372467,0
Neopilea anivoranensis,Pilea rivularis,7300820,1
Rhamnus australis,Ceanothus meigsii,11654098,0
Aphananthe lucida,Pilea rivularis,7300820,0
Osmaronia laurina,Pilea urticifolia,5669690,0
Potentilla oronoma,Leucosyke capitellata,4102514,0
Rhamnus talanai,Cypholophus friesianus,4099848,0
Ficus purpurascens,Ficus montana,8041955,1
Dorstenia amboniensis,Pouzolzia zeylanica,2984383,0
Sarcomphalus mauritianus,Karpatiosorbus puellarum,9318534,0
Aronia sargentii,Sorbaronia monstrosa,2987859,1
Crataegus edura,Crataegus berberifolia,3014985,1
Adenorachis nigra,Phylica curvifolia,3876057,0
Debregeasia obovata,Oreocnide obovata,7300607,1
Oreoherzogia cornifolia,Frangula borneensis,9210340,0
Touchardia napaliensis,Touchardia latifolia,2984457,1
Taxotrophis obtusa,Taxotrophis ilicifolia,3767205,1
Ramium sedifolium,Procris crenata,5669749,0
Tylanthus gracilis,Phylica gracilis,3875811,1
Sorbus lancastriensis,Noltea africana,3877365,0
Ficus collinsii,Ficus melinocarpa,7262687,1
Trema sieberi,Krugiodendron ferreum,3039518,0
Rhamnus napeca,Ziziphus linnaei,3875884,1
Strychnos esquirolii,Phenax poiretii,5670194,0
Ogcodeia ternstroemiiflora,Naucleopsis ternstroemiiflora,3767003,1
Celtis schiedeana,Trema micranthum,2984501,1
Touchardia wailauensis,Touchardia latifolia,2984457,1
Photinia longifolia,Sageretia thea,3039516,0
Mespilus pubescens,Mespilus germanica,3031774,1
Acanthinophyllum spruceanum,Potentilla pedata,8327079,0
Elatostema minutum,Elatostema parvum,7300859,1
Bosqueia phoberos,Pomaderris rotundifolia,3876035,0
Rubus attenuatispinus,Spyridium oligocephalum,3877349,0
Pourouma uvifera,Pourouma cecropiifolia,4013508,1
Ulmus obovata,Ulmus americana,5361872,1
Freirea australis,Parietaria debilis,5361795,1
Pyrus baldaccii,Scandosorbus intermedia,10071055,0
Elaeagnus flava,Elaeagnus flava,4048238,1
Touchardia lanaiensis,Touchardia latifolia,2984457,1
Prunus duracina,Cecropia engleriana,4013581,0
Adolia rubra,Crataegus macracantha,3013570,0
Celtis weddelliana,Shepherdia argentea,5372429,0
Urticastrum stimulans,Dendrocnide stimulans,4098487,1
Photinia mexicana,Phippsiomeles mexicana,11455449,1
Sparrea schippii,Celtis schippii,4159734,1
Ziziphus melastomoides,Holodiscus discolor,2987780,0
Ceanothus azureus,Ceanothus caeruleus,3875440,1
Sponia lima,Argentina indivisa,8214411,0
Mespilus prunifolia,Aronia prunifolia,5363613,1
Aria austriaca,Aria austriaca,8539099,1
Rhamnus escalerae,Atadinus cornifolius,9408776,1
Girtanneria spina-christi,Ficus montana,8041955,0
Pilea trinervia,Sageretia elegans,3876721,0
Parietaria sonneratii,Phenax sonneratii,6414569,1
Ziziphus brunoniana,Ziziphus brunoniana,3876910,1
Armeniaca duracina,Prunus armeniaca,7818643,1
Crataegus margarettiae,Ulmus glabra,5361866,0
Pipturus mollissimus,Aria graeca,5370233,0
Eriobotrya japonica,Rhaphiolepis bibas,10786206,1
Crataegus altaica,Crataegus sanguinea,3013574,1
Urtica mollissima,Pouzolzia laevigata,4100090,1
Drimopogon rosea,Spiraea tomentosa,3026819,1
Tylanthus thunbergianus,Ficus denveriana,11440786,0
Prunus orientalis,Prunus microcarpa,3021376,1
Acaena cuneata,Acaena sericea,5370716,1
Boehmeria cuspidata,Boehmeria ternifolia,4100788,1
Rhaphiolepis mertensii,Brosimum utile,8042591,0
Boehmeria hispidula,Boehmeria holosericea,7300512,1
Cormonema multiflorum,Colubrina heteroneura,5603104,1
Pomaderris coactilifolia,Rhamnus prostrata,3875839,0
Rhamnus davurica,Trema orientale,2984508,0
Maclura javanica,Ziziphus mauritiana,3039424,0
Potentilla rugulosa,Ficus amplissima,5572290,0
Crataegus laetifica,Elatostema undulatum,4098998,0
Urtica rupipendia,Aruncus dioicus,5362136,0
Pseudolmedia murure,Pseudolmedia macrophylla,3764164,1
Phylica lanceolata,Phylica lasiocarpa,3875597,1
Crataegus littoralis,Crataegus pruinosa,7790552,1
Momisia brevifolia,Cydonia oblonga,5362215,0
Elatostema parasiticum,Elatostematoides scandens,11127643,1
Spiraea pinnata,Sorbaria sorbifolia,3012089,1
Dorstenia asperifolia,Rubus baileyanus,2989820,0
Potentilla baltistana,Potentilla ornithopoda,5366556,1
Rhamnus amole,Sarcomphalus amole,9008095,1
Sciophila torresiana,Procris pedunculata,5671195,1
Elaeagnus gaudichaudeana,Prunus persica,8149923,0
Ulmus rotundata,Brosimum rubescens,3762826,0
Polianthion biloculare,Polianthion bilocularis,3874490,1
Ficus elastica,Cydonia oblonga,5362215,0
Trema lamarckianum,Trema lamarckianum,2984506,1
Physocarpus flexuosus,Neillia incisa,3853033,1
Momisia flexuosa,Karpatiosorbus meierottii,9517201,0
Cudrania triloba,Ficus ovaliformis,11867882,0
Urtica semiserrata,Aronia prunifolia,5363613,0
Tylanthus eriophorus,Neillia thyrsiflora,3024763,0
Coussapoa rekoi,Poulsenia armata,5570848,1
Crataegus serratifolia,Parietaria mauritanica,5669706,0
Elaeagnus ohashii,Cecropia angustifolia,4013465,0
Sponia andersonii,Trema andersonii,9755995,1
Ceanothus macrocarpus,Rhaphiolepis fulvicoma,10746511,0
Prunus persica,Prunus persica,8149923,1
Sorbus scannelliana,Hedlundia scannelliana,9280708,1
Pseudostreblus caudatus,Smythea bombaiensis,3875198,0
Prunus robustus,Prunus moritziana,3023070,1
Dorstenia fischeri,Pilea inaequalis,5361845,0
Paratrophis grandifolia,Rhaphiolepis philippinensis,5371576,0
Urtica carolinensis,Laportea aestuans,2984466,1
Reynosia orbiculata,Karwinskia orbiculata,3875020,1
Rubus jesteburgensis,Karpatiosorbus klasterskyana,9416761,0
Pipturus acuminatus,Pipturus argenteus,6414892,1
Pilea anomala,Crataegus holmesiana,3014062,0
Prunus pauciflora,Prunus pseudocerasus,3021437,1
Parietaria arborea,Phippsiomeles matudae,11517361,0
Celtis anfractuosa,Karpatiosorbus vertesensis,9528027,0
Morus paniculata,Discaria chacaye,5602883,0
Ogcodeia caloneura,Naucleopsis caloneura,3767273,1
Perebea xinguana,Scandosorbus intermedia,10071055,0
Spiraea pulchella,Maclura tinctoria,2984583,0
Alphitonia lucida,Artocarpus lamellosus,3764628,0
Potentilla mangenii,Argentina mangenii,7901109,1
Mespilus pumila,Cecropia telealba,7316405,0
Ulmus longidentata,Ulmus hollandica,7141604,1
Pellionia tenuicuspis,Aria umbellata,9330923,0
Ulmus coreana,Hedlundia subarranensis,9439756,0
Broussonetia plumeri,Aruncus sylvester,6369098,0
Eriobotrya fragrans,Sarcomphalus amole,9008095,0
Phenax stocksii,Gonostegia pentandra,4100866,1
Acaena hieronymi,Leucosyke sumatrana,4102107,0
Olmedia affinis,Helicostylis tomentosa,3764831,1
Trema strigosum,Trema orientale,2984508,1
Trophis americana,Planera aquatica,5361858,0
Maria scaphigera,Hijmania scaphigera,8829092,1
Pouzolzia piscicelliana,Didymodoxa caffra,4098352,1
Celtis morifolia,Karpatiosorbus latifolia,9306058,0
Amygdalus incana,Prunus discolor,3022033,1
Rubus distans,Rubus niveus,2989183,1
Sponia discolor,Trema discolor,4160278,1
Rubus corymbosus,Trilepisium madagascariense,3766911,0
Pyrus scandica,Karpatiosorbus vallusensis,9621238,0
Conocephalus amethystinus,Poikilospermum microstachys,4013197,1
Rhamnus crini,Atadinus alpinus,3877063,1
Epicarpurus timorensis,Taxotrophis taxoides,11138557,1
Ceanothus intermedius,Ceanothus americanus,3039318,1
Urtica lucifuga,Urtica incisa,7602322,1
Neraudia pyramidalis,Neraudia melastomifolia,2984376,1
Cydonia pyriformis,Cydonia oblonga,5362215,1
Rhamnus hordwellensis,Frangula hordwellensis,11183743,1
Ziziphus hysundrica,Ziziphus mauritiana,3039424,1
Rhamnus serrulata,Endotropis serrata,9276778,1
Malus trilobata,Eriolobus trilobatus,7272334,1
Ambaiba cinerea,Nothocnide repanda,4099887,0
Cerasus chorassanica,Morus macroura,7262379,0
Ficus pendula,Ficus benjamina,5361932,1
Taxotrophis rectinerva,Aphananthe philippinensis,4159824,1
Sorbus algoviensis,Coussapoa orthoneura,4013222,0
Urtica sandwicensis,Rhaphiolepis seguinii,10762909,0
Trema lima,Acaena lucida,5370697,0
Pouzolzia bicuspidata,Pouzolzia zeylanica,2984383,1
Pyrus fantabulosa,Karpatiosorbus croceocarpa,9629033,0
Urtica photiniphylla,Elaeagnus angustifolia,3039269,0
Radermachia integra,Dorstenia benguellensis,3765939,0
Fragaria sericea,Fragaria sericea,8026014,1
Coussapoa rotunda,Coussapoa vannifolia,4013527,1
Pellionia angularis,Pourouma cecropiifolia,4013508,0
Spyridium diffusum,Hedlundia pseudofennica,9555786,0
Dorstenia gracilis,Dorstenia milaneziana,3764052,1
Urtica cuneata,Prunus avium,3020791,0
Celtis zippelii,Celtis latifolia,4160248,1
Urtica arborescens,Urtica arborescens,7384087,1
Potentilla hooglandii,Argentina hooglandii,8298312,1
Ficus inaequilatera,Celtis tetrandra,7366997,0
Artocarpus laevis,Artocarpus altilis,2984573,1
Rubus durimontanus,Rubus alterniflorus,8321269,1
Boehmeria interrupta,Dorstenia hirta,3764709,0
Momisia spinifera,Celtis iguanaea,2984498,1
Ceanothus buxifolius,Ceanothus buxifolius,3875457,1
Artocarpus bifaria,Sloetia elongata,3763185,1
Sageretia sikayoensis,Sageretia thea,3039516,1
Rhamnus americana,Morus alba,5361889,0
Sorbus obtusifolia,Pouzolzia guineensis,4100342,0
Spiraea callosa,Spiraea japonica,8170635,1
Potentilla ellwendensis,Potentilla elvendensis,5367499,1
Conocephalus annamensis,Poikilospermum annamense,4013295,1
Eriobotrya luzoniensis,Holodiscus discolor,2987780,0
Ziziphus capensis,Scutia myrtina,8317476,1
Boehmeria acuminata,Pipturus albidus,7500826,1
Ulmus insularum,Ziziphus jujuba,3039423,0
Ceanothus napalensis,Aria edulis,8411755,0
Cerasus angustifolia,Phylica plumosa,3875114,0
Physocarpus ramaleyi,Pourthiaea villosa,8356787,0
Phylica juniperifolia,Karpatiosorbus adeana,9279200,0
Artocarpus refractus,Artocarpus vrieseanus,8332746,1
Pouzolzia microphylla,Procris curtisii,7398160,0
Rhamnus linearis,Ochetophila trinervis,3877218,1
Celtis opegrapha,Celtis africana,5834428,1
Spiraea uniflora,Frangula goudotiana,3874545,0
Gouania sepiaria,Gouania blanchetiana,5603111,1
Adicea gnidioides,Hippophae salicifolia,7293122,0
Sorocea ilicifolia,Ficus dendrocida,5572579,0
Ulmus ferruginea,Ulmus hollandica,7141604,0
Parasponia paucinervia,Petrophytum caespitosum,3030194,0
Cecropia sandersoniana,Cecropia insignis,4013292,1
Ambaiba palmata,Phylica oleifolia,3875260,0
Piratinera glaucifolia,Artocarpus altilis,2984573,0
Procris torresiana,Ziziphus attopensis,3876990,0
Ficus laureola,Ficus laureola,8147647,1
Ficus pyrifolia,Ficus benjamina,5361932,1
Cecropia arbelaezii,Cecropia goudotiana,4013446,1
Potentilla hirsuta,Dorstenia erythrandra,8892698,0
Maclura gerontogea,Ceanothus americanus,3039318,0
Missiessya capitellata,Leucosyke capitellata,4102514,1
Crataegus tatnalliana,Sageretia hamosa,7273915,0
Urtica sessilifolia,Celtis iguanaea,2984498,0
Phylica squarrosa,Rhaphiolepis shanensis,11112650,0
Schychowskya ruderalis,Laportea ruderalis,4098684,1
Bollwilleria bulbiformis,Pyraria irregularis,12193096,1
Dorstenia mundamensis,Dorstenia mannii,7262540,1
Ogcodeia inaequalis,Pilea dispar,5670362,0
Laportea manombensis,Cecropia angustifolia,4013465,0
Photinia euphlebia,Prunus discolor,3022033,0
Sorocea cufodontisii,Sorocea pubivena,7262377,1
Rhamnidium sulcinerve,Rhamnidium ellipticum,3874685,1
Photinia arguta,Phylica ericoides,7560201,0
Sorbus quercifolia,Hedlundia mougeotii,9312105,1
Rhamnus canadensis,Frangula caroliniana,3039468,1
Notophaena cognata,Phippsiomeles mexicana,11455449,0
Aria decipiens,Boehmeria caudata,7610513,0
Boehmeria pallida,Boehmeria pavonii,7300891,1
Broussonetia greveana,Treculia africana,7895921,0
Pourthiaea beauverdiana,Pourthiaea beauverdiana,3000384,1
Hovenia parviflora,Hovenia acerba,7273758,1
Acaena glaberrima,Cecropia reticulata,7316447,0
Ficus rubrovenia,Ficus fistulosa,7262725,1
Celtis harperi,Celtis harperi,4159848,1
Sorbus alpina,Aria edulis,8411755,1
Torminaria latifolia,Karpatiosorbus latifolia,9306058,1
Dorstenia longifolia,Dorstenia elata,7262616,1
Piper tiliifolium,Gonostegia triandra,4100795,0
Urera flamigniana,Dorstenia africana,3766272,0
Crataegus crocata,Crataegus punctata,3014805,1
Sorbus veszpremensis,Rhaphiolepis prinoides,10804358,0
Pellionia procridioides,Procris crenata,5669749,1
Crataegus inermis,Lasiodiscus mildbraedii,7273621,0
Memorialis pentandra,Hedlundia semipinnata,9304536,0
Cydonia wilsonii,Poikilospermum suaveolens,4013131,0
Boehmeria arbuscula,Ceanothus caeruleus,3875440,0
Pellionia subundulata,Potentilla hippiana,5367733,0
Morus petiolaris,Morus nigra,5361888,1
Margyricarpus clarazii,Procris crenata,5669749,0
Cecropia rugosa,Cecropia andina,4013497,1
Cerasus kulabensis,Phylica gracilis,3875811,0
Celtis acuta,Ampalis dimepate,11911398,0
Photinia hookeri,Parietaria mauritanica,5669706,0
Sorbus waltersii,Hedlundia anglica,9486316,1
Eriobotrya acuminatissima,Karpatiosorbus hybrida,9478021,0
Boehmeria crenata,Cypholophus macrocephalus,2984390,1
Ulmus heyderi,Ulmus rubra,5361867,1
Dorstenia asteriscus,Dorstenia ciliata,3765470,1
Olmediopsis obliqua,Clarisia racemosa,5572170,0
Colubrina pubescens,Frangula pubescens,3877483,1
Sorbus rotundifolia,Karpatiosorbus hybrida,9478021,1
Pyrus kitaibeliana,Karpatiosorbus udvardyana,9384011,0
Ulmus nigra,Artocarpus glaucus,3764827,0
Pyrus chamaemespiloides,Majovskya ambigua,9285492,1
Ficus semicostata,Ficus racemosa,5361904,1
Toxylon pomiferum,Maquira coriacea,3763724,0
Rhamnidium ferreum,Krugiodendron ferreum,3039518,1
Ramium heterophyllum,Boehmeria heterophylla,4098689,1
Pipturus nadeaudii,Ficus orthoneura,5570349,0
Sorbus controversa,Aria edulis,8411755,1
Fatoua scabra,Cecropia sciadophylla,7316424,0
Pyrus alabaster,Rhaphiolepis wardii,10915902,1
Chaenomeles angustifolia,Chaenomeles speciosa,3000679,1
Pourouma tergoscabra,Pourouma cuspidata,4013412,1
Boehmeria ampullacea,Berchemia crehulata,3876522,0
Freirea squalida,Parietaria debilis,5361795,1
Ceanothus nitidus,Urtica spatulata,5670135,0
Artocarpus fretessii,Artocarpus lacucha,7873234,1
Rhodotypos kerrioides,Rhodotypos scandens,3032442,1
Rosa velutinaeflora,Fatoua villosa,2984652,0
Stranvaesia calleryana,Ventilago denticulata,7273609,0
Urtica pulcherrima,Sarcochlamys pulcherrima,4100697,1
Prunus planteriensis,Helinus integrifolius,3875572,0
Aremonia agrimonioides,Pouzolzia zeylanica,2984383,0
Potentilla millefoliolata,Argentina millefoliolata,8261860,1
Rhamnus carpinifolius,Rubus arvensis,2990374,0
Solenostigma pacificum,Celtis paniculata,4159385,1
Sponia grisea,Parietaria officinalis,5361803,0
Urtica photinophylla,Spiraea bumalda,3027068,0
Rhamnus celtifolia,Rhamnus prinoides,3875856,1
Trymalium leucopogon,Spyridium leucopogon,7274014,1
Rosa doniana,Boehmeria dura,4099280,0
Ziziphus tomentosa,Ziziphus rugosa,7273665,1
Ficus mollior,Gouania gracilis,5603022,0
Ulmus pedunculata,Dorstenia kameruniana,3764528,0
Urostigma apiocarpum,Ficus apiocarpa,5572083,1
Amygdalus korshinskyi,Phenax sonneratii,6414569,0
Leucosyke samarensis,Leucosyke capitellata,4102514,1
Crataegus evansiana,Aria rupicoloides,9634280,0
Lecanocnide heterophylla,Heteromeles arbutifolia,5370154,0
Parietaria platyphyllos,Gouania obtusifolia,5602956,0
Cryptandra lawrencii,Prunus avium,3020791,0
Boehmeria rugosa,Celtis biondii,7303618,0
Laportea crenulata,Dendrocnide sinuata,4098506,1
Artocarpus cerifera,Parartocarpus venenosa,3766049,1
Persica mammillata,Prunus persica,8149923,1
Parietaria cretica,Sageretia thea,3039516,0
Splitgerbera denudata,Ficus odoardi,5570499,0
Pyrus anthyllidifolia,Pilea melastomoides,5670477,0
Condalia celata,Ulmus wallichiana,7303567,0
Pourouma tomentosa,Pourouma tomentosa,7316411,1
Phylica albida,Phylica excelsa,12206432,1
Rhamnidium acuminatum,Auerodendron acuminatum,3876993,1
Missiessya hispidissima,Maoutia setosa,5671060,0
Pouzolzia montana,Treculia acuminata,3763678,0
Dorstenia plumeriaefolia,Pilea trichotoma,5669911,0
Australina diandra,Prunus armeniaca,7818643,0
Momisia tarijensis,Ficus punctata,7673670,0
Prunus orientalis,Fragaria bifera,3029999,0
Potentilla lineata,Argentina lineata,8228815,1
Artocarpus bracteatus,Parartocarpus bracteatus,8190094,1
Ficus beipeiensis,Ficus auriculata,5571773,1
Morus atropurpurea,Morus alba,5361889,1
Berchemia repanda,Debregeasia longifolia,4099305,0
Ficus glomerata,Ficus glomerata,7694515,1
Pygeum intermedium,Pouzolzia australis,4100976,0
Sorbus rupicoloides,Noltea africana,3877365,0
Crataegus dumosa,Rhaphiolepis indica,5371542,0
Bosqueia welwitschii,Taxotrophis taxoides,11138557,0
Potentilla nilgerrensis,Stenanthemum pimeleoides,3876610,0
Cecropia alborugosa,Dendrocnide peltata,4098650,0
Rosa unica,Hedlundia mougeotii,9312105,0
Prunus lindleyi,Boehmeria hamiltoniana,4098770,0
Enrila dichotoma,Gonostegia pentandra,4100866,0
Gironniera lucida,Karpatiosorbus sellii,9303590,0
Sorbus dracofolia,Gonostegia triandra,4100795,0
Gironniera penangiana,Gironniera nervosa,4159442,1
Elaeagnus salicifolia,Crataegus pruinosa,7790552,0
Rhamnus chekiangensis,Rhamnus rugulosa,7273701,1
Alchemilla aphanes,Rhaphiolepis condaoensis,10867093,0
Pyracantha discolor,Pyracantha atalantioides,2988212,1
Sorbus harziana,Hedlundia harziana,9426856,1
Castilla fallax,Pouzolzia sanguinea,7300542,0
Uromorus philippinensis,Paratrophis philippinensis,3765935,1
Dorstenia ruwenzoriensis,Rhamnus nepalensis,8181645,0
Cryptandra pyramidalis,Cryptandra spinescens,3876351,1
Sorbus obtusata,Poikilospermum azureum,4013291,0
Potentilla baliemensis,Argentina baliemensis,7728101,1
Helinus mystacinus,Helinus mystacinus,3875546,1
Cryptandra wayi,Phylica virgata,3874598,0
Artocarpus bifaria,Pilea caulescens,5671025,0
Pseudopipturus discolor,Nothocnide discolor,4099932,1
Pyrus subsimilis,Hedlundia subsimilis,9277407,1
Acaena deserticola,Acaena magellanica,5370832,1
Cecropia radlkoferiana,Boehmeria clidemioides,7300656,0
Ulmus pubescens,Dorstenia goetzei,3764850,0
Acaena niederleinii,Acaena niederleinii,5370764,1
Boehmeria littoralis,Boehmeria cylindrica,2984345,1
Halmia punctata,Crataegus punctata,3014805,1
Celtis rhamnoides,Celtis brasiliensis,7303606,1
Didymodoxa cuneata,Paliurus hirsutus,7273934,0
Sorbus callophylla,Aria edulis,8411755,1
Sparrea gomphophylla,Argentina commutata,7651201,0
Ziziphus napeca,Ziziphus spina-christi,8228089,1
Helianthostylis sprucei,Berchemia scandens,3039506,0
Urtica tenella,Ficus calyptroceras,5570992,0
Sponia strychnifolia,Celtis philippensis,7303643,1
Phyllochlamys spinosa,Taxotrophis taxoides,11138557,1
Neillia monogyna,Dendrocnide latifolia,4098799,0
Urtica candidissima,Spyridium ramosissimum,11257897,0
Neillia velutina,Neillia thibetica,3024806,1
Elaeagnus caspica,Elaeagnus angustifolia,3039269,1
Celtis aurantiaca,Celtis koraiensis,4159534,1
Ficus thwaitesii,Rhamnus virgata,7273971,0
Mespilus arbutifolia,Karpatiosorbus vallusensis,9621238,0
Sorbus perlonga,Dorstenia warneckei,3762617,0
Urtica lucens,Sorocea pubivena,7262377,0
Brosimum platyneurum,Krugiodendron ferreum,3039518,0
Ficus chrysophthalma,Artocarpus chama,3765040,1
Ziziphus exserta,Ziziphus trinervis,11031973,1
Parietaria roschanica,Parietaria roschanica,5671300,1
Bosea trinervia,Trema angustifolium,4159501,0
Ziziphus roxburghii,Ziziphus glabrata,12257700,1
Crataegus dentata,Karpatiosorbus latifolia,9306058,1
Mespilus celsiana,Crataegus nigra,3015596,1
Ficus rufa,Paratrophis microphylla,7974324,0
Pyrus ganymedes,Pourthiaea tomentosa,10973824,1
Morus ampalis,Rosa beggeriana,7832083,0
Boehmeria ovata,Laportea cuspidata,7300634,0
Ceanothus perennis,Ceanothus americanus,3039318,1
Phaenopyrum trewianum,Crataegus punctata,3014805,1
Rhamnidium orbiculatum,Karwinskia orbiculata,3875020,1
Rhamnus ovalifolia,Procris repens,7916114,0
Persica ferganensis,Prunus persica,8149923,1
Sportella atalantioides,Ficophyllum crassinerve,11155712,0
Fragariastrum ancistrifolium,Artocarpus rigidus,2984576,0
Pyrus angustissima,Rhaphiolepis angustissima,10817764,1
Celtis lancifolia,Celtis pallida,2984494,1
Sageretia taiwaniana,Sageretia thea,3039516,1
Ulmus platyphylla,Spiraea bella,3026631,0
Photinia glabra,Photinia glabra,5363818,1
Phenax triandra,Gonostegia parvifolia,4100881,1
Sponia rugosa,Pyracantha crenulata,2988172,0
Pouzolzia hirta,Gonostegia triandra,4100795,1
Morus cucullata,Potentilla santolinoides,5365641,0
Trophis branderhorstii,Paratrophis philippinensis,3765935,1
Spiraea crispifolia,Pyracantha coccinea,2988188,0
Elaeagnus kiusiana,Elaeagnus multiflora,3039272,1
Gouania aptera,Karpatiosorbus gayeriana,9482210,0
Rhamnus neblinensis,Elaeagnus fusca,4048181,0
Sorbus villosa,Pouzolzia zeylanica,2984383,0
Ceanothus ferrugineus,Pomaderris lanigera,3876790,1
Leucococcus occidentalis,Chaenomeles japonica,3000610,0
Urtica lobotifolia,Girardinia diversifolia,7300847,1
Trevoa trinervis,Celtis brasiliensis,7303606,0
Pyrus leyana,Smythea oblongifolia,11062813,0
Pilea morseana,Achudemia boniana,11138214,1
Colletia nana,Cecropia concolor,7316398,0
Clarisia strepitans,Hedlundia teodori,9502874,0
Trevoa frutilla,Retanilla stricta,3875486,1
Duretia nakaiana,Boehmeria sieboldiana,4101147,1
Ziziphus zonulatus,Ziziphus talanae,8027203,1
Pouzolzia lucida,Dorstenia kameruniana,3764528,0
Sponia pubigera,Trema cannabina,2984507,1
Ziziphus lucida,Rhamnus prinoides,3875856,1
Rosa deminuescens,Rosa deminuescens,3008075,1
Eriobotrya prinoides,Rhaphiolepis prinoides,10804358,1
Photinia chingshuiensis,Pourthiaea chingshuiensis,3000580,1
Persica vulgaris,Prunus persica,8149923,1
Cotoneaster taitoensis,Pyracantha koidzumii,2988162,1
Celtis goudotii,Celtis iguanaea,2984498,1
Pouzolzia rotundifolia,Pouzolzia zeylanica,2984383,1
Laportea venosa,Dendrocnide venosa,4098413,1
Aruncus vulgaris,Morus indica,5569978,0
Rhaphiolepis laevis,Scandosorbus intermedia,10071055,0
Trichocephalus ellipticus,Nesiota elliptica,3877392,1
Pyrus leighensis,Aria leighensis,9384967,1
Phenax edentatus,Pouzolzia poeppigiana,4099219,1
Cecropia polyphlebia,Procris repens,7916114,0
Pyrus schuwerkiorum,Ficus auriculata,5571773,0
Memorialis matsudae,Gonostegia parvifolia,4100881,1
Celtis aculeata,Aria edulis,8411755,0
Potentilla xylorrhiza,Argentina lignosa,8424475,1
Berchemia crehulata,Majovskya ambigua,9285492,0
Artocarpus bracteatus,Gonostegia pentandra,4100866,0
Ziziphus mumtiana,Frangula betulifolia,3039465,0
Artocarpus pinnatisectus,Dorstenia albertii,3766255,0
Crataegus nuda,Argentina parvula,7679189,0
Boehmeria acuminata,Boehmeria depauperata,4099464,0
Soulangia willdenowiana,Phylica willdenowiana,3874577,1
Spiraea americana,Perebea xanthochyma,3765422,0
Eriobotrya tinctoria,Pyracantha atalantioides,2988212,0
Cecropia richardii,Cecropia distachya,4013607,1
Gironniera thompsoni,Aphananthe cuspidata,8293016,1
Crataegus boissieri,Crataegus laciniata,8240558,1
Crataegus boissieri,Gonostegia pentandra,4100866,0
Hullettia griffithiana,Hullettia griffithiana,8282307,1
Ceanothus pubiflorus,Berchemia pubiflora,3876127,1
Phylica reflexa,Phylica dioica,3876015,1
Rhaphiolepis japonica,Rubus baileyanus,2989820,0
Celtis sinensis,Aphananthe aspera,4159921,1
Pyrus veszpremensis,Prunus arborea,3021654,0
Spiraea spicata,Atadinus depressus,9592364,0
Ficus aurantiaca,Rhaphiolepis dubia,10809845,0
Ceanothus arnouldii,Ceanothus delileanus,4928516,1
Ramium fallax,Acaena leptacantha,5370922,0
Proteaephyllum oblongifolium,Smythea oblongifolia,11062813,0
Mespilus pubescens,Neillia sinensis,3024789,0
Cerasus tortuosa,Pilea inaequalis,5361845,0
Rhaphiolepis ovata,Aruncus sylvester,6369098,0
Padus acrophylla,Pyracantha fortuneana,2988224,0
Rhamnus rotundifolia,Aria leptophylla,9367356,0
Piratinera rubescens,Ulmus hollandica,7141604,0
Spiraea rigoldi,Spiraea rigoldi,3853433,1
Discaria exilis,Discaria americana,5602906,1
Rhamnus glaucophylla,Scutia myrtina,8317476,0
Urtica sycophylla,Obetia ficifolia,8351231,1
Celtis platycaulis,Celtis iguanaea,2984498,1
Splitgerbera japonica,Boehmeria splitgerbera,4101039,1
Sorbus gauckleri,Maclura cochinchinensis,7262552,0
Urtica integrifolia,Endotropis crocea,9242940,0
Laportea mexicana,Discocnide mexicana,4098157,1
Plecospermum obovatum,Ulmus parvifolia,5361869,0
Conocephalus hirsutus,Acaena magellanica,5370832,0
Sorbus eminens,Aria eminens,9343973,1
Gouania tiliifolia,Karpatiosorbus udvardyana,9384011,0
Ficus hololampra,Berchemia floribunda,3876453,0
Opulaster bracteatus,Physocarpus opulifolius,2988354,1
Ficus gemella,Spiraea japonica,8170635,0
Dorstenia hispida,Dorstenia hirta,3764709,1
Trema strigillosum,Fragaria chiloensis,7738624,0
Leucosyke mutabilis,Cecropia insignis,4013292,0
Maclura pubescens,Maclura cochinchinensis,7262552,1
Cryptandra parvifolia,Spyridium parvifolium,7273996,1
Pyrus mixta,Sorbaronia sorbifolia,2987868,1
Rhamnus divaricata,Ziziphus spina-christi,8228089,1
Berchemia polyphylla,Berchemia polyphylla,8142461,1
Paliurus sinicus,Paliurus orientalis,5603071,1
Pellionia curvitepalum,Elatostema curvitepalum,4100705,1
Girtanneria micrantha,Spiraea japonica,8170635,0
Coussapoa trinervia,Photinia prunifolia,5363844,0
Ulmus racemosa,Ulmus laevis,7303616,1
Potentilla semiloba,Potentilla semiloba,5366933,1
Pilea kiotensis,Achudemia japonica,4099750,1
Ancistrum laevigatum,Acaena magellanica,5370832,1
Mespilus pyracantha,Pyracantha coccinea,2988188,1
Ficus ovalis,Spiraea decumbens,3027183,0
Pouzolzia heterocarpa,Gonostegia triandra,4100795,1
Procris sonneratii,Phenax sonneratii,6414569,1
Pellionia pachypoda,Elatostema pachypodum,4101723,1
Momisia ferruginea,Morus urticifolia,5572497,0
Urtica cinerascens,Discocnide mexicana,4098157,0
Anthomeles douglasii,Scutia myrtina,8317476,0
Artocarpus incisifolius,Artocarpus altilis,2984573,1
Mirandaceltis monoica,Aphananthe monoica,7395485,1
Photinia cavaleriei,Photinia crassifolia,5363933,1
Dorstenia piscicelliana,Ulmus glabra,5361866,0
Pellionia cauliflora,Phylica hirta,3875775,0
Ficus tsiela,Bleekrodea insignis,3763823,0
Artocarpus ovatifolius,Elatostematoides buderi,11540741,0
Splitgerbera japonica,Potentilla pedata,8327079,0
Leucosyke villosa,Leucosyke capitellata,4102514,1
Adicea rugosa,Pilea rugosa,5670691,1
Laportea photoniphylla,Rhamnus costata,3875924,0
Mespilus portentosa,Mespilus germanica,3031774,1
Morus tatarica,Streblus asper,10242935,1
Spiraea pallasii,Sorbaria pallasii,3012125,1
Chaenomeles maulei,Chaenomeles japonica,3000610,1
Trema affine,Trema orientale,2984508,1
Morus laciniata,Morus nigra,5361888,1
Pilea rivoirae,Pilea corymbosa,5670687,1
Phylica asperulata,Phylica ericoides,7560201,1
Adicea punctata,Pilea punctata,5671042,1
Ceanothus californicus,Ficus elastica,7835333,0
Australina hispidula,Australina pusilla,7300503,1
Urera batesii,Scepocarpus batesii,11684967,1
Ramium sidifolium,Trilepisium madagascariense,3766911,0
Hemiptelea davidiana,Aronia arbutifolia,5363629,0
Lecanthus wightii,Lecanthus peduncularis,7300476,1
Streblus urophyllus,Dorstenia fawcettii,3764971,0
Urtica baccifera,Trophis mexicana,3766584,0
Urtica parvifolia,Polianthion wichurae,3874457,0
Pilea comorensis,Pilea rivularis,7300820,1
Ficus guyeri,Frangula rupestris,3877335,0
Conocephalus paxianus,Chaenomeles cancellata,3000630,0
Cecropia propinqua,Poikilospermum gjellerupii,4013246,0
Urera repens,Scepocarpus repens,11826481,1
Ziziphus bulusanensis,Elaeagnus umbellata,3039267,0
Sorbus pubens,Cryptandra waterhousii,3876063,0
Cudrania rectispina,Maclura cochinchinensis,7262552,1
Conocephalus microstachys,Poikilospermum microstachys,4013197,1
Cerasus rubicunda,Prunus avium,3020791,1
Luetkea hendersonii,Prunus emarginata,7272137,0
Cydonia minor,Rhamnus napalensis,4928522,0
Parartocarpus microcarpus,Parartocarpus venenosa,3766049,1
Ulmus pyramidalis,Paliurus spina-christi,5372457,0
Urostigma elasticum,Celtis philippensis,7303643,0
Rhamnus aculeatus,Colubrina asiatica,5372467,0
Myriocarpa humilis,Oreocnide integrifolia,7300622,0
Ventia serrata,Holodiscus discolor,2987780,0
Elaeagnus cuprea,Argentina anserinoides,5370267,0
Morus membranacea,Morus alba,5361889,1
Urtica cordifolia,Urtica pilulifera,5670646,1
Crataegus amoena,Crataegus pruinosa,7790552,1
Pyrus septiloba,Torminalis glaberrima,9410160,1
Boehmeria petiolaris,Aruncus dioicus,5362136,0
Perebea macrophylla,Heteromeles arbutifolia,5370154,0
Sorbus eystettensis,Karpatiosorbus eystettensis,9565114,1
Rubus indutus,Trymalium angustifolium,3875939,0
Sorbus fennica,Hedlundia hybrida,9245228,1
Rhamnus longifolia,Bleekrodea insignis,3763823,0
Phylica mauritiana,Crataegus submollis,3015560,0
Urtica albidopunctata,Pipturus argenteus,6414892,1
Morus brasiliensis,Brosimum gaudichaudii,7262433,0
Soulangia dioica,Phylica dioica,3876015,1
Neopilea tsaratananensis,Pilea rivularis,7300820,1
Cerasus hortensis,Prunus avium,3020791,1
Celtis burmannii,Prunus schlechteri,3022025,0
Rhamnus imeretiae,Rhamnus imeretiae,3874700,1
Sageretia chanetii,Laportea cuspidata,7300634,0
Dorstenia massonii,Dorstenia psilurus,3763387,1
Kosaria cuspidata,Celtis tetrandra,7366997,0
Boehmeria cylindrica,Crataegus pruinosa,7790552,0
Neillia fallax,Spiraea alba,3026585,0
Ziziphus thyrsiflora,Phylica callosa,8065463,0
Trichocephalus ruber,Gouania laxiflora,5602999,0
Armeniaca epirotica,Artocarpus treculianus,3763995,0
Pyrus conwentzii,Celtis australis,2984492,0
Pourouma laevis,Pourouma villosa,4013258,1
Urtica parva,Pouzolzia zeylanica,2984383,1
Ancistrum adscendens,Acaena magellanica,5370832,1
Conocephalus nobilis,Pilea bisepala,5671340,0
Chamaedryfolia procridifolia,Chamaebatiaria millefolium,3026352,0
Cudrania pubescens,Boehmeria sieboldiana,4101147,0
Sibiraea angustata,Atadinus fallax,9581355,0
Colletia armata,Colletia hystrix,7273656,1
Crataegus howeana,Ficus auriculata,5571773,0
Obetia ficifolia,Obetia radula,8399299,1
Spiraea glauca,Sarcomphalus yucatanensis,8889408,0
Pyrus mougeotii,Hedlundia mougeotii,9312105,1
Pellionia hoffmannianum,Elatostema hoffmannianum,4099325,1
Phylica plumosa,Phylica ambigua,3876469,1
Johnstonia axilliflora,Boehmeria nivea,2984359,0
Treculia staudtii,Treculia staudtii,8363000,1
Spyridium spathulatum,Spyridium spathulatum,7273960,1
Rubus incanus,Pipturus arborescens,4102074,0
Pogonotrophe aurantiaca,Scutia spicata,7273727,0
Dorstenia ruwenzoriensis,Dorstenia brownii,3765760,1
Saccus anisophyllus,Artocarpus anisophyllus,7262640,1
Girtanneria napeca,Ziziphus linnaei,3875884,1
Elatostema samarense,Elatostematoides samarense,4098242,1
Urostigma pseudotjiela,Ficus amplissima,5572290,1
Cecropia acutifolia,Cecropia angustifolia,4013465,1
Sorbus guadarramica,Discaria chacaye,5602883,0
Ulmaria trifoliata,Gillenia trifoliata,2986435,1
Brosimum rotundatum,Scepocarpus acuminatus,11851100,0
Bosquiea manongarivensis,Trilepisium madagascariense,3766911,1
Pouzolzia bornensis,Paratrophis anthropophagorum,12239769,0
Urera gaudichaudiana,Pouzolzia zeylanica,2984383,0
Sorbus torminalis,Pilea inaequalis,5361845,0
Trophis glabrata,Pseudolmedia glabrata,3764285,1
Oxyacantha howelliae,Crataegus douglasii,3013580,1
Opulaster glabratus,Sageretia filiformis,3876704,0
Eriobotrya tinctoria,Rhaphiolepis bengalensis,10869066,1
Urera congolensis,Scepocarpus trinervis,11543475,1
Conocephalus azureus,Prunus arborea,3021654,0
Ficus ovatifolia,Helinus integrifolius,3875572,0
Cecropia dielsiana,Majovskya ambigua,9285492,0
Crataegus cavaleriei,Urera caracasana,2984335,0
Maclura xanthoxylon,Celtis schippii,4159734,0
Ulmus prominentidens,Ulmus hollandica,7141604,1
Cotoneaster pyracantha,Pyracantha crenulata,2988172,1
Retanilla spinifer,Retanilla stricta,3875486,1
Saccus nitidus,Celtis tala,7141607,0
Pellionia cuneata,Argentina subarctica,5370264,0
Urostigma karet,Pourthiaea tomentosa,10973824,0
Gouania thinophila,Gouania hillebrandii,8240892,1
Oreoherzogia guicciardii,Spiraea alba,3026585,0
Pilea lapestris,Lecanthus peduncularis,7300476,0
Karwinskia microphylla,Zelkova carpinifolia,7467231,0
Crataegus horridula,Potentilla hendersonii,5369235,0
Spiraea glutinosa,Pilea pubescens,7300898,0
Cryptandra glaucophylla,Trymalium ledifolium,7273761,1
Potentilla svanetica,Sorbaria tomentosa,3012117,0
Artocarpus champeden,Laportea interrupta,2984469,0
Paliurus incurvus,Laportea interrupta,2984469,0
Ficus pruniformis,Ficus pruniformis,8416474,1
Artocarpus nigrescens,Auerodendron northropianum,3876863,0
Crataegus arbutifolia,Aronia prunifolia,5363613,1
Urticastrum morodes,Dendrocnide moroides,4098695,1
Potentilla semidentata,Gironniera parvifolia,4159419,0
Rhamnus inconspicuus,Rhamnus leptophylla,3877478,1
Laportea malekiana,Parsana malekiana,4102067,1
Berchemia volubilis,Karpatiosorbus kitaibeliana,10335706,0
Rhamnus incana,Alphitonia incana,3877487,1
Abelicea serrata,Zelkova serrata,2984532,1
Pomaderris prunifolia,Discaria chacaye,5602883,0
Prunus spartioides,Dorstenia brasiliensis,7262704,0
Helianthostylis suerpo,Brosimum sprucei,11665758,1
Pellionia begoniifolia,Aronia arbutifolia,5363629,0
Momisia pallida,Trevoa quinquenervia,3876194,0
Crataegus villosa,Phylica debilis,3876030,0
Sorbus turbinata,Ziziphus xylopyrus,3877691,0
Dorstenia wellmannii,Dorstenia benguellensis,3765939,1
Celtis aristata,Sarcomphalus pedunculatus,9186176,0
Discaria magellanica,Karpatiosorbus barabitsii,9473916,0
Cryptandra divaricata,Cryptandra tomentosa,7273849,1
Girtanneria franguloides,Ochetophila trinervis,3877218,0
Planera dubia,Trema tomentosum,7303576,0
Boehmeria hirta,Aria cheddarensis,9626394,0
Uromorus tahitensis,Aria edulis,8411755,0
Streblus spinosus,Taxotrophis spinosa,8344866,1
Pyrus norvegica,Hedlundia lancifolia,9535830,1
Ficus sororia,Ficus mauritiana,5571388,1
Boehmeria tenacissima,Boehmeria nivea,2984359,1
Cryptandra propinqua,Sageretia thea,3039516,0
Urtica verrucosa,Scutia spicata,7273727,0
Solenostigma laurifolium,Endotropis alnifolia,9266494,0
Elatostema oppositifolium,Ficus indigofera,5570118,0
Crataegus digyna,Acaena magellanica,5370832,0
Opulaster flexuosus,Crataegus senta,3013958,0
Fragaria corymbosa,Fragaria orientalis,3029834,1
Pilea lapestris,Pilea lapestris,5670900,1
Acaena anserinella,Acaena stricta,5370972,1
Prunus daemonifuga,Prunus persica,8149923,1
Hovenia tomentosa,Serichonus gracilipes,3875238,0
Photinia pustulata,Photinia serratifolia,5364029,1
Eriobotrya laoshanica,Rhaphiolepis laoshanica,10699611,1
Cecropia sylvicola,Cecropia angustifolia,4013465,1
Kageneckia glutinosa,Rhamnus rugulosa,7273701,0
Ambaiba adenopus,Cecropia pachystachya,4013385,1
Cerasus trichopetala,Prunus emarginata,7272137,1
Potentilla suffruticosa,Potentilla frigida,5368457,1
Rhamnus davurica,Rhamnus virgata,7273971,1
Pyrus cheddarensis,Aria cheddarensis,9626394,1
Pourouma suplicata,Pourouma bolivarensis,4013540,1
Pomaderris polyantha,Spyridium globulosum,3877637,1
Fleurya aestuans,Laportea aestuans,2984466,1
Hyrtanandra lythroides,Gonostegia triandra,4100795,1
Pyrus decipientiformis,Karpatiosorbus decipientiformis,9271446,1
Scutia lucida,Urera caracasana,2984335,0
Photinia cavaleriei,Ficus altissima,5361907,0
Urtica incana,Pipturus argenteus,6414892,1
Crataegus altaica,Crataegus chlorocarpa,7892367,1
Gesnouinia boehmerioides,Hedlundia tamamschjanae,10675505,0
Ventilago laotica,Karpatiosorbus schuwerkiorum,9252083,0
Rhamnus potaninii,Rhamnus tangutica,3877661,1
Eriobotrya notoniana,Boehmeria siamensis,4101166,0
Gouania urticaefolia,Chamabainia cuspidata,7300685,0
Oreorhamnus serrulata,Celtis chicape,8383074,0
Opulaster thyrsiflorus,Neillia thyrsiflora,3024763,1
Ceanothus hirsutus,Discaria chacaye,5602883,0
Spiraea ferruginea,Maclura cochinchinensis,7262552,0
Maclura pomifera,Crataegus chlorocarpa,7892367,0
Pyrus halliana,Aronia prunifolia,5363613,1
Aphanes cuneifolia,Hedlundia buekkensis,9306638,0
Sponia carinata,Trema cannabina,2984507,1
Acaena trifida,Acaena trifida,5370812,1
Pyrus grandiflora,Trilepisium madagascariense,3766911,0
Pomaderris oraria,Photinia glabra,5363818,0
Rhamnus alnifolia,Endotropis alnifolia,9266494,1
Rhamnus mystacina,Helinus mystacinus,3875546,1
Celtis choseniana,Celtis jessoensis,7141633,1
Pouzolzia ternata,Gonostegia pentandra,4100866,1
Potentilla decemjuga,Ceanothus pauciflorus,3876325,0
Prunus serratifolia,Pourthiaea villosa,8356787,0
Sorbus sognensis,Hedlundia sognensis,9475466,1
Fleurya lurida,Laportea aestuans,2984466,1
Ziziphus talanai,Ziziphus talanae,8027203,1
Saccus laevis,Acaena trifida,5370812,0
Cryptandra mollis,Spyridium parvifolium,7273996,1
Bosquiea angolensis,Trilepisium madagascariense,3766911,1
Alchemilla bachiti,Aphanes bachiti,5364992,1
Smythea macrophylla,Crataegus macracantha,3013570,0
Celtidopsis citrifolia,Karpatiosorbus devoniensis,9489928,0
Photinia beckii,Photinia glabra,5363818,1
Ziziphus ornata,Aria eminens,9343973,0
Brosimum turbinatum,Maclura pomifera,2984580,0
Trema timorense,Trema cannabina,2984507,1
Pilea fasciata,Karpatiosorbus hybrida,9478021,0
Rhamnus lycium,Rhamnus infectoria,3874579,1
Pyrus kuznetzovii,Colletia hystrix,7273656,0
Acaena eptandrum,Acaena trifida,5370812,1
Aphanes inexpectata,Ulmus rubra,5361867,0
Procris caulescens,Ficus mauritiana,5571388,0
Boehmeria grandissima,Cypholophus lutescens,4099764,0
Cudrania integra,Maclura cochinchinensis,7262552,1
Morus argutidens,Morus rubra,5361886,1
Mespilus grandiflora,Rhaphiolepis cavaleriei,10731169,0
Colubrina alamanii,Colubrina macrocarpa,7273930,1
Stephanandra tanakae,Boehmeria heterophylla,4098689,0
Rhaphiolepis rubra,Sorbaria kirilowii,3012103,0
Ioxylon maclura,Artocarpus petelotii,3764312,0
Boehmeria rubrinervia,Crataegus punctata,3014805,0
Aria nivea,Ziziphus spina-christi,8228089,0
Prunus trichopetala,Sibiraea laevigata,3032453,0
Mertensia aculeata,Aria eminentiformis,9560284,0
Ventia smithii,Endotropis smithii,9510582,1
Rosa lacerans,Rosa beggeriana,7832083,1
Discaria exilis,Lasiodiscus pervillei,7273616,0
Aronia monstrosa,Pilea cuneata,7799182,0
Fragaria bifera,Fragaria bifera,3029999,1
Berchemia cavaleriei,Aria pontis-satanae,9501666,0
Potentilla santalinoides,Potentilla santolinoides,5365641,1
Trema lancifolium,Debregeasia longifolia,4099305,1
Cecropia glauca,Trema orientale,2984508,0
Rhamnus alpina,Atadinus alpinus,3877063,1
Pourouma sapida,Pourouma cecropiifolia,4013508,1
Crataegus parvula,Dorstenia milaneziana,3764052,0
Pouzolzia dentata,Prunus glabrifolia,3022606,0
Elaeagnus padifolia,Maclura tinctoria,2984583,0
Laportea milnei,Gonostegia triandra,4100795,0
Boehmeria tenuistachys,Boehmeria caudata,7610513,1
Spiraea tomentosa,Spiraea douglasii,3027159,1
Celtis hasseltii,Celtis philippensis,7303643,1
Sorbus arsenii,Sorbaronia arsenii,2987867,1
Saccus kunstleri,Artocarpus elasticus,7425575,1
Lupulus scandens,Humulus lupulus,2984535,1
Gouania comorensis,Karwinskia umbellata,3874888,0
Ceanothus bicolor,Rhamnus procumbens,3875846,0
Sarcomphalus sarcomphalus,Cryptandra amara,7273650,0
Sorbus gerecseensis,Celtis sinensis,4159594,0
Rhamnus oenoplia,Fragaria chiloensis,7738624,0
Pyrus turkestanica,Hedlundia turkestanica,10809500,1
Chlorophora mollis,Malacomeles denticulata,2988294,0
Rhamnus zonulata,Parartocarpus venenosa,3766049,0
Ramium catophlebum,Leucosyke capitellata,4102514,0
Cerasus juliana,Pilea pubescens,7300898,0
Laportea mammosisetosa,Paliurus spina-christi,5372457,0
Artocarpus communis,Artocarpus altilis,2984573,1
Boehmeria guatemalensis,Boehmeria caudata,7610513,1
Sorbus moenofranconica,Karpatiosorbus moenofranconica,11830342,1
Pilea elongata,Pilea melastomoides,5670477,1
Treculia staudtii,Treculia obovoidea,3766978,1
Brosimum ramonense,Acaena magellanica,5370832,0
Elatostema reptans,Celtis pallida,2984494,0
Soulangia epacridifolia,Phylica paniculata,3875228,1
Sericotheca franciscana,Holodiscus discolor,2987780,1
Myriocarpa malacophylla,Myriocarpa cordifolia,7300779,1
Boehmeria anomala,Boehmeria ulmifolia,4100595,1
Trophis spinosa,Gouania pannigera,5602945,0
Celtis scotellioides,Celtis chicape,8383074,0
Rubus hypoleucus,Clarisia ilicifolia,7262841,0
Pellionia griffithiana,Pouzolzia zeylanica,2984383,0
Cormonema venezuelense,Dorstenia psilurus,3763387,0
Potentilla oreites,Ulmus hollandica,7141604,0
Celtis xizangensis,Celtis tetrandra,7366997,1
Prunus nitida,Prunus javanica,3022372,1
Cryptandra floribunda,Trymalium ledifolium,7273761,1
Ambaiba tubulosa,Rhaphiolepis bibas,10786206,0
Urera trinervis,Celtis iguanaea,2984498,0
Photinia oblongifolia,Acaena lucida,5370697,0
Pyrus spectans,Aria spectans,9520670,1
Crataegus glabra,Photinia glabra,5363818,1
Lozanella trematoides,Holodiscus discolor,2987780,0
Girtanneria lineata,Berchemia lineata,7799649,1
Cydonia piriformis,Cydonia oblonga,5362215,1
Elatostema gibbosum,Taxotrophis taxoides,11138557,0
Fleurya photinophylla,Dendrocnide photiniphylla,4098637,1
Reissekia cordifolia,Physocarpus opulifolius,2988354,0
Zelkova stipulacea,Rhaphiolepis indica,5371542,0
Boehmeria acalyphoides,Pouzolzia acalyphoides,4101131,1
Spiraea fauriana,Spiraea faurieana,3026977,1
Trema africanum,Sageretia minutiflora,8054984,0
Pyrus matudae,Phippsiomeles matudae,11517361,1
Acaena humilis,Touchardia latifolia,2984457,0
Pouzolzia heterophylla,Karpatiosorbus holubyana,9527429,0
Laportea oleracea,Laportea bulbifera,7300666,1
Procris rectangularis,Argentina gombalana,8174031,0
Ulmus verschaffeltii,Zelkova verschaffeltii,4927731,1
Urera usambarensis,Laportea bulbifera,7300666,0
Bucephalon glabratum,Aria edulis,8411755,0
Pyrus aria,Colubrina beccariana,5603172,0
Ziziphus cupularis,Sageretia filiformis,3876704,0
Fragaria multifida,Potentilla multifida,8416400,1
Spiraea monogyna,Physocarpus monogynus,2988349,1
Urtica japonica,Aphanes australis,5365026,0
Lozanella trematoides,Lozanella enantiophylla,4160094,1
Boehmeria longifolia,Boehmeria cylindrica,2984345,1
Gouania hypochroa,Gouania discolor,7273923,1
Celtis trinervia,Parietaria lusitanica,7671972,0
Ogcodeia oblongifolia,Naucleopsis oblongifolia,3767082,1
Gouania gracilis,Gouania gracilis,5603022,1
Sorbus whiteana,Aria whiteana,9550953,1
Celtis aphanonthoides,Prunus avium,3020791,0
Fragariastrum collettianum,Potentilla collettiana,5365630,1
Ramium ampullaceum,Oreocnide integrifolia,7300622,0
Zizyphus microphyllus,Zizyphus californicus,11929015,1
Coussapoa rotunda,Boehmeria japonica,7300501,0
Ficus euryifolia,Ficus heteropleura,7262505,1
Conocephalus peltatus,Poikilospermum peltatum,4013163,1
Passerina conglomerata,Maclura fruticosa,3764318,0
Pourouma populifolia,Ficus auriculata,5571773,0
Morus insignis,Parartocarpus venenosa,3766049,0
Dalibarda violioides,Dalibarda repens,2999946,1
Sitodium altile,Artocarpus altilis,2984573,1
Ficus meizonochlamys,Karpatiosorbus pelsoensis,9436048,0
Spiraea hacquetii,Spiraea decumbens,3027183,1
Rhamnus wendtii,Frangula wendtii,7500700,1
Crataegus caerulescens,Pipturus albidus,7500826,0
Amygdalus discolor,Prunus discolor,3022033,1
Acaena chamacaena,Acaena ovalifolia,5370651,0
Pipturus albidus,Pipturus albidus,7500826,1
Pygeum intermedium,Prunus arborea,3021654,1
Sorbus thuringiaca,Hedlundia thuringiaca,9471386,1
Ziziphus zizyphus,Ziziphus jujuba,3039423,1
Ulmus alba,Urtica urens,5361815,0
Celtis pruniputaminea,Celtis iguanaea,2984498,0
Dorstenia bicuspis,Dorstenia bicuspis,10671976,1
Ulmus shirasawana,Ulmus parvifolia,5361869,1
Ziziphus natsme,Ziziphus jujuba,3039423,1
Pilea norlindii,Pouzolzia parasitica,4099533,0
Urtica utilis,Boehmeria nivea,2984359,1
Parietaria gracilis,Parietaria debilis,5361795,1
Ficus irisana,Ficus ampelos,8053189,1
Spiraea microgyna,Potentilla congdonis,11355431,0
Celtis fragifera,Celtis adolfi-friderici,4159612,1
Dorstenia talbotii,Cecropia polystachya,4013171,0
Urtica malabarica,Hedlundia thuringiaca,9471386,0
Sponia timorensis,Ficus benjamina,5361932,0
Ulmus polygama,Celtis philippensis,7303643,0
Sorbus baldaccii,Prunus persica,8149923,0
Pygeum glabrifolium,Prunus glabrifolia,3022606,1
Cryptandra complicata,Stenanthemum complicatum,3876803,1
Potentilla tapetodes,Argentina tapetodes,8156095,1
Morus urticifolia,Morus urticifolia,5572497,1
Rhamnus betulifolia,Frangula betulifolia,3039465,1
Phyllostylon brasiliensis,Aronia arbutifolia,5363629,0
Elaeagnus hypoargentea,Pilea rivularis,7300820,0
Celtis alnifolia,Celtis iguanaea,2984498,1
Brosimopsis diandra,Brosimum lactescens,3763127,1
Prunus padifolia,Noltea africana,3877365,0
Parietaria indica,Dendrocnide subclausa,4098477,0
Sageretia michauxii,Argentina indivisa,8214411,0
Sorbaria lindleyana,Spiraea tomentosa,3026819,0
Elaeagnus liukiuensis,Hedlundia mougeotii,9312105,0
Urera sansibarica,Chaenomeles japonica,3000610,0
Blepetalon aculeatum,Scutia myrtina,8317476,1
Elaeagnus kologa,Dendrocnide gigantea,4098866,0
Rhamnus pubescens,Rhamnus infectoria,3874579,1
Chamaebatiaria glutinosa,Rhaphiolepis tengyuehensis,10679539,0
Ziziphus weberbaueri,Sarcomphalus mistol,8889452,1
Boehmeria procridioides,Pipturus argenteus,6414892,0
Cecropia vageleri,Chaenomeles japonica,3000610,0
Boehmeria flagelliformis,Gironniera rhamnifolia,4159362,0
Neillia amurensis,Mespilus germanica,3031774,0
Spiraea grossulariifolia,Chaenomeles japonica,3000610,0
Berchemia koganii,Sorbaria kirilowii,3012103,0
Urtica pilosiuscula,Boehmeria pilosiuscula,4101774,1
Prunus betancurii,Sarcomphalus undulatus,8826109,0
Colubrina multiflora,Acaena magellanica,5370832,0
Pellionia angularis,Elatostema angulare,4101907,1
Rhamnidium retusum,Reynosia wrightii,3874997,1
Cryptandra suavis,Cryptandra arbutiflora,7273629,1
Ramium caudatum,Noltea africana,3877365,0
Celtis ituriensis,Celtis adolfi-friderici,4159612,1
Pyrus taurica,Sarcomphalus laurinus,7273826,0
Gironniera yunnanensis,Aphananthe cuspidata,8293016,1
Potentilla glaucescens,Ziziphus incurva,3876080,0
Boehmeria cochinchinensis,Pouzolzia zeylanica,2984383,1
Conocephalus micranthus,Aria arvonicola,9578666,0
Urtica strigosa,Karpatiosorbus andreanszkyana,9507936,0
Celtis napaulensis,Celtis tetrandra,7366997,1
Zelkova formosana,Zelkova serrata,2984532,1
Piratinera potabilis,Brosimum potabile,3762892,1
Perlarius rotundifolius,Scepocarpus acuminatus,11851100,1
Petrophyton cinerascens,Petrophytum cinerascens,3030186,1
Rhamnus trinervis,Ziziphus trinervis,11031973,1
Scutia buxifolia,Scutia myrtina,8317476,1
Lanessania oligandra,Brosimum oligandrum,11629865,1
Cecropia peltata,Sorbaronia hybrida,2987861,0
Laportea costata,Dendrocnide stimulans,4098487,1
Sponia rufescens,Trema micranthum,2984501,1
Rosa drimylophylla,Majovskya sudetica,9238979,0
Parietaria canescens,Sarcomphalus obtusifolius,8937468,0
Conocephalus peltatus,Pseudolmedia laevis,3764170,0
Humulus volubilis,Humulus lupulus,2984535,1
Elaeagnus coreana,Poikilospermum suaveolens,4013131,0
Sorbus tomentosa,Potentilla grammopetala,5367985,0
Freirea alsinaefolia,Parietaria alsinifolia,5670125,1
Horkelia congdonis,Potentilla congdonis,11355431,1
Dorstenia tuberosa,Dorstenia tuberosa,3762853,1
Urostigma lacciferum,Chaenomeles japonica,3000610,0
Helicostylis tomentosa,Helicostylis tomentosa,3764831,1
Pouzolzia fulgens,Reynosia revoluta,3875071,0
Streblus tahitenbsis,Paratrophis anthropophagorum,12239769,1
Rhamnus yunnanensis,Rhamnella martini,3874883,1
Boehmeria cypholophoides,Boehmeria depauperata,4099464,1
Ficus gazellae,Ficus mollior,7262612,1
Rhamnus triflorus,Helicostylis tomentosa,3764831,0
Covellia glomerata,Ficus racemosa,5361904,1
Elaeagnus inermis,Parietaria debilis,5361795,0
Potentilla sericophylla,Artocarpus integer,2984566,0
Celtis orientalis,Celtis sinensis,4159594,1
Crataegus sinensis,Spyridium spadiceum,7273965,0
Broussonetia kazi,Osteomeles schwerinae,3024838,0
Discaria lycioides,Morus macroura,7262379,0
Pourouma jussieuana,Maillardia montana,3763943,0
Bosquiea orientalis,Trilepisium madagascariense,3766911,1
Crataegus heldebergensis,Crataegus persimilis,3015457,1
Gouania martinicensis,Gouania polygama,5372439,1
Sorbus minima,Gouania leptostachya,7273872,0
Hahnia torminalis,Torminalis glaberrima,9410160,1
Pyrus takhtajanii,Hedlundia takhtajanii,10742423,1
Adicea trichotoma,Elatostema suzukii,4099449,0
Reynosia reticulata,Trema angustifolium,4159501,0
Urtica cordata,Boehmeria brevirostris,4100242,0
Gouania pallida,Gonostegia triandra,4100795,0
Pyrus platyphylla,Pilea bracteosa,7300933,0
Pellionia biappendiculata,Elatostema heterolobum,4099443,1
Pygeum glabrifolium,Ulmus minor,5361865,0
Cryptandra petraea,Aria javorkana,9502264,0
Sageretia trinervia,Ochetophila trinervis,3877218,1
Bosqueia spinosa,Boehmeria depauperata,4099464,0
Boehmeria nivea,Boehmeria nivea,2984359,1
Lupulus lupuloides,Dendrocnide excelsa,4098881,0
Piratinera spuria,Pseudolmedia spuria,2984543,1
Laportea papangensis,Laportea oligoloba,4098924,1
Ficus trichosphaeridia,Ficus odoardi,5570499,1
Photinia nudiflora,Heteromeles arbutifolia,5370154,1
Pogonotrophe aurantiaca,Ficus glandulifera,7942321,1
Celtis yangquanensis,Broussonetia papyrifera,5361944,0
Gouania crenata,Fatoua villosa,2984652,0
Acaena lappacea,Acaena elongata,5370941,1
Photinia callosa,Pourthiaea callosa,3000473,1
Acaena glaberrima,Acaena pumila,5370773,1
Cecropia hachensis,Trema cannabina,2984507,0
Olmedia ferruginea,Pseudolmedia laevis,3764170,1
Elaeagnus tifliensis,Elaeagnus angustifolia,3039269,1
Spiraea foxii,Maquira coriacea,3763724,0
Hyrtanandra pentandra,Karpatiosorbus balatonica,9571244,0
Pellionia falcata,Elatostematoides falcatum,4098396,1
Pourouma umbellata,Pourouma minor,4013658,1
Alchemilla delicatula,Aphanes arvensis,5365013,1
Prunus sachalinensis,Pilea inaequalis,5361845,0
Urtica cuneifolia,Crataegus pruinosa,7790552,0
Walpersia stipularis,Trichocephalus stipularis,5602927,1
Rosa apetala,Rosa apetala,12318374,1
Berchemia affinis,Sageretia hamosa,7273915,1
Trema melinonum,Trema micranthum,2984501,1
Ulmus forficata,Ulmus glabra,5361866,1
Pyrus clarkiana,Pilea laxa,5670869,0
Pyrus obovata,Sarcomphalus amole,9008095,0
Pyrus pauca,Trichocephalus stipularis,5602927,0
Acaena tenuifolia,Acaena antarctica,5370768,1
Cerasus bigarella,Pilea betulifolia,7300951,0
Flueggea javanica,Celtis iguanaea,2984498,0
Pouzolzia sonneratii,Rubus baileyanus,2989820,0
Cudrania thorelii,Maclura cochinchinensis,7262552,1
Pomaderris neocaledonica,Ficus barclayana,7486090,0
Ceanothus parvifolius,Ficus mollior,7262612,0
Ampalis madagascariensis,Ampalis mauritiana,3765609,1
Rhamnus pringlei,Neillia sinensis,3024789,0
Urtica cuneifolia,Pilea crenulata,5670620,1
Bucephalon racemosum,Elaeagnus latifolia,4048232,0
Procris paludosa,Elatostema macrophyllum,4098062,1
Celtis gongshanensis,Celtis bungeana,7141664,1
Urtica nemorosa,Laportea aestuans,2984466,1
Rhamnus scopulorum,Phylica virgata,3874598,0
Azarolus pinnatifida,Hedlundia hybrida,9245228,1
Trema paucinervia,Trema andersonii,9755995,1
Retanilla crassa,Retanilla ephedra,7273774,1
Boehmeria compacta,Ziziphus mauritiana,3039424,0
Cerasus opaca,Rubus vaniloquus,8362160,0
Ziziphus heterogenea,Ziziphus xylopyrus,7524561,1
Urtica venosa,Pouzolzia rugulosa,4098989,1
Elatostematoides samarensis,Elatostematoides samarense,4098242,1
Armeniaca communis,Rhamnella rubrinervis,9039596,0
Fleurya perrieri,Laportea aestuans,2984466,1
Pyrus hybrida,Brosimum guianense,7374879,0
Dorstenia caulescens,Pilea urticifolia,5669690,0
Photinia mollis,Pourthiaea arguta,2988149,1
Parartocarpus woodii,Petrophytum cinerascens,3030186,0
Ochetophila riparia,Ochetophila trinervis,3877218,1
Cryptandra mutila,Brosimum lactescens,3763127,0
Cerasus obliqua,Gonostegia triandra,4100795,0
Morus nitida,Ampalis mauritiana,3765609,1
Alicastrum glaziovii,Brosimum glaziovii,3763179,1
Notophaena magellanica,Discaria chacaye,5602883,1
Pourouma subplicata,Pourouma minor,4013658,1
Elatostema filicoides,Neraudia melastomifolia,2984376,0
Tetrasperma juncea,Acaena eupatoria,5370647,0
Rubus arbor,Crataegus margarettae,3014697,0
Spiraea versifolia,Reissekia smilacina,8188318,0
Spiraea hacquetii,Phylica oleifolia,3875260,0
Pyrus aria,Laportea ruderalis,4098684,0
Leucocnide dichotoma,Debregeasia longifolia,4099305,1
Rosa sepincola,Pyracantha coccinea,2988188,0
Procris humblotii,Procris pedunculata,5671195,1
Olmediophaena obliqua,Boehmeria nivea,2984359,0
Trema guineense,Trema orientale,2984508,1
Photinia brevipetiolata,Pourthiaea calleryana,3000535,1
Ulmus angustifolia,Ulmus minor,5361865,1
Fleurya capensis,Cecropia peltata,2984476,0
Colubrina mocinoana,Ceanothus microphyllus,3039306,1
Celtis opaca,Celtis paniculata,4159385,1
Parietaria appendiculata,Parietaria debilis,5361795,1
Crataegus fastosa,Crataegus punctata,3014805,1
Batocarpus maranhensis,Batocarpus amazonicus,3763869,1
Adicea trichosanthes,Pilea trichosanthes,5669921,1
Joxylon pomiferum,Maclura pomifera,2984580,1
Horkelia chandleri,Potentilla muirii,5365301,1
Trema argenteum,Trema orientale,2984508,1
Urtica whitlowii,Atadinus alpinus,3877063,0
Crataegus robesoniana,Prunus arborea,3021654,0
Ramium rhynchophyllum,Prunus ulmifolia,3023601,0
Boehmeria melastomoidea,Hedlundia pauca,9259323,0
Saccus kuenstleri,Artocarpus elasticus,7425575,1
Colubrina mystacina,Helinus mystacinus,3875546,1
Rhamnus talanae,Ziziphus talanae,8027203,1
Eriobotrya henryi,Trema micranthum,2984501,0
Amygdalus bucharica,Achudemia myriantha,11208539,0
Gesnouinia filamentosa,Auerodendron reticulatum,3876830,0
Ficus elliptica,Boehmeria siamensis,4101166,0
Soulangia arborescens,Aria eminentoides,9491439,0
Artocarpus gomezianus,Artocarpus gomezianus,3764819,1
Sageretia yemensis,Pouzolzia sanguinea,7300542,0
Urtica cordifolia,Morus celtidifolia,5570117,0
Ambaiba hololeuca,Cecropia hololeuca,4013377,1
Balanostreblus ilicifolius,Phylica excelsa,12206432,0
Pipturus skottsbergii,Pipturus albidus,7500826,1
Sorbus turcica,Aria umbellata,9330923,1
Pyrus heterophylla,Argentina micropetala,7582115,0
Ziziphus rotundata,Ziziphus mauritiana,3039424,1
Laportea latilanceolata,Dendrocnide luzonensis,4098777,1
Rhamnus jujuba,Chaenomeles cancellata,3000630,0
Urostigma ellipticum,Ficus dendrocida,5572579,1
Cecropia dentata,Cecropia dealbata,4013109,1
Condalia infectoria,Elaeagnus conferta,7293128,0
Parasponia andersonii,Dendrocnide sinuata,4098506,0
Urtica tenacissima,Aruncus dioicus,5362136,0
Crataegus torminalis,Ziziphus jujuba,3039423,0
Gouania ulugurica,Gouania longispicata,5602983,1
Pyrus irregularis,Pyraria irregularis,12193096,1
Dorstenia pedunculata,Procris pedunculata,5671195,1
Goethartia edentata,Pouzolzia poeppigiana,4099219,1
Ambaiba schiedeana,Cecropia peltata,2984476,1
Spiraea cinerascens,Petrophytum cinerascens,3030186,1
Elatostema scandens,Elatostematoides scandens,11127643,1
Armeniaca batavica,Morus rubra,5361886,0
Trymalium daltonii,Spyridium daltonii,3874465,1
Laportea pustulata,Laportea canadensis,2984463,1
Pharmacosycea dendroctona,Ficus dendrocida,5572579,1
Morus multicaulis,Artocarpus lacucha,7873234,0
Sorbus salicifolia,Debregeasia saeneb,4099243,0
Parietaria obtusa,Parietaria floridana,5361793,1
Apteron lanceolatum,Noltea africana,3877365,0
Procris philippinensis,Karpatiosorbus kitaibeliana,10335706,0
Prunus bigarella,Prunus avium,3020791,1
Cerasus trichopetala,Karpatiosorbus semiincisa,9325082,0
Pyrus abscondita,Hedlundia abscondita,9284049,1
Urticastrum gigas,Spiraea japonica,8170635,0
Cerasus tianshanica,Humulus scandens,2984537,0
Elatostema affine,Chaenomeles superba,3000632,0
Solenostigma latifolium,Hedlundia teodori,9502874,0
Rhamnella vitiensis,Elaeagnus henryi,7738982,0
Momisia iguanaea,Parietaria officinalis,5361803,0
Dorstenia ekmanii,Morus alba,5361889,0
Rubus exalbatus,Rubus alterniflorus,8321269,1
Crataegus bibas,Debregeasia longifolia,4099305,0
Rhamnus cambodiana,Frangula crenata,7273631,1
Cydonia lagenaria,Chaenomeles japonica,3000610,1
Opulaster pubescens,Physocarpus malvaceus,2988332,1
Ceanothus oblanceolatus,Laportea aestuans,2984466,0
Alphitonia vieillardii,Sorbaronia sorbifolia,2987868,0
Taxotrophis laxiflora,Taxotrophis ilicifolia,3767205,1
Pellionia repens,Procris repens,7916114,1
Dorstenia usambarensis,Brosimum guianense,7374879,0
Celtis cordifolia,Celtis occidentalis,2984481,1
Cryptandra behriana,Cryptandra tomentosa,7273849,1
Pyrus javorkana,Aria javorkana,9502264,1
Sorbus latifolia,Artocarpus calophyllus,3765088,0
Ficus pomifera,Ficus punctata,7673670,1
Boehmeria strigosa,Aphananthe philippinensis,4159824,0
Boehmeria scabrella,Boehmeria caudata,7610513,1
Spiraea billardii,Spiraea billiardii,7732954,1
Urtica madagascariensis,Argentina polyphylla,7661473,0
Mespilus japonica,Boehmeria repens,2984358,0
Potentilla glabriuscula,Dorstenia psilurus,3763387,0
Adicea trichosanthes,Frangula polymorpha,7274018,0
Phylica lanceolata,Leucosyke capitellata,4102514,0
Phenax gaudichaudeanus,Elatostema platyphyllum,7300825,0
Elatostema hunanense,Elatostema hirticaule,4099362,1
Stellariopsis santalinoides,Potentilla santolinoides,5365641,1
Celtis napalensis,Coussapoa nitida,4013298,0
Elaeagnus crocea,Elaeagnus umbellata,3039267,1
Dorstenia solheidii,Dorstenia zenkeri,3762584,1
Trymalium capsulare,Colubrina asiatica,5372467,1
Rhamnus microphylla,Atadinus depressus,9592364,1
Rhamnus rhododendriphylla,Elaeagnus maritima,4048041,0
Pyrus malifolia,Leucosyke capitellata,4102514,0
Spiraea flexuosa,Spiraea decumbens,3027183,1
Procris cuneata,Procris crenata,5669749,1
Amygdalus ferganensis,Prunus persica,8149923,1
Amygdalus laevis,Prunus sclerophylla,3022462,0
Dendrocnide salomonensis,Dendrocnide longifolia,4098791,1
Pseudolmedia havanensis,Pseudolmedia spuria,2984543,1
Zizyphus mucronata,Spiraea martini,3853571,0
Ziziphus heterogenea,Ziziphus spina-christi,8228089,1
Procris punctata,Pourthiaea calleryana,3000535,0
Ceanothus pitcheri,Pouzolzia laevigata,4100090,0
Rhamnus napeca,Discaria chacaye,5602883,0
Potentilla daltoniana,Fragaria daltoniana,3029918,1
Urtica mariana,Boehmeria cylindrica,2984345,1
Spiraea pulchra,Spiraea pachystachys,3026609,1
Ogcodeia imitans,Naucleopsis imitans,3767179,1
Antidesma scandens,Humulus scandens,2984537,1
Scutia discolor,Prunus microcarpa,3021376,0
Potentilla hemicryophila,Pourthiaea beauverdiana,3000384,0
Sageretia spinosa,Sageretia thea,3039516,1
Dorstenia crassipes,Dorstenia peltata,8202494,1
Paratrophis tahitensis,Ceanothus fendleri,3039389,0
Boehmeria ballotifolia,Urtica mexicana,8390431,0
Aruncus barbacaprae,Aruncus dioicus,5362136,1
Spyridium tridentatum,Pourthiaea villosa,8356787,0
Celtis audibertiana,Rhaphiolepis bengalensis,10869066,0
Celtis angustifolia,Berchemia flavescens,8622044,0
Neillia millsii,Celtis brasiliensis,7303606,0
Solenandra coronata,Cryptandra coronata,3877706,1
Pyrus gemella,Pilea pubescens,7300898,0
Ziziphus nummularia,Discaria nana,8629951,0
Olmedia tovarensis,Argentina biloba,7997567,0
Potentilla acuminata,Poikilospermum singalense,4013137,0
Spiraea betulifolia,Spiraea betulifolia,3026550,1
Morus spinosa,Maclura tinctoria,2984583,1
Potentilla radicosa,Karpatiosorbus concavifolia,9625377,0
Elaeagnus cuprea,Elaeagnus triflora,7293096,1
Urtica magellanica,Frangula surotatensis,8370288,0
Potentilla turfosa,Argentina turfosa,7965200,1
Crataegus media,Crataegus haemacarpa,9224212,1
Pyrus luzoniensis,Rhaphiolepis philippinensis,5371576,1
Ambaiba ruiziana,Cecropia polystachya,4013171,1
Sorbus saxicola,Aria saxicola,9329407,1
Maria angusticornis,Hijmania angusticornis,8742459,1
Pilea baviensis,Artocarpus lamellosus,3764628,0
Stachyocnide luzonica,Prunus arborea,3021654,0
Pouzolzia microphylla,Pouzolzia cymosa,4100704,1
Maoutia planitora,Brosimum gaudichaudii,7262433,0
Urostigma lacciferum,Ficus altissima,5361907,1
Rhamnus ferrea,Krugiodendron ferreum,3039518,1
Potentilla polyphylla,Trema micranthum,2984501,0
Ceanothus levigatus,Paliurus orientalis,5603071,0
Piratinera scabridula,Ficus holosericea,5570480,0
Spiraea hookeri,Spiraea nudiflora,3027095,1
Boehmeria pannosa,Boehmeria dura,4099280,1
Fragaria rubiginosa,Fragaria daltoniana,3029918,1
Pyrus hirsuta,Rubus leucodermis,8110785,0
Spiraea stipulacea,Gillenia stipulata,7557273,1
Sponia scaberrima,Trema orientale,2984508,1
Artocarpus tylophyllus,Parartocarpus venenosa,3766049,1
Pilea floribunda,Laportea floribunda,4099538,1
Boehmeria urticifolia,Phenax hirtus,7300652,1
Morus cuspidata,Aria umbellata,9330923,0
Rhaphiolepis kwangsiensis,Rhaphiolepis salicifolia,5371531,1
Oreocnide tremula,Archiboehmeria atrata,4101208,1
Ceanothus triquetrus,Rhamnus triquetra,12256834,1
Colletia bictonensis,Colletia paradoxa,5602738,1
Momisia lamarckii,Prunus avium,3020791,0
Ceanothus puberulus,Ceanothus integerrimus,3039382,1
Pouzolzia cordata,Pouzolzia peteri,4099339,1
Hovenia parviflora,Morus alba,5361889,0
Alchemilla maroccana,Clarisia ilicifolia,7262841,0
Ficus leucocarpa,Ficus racemosa,5361904,1
Boehmeria incana,Pipturus argenteus,6414892,1
Mespilus odorata,Crataegus punctata,3014805,1
Urostigma apiocarpum,Cecropia polystachya,4013171,0
Celtis amboinensis,Trema cannabina,2984507,1
Sahagunia mexicana,Cypholophus lutescens,4099764,0
Celtis crenatoserrata,Ficus callophylla,5571020,0
Berchemia oppositifolia,Sageretia filiformis,3876704,1
Clarisia mexicana,Sarcomphalus obtusifolius,8937468,0
Ulmus campestris,Ulmus laevis,7303616,1
Cecropia flagellifera,Potentilla chinensis,5365665,0
Vanieria tricuspidata,Maclura tricuspidata,9130387,1
Rhamnus rupestris,Atadinus microcarpus,9351724,1
Celtis clausseniana,Celtis brasiliensis,7303606,1
Fleurya alatipes,Morus indica,5569978,0
Helianthostylis salzedoi,Crataegus sanguinea,3013574,0
Sorbus sphaerocarpa,Aria edulis,8411755,1
Gouania obtusifolia,Pourthiaea villosa,8356787,0
Sorbus lonetalensis,Argentina pycnophylla,7713831,0
Ziziphus paniculata,Ziziphus rugosa,7273665,1
Crataegus coriacea,Ficus orthoneura,5570349,0
Cecropia ambaci,Karpatiosorbus borosiana,9500635,0
Morus morettiana,Rosa columnifera,8204505,0
Pyrus karpatii,Karpatiosorbus karpatii,9286100,1
Urera geophila,Dendrocnide meyeniana,4098765,0
Spiraea fissa,Holodiscus fissus,2987807,1
Ficus irregularis,Ficus coloradensis,11640099,1
Saccus rigidus,Artocarpus rigidus,2984576,1
Dubrueilia verbascifolia,Pilea verbascifolia,5671435,1
Berchemia transvaalensis,Hedlundia gauckleri,9412697,0
Rubus saepescandens,Trema cannabina,2984507,0
Tetraglochin acanthocarpa,Prunus arborea,3021654,0
Tetraglochin clarazii,Pilea acuminata,7300553,0
Morocarpus japonicus,Prunus wilsonii,3023112,0
Celtis bodinieri,Celtis sinensis,4159594,1
Potentilla tugitakensis,Argentina tugitakensis,8276184,1
Acaena heptandra,Acaena trifida,5370812,1
Aphanes minutiflora,Pilea bracteosa,7300933,0
Morus tatarica,Shepherdia rotundifolia,5372428,0
Bosqueia angolensis,Trilepisium madagascariense,3766911,1
Fusticus xanthoxylon,Ziziphus abyssinica,3877223,0
Crataegus spinosissima,Acaena pinnatifida,5370645,0
Ziziphus acuminata,Ziziphus oxyphylla,7273718,1
Ziziphus parryi,Pseudoziziphus parryi,8997716,1
Acaena chamacaena,Acaena magellanica,5370832,1
Missiessya elongata,Prunus arborea,3021654,0
Fragaria hayatae,Fragaria nilgerrensis,3029934,1
Spyridium uncinatum,Hedlundia armeniaca,10833957,0
Aruncus camschaticus,Aruncus sylvester,6369098,1
Poikilospermum grandifolium,Artocarpus heterophyllus,2984565,0
Ficus fulva,Ficus fulva,5571361,1
Urticastrum gaudichaudeanum,Elaeagnus glabra,7293101,0
Sorbus semipinnata,Hedlundia thuringiaca,9471386,1
Pleiosepalum gombalanum,Aruncus gombalanus,5362129,1
Dorstenia caulescens,Sorbaria pallasii,3012125,0
Procris torresiana,Procris pedunculata,5671195,1
Sorbus sooi,Nothocnide repanda,4099887,0
Cryptandra spinescens,Pourthiaea arguta,2988149,0
Rhamnus ishidae,Urtica magellanica,7300920,0
Hippophae argentea,Shepherdia argentea,5372429,1
Artocarpus involucrata,Parartocarpus venenosa,3766049,1
Spiraea japonica,Kerria japonica,5371450,1
Ziziphus sphaerocarpa,Ficus bhotanica,5571447,0
Pouzolzia tetraptera,Laportea aestuans,2984466,0
Papyrius polymorphus,Chaenomeles japonica,3000610,0
Oreocnide tremula,Retanilla ephedra,7273774,0
Cerasus tatsienensis,Humulus scandens,2984537,0
Elaeagnus kiusiana,Gouania nematostachya,10851969,0
Stephanandra quadrifissa,Neillia incisa,3853033,1
Alchemilla floribunda,Colubrina elliptica,5372458,0
Rhaphiolepis gracilis,Rhaphiolepis indica,5371542,1
Rhamnus circumscissa,Scutia myrtina,8317476,1
Sorbus cretica,Aria graeca,5370233,1
Sorbus theophrasta,Morus ovalifolia,5569676,0
Adicea verbascifolia,Holodiscus australis,2987775,0
Broussonetia zeylanica,Allaeanthus zeylanicus,3765642,1
Sorbus scandica,Ulmus hollandica,7141604,0
Celtis clausseniana,Colletia spinosissima,6371450,0
Pyrus obtusata,Crataegus obtusata,3014035,1
Crepinia freynii,Scepocarpus trinervis,11543475,0
Zizyphus jujuba,Ziziphus mauritiana,3039424,1
Tylanthus comosus,Cecropia insignis,4013292,0
Ulmus cuneiformis,Ziziphus abyssinica,3877223,0
Ziziphus amphibia,Ziziphus spina-christi,8228089,1
Parietaria roschanica,Morus macroura,7262379,0
Armeniaca mandschurica,Pyracantha atalantioides,2988212,0
Paliurus microcarpus,Elaeagnus montana,4048261,0
Fragaria magna,Boehmeria dura,4099280,0
Colletia ephedra,Colletia ephedra,5602777,1
Pyrus ambigua,Majovskya ambigua,9285492,1
Pseudosorocea poeppigii,Clarisia ilicifolia,7262841,1
Spiraea obovata,Rhaphiolepis cavaleriei,10731169,0
Osmaronia bracteosa,Gouania mauritiana,5602974,0
Fleurya grossa,Laportea grossa,4102053,1
Cerasus mollis,Trymalium ledifolium,7273761,0
Ulmus mossii,Ulmus glabra,5361866,1
Elaeagnus moorcroftii,Elaeagnus angustifolia,3039269,1
Perlarius rotundifolius,Rhaphiolepis stipularis,10676307,0
Memorialis quinquenervis,Gonostegia triandra,4100795,1
Holodiscus ariifolius,Heteromeles arbutifolia,5370154,0
Humulus vulgaris,Humulus lupulus,2984535,1
Ziziphus crenata,Sarcomphalus crenatus,3876018,1
Pourthiaea brunnea,Pipturus albidus,7500826,0
Pellionia pulchra,Procris repens,7916114,1
Saccus cumingianus,Artocarpus lacucha,7873234,1
Trymatococcus gilletii,Cecropia peltata,2984476,0
Sorbus stenophylla,Aria stenophylla,9619588,1
Ficus conspicabilis,Gonostegia triandra,4100795,0
Urtica palustris,Boehmeria cylindrica,2984345,1
Fragaria filipendula,Pipturus albidus,7500826,0
Schizonotus dumosus,Laportea canadensis,2984463,0
Celtis littoralis,Boehmeria holosericea,7300512,0
Boehmeria utilis,Boehmeria utilis,4100517,1
Crataegus pyrifolia,Aronia arbutifolia,5363629,1
Sorbus bosniaca,Hedlundia bosniaca,9319484,1
Urera sarmentosa,Scepocarpus oblongifolius,11415631,1
Dorstenia obanensis,Urtica incisa,7602322,0
Pseudolmedia multinervis,Pseudolmedia laevis,3764170,1
Ceanothus pubescens,Frangula pubescens,3877483,1
Brosimum mello-barretoi,Naucleopsis oblongifolia,3767082,1
Dorstenia langsdorffiana,Pilea punctata,5671042,0
Nangha amplifolia,Rhamnus prinoides,3875856,0
Spiraea billardii,Spiraea billardii,7771282,1
Gouania hawaiiensis,Gouania vitifolia,5372444,1
Memorialis nilghirensis,Artocarpus rigidus,2984576,0
Dorstenia plumierifolia,Karpatiosorbus gemella,9594195,0
Ziziphus melanogona,Ziziphus jujuba,3039423,1
Macrorhamnus faraloatra,Colubrina faralaotra,5603148,1
Trymalium leucophractum,Cryptandra leucophracta,3877146,1
Alchemilla looseri,Aphanes looseri,5364994,1
Rhamnus guayaquilensis,Hedlundia cuneifolia,9246191,0
Mespilus tomentosa,Crataegus punctata,3014805,1
Pouzolzia argenteonitida,Pouzolzia calophylla,4100852,1
Rhamnus fallax,Atadinus fallax,9581355,1
Gonostegia hirta,Gonostegia triandra,4100795,1
Elaeagnus flava,Osteomeles anthyllidifolia,3024832,0
Solenostigma pacificum,Ziziphus mucronata,3875567,0
Pyrus fennica,Debregeasia edulis,4099382,0
Sorbus turkestanica,Hedlundia turkestanica,10809500,1
Celtis trichocarpa,Celtis biondii,7303618,1
Scutia hutchinsonii,Aria herefordensis,9580582,0
Potentilla siemersiana,Crataegus media,3013800,0
Sanguisorba caudata,Bencomia caudata,3032183,1
Urtica trinervia,Phylica emirnensis,3875948,0
Grewia subcordata,Artocarpus altissimus,3765235,1
Acaena philippii,Crataegus persimilis,3015457,0
Pyrus borosiana,Karpatiosorbus borosiana,9500635,1
Rhamnus dahuricus,Rhamnus pachyphylla,10862356,0
Ficus hamiltoniana,Cecropia angustifolia,4013465,0
Parietaria micrantha,Parietaria debilis,5361795,1
Procris lagunensis,Procris crenata,5669749,1
Parartocarpus woodii,Parartocarpus venenosa,3766049,1
Dorstenia lactifera,Dorstenia benguellensis,3765939,1
Urera stimulans,Urera stimulans,7589526,1
Rhamnus tinctoria,Rhamnus infectoria,3874579,1
Quercophyllum tenuinerve,Ficophyllum serratum,8840258,1
Ulmus alba,Ulmus laevis,7303616,1
Frangula cambodiana,Chaenomeles vilmoriniana,3000609,0
Urtica corallina,Urera corallina,4099591,1
Boehmeria frutescens,Leucosyke puya,4102185,1
Pomaderris polyantha,Rubus niveus,2989183,0
Corchorus scandens,Rhodotypos scandens,3032442,1
Berchemia chanetii,Sageretia thea,3039516,1
Elatostema rectangulare,Procris rectangulare,5671119,1
Pouzolzia borbonica,Dendrocnide crassifolia,4098948,0
Holodiscus dumosus,Dendrocnide excelsa,4098881,0
Aphanes minutiflora,Aphanes minutiflora,5365004,1
Pilea mornicola,Chaenomeles speciosa,3000679,0
Sceptrocnide macrostachya,Stenanthemum humile,3876727,0
Spiraea argentea,Ceanothus pauciflorus,3876325,0
Cerasus javanica,Rhaphiolepis indica,5371542,0
Korsaria forskohlii,Potentilla multifida,8416400,0
Rhamnus crenata,Pilea parietaria,5361834,0
Artocarpus sorsogonensis,Artocarpus treculianus,3763995,1
Lecanthus major,Lecanthus peduncularis,7300476,1
Dorstenia hockii,Urera baccifera,7411905,0
Parietaira micrantha,Elaeagnus angustifolia,3039269,0
Pyrus oblonga,Hedlundia roopiana,9356550,0
Rhamnus maytenoides,Condalia maytenoides,5602872,1
Rhamnus dianthes,Aronia prunifolia,5363613,0
Dorstenia buesgenii,Touchardia latifolia,2984457,0
Urtica caerulea,Gonostegia pentandra,4100866,0
Coussapoa cornifolia,Coussapoa parvifolia,4013182,1
Pyrus pollwilleriana,Fragaria nilgerrensis,3029934,0
Ficus coccolobifolia,Helicostylis tomentosa,3764831,0
Sorbus amici-petri,Prunus armeniaca,7818643,0
Spyridium waterhousii,Cryptandra waterhousii,3876063,1
Soulangia rubra,Boehmeria cylindrica,2984345,0
Pyrus tomentosa,Maclura tinctoria,2984583,0
Ulmus acuta,Brosimum oligandrum,11629865,0
Rubus viridis,Procris goepeliana,5669628,0
Prunus subcorymbosa,Prunus subcorymbosa,3022665,1
Artocarpus gongshanensis,Artocarpus gongshanensis,3764816,1
Boehmeria paniculata,Laportea ruderalis,4098684,1
Urtica madagascariensis,Obetia madagascariensis,4099791,1
Dorstenia renulata,Dorstenia renulata,7898972,1
Pyrus simonkaiana,Celtis sinensis,4159594,0
Lasiodiscus contumax,Lasiodiscus fasciculiflorus,5602750,1
Ficus pseudobenjamina,Ficus amplissima,5572290,1
Heteromeles fremontiana,Pouzolzia sanguinea,7300542,0
Urtica parietariifolia,Parietaria debilis,5361795,1
Chaenomeles japonica,Helinus lanceolatus,7273768,0
Pilea involucrata,Pilea pubescens,7300898,1
Sorbus decipientiformis,Artocarpus rigidus,2984576,0
Sageretia riparia,Ochetophila trinervis,3877218,1
Ambaiba goudotiana,Cecropia goudotiana,4013446,1
Trema amboinensis,Trema tomentosum,7303576,1
Abelicea cretica,Potentilla crantzii,5366215,0
Adicea sublucens,Boehmeria repens,2984358,0
Papyrius papyrifera,Prunus emarginata,7272137,0
Celtis rugosa,Aria edulis,8411755,0
Urtica magellanica,Urtica magellanica,7300920,1
Crataegus smithii,Crataemespilus lobata,12208838,1
Eriobotrya petiolata,Physocarpus opulifolius,2988354,0
Rhamnidium jamaicense,Auerodendron jamaicense,3876898,1
Spiraea rigoldi,Elaeagnus angustifolia,3039269,0
Physocarpus monogynus,Physocarpus monogynus,2988349,1
Photinia wardii,Photinia integrifolia,5363967,1
Aruncus silvester,Aruncus dioicus,5362136,1
Celtis mukii,Aphananthe aspera,4159921,1
Eriobotrya petiolata,Rhaphiolepis petiolata,10845808,1
Pyrus balatonica,Neraudia melastomifolia,2984376,0
Parinari guyanense,Brosimum rubescens,3762826,1
Trophis aurantiaca,Olmedia aspera,7954917,1
Pilea repens,Padus bracteata,8632667,0
Trichocephalus ruber,Phylica rubra,3874895,1
Neillia fugongensis,Neillia sinensis,3024789,1
Pygeum forbesii,Prunus schlechteri,3022025,1
Diplothorax tonkinensis,Obetia madagascariensis,4099791,0
Cerasus duracina,Rhaphiolepis serrata,10740422,0
Ficus microtricherinos,Ficus albipila,7262874,1
Ziziphus rotundifolia,Ziziphus nummularia,3039427,1
Alphitonia erubescens,Physocarpus monogynus,2988349,0
Prunus sana,Artocarpus altilis,2984573,0
Aruncus kyusianus,Aruncus sylvester,6369098,1
Pyrus croceocarpa,Laportea aestuans,2984466,0
Ceanothus levigatus,Ceanothus americanus,3039318,1
Dorstenia edeensis,Prunus avium,3020791,0
Pouzolzia tomentosa,Gonostegia triandra,4100795,1
Armeniaca anomala,Prunus armeniaca,7818643,1
Physocarpus ribesifolius,Frangula sphaerosperma,3039467,0
Ziziphus vulgaris,Chaenomeles speciosa,3000679,0
Crataegus rotundifolia,Artocarpus altissimus,3765235,0
Parietaria rubicunda,Parietaria officinalis,5361803,1
Morus deqinensis,Artocarpus lacucha,7873234,0
Phylica scandens,Gouania stipularis,7709974,1
Phyllostylon orthopterum,Osteomeles schwerinae,3024838,0
Momisia flexuosa,Celtis brasiliensis,7303606,1
Eriobotrya griffithii,Trilepisium madagascariense,3766911,0
Pilea crucensis,Phyllogeiton zeyheri,3874536,0
Potentilla breviscissa,Neillia rubiflora,3024781,0
Hahnia arbutifolia,Aronia arbutifolia,5363629,1
Pyrus densiflora,Aronia arbutifolia,5363629,1
Alsodeia grandis,Rhaphiolepis bengalensis,10869066,1
Ficus acuminata,Hippophae goniocarpa,4048210,0
Girtanneria theezans,Sageretia thea,3039516,1
Rhamnus buergeri,Cryptandra arbutiflora,7273629,0
Debregeasia spiculifera,Boehmeria repens,2984358,0
Urtica melanocarpa,Cypholophus melanocarpus,4099728,1
Acaena subtusvillosula,Acaena magellanica,5370832,1
Crataegus furtiva,Phylica glabrata,3875842,0
Prunus cyanosphaera,Trema eurhynchum,9734868,0
Petrophyton cinerascens,Gonostegia parvifolia,4100881,0
Morus colombassa,Spiraea chamaedryfolia,3026406,0
Chaetoptelea pseudofulva,Gonostegia triandra,4100795,0
Urtica verrucosa,Debregeasia longifolia,4099305,1
Urera boliviensis,Urera simplex,4098366,1
Boehmeria florida,Boehmeria cylindrica,2984345,1
Pyrus alpina,Rhaphiolepis merguiensis,10803865,0
Oreoherzogia taurica,Atadinus libanoticus,9561769,1
Physocarpus gracilis,Doerpfeldia cubensis,3875287,0
Choenomeles cancellata,Ulmus glabra,5361866,0
Cecropia mituana,Cecropia ficifolia,8173870,1
Mespilus pycnoloba,Crataegus pycnoloba,3013789,1
Rubus myrianthus,Ulmus pumila,5361877,0
Urostigma neglectum,Ficus benjamina,5361932,1
Eriobotrya oblongifolia,Rhaphiolepis oblongifolia,11053020,1
Crumenaria diffusa,Crumenaria decumbens,3875417,1
Ziziphus melastomoides,Sarcomphalus melastomoides,9066750,1
Urera tuberculata,Celtis caucasica,7141655,0
Urtica subincisa,Urtica portosanctana,5670622,1
Ulmus inflexa,Ulmus glabra,5361866,1
Ceanothus mystacinus,Helinus mystacinus,3875546,1
Brosimum refractum,Brosimum gaudichaudii,7262433,1
Artocarpus mollis,Artocarpus lacucha,7873234,1
Sorbaria rhoifolia,Sorbaria pallasii,3012125,1
Sorbus hungarica,Rhaphiolepis indica,11237736,0
Celtis ituriensis,Spyridium globulosum,3877637,0
Crataegus pratensis,Boehmeria hamiltoniana,4098770,0
Drimopogon parvifolia,Scandosorbus intermedia,10071055,0
Urtica scabra,Oreocnide rubescens,4099400,1
Prunus rubicunda,Sageretia elegans,3876721,0
Elatostema reptans,Elatostema parvum,7300859,1
Condalia lloydii,Sarcomphalus lloydii,8780081,1
Piratinera glaucifolia,Brosimum gaudichaudii,7262433,1
Sponia rigida,Trema orientale,2984508,1
Ficus onusta,Sarcomphalus strychnifolius,8759836,0
Coussapoa obovata,Ficus asperiuscula,5571880,0
Phylica hirsuta,Phylica axillaris,3876343,1
Celtis spinosissima,Celtis iguanaea,2984498,1
Pourthiaea cotoneaster,Frangula polymorpha,7274018,0
Colletia brevispina,Karpatiosorbus haesitans,9585443,0
Cryptandra daltonii,Spyridium daltonii,3874465,1
Pyrus beckii,Photinia glabra,5363818,1
Sorbus latisedes,Atadinus glaucophyllus,9534958,0
Neillia longiracemosa,Oreocnide rubescens,4099400,0
Aria semiincisa,Noltea africana,3877365,0
Noyera ruber,Perebea rubra,7262674,1
Morus nana,Urera caracasana,2984335,0
Laportea densiflora,Dendrocnide densiflora,4098926,1
Ziziphus glabra,Ziziphus rugosa,7273665,1
Parietaria appendiculata,Maclura tinctoria,2984583,0
Covellia grandifolia,Aronia arbutifolia,5363629,0
Ficus sclerocarpa,Ficus auriculata,5571773,1
Procris urticifolia,Dorstenia brownii,3765760,0
Rhamnus linearis,Acaena confertissima,5370816,0
Eriobotrya laoshanica,Treculia africana,7895921,0
Urtica elata,Rubus baileyanus,2989820,0
Pseudopipturus melastomifolius,Nothocnide melastomatifolia,4099920,1
Sageretia compacta,Rubus couchii,2991725,0
Stenanthemum waterhousii,Cryptandra waterhousii,3876063,1
Prunus densifolia,Karpatiosorbus eximia,9369846,0
Pyracantha crenulata,Afromorus mesozygia,11122103,0
Parasponia rigida,Torminalis glaberrima,9410160,0
Ficus viridescens,Colubrina texensis,5372460,0
Celtis americana,Broussonetia kaempferi,5569771,0
Aria hybrida,Ulmus hollandica,7141604,0
Laportea amplissima,Dendrocnide amplissima,4099119,1
Pygeum tetradenium,Prunus schlechteri,3022025,1
Alchemilla triloba,Cecropia hololeuca,4013377,0
Ulmus tridens,Ulmus rubra,5361867,1
Ziziphus rignonii,Paliurus ramosissimus,5603062,0
Citharexylum scabra,Cecropia ulei,4013179,1
Photinia mairei,Photinia lasiogyna,5364025,1
Sorbus fallax,Elatostema hoffmannianum,4099325,0
Pyrus chingiana,Photinia chingiana,5363865,1
Urostigma costaricanum,Maoutia setosa,5671060,0
Prunus sachalinensis,Prunus sargentii,3020955,1
Urtica caracasana,Urera caracasana,2984335,1
Maoutia diversifolia,Maoutia diversifolia,5671121,1
Stranvaesia amphidoxa,Sageretia hamosa,7273915,0
Boehmeria lutescens,Cypholophus lutescens,4099764,1
Epicarpurus zeylanica,Discaria nana,8629951,0
Urera trinervis,Scepocarpus trinervis,11543475,1
Boehmeria cummingiana,Rhamnus prinoides,3875856,0
Elaeagnus elliptica,Elaeagnus latifolia,4048232,1
Boehmeria tosaensis,Boehmeria holosericea,7300512,1
Sponia carinata,Trymalium albicans,3875955,0
Scutia guayaquilensis,Physocarpus amurensis,2988383,0
Oenoplea lineata,Stenanthemum pimeleoides,3876610,0
Soulangia buxifolia,Pourthiaea villosa,8356787,0
Sponia guineensis,Trema orientale,2984508,1
Pyrus sargentii,Chaenomeles japonica,3000610,1
Pilea swartzii,Boehmeria repens,2984358,1
Spiraea raizadae,Spiraea alpina,3026665,1
Urtica villosa,Laportea aestuans,2984466,1
Cudrania fruticosa,Maclura fruticosa,3764318,1
Boehmeria platanifolia,Bleekrodea madagascariensis,3763815,0
Colletia bictoensis,Rubus barberi,2999487,0
Urtica lucens,Pilea lucens,7300786,1
Acaena oligoglochin,Potentilla radiata,5366051,0
Celtis triflora,Celtis iguanaea,2984498,1
Urtica tetraphylla,Pilea tetraphylla,5670037,1
Rubus pinnatus,Treculia africana,7895921,0
Maclura mora,Ficus benjamina,5361932,0
Trema xerophila,Atadinus alpinus,3877063,0
Cryptandra subochreata,Poikilospermum micranthum,4013203,0
Pyrus lanceolata,Rhaphiolepis lanceolata,5371535,1
Ceanothus myrianthus,Retanilla ephedra,7273774,0
Cerasus diffusa,Prunus microcarpa,3021376,1
Persica militensis,Poikilospermum amboinense,4013310,0
Amygdalus ulmifolia,Laportea aestuans,2984466,0
Actaea dioica,Aruncus dioicus,5362136,1
Pontya excelsa,Boehmeria depauperata,4099464,0
Sorbus xthuringiaca,Hedlundia thuringiaca,9471386,1
Acaena chamaecaena,Rhamnus biglandulosa,3877077,0
Urtica berlandieri,Achudemia myriantha,11208539,0
Ampelocera verrucosa,Ampelocera ruizii,4159991,1
Boehmeria dichotoma,Debregeasia longifolia,4099305,1
Phylica microcephala,Elatostema paucidentatum,4101508,0
Boehmeria candolleana,Pipturus argenteus,6414892,1
Osmaronia padiformis,Frangula marahuacensis,8157442,0
Crataegus triloba,Atadinus cornifolius,9408776,0
Trymalium microphyllum,Celtis sinensis,4159594,0
Cerasus blinovskii,Prunus incana,3020605,1
Cryptandra phlebophylla,Spyridium phlebophyllum,3877282,1
Piratinera paraensis,Brosimum rubescens,3762826,1
Boehmeria austrina,Boehmeria cylindrica,2984345,1
Laportea subclausa,Celtis iguanaea,2984498,0
Cerasus takasagomontana,Prunus transarisanensis,3023032,1
Zizyphus joazeiro,Ficus henryi,5570621,0
Cryptandra mutila,Cryptandra mutila,3876969,1
Pyrus carniolica,Hedlundia carniolica,9975561,1
Laportea gaudichaudiana,Dendrocnide meyeniana,4098765,1
Mithridatea toxicaria,Brosimum gaudichaudii,7262433,0
Ficus cuspidatocaudata,Ficus benjamina,5361932,1
Saccus teysmannii,Taxotrophis taxoides,11138557,0
Artocarpus nitidus,Artocarpus lamellosus,3764628,1
Potentilla kinabaluensis,Argentina kinabaluensis,8304324,1
Trichocephalus trachyphyllus,Phylica trachyphylla,3874637,1
Morus tatarica,Morus alba,5361889,1
Cotoneaster koidzumii,Pyracantha koidzumii,2988162,1
Dorstenia benguellensis,Rhamnidium elaeocarpum,3874704,0
Discaria montana,Discaria chacaye,5602883,1
Boehmeria glochidiata,Pouzolzia zeylanica,2984383,1
Elatostema stracheyanum,Argentina yonoweana,8291289,0
Rubus corymbosus,Rubus corymbosus,7983488,1
Elaeagnus parrifolia,Elaeagnus umbellata,3039267,1
Sponia rufescens,Ulmus hollandica,7141604,0
Sciophila frutescens,Karpatiosorbus kitaibeliana,10335706,0
Mespilus montana,Aronia arbutifolia,5363629,1
Spiraea arenaria,Spiraea hailarensis,3027387,1
Dorstenia mundamensis,Shepherdia rotundifolia,5372428,0
Boehmeria utilis,Ulmus hollandica,7141604,0
Potentilla moupinensis,Fragaria moupinensis,3029818,1
Urtica rhodopleura,Oreocnide rhodopleura,4099423,1
Holodiscus dumosus,Holodiscus discolor,2987780,1
Ulmus divaricata,Ulmus serotina,5361861,1
Epicarpurus asper,Sorocea hilarii,3762918,0
Potentilla hemicryophila,Potentilla crebridens,6368994,1
Discaria prostrata,Discaria nana,8629951,1
Sorbus pontis-satanae,Aria pontis-satanae,9501666,1
Parietaria diffusa,Parietaria officinalis,5361803,1
Boehmeria obliqua,Potentilla hypargyrea,5365530,0
Chamaemespilus ambigua,Dendrocnide subclausa,4098477,0
Parietaria rufa,Prunus javanica,3022372,0
Trichocephalus gracilis,Rhaphiolepis indica,5371542,0
Pomaderris subochreata,Artocarpus integer,2984566,0
Rhaphiolepis loureiri,Rhaphiolepis indica,5371542,1
Cydonia veitchii,Pipturus albidus,7500826,0
Sarcopilea domingensis,Pilea fairchildiana,7736518,1
Photinia parvifolia,Urera baccifera,7411905,0
Rubus arbor,Rubus malifolius,2989397,1
Planera richardii,Zelkova carpinifolia,7467231,1
Ficus imperialis,Sarcomphalus cinnamomum,8994554,0
Ventilago madraspatana,Australina pusilla,7300503,0
Spiraea procumbens,Discaria articulata,7840245,0
Rhaphiolepis loquata,Rhaphiolepis bibas,10786206,1
Sahagunia racemifera,Clarisia ilicifolia,7262841,1
Urtica quadrifolia,Pilea tetraphylla,5670037,1
Sorbus robertsonii,Aria robertsonii,9558333,1
Cerasus hortensis,Pilea rivularis,7300820,0
Ceanothus goldmanii,Ceanothus perplexans,3876275,1
Cecropia glauca,Cecropia pachystachya,4013385,1
Fleurya urticoides,Ziziphus angustifolia,3877032,0
Celtis fengqingensis,Celtis tetrandra,7366997,1
Chaenomeles citripomma,Sorbaronia sorbifolia,2987868,0
Cecropia boliviana,Poikilospermum erectum,4013260,0
Ziziphus melanogona,Celtis occidentalis,2984481,0
Perebea calophylla,Pilea urticifolia,5669690,0
Ulmus manshurica,Ulmus pumila,5361877,1
Tylanthus parviflorus,Oemleria cerasiformis,2988485,0
Distemon grossum,Neodistemon indicus,4100157,1
Rhamnus confinis,Touchardia latifolia,2984457,0
Sorbaria millefolium,Scutia myrtina,8317476,0
Gouania tiliifolia,Gouania microcarpa,5602966,1
Celtis planchoniana,Ulmus hollandica,7141604,0
Phenax pentlandianus,Granitites intangendus,3875622,0
Prunus erecta,Gouania hillebrandii,8240892,0
Streblus rectinervis,Acaena magellanica,5370832,0
Ficus fulva,Ficus holosericea,5570480,1
Pouzolzia zeylanica,Photinia lanuginosa,5363900,0
Colubrina pittieriana,Fatoua villosa,2984652,0
Ficus laccifera,Pouzolzia australis,4100976,0
Urtica smilacifolia,Crumenaria choretroides,3875398,0
Rhamnobrina heterophylla,Acaena magellanica,5370832,0
Naucleopsis pauciflora,Naucleopsis ternstroemiiflora,3767003,1
Fleurya divaricata,Gonostegia pentandra,4100866,0
Boehmeria rubescens,Oreocnide rubescens,4099400,1
Chlorophora brasiliensis,Maclura brasiliensis,7262554,1
Artocarpus jaca,Gironniera rhamnifolia,4159362,0
Rhamnus capreifolia,Acaena poeppigiana,5370739,0
Morus pandurata,Morus celtidifolia,5570117,1
Sorbus balatonica,Dendrocnide stimulans,4098487,0
Potentilla burdujae,Pourthiaea villosa,8356787,0
Pyrus bohemica,Prunus argentea,3023068,0
Boehmeria cephalida,Cecropia angustifolia,4013465,0
Elaeagnus fasciculata,Argentina brassii,7773714,0
Rubus indutus,Rubus indutus,2997952,1
Colletia tenuicola,Colletia spinosissima,6371450,1
Urera crenulata,Pomaderris flabellaris,3877084,0
Phylica hirsuta,Phylica pinea,3875149,1
Pyrus callosa,Urera caracasana,2984335,0
Pyrus intermedia,Ochetophila trinervis,3877218,0
Trema philippinense,Trema eurhynchum,9734868,1
Opa metrosideros,Ziziphus nummularia,3039427,0
Ulmus lancifolia,Trema cannabina,2984507,0
Villebrunea boniana,Oreocnide boniana,4099663,1
Coussapoa williamsii,Streblus asper,10242935,0
Phylica ledifolia,Aria umbellata,9330923,0
Pomaderris phillyrifolia,Pomaderris vacciniifolia,3875825,1
Rhamnus chlorophora,Rhamnus globosa,6371045,1
Maquira granatensis,Perebea xanthochyma,3765422,1
Trymalium spadiceum,Ficus benjamina,5361932,0
Artocarpus paloensis,Celtis occidentalis,2984481,0
Rhamnus libanoticus,Cydonia oblonga,5362215,0
Sorbus pubescens,Crataegus pruinosa,7790552,0
Crataegus aspera,Poikilospermum microstachys,4013197,0
Elatostema platyphylloides,Elatostema prunifolium,4101005,0
Elaeagnus ebbingei,Pilea melastomoides,5670477,0
Urtica bracteata,Berchemia edgeworthii,3876494,0
Ulmus major,Ulmus hollandica,7141604,1
Trevoa spinifera,Scutia myrtina,8317476,0
Elatostema succosum,Procris pedunculata,5671195,1
Ficus ayresii,Ficus mauritiana,5571388,1
Photinia amphidoxa,Pourthiaea amphidoxa,3024230,1
Duchesnea filipendula,Neillia tanakae,2987948,0
Zelkova crenata,Trema micranthum,2984501,0
Urtica romana,Urtica pilulifera,5670646,1
Urtica burchellii,Poikilospermum acuminatum,4013317,0
Morus caroliniana,Spyridium parvifolium,7273996,0
Gouania viridis,Gouania lupuloides,5372440,1
Tetraglochin caespitosa,Colletia spinosissima,6371450,0
Cydonia wilsonii,Chaenomeles speciosa,3000679,1
Acaena philippii,Acaena sericea,5370716,1
Pipturus brighamii,Pipturus albidus,7500826,1
Rhamnus indica,Trema orientale,2984508,0
Pyrus arvonicola,Pilea multiflora,5670242,0
Pyrus malipoensis,Aphananthe cuspidata,8293016,0
Sarcomphalus cubensis,Rhamnus salicifolia,3875112,0
Chamaedryfolia tenacissima,Colubrina retusa,7273891,0
Boehmeria cavaleriei,Acaena eupatoria,5370647,0
Crataegus crocina,Crataegus berberifolia,3014985,1
Discaria doniana,Ziziphus oenopolia,3875331,0
Malus aria,Aria edulis,8411755,1
Colubrina reclinata,Colubrina elliptica,5372458,1
Pyrus lanceolata,Elatostema parvum,7300859,0
Boehmeria arborescens,Boehmeria caudata,7610513,1
Pellionia insularis,Taxotrophis zeylanica,3767138,0
Trema acuminatissimum,Trema angustifolium,4159501,1
Ziziphus latifolia,Acaena magellanica,5370832,0
Urtica atrovirens,Ficus orthoneura,5570349,0
Ziziphus atacorensis,Ziziphus abyssinica,3877223,1
Sorbus albensis,Acaena magellanica,5370832,0
Elatostema machaerophyllum,Elatostematoides machaerophyllum,4098345,1
Eriobotrya hookeriana,Gironniera rhamnifolia,4159362,0
Boehmeria sordida,Artocarpus lacucha,7873234,0
Photinia impressivena,Phylica rubra,3874895,0
Pyrus decipiens,Frangula microphylla,3877750,0
Ulmus acuminatissima,Ulmus hollandica,7141604,1
Plecospermum laurifolium,Paratrophis anthropophagorum,12239769,0
Urtica chiple,Spiraea japonica,8170635,0
Mespilus chapmanii,Crataegus punctata,3014805,1
Brosimum caloxylon,Brosimum rubescens,3762826,1
Crataegus tersa,Procris crenata,5669749,0
Urtica ulmifolia,Phenax sonneratii,6414569,1
Boehmeria nervosa,Artocarpus glaucus,3764827,0
Ceanothus eglandulosus,Ceanothus leucodermis,3039329,1
Droguetia umbricola,Didymodoxa caffra,4098352,1
Colubrina papuana,Emmenosperma papuanum,3877110,1
Spiraea parvifolia,Sorocea bonplandii,3763071,0
Fragaria nubicola,Crataegus pruinosa,7790552,0
Urtica sinuata,Dendrocnide sinuata,4098506,1
Reynosia intermedia,Reynosia microphylla,3875222,1
Pyrus meridionalis,Aria graeca,5370233,1
Elaeagnus multiflora,Elaeagnus multiflora,3039272,1
Planera crenata,Planera lingualis,11918537,1
Potentilla pumila,Brosimum guianense,7374879,0
Spiraea hendersonii,Petrophytum hendersonii,3030192,1
Sponia wightii,Trema parviflorum,9662432,0
Ceanothus arnoldi,Ceanothus delileanus,4928516,1
Pyrus leighensis,Rosa beggeriana,7832083,0
Karwinskia oblongifolia,Rhamnidium elaeocarpum,3874704,1
Phenax vulgaris,Phenax sonneratii,6414569,1
Ceanothus pubiflorus,Sarcomphalus cinnamomum,8994554,0
Teonongia tonkinensis,Atadinus fallax,9581355,0
Spiraea bumalda,Spiraea bumalda,3027068,1
Pyrus prinoides,Rhaphiolepis prinoides,10804358,1
Epicarpurus microphyllus,Ceanothus regius,10030111,0
Crataegus steveniana,Parietaria floridana,5361793,0
Ziziphus piurensis,Sarcomphalus piurensis,8902721,1
Ceanothus grandiflorus,Pilea parietaria,5361834,0
Artocarpus jarrettii,Artocarpus elasticus,7425575,1
Morus virginica,Morus rubra,5361886,1
Urtica leptostachys,Potentilla khasiana,5365347,0
Conocephalus subtrinervius,Poikilospermum subtrinervium,4013121,1
Urtica spicata,Aria umbellata,9330923,0
Mespilus canescens,Crataemespilus canescens,8872103,1
Sorbus pseudodanubialis,Pilea rivularis,7300820,0
Laportea longispica,Laportea cuspidata,7300634,1
Paliurus solitarius,Aria porrigentiformis,9448867,0
Boehmeria calophleba,Pouzolzia australis,4100976,1
Urtica javaensis,Dendrocnide sinuata,4098506,1
Boehmeria klossii,Gironniera parvifolia,4159419,0
Ceanothus triqueter,Rhamnus triquetra,12256834,1
Boehmeria atrovirens,Boehmeria cylindrica,2984345,1
Ficus cataractorum,Sorbaronia sorbifolia,2987868,0
Crataegus evansiana,Crataegus margarettae,3014697,1
Opulaster ramaleyi,Physocarpus intermedius,2988352,1
Rhamnus nicolae,Frangula rupestris,3877335,1
Sorbus huljakii,Aria edulis,8411755,1
Oreocnide scabra,Oreocnide rubescens,4099400,1
Pseudolmedia oxyphyllaria,Pseudolmedia glabrata,3764285,1
Ficus trichosphaeridia,Fragaria pentaphylla,3018319,0
Parietaria assurgens,Boehmeria japonica,7300501,0
Streblus glaber,Paratrophis glabra,3765995,1
Ulmus virgata,Trema orientale,2984508,0
Cryptandra connata,Boehmeria cylindrica,2984345,0
Olmedia erythrorhiza,Clarisia racemosa,5572170,1
Pouzolzia rheedii,Celtis trinervia,2984493,0
Sorbus dubronensis,Pyracantha coccinea,2988188,0
Potentilla arvensis,Procris pedunculata,5671195,0
Photinia lancifolia,Ceanothus pauciflorus,3876325,0
Spiraea margaritae,Spiraea superba,3026423,1
Potentilla frigida,Elatostema rupestre,4100361,0
Elaeagnus canadensis,Shepherdia canadensis,5372427,1
Urtica subinermis,Urtica subinermis,5670031,1
Cecropia flagellifera,Cecropia polystachya,4013171,1
Bosquiea calcicola,Ulmus hollandica,7141604,0
Cyathanthus zenkeri,Cryptandra leucophracta,3877146,0
Sparattosyce balansae,Gouania hillebrandii,8240892,0
Trophis taxoides,Taxotrophis taxoides,11138557,1
Aria decaisneana,Hedlundia pauca,9259323,0
Sorbus boscii,Hedlundia thuringiaca,9471386,1
Pouzolzia conulifera,Discocnide mexicana,4098157,0
Urera javaenensis,Rhaphiolepis bengalensis,10869066,0
Kentrothamnus penninervius,Aria graeca,5370233,0
Mertensia aculeata,Celtis iguanaea,2984498,1
Bosqueia carvalhoana,Trilepisium madagascariense,3766911,1
Urtica paniculata,Prunus ulmifolia,3023601,0
Dorstenia martiana,Prunus arabica,3022146,0
Pyrus gemella,Karpatiosorbus gemella,9594195,1
Pyrus berberidifolia,Photinia berberidifolia,5363899,1
Pyrus milensis,Margyricarpus alatus,3030140,0
Dorstenia riedeliana,Dorstenia arifolia,7262742,1
Cecropia franciscii,Cryptandra tubulosa,3876136,0
Condalia lycioides,Sarcomphalus obtusifolius,8937468,1
Ulmus gigantea,Ulmus glabra,5361866,1
Treculia parva,Dorstenia djettii,3765162,0
Ulmus opaca,Alphitonia excelsa,3039494,0
Ceanothus glaber,Prunus armeniaca,7818643,0
Reynosia ekmanii,Fatoua villosa,2984652,0
Acaena adscendens,Celtis toka,4160100,0
Urtica pellucida,Pipturus argenteus,6414892,1
Malus torminalis,Ulmiphyllum crassinerve,9171465,0
Pyrus avonensis,Urtica hyperborea,5669894,0
Sorbus richii,Villebrunea glomerata,4102066,0
Margyricarpus alatus,Helinus mystacinus,3875546,0
Morus serotina,Morus alba,5361889,1
Crataegus latisepala,Argentina lineata,8228815,0
Crataegus egens,Crataegus senta,3013958,1
Goethartia edentata,Elatostema cuspidatum,7300775,0
Photinia koreana,Pourthiaea villosa,8356787,1
Ficus mollis,Colubrina elliptica,5372458,0
Urtica ulmifolia,Urera caracasana,2984335,1
Olmedia poeppigiana,Morus alba,5361889,0
Trymalium serpyllaceum,Prunus arborea,3021654,0
Dorstenia peltata,Acaena trifida,5370812,0
Spiraea thyrsiflora,Neillia thyrsiflora,3024763,1
Trophis aspera,Streblus asper,10242935,1
Luetkea uniflora,Aphanes floribunda,5365020,0
Ceanothus myrianthus,Ceanothus integerrimus,3039382,1
Pomaderris ovaria,Boehmeria lanceolata,4098245,0
Ulmus pitteursii,Ulmus pitteursii,5680201,1
Phylica capitata,Phylica rigida,3874950,1
Tylanthus emirnensis,Boehmeria depauperata,4099464,0
Pyrus lindleyana,Smythea lanceata,3039431,0
Cerasus dulcis,Sorocea briquetii,3763058,0
Fleurya corylifolia,Laportea aestuans,2984466,1
Ziziphus weberbaueri,Ampalis mauritiana,3765609,0
Urtica hastata,Rhaphiolepis stipularis,10676307,0
Prunus varia,Prunus avium,3020791,1
Pilea nepalensis,Dorstenia erythrandra,8892698,0
Rubus limprichtii,Rubus malifolius,2989397,1
Celtis mississippiensis,Celtis laevigata,2984491,1
Cotoneaster crenulatus,Pyracantha crenulata,2988172,1
Sponia imbricata,Reissekia smilacina,8188318,0
Coussapoa setosa,Celtis gomphophylla,4159937,0
Celtis flagellaris,Celtis brasiliensis,7303606,1
Urtica saxicola,Stenanthemum pomaderroides,3876586,0
Myrianthus talbotii,Myrianthus preussii,7316418,1
Urtica arbarea,Aphananthe aspera,4159921,0
Frangula nervosa,Frangula sphaerosperma,3039467,1
Dendrocnide nitida,Poikilospermum dubium,4013268,0
Boehmeria interrupta,Laportea interrupta,2984469,1
Cryptandra eriocephala,Spyridium eriocephalum,7274041,1
Ancistrum sarmentosum,Morus alba,5361889,0
Hippophae litangensis,Hippophae litangensis,4048188,1
Forsskaolea leptostachys,Pourthiaea villosa,8356787,0
Condaliopsis rigida,Condalia rigida,5602834,1
Pipturus rotundifolius,Cecropia polystachya,4013171,0
Frangula nelsonii,Frangula mucronata,3877732,1
Polystorthia arboreum,Prunus arborea,3021654,1
Morus tataiba,Maclura tinctoria,2984583,1
Urera gravenreuthii,Scepocarpus gravenreuthii,11462860,1
Urostigma globosum,Paratrophis pendulina,11172036,0
Ziziphus roxburghii,Crataegus douglasii,3013580,0
Ceanothus triquetrus,Boehmeria ternifolia,4100788,0
Momisia clausseniana,Celtis brasiliensis,7303606,1
Rhamnus sempervirens,Rhamnus infectoria,3874579,0
Spiraea grossulariifolia,Spiraea grossulariifolia,3853655,1
Gouania sericea,Gouania mauritiana,5602974,1
Sorbus discolor,Majovskya ambigua,9285492,1
Pyrus mercurius,Potentilla pedata,8327079,0
Rhamnus hintonii,Frangula hintonii,8334165,1
Pilea floribunda,Pseudolmedia glabrata,3764285,0
Elatostematoides australis,Treculia africana,7895921,0
Maria turbinata,Potentilla multifida,8416400,0
Colletia atrox,Rhaphiolepis indica,5371542,0
Cecropia sucrensis,Cecropia pastasana,4013294,1
Pyrus barabitsii,Karpatiosorbus barabitsii,9473916,1
Rhaphiolepis parvibracteolata,Rhaphiolepis indica,5371542,1
Urostigma diospyrifolium,Ficus diospyrifolia,5572356,1
Rhamnus sarcomphalus,Sarcomphalus laurinus,7273826,1
Touchardia molokaiensis,Elatostematoides fruticulosum,10698121,0
Aphanes microcarpa,Aphanes microcarpa,9062455,1
Tylanthus empetroides,Phylica disticha,3876001,1
Ceanothus fresnensis,Ulmus szechuanica,5680310,0
Elatostema smilacinum,Aronia arbutifolia,5363629,0
Rhamnus tumetica,Colletia paradoxa,5602738,0
Urticastrum divaricatum,Laportea canadensis,2984463,1
Cerasus antilibanotica,Prunus microcarpa,3021376,1
Pyrus pontis-satanae,Scepocarpus rigidus,11732428,0
Pygeum arboreum,Prunus arborea,3021654,1
Rhamnus nabeca,Neillia thyrsiflora,3024763,0
Porteranthus stipulatus,Frangula longipes,3877791,0
Opulaster sinensis,Kelseya uniflora,2988160,0
Trema philippinensis,Persica nucicarpa,3032512,0
Celtis rockii,Poikilospermum suaveolens,4013131,0
Trichocephalus virgata,Phylica virgata,3874598,1
Boehmeria phyllostachya,Boehmeria nivea,2984359,0
Reynosia orbiculata,Neraudia ovata,2984372,0
Streblus urophyllus,Paratrophis glabra,3765995,1
Morus nervosa,Morus alba,5361889,1
Prunus platycarpa,Rhaphiolepis elliptica,10758611,0
Papyrius japonica,Malacomeles nervosa,2988298,0
Ficus repens,Rubus malifolius,2989397,0
Pyrus umbilicata,Spyridium eriocephalum,7274041,0
Pseudopipturus mollissimus,Nothocnide mollissima,4099907,1
Hahnia arbutifolia,Procris rectangulare,5671119,0
Ziziphus obtusifolia,Urtica urens,5361815,0
Celtis smallii,Celtis laevigata,2984491,1
Brosimum myristicoides,Brosimum potabile,3762892,1
Pilea pellucida,Atadinus fallax,9581355,0
Crataegus cirrata,Crataegus senta,3013958,1
Gironniera borneensis,Gironniera subaequalis,4159324,1
Cecropia danielis,Cecropia angustifolia,4013465,1
Pleiosorbus wardii,Physocarpus monogynus,2988349,0
Celtis collinsae,Celtis philippensis,7303643,1
Ziziphus helvola,Brosimum steyermarkii,11782436,0
Streblus zeylanicus,Taxotrophis zeylanica,3767138,1
Cecropia pinnatiloba,Celtis rigescens,4159994,0
Trema rigidum,Trema rigidum,9698943,1
Ceanothus divaricatus,Ceanothus leucodermis,3039329,1
Colletia montana,Cydonia oblonga,5362215,0
Pyracantha mekongensis,Sibiraea laevigata,3032453,0
Neillia bracteata,Physocarpus opulifolius,2988354,1
Elaeagnus chekiangensis,Poikilospermum suaveolens,4013131,0
Urtica lamiifolia,Celtis serratissima,10821460,0
Sageretia decussata,Scutia spicata,7273727,1
Morus barkamensis,Taxotrophis macrophylla,3767188,0
Fragaria californica,Potentilla nitida,5367673,0
Cryptandra lasiophylla,Parietaria debilis,5361795,0
Arthmiocarpus hesperus,Araucaria hespera,11122392,1
Urostigma rufum,Ficus holosericea,5570480,1
Potentilla terglouvensis,Ulmus hollandica,7141604,0
Pyrus greenii,Procris pedunculata,5671195,0
Prunus anomala,Pouzolzia sanguinea,7300542,0
Acaena hieronymi,Acaena myriophylla,5371108,1
Ceanothus celtidifolius,Cecropia mutisiana,4013487,0
Debregeasia atrata,Gonostegia triandra,4100795,0
Artocarpus erythrocarpus,Artocarpus lacucha,7873234,1
Pyrus maliformis,Cydonia oblonga,5362215,1
Conocephalus warburgii,Dorstenia benguellensis,3765939,0
Trema molle,Celtis tetrandra,7366997,0
Dorstenia verdickii,Rhamnus prinoides,3875856,0
Sorbus heilingensis,Poikilospermum suaveolens,4013131,0
Poterium humile,Ampalis mauritiana,3765609,0
Colletia chacaye,Rhaphiolepis platyphylla,10683774,0
Ficus javanensis,Ficus montana,8041955,1
Pellionia falcata,Ceanothus lorenzenii,10375932,0
Kelseyi uniflora,Aria greenii,9310020,0
Morus goldmanii,Dorstenia renulata,7898972,0
Prunus involucrata,Prunus pseudocerasus,3021437,1
Prunus prunifolia,Prunus emarginata,7272137,1
Urera magna,Dendrocnide harveyi,4098856,0
Neillia ribesioides,Paratrophis microphylla,7974324,0
Laportea photiniphylla,Dendrocnide photiniphylla,4098637,1
Sorbaria rhoifolia,Rhaphiolepis integerrima,7064880,0
Laportea costata,Didymodoxa capensis,7300493,0
Pyrus haesitans,Karpatiosorbus haesitans,9585443,1
Crataegus sanguinea,Ficus benjamina,5361932,0
Potentilla silvanus,Boehmeria splitgerbera,4101039,0
Persica mira,Prunus mira,3022504,1
Pellionia leiocarpa,Elatostema leiocarpum,11184605,1
Boehmeria anisoneura,Cypholophus anisoneurus,7826691,1
Sorbus subdanubialis,Aria subdanubialis,9613746,1
Crataegus latifolia,Rhaphiolepis laoshanica,10699611,0
Sorbus turbinata,Aria edulis,8411755,1
Cosaria forskahlii,Pouzolzia laevigata,4100090,0
Vauquelinia corymbosa,Vauquelinia corymbosa,3001748,1
Celtis utilis,Celtis orthocanthos,7955683,1
Trymalium thomasoides,Crataegus senta,3013958,0
Pyracantha crenatiserrata,Phyllostylon brasiliensis,4927755,0
Urtica obnoxia,Dendrocnide sinuata,4098506,1
Potentilla fallens,Argentina fallens,7700126,1
Coussapoa schunkei,Coussapoa nitida,4013298,1
Acaena rahuensis,Acaena platyacantha,5371179,1
Condalia lineata,Ficus neriifolia,8007516,0
Urtica corylifolia,Procris repens,7916114,0
Ivesia saxosa,Torminalis glaberrima,9410160,0
Rhamnus neblinensis,Frangula neblinensis,8345431,1
Potentilla acuminata,Potentilla saxosa,5370099,1
Rubus indicus,Spiraea rigoldi,3853433,0
Spiraea xpseudosalicifolia,Crataegus pruinosa,7790552,0
Urera tuerckheimii,Urera simplex,4098366,1
Cassine domingensis,Aria edulis,8411755,0
Ceanothus mocinoanus,Argentina emodi,7854498,0
Morocarpus dentatus,Berchemia polyphylla,8142461,0
Ceanothus californicus,Ceanothus integerrimus,3039382,1
Photinia subsessilis,Sageretia minutiflora,8054984,0
Trevoa berteroana,Atadinus imeretinus,9471532,0
Spiraea nana,Crataegus margarettae,3014697,0
Eriobotrya platyphylla,Crataegus sanguinea,3013574,0
Duretia platanifolia,Rhamnella martini,3874883,0
Leucosyke alba,Leucosyke capitellata,4102514,1
Laportea vitiensis,Dendrocnide vitiensis,4098403,1
Pourouma cuspidata,Pourouma cuspidata,4013412,1
Cryptandra ericifolia,Cryptandra australis,3874594,1
Crataegus prunifolia,Phylica buxifolia,3876260,0
Urtica hirta,Phenax hirtus,7300652,1
Polydontia arborea,Prunus arborea,3021654,1
Celtis crenata,Celtis brasiliensis,7303606,1
Cudrania spinosus,Maclura cochinchinensis,7262552,1
Pilea verrucosa,Pilea gracilis,5669760,1
Laportea platycarpa,Argentina sumatrana,8298825,0
Coussapoa intermedia,Pourthiaea arguta,2988149,0
Gesnouinia boehmerioides,Phenax sonneratii,6414569,1
Gironniera zeylanica,Debregeasia longifolia,4099305,0
Elaeagnus paucilepidota,Aronia prunifolia,5363613,0
Chaetachme meyeri,Physocarpus opulifolius,2988354,0
Dorstenia argentata,Dorstenia turnerifolia,3762794,1
Pellionia annamica,Adolphia infesta,5372476,0
Ficus dendroctona,Ficus dendrocida,5572579,1
Photinia sieboldii,Rhaphiolepis indica,5371542,1
Pellionia lamii,Cecropia angustifolia,4013465,0
Ziziphus ridleyana,Taxotrophis zeylanica,3767138,0
Ziziphus roxburghiana,Colubrina triflora,5602971,0
Ramium calophlebum,Pouzolzia australis,4100976,1
Ficus loddigesii,Trema cannabina,2984507,0
Brosimum discolor,Laportea interrupta,2984469,0
Rosa gennarii,Pouzolzia zeylanica,2984383,0
Oreoherzogia pubescens,Noltea africana,3877365,0
Sericotheca concolor,Holodiscus discolor,2987780,1
Laurus chloroxylon,Sarcomphalus chloroxylon,9089357,1
Reissekia cordifolia,Reissekia smilacina,8188318,1
Rosa gracilis,Rosa involuta,3006908,1
Amygdalus bucharica,Prunus bucharica,3021249,1
Cecropia scabra,Cecropia polystachya,4013171,1
Cryptandra triplex,Astrothalamus reticulatus,4101181,0
Aruncus capribarba,Aruncus dioicus,5362136,1
Ziziphus tomentosa,Sorbaronia hybrida,2987861,0
Pyrus prionophylla,Photinia prionophylla,5363925,1
Urtica cellulosa,Potentilla nuda,5367011,0
Pouzolzia golungensis,Pouzolzia guineensis,4100342,1
Elatostema spectabile,Urtica magellanica,7300920,0
Pyrus gauckleri,Hedlundia gauckleri,9412697,1
Ficus skytinodermis,Artocarpus altilis,2984573,0
Cryptandra coactilifolia,Leucosyke puya,4102185,0
Crataegus serratifolia,Photinia serratifolia,5364029,1
Rosa iliensis,Rhaphiolepis shanensis,11112650,0
Crataegus sanguinea,Crataegus douglasii,3013580,1
Gouania sericea,Gouania pannigera,5602945,1
Maoutia reticulata,Alphitonia incana,3877487,0
Rhaphiolepis ovata,Photinia lochengensis,5363965,0
Potentilla glaucescens,Potentilla glaucescens,5366478,1
Rubus foliolosus,Margyricarpus caespitosus,3030143,0
Australina acuminata,Colubrina elliptica,5372458,0
Photinia bengalensis,Rhaphiolepis bengalensis,10869066,1
Photinia taiwanensis,Ficus racemosa,5361904,0
Ceanothus granulosus,Celtis tetrandra,7366997,0
Spiraea xbumalda,Ficus fulva,5571361,0
Potentilla minima,Potentilla minima,8157828,1
Pouzolzia macrura,Pouzolzia arachnoidea,7909401,1
Ficus cordata,Ficus elastica,7835333,1
Potentilla bidentula,Sorbaronia kovalevii,6712320,0
Chaydaia wilsonii,Photinia glabra,5363818,0
Pouzolzia fruticosa,Pouzolzia mixta,7300658,1
Sageretia salamensis,Sageretia elegans,3876721,1
Dorstenia maoungouensis,Droguetia ambigua,4098087,0
Spiraea crenata,Boehmeria japonica,7300501,0
Taxotrophis eberhardtii,Taxotrophis ilicifolia,3767205,1
Sponia glomerata,Spiraea bella,3026631,0
Acaena depressa,Acaena microphylla,5370688,1
Laportea hainanensis,Prunus cyanosphaera,9474511,0
Ulmus incisa,Eleiosina cuneifolia,7965375,0
Pouzolzia canescens,Gonostegia pentandra,4100866,0
Urtica himalayensis,Artocarpus gomezianus,3764819,0
Boehmeria urticifolia,Pouzolzia zeylanica,2984383,0
Dorstenia brieyi,Dorstenia dinklagei,7262628,1
Dorstenia cordifolia,Krugiodendron ferreum,3039518,0
Cormonema glandulosum,Colubrina glandulosa,5372466,1
Artocarpus pilosus,Artocarpus integer,2984566,1
Tylanthus callosus,Pourouma ovata,4013587,0
Vanquelinia californica,Vauquelinia californica,3001749,1
Sorbus perincisa,Celtis gomphophylla,4159937,0
Spiraea semperflorens,Karpatiosorbus mergenthaleriana,9576430,0
Urticastrum ferox,Dendrocnide meyeniana,4098765,1
Morus hastifolia,Morus indica,5569978,1
Ziziphus scandens,Ziziphus oenopolia,3875331,1
Poikilospermum hirsutum,Photinia lochengensis,5363965,0
Urtica lowei,Urtica membranacea,7685819,1
Aria latifolia,Obetia radula,8399299,0
Blaeria leucocephala,Phylica nitida,7568909,1
Elatostema insigne,Elatostematoides insigne,4098367,1
Rhaphiolepis crataegoides,Crataegus prona,3015130,0
Rubus uniflorifer,Ficus melinocarpa,7262687,0
Urtica photinophylla,Dendrocnide photiniphylla,4098637,1
Urticastrum ferox,Taxotrophis taxoides,11138557,0
Aruncus aruncus,Parietaria alsinefolia,10704710,0
Discocarpus mexicanus,Discocnide mexicana,4098157,1
Spyridium leucophractum,Hedlundia semipinnata,9304536,0
Cecropia schiedeana,Pyraria irregularis,12193096,0
Agrimonia decumbens,Acaena latebrosa,5370824,1
Urera gigantea,Dendrocnide gigantea,4098866,1
Elatostema torresiana,Procris pedunculata,5671195,1
Cecropia strigilosa,Cecropia angustifolia,4013465,1
Crataegus umbellata,Antiaris toxicaria,7262663,0
Acaena depressa,Karwinskia umbellata,3874888,0
Sorbus atrovirens,Karpatiosorbus latifolia,9306058,1
Ziziphus sativa,Ziziphus jujuba,3039423,1
Dorstenia gilletii,Celtis brasiliensis,7303606,0
Rubus ischelus,Gironniera parvifolia,4159419,0
Lupulus humulus,Humulus lupulus,2984535,1
Trevoa weddelliana,Paliurus spina-christi,5372457,0
Ceanothus candolleanus,Paratrophis microphylla,7974324,0
Pomaderris globulosa,Trilepisium madagascariense,3766911,0
Laportea agusanensis,Scutia spicata,7273727,0
Urera hypselodendron,Scepocarpus hypselodendron,11931426,1
Pyrus hohenesteri,Ziziphus oenopolia,3875331,0
Urtica arborescens,Artocarpus altilis,2984573,0
Girtanneria oenopolia,Ziziphus oenopolia,3875331,1
Antidesma scandens,Phylica spicata,8247775,0
Sahagunia urophylla,Trophis racemosa,2984648,1
Spiraea tobolskia,Spiraea tobolskia,3027279,1
Oreoherzogia lemaniana,Rubus montanus,8190785,0
Ribeirea sorbilis,Maillardia montana,3763943,0
Frangula chimantensis,Frangula goudotiana,3874545,1
Urtica bulbifera,Laportea bulbifera,7300666,1
Discaria pauciflora,Dendrocnide excelsa,4098881,0
Cydonia media,Cydonia oblonga,5362215,1
Pouzolzia indica,Pouzolzia zeylanica,2984383,1
Crataegus pertomentosa,Ventilago denticulata,7273609,0
Pilea guadalupensis,Pilea inaequalis,5361845,1
Kageneckia crataegifolia,Kageneckia oblonga,3016219,1
Rhamnus wulfenii,Atadinus alpinus,3877063,1
Pyrus kusnetzovii,Hedlundia cuneifolia,9246191,0
Trophis matudae,Ochetophila trinervis,3877218,0
Ulmus cantabrigiensis,Ulmus hollandica,7141604,1
Amygdalus nana,Prunus tenella,3022879,1
Laportea microstigma,Ficus heteropleura,7262505,0
Plecospermum cuneifolium,Maclura cochinchinensis,7262552,1
Crataegus yadkinensis,Crataegus senta,3013958,1
Procris gibbosa,Brosimum sprucei,11665758,0
Ceanothus decumbens,Ceanothus diversifolius,3039299,1
Rhamnella crenulata,Rhamnella rubrinervis,9039596,1
Urtica glaucescens,Helinus integrifolius,3875572,0
Boehmeria mollicoma,Boehmeria nivea,2984359,1
Zizyphus trinervia,Ziziphus jujuba,3039423,1
Naucleopsis pauciflora,Allaeanthus greveanus,3765669,0
Pyrus hellas,Frangula henryi,3874488,0
Aria latifolia,Karpatiosorbus latifolia,9306058,1
Boehmeria biloba,Pouzolzia peteri,4099339,0
Ficus henrici,Ficus mauritiana,5571388,0
Pilea gaudichaudeana,Pilea pubescens,7300898,1
Crataegus torminalis,Torminalis glaberrima,9410160,1
Rhamnus graeca,Droguetia ambigua,4098087,0
Urtica rhombea,Pilea parietaria,5361834,1
Papyrius kazinoki,Broussonetia kazinoki,6358484,1
Aubletia ramosissima,Paliurus ramosissimus,5603062,1
Cryptandra grandiflora,Papistylus grandiflorus,3876660,1
Parietaria squalida,Aronia arbutifolia,5363629,0
Physocarpus australis,Pourthiaea pilosicalyx,3000400,0
Eriobotrya merguiensis,Rhaphiolepis merguiensis,10803865,1
Dorstenia mirabilis,Pourouma minor,4013658,0
Mertensia pubescens,Celtis iguanaea,2984498,1
Potentilla wilhelminensis,Argentina wilhelminensis,7523384,1
Cervispina infectoria,Ulmus lamellosa,5680388,0
Prunus barbata,Prunus rhamnoides,3023741,1
Trema canescens,Cydonia oblonga,5362215,0
Solenostigma angustifolium,Ziziphus angustifolia,3877032,1
Physocarpus stellatus,Phylica imberbis,7725424,0
Microcerasus orientalis,Prunus microcarpa,3021376,1
Ficus semecarpifolia,Crataegus pruinosa,7790552,0
Morus intermedia,Morus alba,5361889,1
Ceanothus reclinatus,Urtica pilulifera,5670646,0
Karlea berchemoides,Maesopsis eminii,3039521,1
Armeniaca communis,Prunus armeniaca,7818643,1
Ceanothus arnouldii,Karpatiosorbus latifolia,9306058,0
Urtica lomatocarpa,Laportea interrupta,2984469,1
Armeniaca cathayana,Gouania microcarpa,5602966,0
Dorstenia frutescens,Urera simplex,4098366,0
Trema bracteolatum,Elaeagnus angustifolia,3039269,0
Freirea humifusa,Coussapoa curranii,4013118,0
Celtis amboinensis,Gouania lupuloides,5372440,0
Rhamnus asiatica,Parietaria micrantha,5669693,0
Artocarpus jarrettii,Aphananthe monoica,7395485,0
Morus pumila,Morus alba,5361889,1
Aronia hybrida,Pilea verbascifolia,5671435,0
Ulmus smithii,Urtica leptophylla,5669658,0
Sibbaldia pusilla,Debregeasia saeneb,4099243,0
Cecropia philipsonii,Cecropia angustifolia,4013465,1
Ficus lacandonensis,Potentilla hippiana,5367733,0
Margyricarpus tragacanthus,Majovskya sudetica,9238979,0
Sponia trinervia,Cecropia peltata,2984476,0
Ziziphus ridleyana,Ziziphus affinis,3877139,1
Embelia rubrinervis,Ficus peninsula,8230994,0
Dorstenia multisquamea,Artocarpus altilis,2984573,0
Cecropia alexandrina,Ficus macbridei,5571803,0
Sorbus sognensis,Prunus armeniaca,7818643,0
Boehmeria lohuiensis,Boehmeria lanceolata,4098245,1
Spiraea spicata,Spiraea semperflorens,7219921,1
Obetia pinnatifida,Obetia radula,8399299,1
Elaeagnus wilsonii,Elaeagnus thunbergii,4048183,1
Trema scaberrimum,Prunus pseudocerasus,3021437,0
Fragaria hayatai,Ceanothus americanus,3039318,0
Drimopogon glomerata,Spiraea tomentosa,3026819,1
Adicea forsythiana,Pilea forsythiana,7300534,1
Bosea trinervia,Celtis philippensis,7303643,1
Discaria dumosa,Discaria chacaye,5602883,1
Procris longifolia,Phenax angustifolius,5670460,1
Aruncus tomentosus,Ficus globosa,5571079,0
Celtis emuyaca,Celtis biondii,7303618,1
Fleurya sarmentosa,Scepocarpus oblongifolius,11415631,1
Dorstenia fruticulosa,Dorstenia hirta,3764709,1
Rhamnus salicifolia,Rhamnus salicifolia,3875112,1
Elaeagnus javanica,Colubrina elliptica,5372458,0
Ambaiba cinerea,Cecropia pachystachya,4013385,1
Procris urticifolia,Boehmeria ramiflora,7300855,0
Opulaster stellatus,Physocarpus opulifolius,2988354,1
Momisia zizyphoides,Potentilla grammopetala,5367985,0
Elaeagnus cuprea,Elaeagnus difficilis,7293108,1
Crataegus porrecta,Prunus arborea,3021654,0
Pilea oreophila,Ceanothus thyrsiflorus,3039379,0
Ficus falcata,Ficus punctata,7673670,1
Aruncus sylvestris,Aruncus dioicus,5362136,1
Colletia bictonensis,Majovskya zuzanae,9445237,0
Cryptandra campanulata,Boehmeria cylindrica,2984345,0
Gymnartocarpus woodii,Sorocea hilarii,3762918,0
Horkelia saxosa,Maclura brasiliensis,7262554,0
Ceanothus atropurpureus,Pouzolzia zeylanica,2984383,0
Potentilla tristis,Argentina tristis,8232650,1
Lawea berberifolia,Lawea berberifolia,3853740,1
Myrianthus scandens,Pomaderris lanigera,3876790,0
Trema strigillosum,Trema micranthum,2984501,1
Morus zanthoxylon,Artocarpus altilis,2984573,0
Sorbus hybrida,Hedlundia pseudofennica,9555786,1
Ulmus pendula,Ulmus rubra,5361867,1
Myrianthus laurentii,Myrianthus preussii,7316418,1
Rhamnus senamensis,Rhamnus japonica,3039482,1
Pellionia rostrata,Elatostema rostratum,11066335,1
Basilima sorbifolia,Sorbaria sorbifolia,3012089,1
Rhamnus viridifolia,Rhamnus parvifolia,7273851,1
Cryptandra spinosa,Potentilla caulescens,5367397,0
Ceanothus trinervius,Ceanothus americanus,3039318,1
Prunus myriocephala,Prunus myriocephala,9104459,1
Sorbus rupicola,Aria rupicola,9415196,1
Sorbus porrigens,Colubrina arborescens,5372463,0
Celtis lactea,Boehmeria sieboldiana,4101147,0
Schizonotus discolor,Spiraea japonica,8170635,0
Karwinskia microphylla,Karwinskia subcordata,3874916,1
Pyrus hellas,Aria graeca,5370233,1
Dorstenia montana,Sloetia elongata,3763185,0
Forsskaolea viridis,Potentilla callida,5368377,0
Sorbus barrandienica,Parietaria feliciana,5669914,0
Streblus pendulinus,Paratrophis pendulina,11172036,1
Cryptandra propinqua,Cryptandra tomentosa,7273849,1
Dorstenia braunii,Acaena cylindristachya,5371112,0
Halmia cornifolia,Pyracantha coccinea,2988188,0
Pouzolzia scabrida,Pouzolzia zeylanica,2984383,1
Laportea forrestii,Laportea cuspidata,7300634,1
Pipturus asper,Helicostylis tomentosa,3764831,0
Achudemia insignis,Achudemia japonica,4099750,1
Ceanothus oreganus,Celtis philippensis,7303643,0
Aruncus barbacaprae,Trilepisium madagascariense,3766911,0
Ventilago silhetiana,Ventilago denticulata,7273609,1
Cerasus cerasus,Prunus avium,3020791,1
Phylica acerosa,Phylica ericoides,7560201,1
Castilla markhamiana,Perebea xanthochyma,3765422,1
Spiraea tortuosa,Laportea aestuans,2984466,0
Parietaria obtusa,Rhamnus rugulosa,7273701,0
Rhamnus erythroxyla,Cecropia membranacea,4013609,0
Sorbus griseotormaria,Karpatiosorbus griseotormaria,11600632,1
Sceptrocnide macrostachya,Laportea cuspidata,7300634,1
Bosqueiopsis carvalhoana,Celtis tetrandra,7366997,0
Bosquiea phoberos,Trilepisium madagascariense,3766911,1
Parietaria linguifolia,Parietaria pensylvanica,5361796,1
Walpersia curvifolia,Photinia integrifolia,5363967,0
Zizyphus cotinifolia,Sarcomphalus joazeiro,8910944,1
Pyrus zhejiangensis,Gouania laxiflora,5602999,0
Momisia chichape,Celtis chicape,8383074,1
Spiraea xarguta,Dendrocnide harveyi,4098856,0
Rhamnus dianthes,Frangula dianthes,3874635,1
Potentilla arctica,Fragaria sericea,8026014,0
Ulmus sarniensis,Ulmus minor,5361865,1
Mertensia pubescens,Scutia spicata,7273727,0
Sorbus latifolia,Karpatiosorbus devoniensis,9489928,1
Rhamnus depressa,Atadinus depressus,9592364,1
Cerasus transarisanensis,Berchemia loureiroana,3876252,0
Pyrus cydonia,Ficus coloradensis,11640099,0
Rhamnus linearis,Adolphia infesta,5372476,1
Cecropia ruiziana,Potentilla patellifera,5370125,0
Sorbus ulmifolia,Aria ulmifolia,9515578,1
Rhamnus diamantiaca,Rhamnus rugulosa,7273701,1
Urticastrum photoniphylla,Gonostegia triandra,4100795,0
Ficus javensis,Ficus ampelos,8053189,1
Rhamnus pubescens,Broussonetia papyrifera,5361944,0
Reissekia smilacina,Torminalis glaberrima,9410160,0
Pyrus thaiszii,Aria thaiszii,9374540,1
Crataegus formosa,Karpatiosorbus pelsoensis,9436048,0
Cydonia cathayensis,Chaenomeles cathayensis,3000645,1
Celtis dioica,Celtis gomphophylla,4159937,1
Soaresia nitida,Gonostegia pentandra,4100866,0
Coussapoa echinata,Coussapoa parviceps,4013190,1
Dorstenia paradoxa,Celtis iguanaea,2984498,0
Spiraea chamaedryfolia,Spiraea media,3027231,1
Pyrenia torminalis,Torminalis glaberrima,9410160,1
Dorstenia howardii,Dorstenia erythrandra,8892698,1
Laurocerasus javanica,Prunus javanica,3022372,1
Pseudosorocea muriculata,Sorocea muriculata,7262387,1
Potentilla decemjuga,Argentina commutata,7651201,1
Perebea laevigata,Perebea xanthochyma,3765422,1
Crataegus fera,Crataegus berberifolia,3014985,1
Colubrina reclinata,Pseudolmedia glabrata,3764285,0
Urtica ruderalis,Laportea ruderalis,4098684,1
Streblus solomonensis,Pyraria irregularis,12193096,0
Celtis hunanensis,Alphitonia incana,3877487,0
Aria decipiens,Karpatiosorbus hybrida,9478021,1
Gouania integrifolia,Brosimum lactescens,3763127,0
Phylica rhizophora,Pouzolzia calophylla,4100852,0
Potentilla tapetodes,Heteromeles arbutifolia,5370154,0
Missiessya elongata,Leucosyke capitellata,4102514,1
Acaena adenocarpa,Acaena splendens,5370957,1
Urtica pusilla,Fragaria nilgerrensis,3029934,0
Potentilla plurijuga,Potentilla multifida,8416400,1
Crataegus vicinalis,Crataegus pruinosa,7790552,1
Urticastrum divaricatum,Urtica platyphylla,8246832,0
Photinia notoniana,Ziziphus spina-christi,8228089,0
Berchemia parvifolia,Berchemia multinervis,11524541,1
Sorbus fallacina,Celtis latifolia,4160248,0
Poikilospermum diffusum,Hedlundia takhtajanii,10742423,0
Olmedia ferruginea,Frangula crenata,7273631,0
Sorbus gayerana,Celtis paniculata,4159385,0
Celtis sumatrana,Prunus stellipila,3023351,0
Paliurus incurvus,Paliurus spina-christi,5372457,1
Terminalia kouythensis,Potentilla minima,8157828,0
Ceanothus baumannianus,Ceanothus herbaceus,3039322,1
Dorstenia placentoides,Spyridium coactilifolium,7273613,0
Adicea sanctae-crucis,Morus alba,5361889,0
Freirea humifusa,Parietaria debilis,5361795,1
Planera dubia,Planera ungeri,8860211,1
Sorocea ilicifolia,Maclura pomifera,2984580,0
Pyrus subdanubialis,Poikilospermum microstachys,4013197,0
Aronia monstrosa,Sorbaronia monstrosa,2987859,1
Conocephalus sinensis,Poikilospermum suaveolens,4013131,1
Elatostema lingua,Elatostematoides lingua,11410332,1
Potentilla karoi,Potentilla karoi,5368724,1
Morus nigriformis,Poikilospermum cordifolium,4013277,0
Phylica pubescens,Trilepisium madagascariense,3766911,0
Ceanothus fontanesianus,Sorbaria tomentosa,3012117,0
Celtis trinervia,Celtis philippensis,7303643,1
Forrestia thyrsoides,Ceanothus thyrsiflorus,3039379,1
Mespilus macracantha,Crataegus laciniata,8240558,0
Rhamnus lineatifolia,Colubrina cubensis,5372474,1
Acaena nudicaulis,Torminalis glaberrima,9410160,0
Amygdalus variabilis,Prunus argentea,3023068,1
Momisia laevigata,Hedlundia anglica,9486316,0
Potentilla barbata,Sarcomphalus pedunculatus,9186176,0
Acaena oearcei,Acaena antarctica,5370768,1
Crataegus ferentaria,Aria madoniensis,9550016,0
Celtis lindheimeri,Celtis lindheimeri,2984480,1
Eriobotrya balgooyi,Sarcomphalus guatemalensis,8937519,0
Urostigma padifolium,Ficus padifolia,5570153,1
Potentilla rugulosa,Potentilla ancistrifolia,5366710,1
Rhamnus sieboldiana,Karpatiosorbus subcuneata,9558357,0
Brosimum belizense,Ziziphus angustifolia,3877032,0
Lupulus amarus,Cryptandra leucophracta,3877146,0
Cryptandra eriocephala,Potentilla hippiana,5367733,0
Acaena macropoda,Celtis tetrandra,7366997,0
Pyrus vilmoriniana,Chaenomeles vilmoriniana,3000609,1
Smythea lancifolia,Smythea macrocarpa,4928550,1
Celtis asperifolia,Dendrocnide peltata,4098650,0
Pyrus barthae,Karpatiosorbus barthae,9552007,1
Memorialis parvifolia,Gonostegia parvifolia,4100881,1
Prunus oblonga,Prunus javanica,3022372,1
Ficus taeda,Ficus elastica,7835333,1
Paliurus petasus,Shepherdia canadensis,5372427,0
Rhus lineatifolia,Colubrina cubensis,5372474,1
Scutia sarcomphalus,Pilea tetraphylla,5670037,0
Cryptandra scabrida,Spyridium scabridum,8013449,1
Pilea mornicola,Pilea forsythiana,7300534,1
Rhamnus paniculiflora,Rhamnus napalensis,4928522,1
Urtica moroides,Maclura pomifera,2984580,0
Pilea hilliana,Achudemia hilliana,11216152,1
Rubus viridis,Rubus atrebatum,2996169,1
Dorstenia alexiteria,Pyraria irregularis,12193096,0
Ziziphus lineata,Berchemia lineata,7799649,1
Olmedia obliqua,Acaena magellanica,5370832,0
Potentilla xscandica,Potentilla crantzii,5366215,1
Pellionia leiocarpa,Prunus avium,3020791,0
Ceanothus subsericeus,Chaenomeles japonica,3000610,0
Ancistrum humile,Acaena magellanica,5370832,1
Trichocephalus rhipophorus,Trichocephalus stipularis,5602927,1
Urtica procridioides,Trilepisium madagascariense,3766911,0
Urtica dodartii,Urtica pilulifera,5670646,1
Phenax ternata,Celtis iguanaea,2984498,0
Armeniaca tardiflora,Boehmeria ramiflora,7300855,0
Cecropia asperrima,Hippophae litangensis,4048188,0
Sponia andersonii,Elaeagnus latifolia,4048232,0
Spiraea tomentulosa,Elatostema hirticaule,4099362,0
Streblus heterophyllus,Poikilospermum acuminatum,4013317,0
Torminaria latifolia,Boehmeria cylindrica,2984345,0
Morus caroliniana,Morus rubra,5361886,1
Laportea giraldiana,Laportea cuspidata,7300634,1
Sorbus obtusifolia,Aria obtusifolia,9276845,1
Rhamnus minuta,Rhamnus grubovii,8415110,1
Urtica appendiculata,Oreocnide integrifolia,7300622,1
Potentilla ornithopodioides,Potentilla multifida,8416400,1
Dorstenia usambarensis,Dorstenia holstii,7262588,1
Freirea steudelii,Parietaria debilis,5361795,1
Urtica capitata,Ficus parietalis,5569936,0
Achudemia iseana,Prunus persica,8149923,0
Parietaria cretica,Soleirolia soleirolii,2984366,1
Retanilla obcordata,Argentina philippinensis,7476177,0
Frangula wulfenii,Frangula rupestris,3877335,1
Berhamniphyllum miofloribundum,Dorstenia benguellensis,3765939,0
Prunus afghana,Procris reticulatovenosa,8235414,0
Eriobotrya macrocarpa,Boehmeria nivea,2984359,0
Crataegus indica,Gonostegia pentandra,4100866,0
Trema integrifolium,Celtis gomphophylla,4159937,1
Spiraea sorbifolia,Sorbaria sorbifolia,3012089,1
Morus rotundiloba,Pilea bracteosa,7300933,0
Sorbus croatica,Nothocnide repanda,4099887,0
Schychowskya interrupta,Crataegus pruinosa,7790552,0
Pyrus ulmifolia,Dorstenia zanzibarica,3762590,0
Pyrus coronaria,Aronia arbutifolia,5363629,1
Crataegus yadkinensis,Perebea xanthochyma,3765422,0
Gouania domingensis,Artocarpus rigidus,2984576,0
Gironniera reticulata,Leucosyke javanica,4102370,0
Pyrus klasterskyana,Phylica harveyi,3875786,0
Streblus crenatus,Horkelia integrifolia,3025203,0
Microcerasus incana,Laportea aestuans,2984466,0
Celtis grandidentata,Retanilla ephedra,7273774,0
Ceanothus macrocarpus,Ceanothus megacarpus,3039316,1
Acaena nudicaulis,Acaena magellanica,5370832,1
Cormonema nelsonii,Debregeasia longifolia,4099305,0
Schychowskia interrupta,Scutia myrtina,8317476,0
Rhamnus psilocarpa,Frangula neblinensis,8345431,1
Celtis rugosa,Celtis rubrovenia,4159899,1
Ficus spec,Cecropia pachystachya,4013385,0
Brosimum turbinatum,Brosimum turbinatum,3762772,1
Pouzolzia muralis,Scandosorbus intermedia,10071055,0
Boehmeria hispidula,Pouzolzia zeylanica,2984383,0
Pyrus salwinensis,Photinia prionophylla,5363925,0
Sibbaldia axilliflora,Argentina micropetala,7582115,1
Talguenea quinquenervia,Trevoa quinquenervia,3876194,1
Sorbus pekarovae,Frangula microphylla,3877750,0
Sorbus bakonyensis,Karpatiosorbus bakonyensis,9605899,1
Urtica corylifolia,Laportea aestuans,2984466,1
Ulmus tonkinensis,Ulmus lanceifolia,8348291,1
Cryptandra halmaturina,Ceanothus herbaceus,3039322,0
Prunus williamsii,Colubrina oppositifolia,5372468,0
Neillia longiracemosa,Neillia thibetica,3024806,1
Photinia notoniana,Trema rigidum,9698943,0
Cerasus avicularis,Hemistylus boehmerioides,5670539,0
Urostigma nudum,Ficus benjamina,5361932,1
Pyrus paxiana,Boehmeria japonica,7300501,0
Spiraea floribunda,Ziziphus incurva,3876080,0
Margarocarpus procridioides,Pouzolzia parasitica,4099533,1
Ramium denudatum,Boehmeria excelsa,4099109,1
Spiraea amoena,Aria obtusifolia,9276845,0
Laportea annamica,Celtis brasiliensis,7303606,0
Mespilus aria,Aria edulis,8411755,1
Pilea grossecrenata,Pilea pubescens,7300898,1
Ficus dealbata,Coussapoa dealbata,4013663,1
Morus chinensis,Rhamnus tangutica,3877661,0
Helicostylis tomentosa,Artocarpus rigidus,2984576,0
Ramium calophlebum,Ceanothus herbaceus,3039322,0
Trymalium globulosum,Spyridium globulosum,3877637,1
Elaeagnus edulis,Elaeagnus multiflora,3039272,1
Acaena arthrotricha,Acaena pinnatifida,5370645,1
Myrianthus gracilis,Myrianthus preussii,7316418,1
Aria tauricola,Endotropis serrata,9276778,0
Notophaena foliosa,Discaria chacaye,5602883,1
Phylica orientalis,Maoutia setosa,5671060,0
Celtis madagascariensis,Trema orientale,2984508,1
Prunus nitida,Trema orientale,2984508,0
Urera glabra,Touchardia oahuensis,11706294,1
Urera elliottii,Scepocarpus rigidus,11732428,1
Gouania mannii,Gouania hillebrandii,8240892,1
Crataemespilus grandiflora,Crataemespilus lobata,12208838,1
Urtica laciniata,Treculia africana,7895921,0
Brosimum lemeei,Brosimum gaudichaudii,7262433,0
Pyrus philippinensis,Rhaphiolepis philippinensis,5371576,1
Laportea sinuata,Celtis iguanaea,2984498,0
Pipturus albidus,Atadinus alpinus,3877063,0
Maillardia mandrarensis,Maillardia montana,3763943,1
Homoioceltis japonica,Cecropia ficifolia,8173870,0
Laportea evitata,Laportea bulbifera,7300666,1
Celtis punctata,Celtis iguanaea,2984498,1
Margyricarpus setosus,Margyricarpus pinnatus,3030248,1
Ancistrum laevigatum,Taxotrophis ilicifolia,3767205,0
Ficus cataractorum,Ficus cataractorum,7735235,1
Laportea brunnea,Obetia radula,8399299,0
Pyrus heterophylla,Sorbaronia sorbifolia,2987868,1
Artocarpus gongshanensis,Celtis iguanaea,2984498,0
Sageretia riparia,Vauquelinia californica,3001749,0
Mespilus crenulata,Pyracantha crenulata,2988172,1
Rhamnus retanilla,Retanilla ephedra,7273774,1
Rubus bijugus,Prunus spinosa,3023221,0
Soulangia buxifolia,Phylica buxifolia,3876260,1
Brosimopsis oblongifolia,Coussapoa macerrima,4013370,0
Chaenomeles alba,Celtis timorensis,4160107,0
Potentilla splendens,Argentina lineata,8228815,1
Spiraea amurensis,Physocarpus amurensis,2988383,1
Physocarpus ferrugineus,Physocarpus opulifolius,2988354,1
Ventilago fasciculiflora,Cecropia angustifolia,4013465,0
Sorbus teodori,Artocarpus rigidus,2984576,0
Sponia orientalis,Trymalium ledifolium,7273761,0
Leptocnide rubricaulis,Pouzolzia rubricaulis,4099003,1
Pyracantha rogersiana,Dorstenia psilurus,3763387,0
Naucleopsis glabra,Naucleopsis glabra,3767226,1
Potentilla semiternata,Scandosorbus intermedia,10071055,0
Rhaphiolepis kerrii,Rhaphiolepis indica,5371542,1
Pilea preussii,Pilea sublucens,5670202,1
Urtica procridioides,Pouzolzia parasitica,4099533,1
Gouania mexicana,Gouania rosei,5602918,1
Boehmeria mathewsii,Prunus emarginata,7272137,0
Crataegus fennica,Hedlundia hybrida,9245228,1
Sorbus evansii,Aria evansii,9578680,1
Boehmeria rubescens,Acaena novae-zelandiae,5370755,0
Ziziphus baguirmiae,Ziziphus abyssinica,3877223,1
Rubus tongchouanensis,Gouania laxiflora,5602999,0
Prunus scortechinii,Aria robertsonii,9558333,0
Leucosyke elongata,Urtica simensis,5670167,0
Elaeagnus convexolepidota,Elaeagnus umbellata,3039267,1
Cormonema nelsonii,Colubrina heteroneura,5603104,1
Pellionia esquirolii,Pouzolzia arachnoidea,7909401,0
Rosa regelii,Potentilla pityocharis,11231891,0
Urtica divaricata,Helinus integrifolius,3875572,0
Parietaria welwitschii,Parietaria mauritanica,5669706,1
Aphananthe negrosensis,Paratrophis glabra,3765995,1
Sageretia minutiflora,Sageretia minutiflora,8054984,1
Rhamnus zeyheri,Dendrocnide venosa,4098413,0
Perlarius incanus,Pipturus argenteus,6414892,1
Ulmus celtidea,Scyphosyce manniana,3763274,0
Sorbus semipinnata,Hedlundia hybrida,9245228,1
Urtica lusitanica,Urtica membranacea,7685819,1
Trema laxiflorum,Sageretia hamosa,7273915,0
Cerasus sativa,Prunus avium,3020791,1
Potentilla crantzii,Potentilla crantzii,5366215,1
Urtica repens,Oreocnide tonkinensis,4099347,0
Artocarpus biformis,Chamabainia cuspidata,7300685,0
Fragaria illinoensis,Taxotrophis zeylanica,3767138,0
Rhamnus diamantiaca,Karpatiosorbus concavifolia,9625377,0
Elatostema ponapense,Acaena elongata,5370941,0
Ziziphus lloydii,Sarcomphalus lloydii,8780081,1
Ulmus camperdowni,Karpatiosorbus hybrida,9478021,0
Morus macrophylla,Sarcomphalus obtusifolius,8937468,0
Trema scaberrimum,Trema orientale,2984508,1
Pyrus cambrensis,Aria hibernica,9254502,0
Pilea friesiana,Cypholophus friesianus,4099848,1
Morus wallichiana,Hippophae salicifolia,7293122,0
Urtica acuminata,Oreocnide integrifolia,7300622,1
Celtis liukiuensis,Ulmus hollandica,7141604,0
Australina muelleri,Rhamnus japonica,3039482,0
Phylica elliptica,Rubus niveus,2989183,0
Ulmus nemoralis,Dorstenia psilurus,3763387,0
Cryptandra daltonii,Rubus leucodermis,8110785,0
Covellia barclayana,Rhaphiolepis delacourii,5371539,0
Smithiodendron artocarpoideum,Broussonetia papyrifera,5361944,1
Pyrus fokienensis,Photinia glabra,5363818,1
Urtica arcuata,Pilea inaequalis,5361845,0
Prunus serratifolia,Prunus serratifolia,7695964,1
Crataegus laetifica,Crataegus persimilis,3015457,1
Sorbus pseudofennica,Hedlundia pseudofennica,9555786,1
Stranvaesia benthamiana,Pourthiaea benthamiana,3000344,1
Dorstenia penduliflora,Dorstenia brownii,3765760,1
Ficus elastica,Ficus elastica,7835333,1
Ogcodeia acreana,Spyridium leucopogon,7274014,0
Urtica ciliata,Morus indica,5569978,0
Pyrus eminens,Aria eminens,9343973,1
Ulmus inflexa,Acaena magellanica,5370832,0
Callicarpa candicans,Pourthiaea amphidoxa,3024230,0
Procris pedunculatum,Dorstenia brasiliensis,7262704,0
Alchemilla neglecta,Argentina commutata,7651201,0
Urtica pellucida,Dorstenia hirta,3764709,0
Potentilla multifida,Potentilla chinensis,5365665,1
Ambaiba dentata,Cecropia dealbata,4013109,1
Cryptandra petraea,Granitites intangendus,3875622,1
Elatostema curtisii,Procris curtisii,7398160,1
Fragaria uniflora,Fragaria orientalis,3029834,1
Saccus blumei,Debregeasia longifolia,4099305,0
Cotoneaster hybrida,Karpatiosorbus hybrida,9478021,1
Photinia magnoliifolia,Boehmeria holosericea,7300512,0
Soulangia plumosa,Maesopsis eminii,3039521,0
Gouania eriocarpa,Gouania aphrodes,5603132,1
Polychroa ferruginea,Elatostema volubile,4098780,1
Cryptandra anomala,Pouzolzia zeylanica,2984383,0
Adicea carnosula,Pilea carnosula,5671061,1
Urtica lusitanica,Spiraea fritschiana,7271833,0
Rhamnella berchemiifolia,Helinus lanceolatus,7273768,0
Boehmeria uliginosa,Phenax uliginosus,7300574,1
Prunus planteriensis,Prunus planteriensis,3022464,1
Ficus radicans,Ficus heteropleura,7262505,1
Tylanthus imberbis,Phylica ericoides,7560201,1
Pellionia filicoides,Argentina oxyodonta,7509891,0
Ambaiba surinamensis,Ficus lamponga,7262880,0
Sorbus floribunda,Aronia prunifolia,5363613,1
Rhamnus prinifolia,Rhamnus prinoides,3875856,1
Maclura plumiera,Maclura tinctoria,2984583,1
Ficus waringiana,Ulmus hollandica,7141604,0
Ziziphus venulosa,Prunus avium,3020791,0
Pouzolzia longifolia,Crataegus opaca,3014153,0
Pyrus albensis,Dendrocnide meyeniana,4098765,0
Condaliopsis lloydii,Crataegus acuticarpa,7532361,0
Kentrothamnus foliosus,Clarisia ilicifolia,7262841,0
Broussonetia kasii,Broussonetia papyrifera,5361944,1
Spiraea grandiflora,Maclura tinctoria,2984583,0
Laportea ardens,Urtica ardens,5671305,1
Crataegus rigida,Rhamnus napalensis,4928522,0
Missiessya celebica,Gonostegia parvifolia,4100881,0
Sorbus kusnetzovii,Acaena novae-zelandiae,5370755,0
Conocephalus intermedius,Pilea glaberrima,5669878,0
Pseudopipturus succulentus,Pipturus succulentus,4101426,1
Pygeum gazelle-peninsulum,Artocarpus calophyllus,3765088,0
Rhamnidium cognatum,Rhamnidium elaeocarpum,3874704,1
Poikilospermum hirsutum,Poikilospermum amboinense,4013310,1
Ficus fastigiata,Crataegus pruinosa,7790552,0
Dorstenia multiformis,Dorstenia arifolia,7262742,1
Sorbus tomophylla,Hedlundia mougeotii,9312105,1
Trisecus frangulifolius,Gouania frangulifolia,5603028,1
Neillia fallax,Neillia thyrsiflora,3024763,1
Synoecia sumatrana,Artocarpus lacucha,7873234,0
Celtis goudotii,Morus indica,5569978,0
Dendrocnide warburgii,Crataegus pruinosa,7790552,0
Ficus eucaudata,Cecropia obtusa,4013449,0
Celtis rufescens,Trema micranthum,2984501,1
Sibiraea glaberrima,Sibiraea laevigata,3032453,1
Maoutia platistigma,Frangula polymorpha,7274018,0
Prunus taquetii,Rhamnus taquetii,8309428,1
Paliurus aubletia,Paliurus ramosissimus,5603062,1
Ziziphus capensis,Dorstenia dinklagei,7262628,0
Spyridium divaricatum,Dorstenia africana,3766272,0
Pyrus auriculata,Hedlundia hybrida,9245228,1
Sorbus lancifolia,Hedlundia lancifolia,9535830,1
Ficus rhomboidalis,Crataemespilus lobata,12208838,0
Sorbus lancifolia,Photinia hirsuta,5363887,0
Sorocea nitida,Clarisia racemosa,5572170,1
Sorbus neglecta,Hedlundia neglecta,9446782,1
Sageretia spicata,Cypholophus lutescens,4099764,0
Girardinia cuspidata,Pomaderris forrestiana,3877070,0
Trema macrophyllum,Morus alba,5361889,0
Urtica radicans,Pilea rivularis,7300820,0
Ramium denutatum,Boehmeria excelsa,4099109,1
Elaeagnus kologa,Leucosyke hispidissima,4102382,0
Colletia stipellacea,Artocarpus odoratissimus,2984571,0
Pomaderris affinis,Rhaphiolepis tengyuehensis,10679539,0
Crataegus pauciflora,Pyracantha coccinea,2988188,1
Pyrus barrandienica,Karpatiosorbus barrandienica,9468177,1
Padus prunifolia,Pouzolzia variifolia,4098645,0
Colletia aciculata,Dendrocnide stimulans,4098487,0
Sorbus istriaca,Karpatiosorbus istriaca,9944176,1
Pilea crucensis,Pilea acuminata,7300553,1
Acaena depauperata,Acaena magellanica,5370832,1
Pilea hilliana,Spyridium globulosum,3877637,0
Pilea obliqua,Pilea bracteosa,7300933,1
Spiraea pubescens,Pilea betulifolia,7300951,0
Sorbus greenii,Aria greenii,9310020,1
Cryptandra erubescens,Cryptandra tomentosa,7273849,1
Debregeasia libera,Sibiraea laevigata,3032453,0
Urera konaensis,Rhamnus infectoria,3874579,0
Laportea vitifolia,Gonostegia parvifolia,4100881,0
Sclepsion divaricatum,Granitites intangendus,3875622,0
Boehmeria sanguinea,Urtica urens,5361815,0
Sponia lamarckiana,Celtis iguanaea,2984498,0
Urtica spinosa,Taxotrophis spinosa,8344866,1
Pyrus leptophylla,Aria leptophylla,9367356,1
Dorstenia palmata,Pouzolzia sanguinea,7300542,0
Potentilla aristata,Argentina aristata,7616525,1
Celtis rendleana,Celtis philippensis,7303643,1
Rhamnus colubrina,Colubrina arborescens,5372463,1
Phylica bicolor,Ficus parietalis,5569936,0
Rhaphiolepis kwangsiensis,Artocarpus nobilis,3764420,0
Celtis cinnamomea,Celtis timorensis,4160107,1
Colubrina hondurensis,Berchemia lineata,7799649,0
Urticastrum evitatum,Ceanothus americanus,3039318,0
Rhaphiolepis sinensis,Hovenia acerba,7273758,0
Persica communis,Persica communis,3032476,1
Artocarpus scandens,Prainea scandens,3764413,1
Urtica muricata,Debregeasia longifolia,4099305,1
Brosimum palmarum,Brosimum guianense,7374879,1
Phylica grisea,Phylica thodei,3874689,1
Sanguisorba caudata,Boehmeria japonica,7300501,0
Pyrus fantabulosa,Pourthiaea parviflora,3000446,1
Morocarpus affinis,Debregeasia longifolia,4099305,1
Urera liberica,Scepocarpus oblongifolius,11415631,1
Celtis tomentosa,Trema tomentosum,7303576,1
Spiraea belgica,Pouzolzia zeylanica,2984383,0
Ziziphus nitida,Pourthiaea villosa,8356787,0
Sericotheca obovata,Procris puberula,5671152,0
Lepargyrea rotundifolia,Cornus platyphylloides,8950333,0
Helicostylis podogyne,Argentina yonoweana,8291289,0
Trema enantiophylla,Cypholophus caeruleus,10897870,0
Rubus neglectus,Rubus neglectus,7353010,1
Photinia serrulata,Atadinus microcarpus,9351724,0
Rhamnus spina-christi,Ficus coloradensis,11640099,0
Eriobotrya shanense,Rhaphiolepis shanensis,11112650,1
Argentina decemjuga,Argentina commutata,7651201,1
Acaena chamaegeron,Acaena caespitosa,7806638,1
Laportea ternatensis,Aphanes arvensis,5365013,0
Scypharia guayaquilensis,Oreocnide trinervis,4099324,0
Pyrus petiolata,Rhaphiolepis petiolata,10845808,1
Prunus pauciflora,Discocnide mexicana,4098157,0
Ziziphus lotus,Ziziphus nummularia,3039427,1
Memorialis integrifolia,Frangula marahuacensis,8157442,0
Streblus zeylanicus,Hedlundia takhtajanii,10742423,0
Elatostema gagnepainianum,Procris crenata,5669749,1
Cydonia cathayensis,Acaena magellanica,5370832,0
Elaeagnus dendroidea,Celtis philippensis,7303643,0
Laportea conduplicata,Pseudolmedia macrophylla,3764164,0
Ziziphus lucidus,Laportea interrupta,2984469,0
Colletia cataphracta,Colletia hystrix,7273656,1
Gouania urticifolia,Pipturus dentatus,4101944,0
Ziziphus ruminata,Ziziphus xylopyrus,7524561,1
Cotoneaster crenulatus,Prunus wilsonii,3023112,0
Celtis durandii,Celtis gomphophylla,4159937,1
Vitmannia africana,Debregeasia saeneb,4099243,0
Artocarpus eberhardtii,Artocarpus lamellosus,3764628,1
Sorbus perlonga,Karpatiosorbus perlonga,9287932,1
Ceanothus africanus,Aremonia agrimonoides,2988624,0
Eriobotrya brackloi,Aria vexans,9390956,0
Cormonema multiflorum,Photinia integrifolia,5363967,0
Ventilago calyculata,Leucosyke javanica,4102370,0
Potentilla mascuinii,Potentilla grandiflora,5366106,1
Galumpita cuspidata,Crataegus macracantha,3013570,0
Pygeum blumei,Prunus arborea,3021654,1
Dorstenia yangambiensis,Dorstenia poinsettifolia,7515664,1
Ventilago maderaspatana,Ventilago denticulata,7273609,1
Fleurya caravellana,Brosimum potabile,3762892,0
Morus brasiliensis,Maclura tinctoria,2984583,1
Ventilago oblongifolia,Smythea oblongifolia,11062813,1
Acaena montana,Acaena pinnatifida,5370645,1
Morus leucophylla,Hedlundia hazslinszkyana,9355951,0
Potentilla polyphylloides,Pipturus polynesicus,4101578,0
Sorbus fischeri,Artocarpus elasticus,7425575,0
Touchardia christensenii,Touchardia latifolia,2984457,1
Ventia alnifolia,Scandosorbus intermedia,10071055,0
Abelicea hirta,Zelkova serrata,2984532,1
Urticastrum carruthersianum,Frangula grandifolia,3874526,0
Sorocea mexicana,Trophis mexicana,3766584,1
Ulmus purpurea,Boehmeria japonica,7300501,0
Celtis collinsiae,Argentina emodi,7854498,0
Pourouma longipendula,Ceanothus herbaceus,3039322,0
Ivesia baileyi,Sageretia thea,3039516,0
Urostigma leucocarpum,Malacomeles nervosa,2988298,0
Craterogyne kameruniana,Dorstenia kameruniana,3764528,1
Coussapoa macerrima,Phylica excelsa,12206432,0
Opa mertensii,Pourouma minor,4013658,0
Phylica oblongifolia,Sibiraea laevigata,3032453,0
Trema rufescens,Spyridium spadiceum,7273965,0
Rhamnus colchica,Atadinus alpinus,3877063,1
Plecospermum laurifolium,Ampalis dimepate,11911398,1
Rhamnus lineata,Berchemia lineata,7799649,1
Pyrus vallusensis,Karpatiosorbus klasterskyana,9416761,0
Crataegus leiophylla,Crataegus pruinosa,7790552,1
Parasponia melastomatifolia,Trema melastomatifolium,9766625,1
Acaena pearcei,Acaena antarctica,5370768,1
Photinia latouchei,Fatoua villosa,2984652,0
Ziziphus lucida,Phylica ericoides,7560201,0
Rhamnus amygdalina,Berchemia floribunda,3876453,0
Chamabainia morii,Ceanothus cuneatus,3039404,0
Artocarpus kertau,Scepocarpus oblongifolius,11415631,0
Saccus teysmannii,Artocarpus teysmannii,7262525,1
Pyrus haljamovae,Majovskya haljamovae,9239899,1
Pipturus pachyphyllus,Pipturus albidus,7500826,1
Artocarpus pubescens,Pouzolzia laevis,4100076,0
Pipturus mindanaensis,Elatostema undulatum,4098998,0
Rhamnus affinis,Maclura cochinchinensis,7262552,0
Aria rotundifolia,Karpatiosorbus hybrida,9478021,1
Rhamnus ledermannii,Rhamnus napalensis,4928522,1
Laportea longifolia,Dendrocnide longifolia,4098791,1
Rhamnus sagorskii,Hijmania turbinata,9189516,0
Ulmus microphylla,Crataegus macracantha,3013570,0
Ceanothus capsularis,Colubrina asiatica,5372467,1
Potentilla oligandra,Argentina glabriuscula,7516818,1
Ulmus crassa,Scutia myrtina,8317476,0
Laportea rigidifolia,Dendrocnide rigidifolia,4098564,1
Boehmeria malabarica,Artocarpus lacucha,7873234,0
Neillia tunkinensis,Colletia paradoxa,5602738,0
Fleurya spicata,Sibiraea laevigata,3032453,0
Potentilla taliensis,Argentina taliensis,7527420,1
Urtica javaensis,Pipturus grandifolius,4101846,0
Ceanothus submontanus,Ceanothus cuneatus,3039404,1
Ficus validicaudata,Ficus ampelos,8053189,1
Tylanthus debilis,Phylica debilis,3876030,1
Trichocephalus imberbis,Phylica hirta,3875775,0
Urtica urens,Urtica spatulata,5670135,1
Myriocarpa inaequilateris,Potentilla pedata,8327079,0
Elatostematoides manillensis,Dorstenia rocana,3763239,0
Cudrania spinosus,Ficus elastica,7835333,0
Chlorophora brasiliensis,Sarcomphalus laurinus,7273826,0
Dorstenia seretii,Poikilospermum suaveolens,4013131,0
Sorbus minima,Hedlundia minima,9234228,1
Cryptandra obovata,Hijmania alta,8975654,0
Urtica ficifolia,Obetia ficifolia,8351231,1
Urera laciniata,Urera laciniata,4098975,1
Ceanothus huichagorare,Ceanothus depressus,3875052,1
Rhamnus glomerata,Laportea aestuans,2984466,0
Ceanothus pinetorum,Ceanothus pinetorum,8286761,1
Pyrus decipientiformis,Artocarpus lacucha,7873234,0
Urticastrum pterostigma,Celtis iguanaea,2984498,0
Pyrus prunifolia,Aronia arbutifolia,5363629,1
Microcerasus orientalis,Pilea grandifolia,5361822,0
Urera gaudichaudiana,Laportea aestuans,2984466,1
Trevoa spinifera,Retanilla stricta,3875486,1
Potentilla borisiiregis,Sorocea hilarii,3762918,0
Margarocarpus laevis,Crataegus senta,3013958,0
Potentilla irianensis,Pilea rivularis,7300820,0
Elaeagnus glabra,Elaeagnus commutata,3039274,1
Ceanothus infestus,Debregeasia edulis,4099382,0
Crataegus purpurea,Pipturus succulentus,4101426,0
Sericotheca concolor,Phylica paniculata,3875228,0
Acanthinophyllum strepitans,Petrophytum cinerascens,3030186,0
Phylica ramosissima,Phylica polifolia,3875106,1
Pyrus malifolia,Cydonia oblonga,5362215,1
Sorbus acutiserrata,Dorstenia cuspidata,7262644,0
Pilea gaudichaudeana,Prunus avium,3020791,0
Urera lamiifolia,Pomaderris forrestiana,3877070,0
Dorstenia psiluroides,Ulmus hollandica,7141604,0
Brosimum brevipedunculatum,Brosimum rubescens,3762826,1
Pyrus zuzanae,Pyracantha crenulata,2988172,0
Pyrus beauverdiana,Pourthiaea beauverdiana,3000384,1
Stenochasma ancolanum,Parietaria debilis,5361795,0
Missiessya capitellata,Potentilla multifida,8416400,0
Ulmus camperdowni,Ulmus glabra,5361866,1
Zelkova carpinifolia,Gironniera subaequalis,4159324,0
Urtica venosa,Boehmeria polystachya,4101696,1
Urera obovata,Scepocarpus obovatus,11898259,1
Spiraea bumalda,Fatoua villosa,2984652,0
Photinia beckii,Karpatiosorbus kmetiana,9294366,0
Sorbus joannis,Karpatiosorbus joannis,9459637,1
Adicea modesta,Pilea tetraphylla,5670037,1
Acaena novae-zelandica,Nothocnide discolor,4099932,0
Sorbus semitorminalis,Helicostylis tovarensis,3764818,0
Sorbus quercifolia,Hedlundia thuringiaca,9471386,1
Pellionia procropioides,Procris crenata,5669749,1
Procris littoralis,Boehmeria cylindrica,2984345,1
Rhamnus talanae,Stenanthemum pimeleoides,3876610,0
Boehmeria palmeri,Boehmeria caudata,7610513,1
Urtica cuneiformis,Pilea crenulata,5670620,1
Momisia ferruginea,Celtis brasiliensis,7303606,1
Sorbus pseudobakonyensis,Karpatiosorbus pseudobakonyensis,9248585,1
Crataegus pauciflora,Frangula sphaerosperma,3039467,0
Urticastrum milnei,Dendrocnide harveyi,4098856,1
Morus venassainii,Morus alba,5361889,1
Dorstenia intermedia,Dorstenia mannii,7262540,1
Mespilus chapmanii,Hedlundia pseudothuringiaca,9477048,0
Laportea vitensis,Hedlundia minima,9234228,0
Ficus microphylla,Morus indica,5569978,0
Pyrus liljeforsii,Scandosorbus liljeforsii,10815519,1
Sponia argentea,Trema tomentosum,7303576,1
Morus indica,Streblus asper,10242935,1
Prunus sericea,Prunus wilsonii,3023112,1
Ficus mamillifera,Ficus crassinervia,5361897,1
Parietaria lusitanica,Artocarpus integer,2984566,0
Brosimum velutinum,Heteromeles arbutifolia,5370154,0
Pyrus adamii,Karpatiosorbus adamii,9440757,1
Saccus kemando,Physocarpus malvaceus,2988332,0
Dorstenia pierrei,Dorstenia poinsettifolia,7515664,1
Pygeum scortechinii,Ficus mauritiana,5571388,0
Condalia paradoxa,Colletia paradoxa,5602738,1
Spiraea rhamnifolia,Rhaphiolepis salwinensis,10673519,0
Rhamnus lucida,Heteromeles arbutifolia,5370154,0
Pyrus croatica,Hedlundia sognensis,9475466,0
Spiraea lanceolata,Cecropia concolor,7316398,0
Gonostegia matsudai,Treculia africana,7895921,0
Pogonotrophe flavidula,Ficus fulva,5571361,1
Urtica arcuata,Urtica pilulifera,5670646,1
Ficus pachyphylla,Ficus callophylla,5571020,1
Vanieria cochinchinensis,Maclura cochinchinensis,7262552,1
Pyrus cordigastensis,Karpatiosorbus magocsyana,9616932,0
Elaeagnus macrophylla,Ulmus americana,5361872,0
Gouania colurnaefolia,Gironniera celtidifolia,4159570,0
Rhamnus purpusii,Aphanes arvensis,5365013,0
Trymalium wayae,Oreocnide rubescens,4099400,0
Laportea canadensis,Potentilla callida,5368377,0
Adicea atroviridis,Pilea atroviridis,5669714,1
Ramium caudatum,Boehmeria caudata,7610513,1
Sponia lima,Trema micranthum,2984501,1
Aphanes bonifaciensis,Aphanes minutiflora,5365004,1
Pyrus gayeriana,Pilea bracteosa,7300933,0
Crumenaria choretroides,Trema micranthum,2984501,0
Photinia subparvifolia,Pourthiaea parviflora,3000446,1
Maclura plumiera,Rhaphiolepis philippinensis,5371576,0
Milicia africana,Rhaphiolepis seguinii,10762909,0
Prunus junghuhniana,Prunus javanica,3022372,1
Potentilla exaltata,Spiraea billiardii,7732954,0
Cecropia coriacea,Cecropia angustifolia,4013465,1
Crataegus rigida,Crataegus pruinosa,7790552,1
Driessenia sinensis,Artocarpus altilis,2984573,0
Pourouma cecropiaefolia,Berchemia miofloribunda,11641201,0
Aronia watsoniana,Sorbaronia sorbifolia,2987868,1
Laportea cordifolia,Argentina microphylla,8380317,0
Spiraea rotundifolia,Spiraea trilobata,3026656,1
Zizyphus incurva,Ziziphus incurva,3876080,1
Ficus virginiensis,Acaena magellanica,5370832,0
Ficus marginalis,Ficus heteropleura,7262505,1
Helicostylis lancifolia,Helicostylis elegans,3764964,1
Morus expansa,Ficus dendrocida,5572579,0
Procris trinervata,Leucosyke capitellata,4102514,0
Streblus ilicifolius,Taxotrophis ilicifolia,3767205,1
Colubrina longipes,Colubrina javanica,5603090,1
Pourouma subplicata,Pourouma bolivarensis,4013540,1
Cestrum toxicarium,Antiaris toxicaria,7262663,1
Pilea guyanensis,Pilea pubescens,7300898,1
Karwinskia glandulosa,Ficus fulva,5571361,0
Aria mougeotii,Paliurus orientalis,5603071,0
Pipturus asper,Pipturus arborescens,4102074,1
Pilea diffusa,Fragaria moupinensis,3029818,0
Villebrunea rufescens,Oreocnide rubescens,4099400,1
Procris urticifolia,Phenax hirtus,7300652,1
Cecropia peltata,Cecropia polystachya,4013171,1
Ziziphus acuminata,Shepherdia canadensis,5372427,0
Pyrus austriaca,Ampelocera edentula,4160141,0
Rosa ceratophorae,Allaeanthus luzonicus,8317606,0
Urtica alba,Cecropia pachystachya,4013385,0
Morus missouriensis,Morus rubra,5361886,1
Aphanes monogyna,Aphanes arvensis,5365013,1
Pyraria irregularis,Pyraria irregularis,12193096,1
Ceanothus perennis,Frangula granulosa,3874505,0
Ceanothus collinus,Taxotrophis taxoides,11138557,0
Pouzolzia hypericifolia,Gonostegia pentandra,4100866,1
Dorstenia variegata,Gouania hillebrandii,8240892,0
Elatostema angusticuneatum,Elatostema mannii,4102672,1
Ficus acanthocarpa,Rhamnus triquetra,12256834,0
Urera commersoniana,Dendrocnide gigantea,4098866,1
Armeniaca praecox,Pourthiaea villosa,8356787,0
Elatostema merrillii,Elatostema parvum,7300859,1
Phylica hirsuta,Neillia sinensis,3024789,0
Fleurya caravellana,Laportea aestuans,2984466,1
Memorialis neurocarpa,Gonostegia parvifolia,4100881,1
Sorbus wilmottiana,Aria wilmottiana,9365504,1
Trema lancifolium,Boehmeria japonica,7300501,0
Sorbus gayerana,Karpatiosorbus gayeriana,9482210,1
Dorstenia caulescens,Dorstenia cuspidata,7262644,1
Laportea carruthersiana,Phyllogeiton discolor,3874547,0
Pyrenia torminalis,Scutia myrtina,8317476,0
Gouania martinicensis,Adolphia infesta,5372476,0
Sorbus futakiana,Karpatiosorbus futakiana,9335582,1
Ulmus intermedia,Ulmus glabra,5361866,1
Elaeagnus longidrupa,Naucleopsis caloneura,3767273,0
Ziziphus paniculata,Ziziphus incurva,3876080,1
Pomaderris aspera,Pomaderris aspera,3877557,1
Pellionia undulatum,Aria ulmifolia,9515578,0
Cryptandra cordata,Spyridium cordatum,3874495,1
Sorbus remensis,Karpatiosorbus remensis,9350399,1
Azarolus hybrida,Karpatiosorbus hybrida,9478021,1
Opulaster intermedius,Frangula caroliniana,3039468,0
Sorbopyrus irregularis,Boehmeria cylindrica,2984345,0
Missiessya celtidifolia,Leucosyke capitellata,4102514,1
Dorstenia kyimbilaensis,Dorstenia schliebenii,3763142,1
Laportea nicaraguensis,Naucleopsis caloneura,3767273,0
Cryptandra gunnii,Oreocnide rhodopleura,4099423,0
Phenax ulei,Rhamnus prinoides,3875856,0
Sorbus armeniaca,Aronia arbutifolia,5363629,0
Acaena tenuifolia,Poikilospermum scabrinervium,4013152,0
Obetia ficifolia,Karpatiosorbus pseudovertesensis,9287578,0
Spiraea macrophylla,Spiraea japonica,8170635,1
Urtica appendiculata,Boehmeria nivea,2984359,0
Zizyphus hamosa,Crataegus douglasii,3013580,0
Ulmus tricuspis,Ulmus tricuspis,5680272,1
Spiraea ferruginea,Spiraea tomentosa,3026819,1
Sorbus scannelliana,Maoutia diversifolia,5671121,0
Boehmeria angustifolia,Phenax angustifolius,5670460,1
Spiraea rosea,Celtis tala,7141607,0
Photinia notoniana,Photinia integrifolia,5363967,1
Urostigma haematocarpum,Ficus benjamina,5361932,1
Morus canadensis,Achudemia subpubera,11202570,0
Ulmus erosa,Ulmus wallichiana,7303567,1
Ficus dictyophylla,Sarcomphalus laurinus,7273826,0
Stellariopsis santolinoides,Trema orientale,2984508,0
Celtis xizangensis,Adolphia infesta,5372476,0
Pygeum pullei,Acaena magellanica,5370832,0
Neillia malvacea,Frangula paruensis,10875485,0
Epicarpurus gaudichaudii,Streblus asper,10242935,1
Pouzolzia ramosissima,Gonostegia pentandra,4100866,1
Cudrania pubescens,Maclura cochinchinensis,7262552,1
Morocarpus longifolius,Debregeasia longifolia,4099305,1
Gironniera penangiana,Phylica lasiocarpa,3875597,0
Saccus mollis,Noltea africana,3877365,0
Ramium didymogyne,Boehmeria didymogyne,4099441,1
Urtica lutescens,Cypholophus lutescens,4099764,1
Urtica parasitica,Pouzolzia parasitica,4099533,1
Pyrus poilanei,Rhaphiolepis poilanei,10750769,1
Pellionia biappendiculata,Scandosorbus intermedia,10071055,0
Aphanes triloba,Aphanes arvensis,5365013,1
Sahagunia colombiana,Clarisia biflora,7262852,1
Sorbus cochleariformis,Karpatiosorbus fischeri,9349434,0
Morus laciniata,Ziziphus oenopolia,3875331,0
Berchemia racemosa,Berchemia floribunda,3876453,1
Potentilla coryphea,Broussonetia kaempferi,5569771,0
Ramium malabaricum,Boehmeria depauperata,4099464,1
Cecropia auyantepuiana,Krugiodendron ferreum,3039518,0
Aboriella myriantha,Aronia arbutifolia,5363629,0
Ficus disticha,Ficus diversiformis,5572308,1
Ambaiba latiloba,Cecropia latiloba,4013210,1
Urtica simensis,Urtica simensis,5670167,1
Artocarpus finlaysoniana,Sloetia elongata,3763185,1
Sorocea ilicifolia,Sorocea bonplandii,3763071,1
Pilea pellucida,Pilea melastomoides,5670477,1
Pyrus wilmottiana,Rubus niveus,2989183,0
Sponia orientalis,Scutia spicata,7273727,0
Ancistrum cylindristachyum,Acaena cylindristachya,5371112,1
Lasiodiscus articulatus,Ficus benjamina,5361932,0
Artocarpus petiolaris,Elaeagnus triflora,7293096,0
Ferolia variegata,Brosimum rubescens,3762826,1
Trevoa trinervia,Retanilla trinervia,3875478,1
Spiraea longifolia,Spiraea sanssouciana,3026803,1
Artocarpus involucrata,Lecanthus petelotii,7300467,0
Elaeagnus jucundicocca,Elaeagnus multiflora,3039272,1
Fleurya photinophylla,Elaeagnus umbellata,3039267,0
Boehmeria latifolia,Cypholophus latifolius,4099785,1
Urera humblotii,Laportea humblotii,4099353,1
Berchemia trichantha,Argentina stenophylla,8033120,0
Elaeagnus tomentosa,Elaeagnus angustifolia,3039269,1
Pyrus wrightiana,Photinia wrightiana,5363966,1
Androstylanthus paraensis,Hedlundia austriaca,9251540,0
Pyrus mokpoensis,Majovskya sudetica,9238979,0
Rhamnus biniflora,Karwinskia humboldtiana,3039523,1
Ficus ciroana,Ficus holosericea,5570480,0
Dorstenia lucida,Rosa gennarii,3008687,0
Pyrus subpinnata,Hedlundia subpinnata,9621217,1
Celtis djungiel,Celtis philippensis,7303643,1
Spyridium halmaturinum,Dendrocnide gigantea,4098866,0
Padus stellipila,Ulmus hollandica,7141604,0
Zelkova acuminata,Zelkova serrata,2984532,1
Gouania mollis,Rubus leucodermis,8110785,0
Urostigma circumscissum,Crataegus heterophylloides,3014305,0
Holodiscus ariifolia,Holodiscus discolor,2987780,1
Physocarpus glabra,Aria stirtoniana,9604336,0
Pyrus bergerae,Sorocea muriculata,7262387,0
Potentilla porciusii,Naucleopsis imitans,3767179,0
Ficus javanensis,Ficus crassinervia,5361897,0
Prunus juliana,Procris pedunculata,5671195,0
Pyrus fokienensis,Cryptandra coronata,3877706,0
Pyrus porrigentiformis,Aria porrigentiformis,9448867,1
Celtis mindanaensis,Laportea canadensis,2984463,0
Sponia acuminatissima,Ziziphus linnaei,3875884,0
Spiraea rotundifolia,Boehmeria nivea,2984359,0
Humulus yunnanensis,Pourouma minor,4013658,0
Physocarpus malvaceus,Dendrocnide rechingeri,4098574,0
Fleurya glandulosa,Parietaria officinalis,5361803,0
Potentilla porrigens,Potentilla grandiflora,5366106,1
Pentaphyllum divisum,Ficus ampelos,8053189,0
Cerasus carponaria,Pilea hispaniolana,7818256,0
Adicea ciliata,Boehmeria repens,2984358,1
Pyrus hibernica,Acaena stricta,5370972,0
Sorbus mougeotii,Hedlundia mougeotii,9312105,1
Pomaderris prunifolia,Pomaderris prunifolia,3876111,1
Celtis williamsii,Aphananthe cuspidata,8293016,0
Elatostema lamii,Elatostema cauliflorum,4100987,1
Potentilla aemulans,Crataegus obtusata,3014035,0
Ostinia mespylus,Discaria chacaye,5602883,0
Boehmeria tikusiensis,Malacomeles denticulata,2988294,0
Hiptage cavaleriei,Karpatiosorbus joannis,9459637,0
Sageretia minutiflora,Spiraea decumbens,3027183,0
Rhamnus chimantensis,Cecropia herthae,4013414,0
Phylica elongata,Phylica spicata,8247775,1
Urtica quinquenervis,Taxotrophis taxoides,11138557,0
Cryptandra subochreata,Spyridium subochreatum,7273953,1
Enrila dichotoma,Ventilago dichotoma,3874510,1
Broussonetia maculata,Broussonetia papyrifera,5361944,1
Trophis fruticosa,Pyracantha coccinea,2988188,0
Phylica cylindrica,Phylica excelsa,12206432,1
Pyrus pilosicalyx,Parartocarpus venenosa,3766049,0
Urtica divergens,Ficus heteropleura,7262505,0
Alphitonia moluccana,Alphitonia incana,3877487,1
Ulmus wallichii,Pouzolzia sanguinea,7300542,0
Colubrina colubrina,Rhamnus triquetra,12256834,0
Ceanothus eglandulosus,Discaria pubescens,5602819,0
Pseudolmedia mollis,Hedlundia semipinnata,9304536,0
Photinia buisanensis,Phylica arborea,3876422,0
Cerasus prunifolia,Pseudolmedia laevis,3764170,0
Pyrus bollwylleriana,Phylica axillaris,3876343,0
Ulmus floridana,Prunus avium,3020791,0
Cecropia franciscii,Cecropia polystachya,4013171,1
Potentilla fragiformis,Aphananthe cuspidata,8293016,0
Urera caracasana,Coussapoa microcephala,7316409,0
Opulaster pauciflorus,Ficus auriculata,5571773,0
Spiraea fissa,Maclura cochinchinensis,7262552,0
Maclura mora,Maclura tinctoria,2984583,1
Conocephalus acuminatus,Poikilospermum acuminatum,4013317,1
Urtica sphaerocephala,Dendrocnide latifolia,4098799,0
Pomaderris oraria,Pomaderris oraria,7273900,1
Colletia polyacantha,Celtis brasiliensis,7303606,0
Artocarpus integra,Procris repens,7916114,0
Gironniera sponioides,Trema micranthum,2984501,0
Willemetia africana,Acaena trifida,5370812,0
Urera keayi,Potentilla frigida,5368457,0
Potentilla isomera,Elatostematoides robustum,4098258,0
Acaena macrostemon,Acaena magellanica,5370832,1
Potentilla shweliensis,Argentina shweliensis,7366653,1
Gouania hillebrandii,Gouania hillebrandii,8240892,1
Ziziphus undulata,Sarcomphalus undulatus,8826109,1
Radermachia incisa,Spiraea betulifolia,3026550,0
Gouania triehodonta,Gouania trichodonta,5602882,1
Eriobotrya glabrescens,Rhaphiolepis glabrescens,10841492,1
Perebea xinguana,Maquira sclerophylla,3763651,1
Clarisia colombiana,Ulmus wallichiana,7303567,0
Trymatococcus oligogynus,Dorstenia oligogyna,3763788,1
Australina tasmanica,Humulus lupulus,2984535,0
Ochetophila divergens,Ochetophila trinervis,3877218,1
Margarocarpus conglobatus,Photinia chingiana,5363865,0
Mespilus portentosa,Pomaderris ledifolia,7273929,0
Ulmus batavina,Ulmus hollandica,7141604,1
Pyrus decaisneana,Aria edulis,8411755,1
Ceanothus latifolius,Coussapoa dealbata,4013663,0
Spiraea paniculata,Acaena echinata,5371172,0
Hovenia fulvotomentosa,Hovenia trichocarpa,7273737,1
Artocarpus lanceolatus,Artocarpus lamellosus,3764628,1
Ficus ampullacea,Ficus montana,8041955,1
Gouania cordifolia,Aria vajdae,9512002,0
Aronia nigra,Debregeasia saeneb,4099243,0
Procris wightiana,Dorstenia poinsettifolia,7515664,0
Ficus hololampra,Ficus melinocarpa,7262687,1
Paliurus solitarius,Paliurus spina-christi,5372457,1
Pyrus bengalensis,Rhaphiolepis bengalensis,10869066,1
Boehmeria fernandesiana,Urtica glomeruliflora,8284380,1
Fragariastrum davisii,Potentilla davisii,5365727,1
Luetkea coespitosa,Petrophytum caespitosum,3030194,1
Urtica azorica,Urtica membranacea,7685819,1
Ficus mamillifera,Trevoa quinquenervia,3876194,0
Amygdalus sibirica,Prunus tenella,3022879,1
Gymnogyne elongata,Phenax sonneratii,6414569,1
Tylanthus litoralis,Phylica litoralis,3875533,1
Trichilia brieyi,Treculia obovoidea,3766978,1
Ceanothus pubescens,Ceanothus herbaceus,3039322,1
Rhamnus velutina,Rhamnus ninglangensis,3876672,1
Pouzolzia heterocarpa,Heteromeles arbutifolia,5370154,0
Broussonetia kurzii,Allaeanthus kurzii,3765662,1
Pygeum ovale,Prunus marsupialis,3022286,1
Pyrus glomerata,Photinia griffithii,5364046,1
Forsskaolea cossoniana,Forsskaolea tenacissima,4101888,1
Urtica nitida,Urera nitida,4098735,1
Adicea multiflora,Prunus avium,3020791,0
Missiessya candidissima,Colubrina arborescens,5372463,0
Armeniaca batavica,Prunus armeniaca,7818643,1
Pyrus semiincisa,Karpatiosorbus semiincisa,9325082,1
Urera bequaertii,Urera bequaertii,4099786,1
Fatoua scabra,Fatoua villosa,2984652,1
Dorstenia ophioglossoides,Ulmus hollandica,7141604,0
Sorbus zuzanae,Majovskya zuzanae,9445237,1
Basilima lindleyana,Sorbaria tomentosa,3012117,1
Castilla markhamiana,Rhaphiolepis major,5371529,0
Boehmeria weddelliana,Prunus arborea,3021654,0
Crataegus laciniata,Crataegus pallasii,3013600,1
Coussapoa warburgiana,Potentilla karoi,5368724,0
Covellia albipila,Ficus albipila,7262874,1
Artocarpus tylophyllus,Parietaria lusitanica,7671972,0
Amygdalus scoparia,Celtis biondii,7303618,0
Colubrina alamanii,Rhaphiolepis indica,5371542,0
Prunus rufomicans,Prunus wilsonii,3023112,1
Phenax triandra,Phylica imberbis,7725424,0
Rhamnus hordwellensis,Crataegus douglasii,3013580,0
Spiraea ferganensis,Spiraea lasiocarpa,3026795,1
Acaena andina,Acaena leptacantha,5370922,1
Cormonema biglandulosum,Pseudoziziphus parryi,8997716,0
Ficus fulva,Crataegus heterophylloides,3014305,0
Boehmeria dealbata,Aruncus dioicus,5362136,0
Cecropia scabra,Aruncus sylvester,6369098,0
Urtica pustulata,Celtis iguanaea,2984498,0
Pouzolzia orientalis,Pouzolzia zeylanica,2984383,1
Epicarpurus involucratus,Taxotrophis taxoides,11138557,1
Pyrus collina,Aria collina,9453938,1
Flueggea javanica,Taxotrophis spinosa,8344866,1
Piratinera mollis,Prunus emarginata,7272137,0
Sorbus badensis,Karpatiosorbus badensis,9384949,1
Stranvaesia tomentosa,Pourthiaea tomentosa,10973824,1
Potentilla smithiana,Argentina smithiana,7815937,1
Elaeagnus parvifolia,Elaeagnus umbellata,3039267,1
Acaena pusilla,Colletia spinosissima,6371450,0
Rhamnus chrysophylla,Aria ujhelyii,9577636,0
Coussapoa setosa,Coussapoa ovalifolia,4013216,1
Amelanchier paniculata,Crataegus sanguinea,3013574,0
Debregeasia rhodopleura,Oreocnide rhodopleura,4099423,1
Urtica rugosula,Pouzolzia rugulosa,4098989,1
Urtica pilosiuscula,Ulmus rubra,5361867,0
Alphitonia lucida,Jaffrea xerocarpa,9301181,1
Elatostema griffithianum,Elatostema heterolobum,4099443,1
Boehmeria villigera,Boehmeria dura,4099280,1
Boehmeria esquirolii,Boehmeria depauperata,4099464,0
Ficus inconstantissima,Taxotrophis taxoides,11138557,0
Pogonotrophe glandulifera,Ficus glandulifera,7942321,1
Urtica urophylla,Oreocnide integrifolia,7300622,1
Ceanothus azureus,Ceanothus tomentosus,3039360,1
Sorbus barthae,Karpatiosorbus barthae,9552007,1
Pyrus cydonia,Cydonia oblonga,5362215,1
Pyrus avalon,Photinia lasiogyna,5364025,1
Procris nivea,Leucosyke javanica,4102370,0
Rhamnus obscura,Colubrina obscura,5603031,1
Crataegus carpathica,Crataegus pruinosa,7790552,0
Artocarpus peduncularis,Parietaria pensylvanica,5361796,0
Crataegus versicolor,Crataegus nigra,3015596,1
Crataegus pentasperma,Crataegus senta,3013958,1
Urtica spicigera,Laportea interrupta,2984469,1
Pipturus rockii,Boehmeria cylindrica,2984345,0
Laportea longifolia,Ziziphus napeca,7449477,0
Neillia rubiflora,Neillia thibetica,3024806,1
Sorbus borbasii,Hedlundia borbasii,9559349,1
Artocarpus reniformis,Argentina fallens,7700126,0
Cecropia adenopus,Cecropia glaziovii,7512929,1
Dorstenia scaphigera,Prunus emarginata,7272137,0
Eriobotrya seguinii,Rhaphiolepis seguinii,10762909,1
Artocarpus fretissi,Artocarpus fretissi,3764859,1
Rhamnus virgata,Rhamnus parvifolia,7273851,1
Morus vicorum,Morus serrata,7420883,1
Leucosyke candidissima,Leucosyke javanica,4102370,1
Droguetia elliptica,Droguetia leptostachys,4102666,1
Amygdalus divaricata,Amygdalus divaricata,5371332,1
Morus integrifolia,Gonostegia triandra,4100795,0
Procris cephalida,Celtis trinervia,2984493,0
Rhamnidium cubense,Auerodendron cubense,7273940,1
Dorstenia turneraefolia,Trema micranthum,2984501,0
Neillia glandulocalyx,Neillia sinensis,3024789,1
Opulaster amurensis,Physocarpus amurensis,2988383,1
Boehmeria canescens,Boehmeria virgata,4100434,1
Wichuraea arbutiflora,Aria umbellata,9330923,0
Urera acuminata,Scepocarpus acuminatus,11851100,1
Cecropia mocoana,Cecropia ficifolia,8173870,1
Solenostigma brevinerve,Celtis philippensis,7303643,1
Elaeagnus turcomanica,Elaeagnus angustifolia,3039269,1
Rhamnus henryi,Dendrocnide venosa,4098413,0
Spiraea altaiensis,Sibiraea laevigata,3032453,1
Elatostema spectabile,Elatostema macrophyllum,4098062,1
Zelkova ulmoides,Zelkova carpinifolia,7467231,1
Urera horrida,Cecropia peltata,2984476,0
Pouzolzia pentandra,Gonostegia pentandra,4100866,1
Lazarolus pollvilleriana,Pyraria irregularis,12193096,1
Rhamnus rumeliacea,Acaena caespitosa,7806638,0
Fragaria illinoensis,Fragaria virginiana,7950792,1
Ceanothus megacarpus,Hedlundia arranensis,9290014,0
Berchemia wilsonii,Rhamnus globosa,6371045,0
Pilea alpestris,Pilea lapestris,5670900,1
Stranvaesia impressivena,Poikilospermum amboinense,4013310,0
Fragariastrum curvisetum,Potentilla curviseta,5368484,1
Crataegus cavaleriei,Pourthiaea villosa,8356787,1
Fragaria sikkimensis,Artocarpus hirsutus,2984572,0
Urera gaudichaudeana,Dendrocnide meyeniana,4098765,1
Pourouma umbellifera,Pourouma minor,4013658,1
Parietaria repens,Soleirolia soleirolii,2984366,1
Rubus dalibarda,Colletia spinosissima,6371450,0
Dorstenia orientalis,Ceanothus delileanus,4928516,0
Momisia tala,Celtis iguanaea,2984498,1
Ficus sphaerocarpa,Pilea diversifolia,5670342,0
Ficus cystopoda,Pseudolmedia macrophylla,3764164,1
Cecropia eximia,Cecropia insignis,4013292,1
Pilea spicata,Spyridium phlebophyllum,3877282,0
Epicarpurus spinosus,Taxotrophis taxoides,11138557,1
Sorbus richii,Aria richii,9457420,1
Holodiscus franciscanus,Holodiscus discolor,2987780,1
Pseudolmedia hirtellifolia,Pseudolmedia laevis,3764170,1
Rhamnus biniflora,Parietaria cretica,8126790,0
Pyrus crenata,Colletia spinosissima,6371450,0
Urtica mitis,Aphanes australiana,5364997,0
Lecanocnide diversifolia,Maoutia diversifolia,5671121,1
Sorbus tamamschjanae,Rosa mariaegraebneriae,3011469,0
Pyrus pauca,Hedlundia pauca,9259323,1
Poikilospermum warburgii,Prunus rhamnoides,3023741,0
Alchemilla parodii,Aphanes parodii,5364995,1
Crataegus durobrivensis,Berchemia koganii,7508707,0
Ceanothus megacarpus,Pilea gracilis,5669760,0
Laportea photiniphylla,Celtis iguanaea,2984498,0
Urticastrum stimulans,Rhaphiolepis indica,5371542,0
Trymalium spathulatum,Spyridium spathulatum,7273960,1
Touchardia molokaiensis,Touchardia latifolia,2984457,1
Spiraea yazawai,Phylica brachycephala,3876294,0
Rhamnus crenata,Frangula crenata,7273631,1
Cryptandra pimeleoides,Stenanthemum pimeleoides,3876610,1
Potentilla baliemensis,Potentilla nitida,5367673,0
Aronia densa,Aronia arbutifolia,5363629,1
Urera microcarpa,Ficus mauritiana,5571388,0
Celtis cinerea,Ceanothus americanus,3039318,0
Rhamnus pubescens,Naucleopsis caloneura,3767273,0
Potentilla gallica,Potentilla grandiflora,5366106,1
Sorbus avonensis,Aria avonensis,9584809,1
Eorhamnidium platyphylloides,Acaena splendens,5370957,0
Ficus spectabilis,Aria herefordensis,9580582,0
Pygeum brevifolium,Boehmeria grandis,2984353,0
Cryptandra pomaderroides,Dorstenia ciliata,3765470,0
Pyrus magocsyana,Pilea parietaria,5361834,0
Acaena quinquefida,Acaena trifida,5370812,1
Eriobotrya serrata,Potentilla rubricaulis,8336779,0
Rhamnus splendens,Pilea rotundata,7300807,0
Pipturus pachyphyllus,Ampelocera hottlei,4160087,0
Sorbus grandifolia,Pilea inaequalis,5361845,0
Ceanothus glandulosus,Potentilla ornithopoda,5366556,0
Trymatococcus oligandrus,Brosimum oligandrum,11629865,1
Trevoa campanulata,Ziziphus linnaei,3875884,0
Cecropia leucophaea,Cecropia polystachya,4013171,1
Artocarpus pungens,Pilea crenulata,5670620,0
Streblus tonkinensis,Bleekrodea tonkinensis,3763799,1
Streblus pendulinus,Scandosorbus intermedia,10071055,0
Sorbus subcuneata,Karpatiosorbus subcuneata,9558357,1
Urera crassifolia,Prunus arborea,3021654,0
Ulmus simplicidens,Elaeagnus multiflora,3039272,0
Ulmus sieboldii,Rubus leucodermis,8110785,0
Sorbus meridionalis,Aria graeca,5370233,1
Crataegus xmedia,Sageretia hamosa,7273915,0
Dorstenia rosenii,Rhamnus ninglangensis,3876672,0
Ivesia jaegeri,Potentilla jaegeri,5367994,1
Sorbus quercoides,Sorbaria sorbifolia,3012089,1
Pseudolmedia mildbraedii,Pseudolmedia laevigata,3764182,1
Urtica rigida,Scepocarpus rigidus,11732428,1
Opulaster malvaceus,Maclura tinctoria,2984583,0
Celtis weddelliana,Celtis tala,7141607,1
Rhamnus smithii,Endotropis smithii,9510582,1
Sorbus javorkae,Morus indica,5569978,0
Potentilla velutina,Argentina peduncularis,8011593,1
Ulmus sarniensis,Pourthiaea arguta,2988149,0
Bleekrodea malayana,Bleekrodea insignis,3763823,1
Coussapoa prancei,Coussapoa orthoneura,4013222,1
Rhamnus humboldtiana,Pilea rivularis,7300820,0
Rhamnus oiwakensis,Rhamnus parvifolia,7273851,1
Adike rhomboidea,Laportea mooreana,4099014,0
Cerasus crassa,Prunus crassa,8249530,1
Urtica leptostachya,Morus indica,5569978,0
Cerasus kelloggiana,Crataegus scabrifolia,3013721,0
Acaena decumbens,Sorbaronia arsenii,2987867,0
Pseudomorus pendulina,Rhamnella rubrinervis,9039596,0
Cerasus pseudocerasus,Prunus pseudocerasus,3021437,1
Photinia arbutifolia,Scepocarpus acuminatus,11851100,0
Aronia densiflora,Naucleopsis glabra,3767226,0
Adicea rubiifolia,Procris pedunculata,5671195,0
Sageretia costata,Sageretia hamosa,7273915,1
Broussonetia tinctoria,Celtis adolfi-friderici,4159612,0
Rhamnus myrtina,Scutia myrtina,8317476,1
Artocarpus pomiformis,Artocarpus gomezianus,3764819,1
Ventilago monoica,Ventilago dichotoma,3874510,1
Physocarpus malvaceus,Physocarpus malvaceus,2988332,1
Ramium mollicoma,Pourthiaea callosa,3000473,0
Persica pendula,Prunus persica,8149923,1
Rhaphiolepis loquata,Phylica harveyi,3875786,0
Acaena multifida,Potentilla multifida,8416400,0
Gouania pubescens,Gouania polygama,5372439,1
Pellionia yunnanense,Aria edulis,8411755,0
Saccus cumingianus,Gyrotaenia crassifolia,4100693,0
Soulangia subcanescens,Pyracantha crenulata,2988172,0
Memorialis hispida,Gonostegia triandra,4100795,1
Ficus sibuyanensis,Majovskya ambigua,9285492,0
Ziziphus palawanensis,Spiraea pyramidata,3026523,0
Trema timorensis,Trema cannabina,2984507,1
Sorbus madoniensis,Aria madoniensis,9550016,1
Urtica poiretii,Pilea melastomoides,5670477,1
Crataegus heterophylloides,Crataegus heterophylloides,3014305,1
Ficus santanderiana,Ficus mutisii,5570900,1
Osmaronia bracteosa,Oemleria cerasiformis,2988485,1
Brosimum tessmannii,Brosimum guianense,7374879,1
Tylanthus diosmoides,Neillia incisa,3853033,0
Poikilospermum piperi,Poikilospermum suaveolens,4013131,1
Sahagunia urophylla,Ampalis mauritiana,3765609,0
Procris ponapensis,Procris pedunculata,5671195,1
Cryptandra campanulata,Cryptandra tomentosa,7273849,1
Morus peruviana,Paratrophis insignis,11137754,1
Prunus betancurii,Prunus buxifolia,3022783,1
Polianthion biloculare,Acaena ovina,5371158,0
Fleurya umbellata,Prunus arborea,3021654,0
Celtis kajewskii,Obetia radula,8399299,0
Begonia daveauana,Procris repens,7916114,1
Saccus nobilis,Dorstenia zenkeri,3762584,0
Sorbus liljeforsii,Scandosorbus liljeforsii,10815519,1
Morus pensylvanica,Ceanothus integerrimus,3039382,0
Pseudolmedia multinervis,Celtis iguanaea,2984498,0
Ochetophila hookeriana,Urtica ovalifolia,7634481,0
Rhaphiolepis fragrans,Crataemespilus gillotii,3026359,0
Ficus irisana,Discaria nana,8629951,0
Pyrus pseudosemiincisa,Dorstenia brasiliensis,7262704,0
Discaria integrifolia,Cecropia ficifolia,8173870,0
Aronia heterophylla,Ficus fulva,5571361,0
Boehmeria hatusimae,Fragaria ananassa,3029912,0
Helxine soleirolii,Hedlundia pseudomeinichii,9523257,0
Berchemia laotica,Ziziphus angustifolia,3877032,0
Oxyacantha granatensis,Dendrocnide basirotunda,4099095,0
Ceanothus triqueter,Maquira coriacea,3763724,0
Saccus bracteatus,Rosa ardala,3008200,0
Procris axillaris,Procris pedunculata,5671195,1
Crataegus intermixta,Morus indica,5569978,0
Spyridium spathulatum,Gironniera celtidifolia,4159570,0
Porteranthus stipulatus,Gillenia stipulata,7557273,1
Ulmus mossii,Crataegus pruinosa,7790552,0
Ulmus forficata,Rosa beggeriana,7832083,0
Laportea ternatense,Physocarpus malvaceus,2988332,0
Rhamnidium retusum,Poikilospermum cordifolium,4013277,0
Dorstenia gigas,Trilepisium madagascariense,3766911,0
Photinia melanostigma,Poikilospermum acuminatum,4013317,0
Cecropia nivea,Osteomeles schweriniae,4938587,0
Parietaria cretica,Elaeagnus umbellata,3039267,0
Discaria spiculata,Discaria americana,5602906,1
Potentilla velutina,Discaria nana,8629951,0
Opulaster monogynus,Physocarpus monogynus,2988349,1
Cerasus orientalis,Prunus microcarpa,3021376,1
Elatostema machaerophyllum,Ulmus minor,5361865,0
Trevoa glauca,Atadinus alpinus,3877063,0
Caidbeja adhaerens,Forsskaolea tenacissima,4101888,1
Dorstenia plumeriifolia,Dorstenia elata,7262616,1
Gironniera ferruginea,Gironniera subaequalis,4159324,1
Laportea basirotunda,Prunus mira,3022504,0
Perebea integrifolia,Argentina taliensis,7527420,0
Sorbus sudetica,Majovskya sudetica,9238979,1
Prunus plena,Spiraea tomentosa,3026819,0
Ficus ovatifolia,Ficus ovata,8978837,1
Potentilla pedata,Gonostegia pentandra,4100866,0
Phylica rosmarinifolia,Phylica polifolia,3875106,1
Potentilla moupinensis,Phylica buxifolia,3876260,0
Celtis rendleana,Humulus scandens,2984537,0
Rhamnus canadensis,Ficus heteropleura,7262505,0
Pyrus redliana,Acaena myriophylla,5371108,0
Celtis alnifolia,Phylica pubescens,8265192,0
Missiessya bimensis,Leucosyke capitellata,4102514,1
Urera amberana,Hedlundia mougeotii,9312105,0
Potentilla mangenii,Cecropia utcubambana,4013159,0
Boehmeria diversifolia,Elatostema suzukii,4099449,0
Hyrtanandra ciliaris,Acaena magellanica,5370832,0
Phylica excelsa,Phylica excelsa,12206432,1
Pilea longipes,Pilea acuminata,7300553,1
Artocarpus brevisericeus,Karpatiosorbus albensis,9366458,0
Pyrus melanocarpa,Aronia melanocarpa,5363627,1
Potentilla villosa,Gonostegia triandra,4100795,0
Taxotrophis microphylla,Paratrophis microphylla,7974324,1
Potentilla fusca,Karpatiosorbus amici-petri,9266572,0
Morus longistylus,Taxotrophis zeylanica,3767138,0
Gouania hillebrandii,Ulmus pitteursii,5680201,0
Adicea punctata,Boehmeria ramiflora,7300855,0
Phylica capitata,Spiraea tomentosa,3026819,0
Procris peduncularis,Boehmeria didymogyne,4099441,0
Rhamnus leucodermis,Ziziphus leucodermis,3875900,1
Aphananthe rectinerva,Aphananthe philippinensis,4159824,1
Cecropia candida,Cecropia hololeuca,4013377,1
Crataegus celsiana,Dendrocnide schlechteri,4098530,0
Colletia spinosa,Phylica excelsa,12206432,0
Sponia occidentalis,Celtis occidentalis,2984481,1
Sorbus oblonga,Aria edulis,8411755,1
Prunus antilibani,Potentilla ancistrifolia,5366710,0
Colletia horrida,Ficus holosericea,5570480,0
Colubrina ferruginosa,Elatostema biakense,4101469,0
Opulaster intermedius,Phylica diosmoides,3876006,0
Crataegus pulla,Spiraea velutina,3026500,0
Dorstenia tenuis,Dorstenia tenuis,3762921,1
Crataegus eriocarpa,Pourthiaea arguta,2988149,0
Ramium compactum,Boehmeria nivea,2984359,1
Kelseyi uniflora,Kelseya uniflora,2988160,1
Potentilla moschata,Acaena caespitosa,7806638,0
Lecanocnide heterophylla,Maoutia diversifolia,5671121,1
Rhamnus smithii,Poikilospermum amboinense,4013310,0
Pilea rupicola,Pilea pubescens,7300898,1
Sorocea klotzschiana,Ficus ampelos,8053189,0
Laurus umbellata,Rhaphiolepis umbellata,7480375,1
Dorstenia amoena,Dorstenia kameruniana,3764528,1
Trema asperum,Aphananthe cuspidata,8293016,0
Pyraria auricularis,Pyraria irregularis,12193096,1
Argentina tatsienluensis,Argentina stenophylla,8033120,1
Sorbus cydonia,Cydonia oblonga,5362215,1
Photinia variabilis,Pourthiaea villosa,8356787,1
Boehmeria spirei,Paratrophis philippinensis,3765935,0
Symplocos japonica,Pourthiaea villosa,8356787,1
Dorstenia buesgenii,Hijmania turbinata,9189516,1
Saccus scortechinii,Heteromeles arbutifolia,5370154,0
Pouzolzia dentata,Pipturus dentatus,4101944,1
Ulmus dippeliana,Ulmus hollandica,7141604,1
Pomaderris subrepanda,Potentilla arcadiensis,5366577,0
Potentilla assimilis,Procris crenata,5669749,0
Sorbus javorkana,Aria javorkana,9502264,1
Acaena basibullata,Acaena magellanica,5370832,1
Chamaedryfolia viridis,Potentilla rubricaulis,8336779,0
Homoioceltis aspera,Ficus mauritiana,5571388,0
Aria aria,Aria edulis,8411755,1
Boehmeria macrophylla,Boehmeria penduliflora,7769607,1
Acaena pulvinata,Urera caracasana,2984335,0
Colletia longissima,Discaria americana,5602906,1
Elaeagnus nikaii,Elaeagnus submacrophylla,4048240,1
Prunoamygdalus baldshuanica,Prunus ulmifolia,3023601,1
Colubrina americana,Pouzolzia zeylanica,2984383,0
Elatostema anfractum,Hedlundia leyana,9439176,0
Streblus sandwicensis,Paratrophis pendulina,11172036,1
Choenomeles cancellata,Chaenomeles cancellata,3000630,1
Aronia floribunda,Dendrocnide sinuata,4098506,0
Laportea bathiei,Laportea aestuans,2984466,1
Urtica moroides,Dendrocnide moroides,4098695,1
Albertia simplicifolia,Exochorda racemosa,3024256,1
Morus pabularia,Morus serrata,7420883,1
Acaena hirsuta,Acaena magellanica,5370832,1
Urera gigantea,Gonostegia triandra,4100795,0
Elatostema caudatum,Cecropia telenitida,4013242,0
Urticastrum amplissimum,Colubrina cordifolia,7273998,0
Spyridium serpyllaceum,Spyridium obcordatum,3877394,1
Phyllochlamys wallichii,Elaeagnus angustifolia,3039269,0
Fleurya interrupta,Pilea rugosa,5670691,0
Photinia obliqua,Pourthiaea obliqua,3000356,1
Ulmus octandra,Ulmus laevis,7303616,1
Raphiolepis delacourii,Rhaphiolepis delacourii,5371539,1
Celtis missipipiensis,Rubus barberi,2999487,0
Boehmeria pannosa,Boehmeria splitgerbera,4101039,1
Celtis selloviana,Elaeagnus glabra,7293101,0
Ficus virginiensis,Ficophyllum crassinerve,11155712,1
Urtica urophylla,Pipturus argenteus,6414892,0
Cerasus bigarella,Prunus avium,3020791,1
Cryptandra divaricata,Spiraea californica,7909178,0
Stranvaesia amphidoxa,Pourthiaea amphidoxa,3024230,1
Celtis zippelii,Dendrocnide corallodesme,4099006,0
Celtis ingens,Doerpfeldia cubensis,3875287,0
Photinia calleryana,Pourthiaea calleryana,3000535,1
Trichocephalus imberbis,Phylica cuspidata,3876050,1
Ulmus oblanceolata,Ulmus hollandica,7141604,1
Pyrus veitchii,Condalia velutina,5602822,0
Cecropia leucoma,Parietaria pensylvanica,5361796,0
Dorstenia plumeriaefolia,Dorstenia elata,7476968,1
Ficus terragena,Boehmeria caudata,7610513,0
Rhamnus dahuricus,Rhamnus virgata,7273971,1
Discocarpus nicaraguensis,Rhaphiolepis dubia,10809845,0
Ulmus crenata,Rubus ancanthoides,2989282,0
Mespilus laevis,Pourthiaea villosa,8356787,1
Hahnia intermedia,Phylica rubra,3874895,0
Ziziphus sinensis,Aria thayensis,9418662,0
Pyrus zertovae,Karpatiosorbus zertovae,9516567,1
Morus confinis,Morus microphylla,5361881,1
Ceanothus subsericeus,Ceanothus fendleri,3039389,1
Artocarpus dimorphophyllus,Prunus persica,8149923,0
Pygeum floribundum,Ficus parietalis,5569936,0
Pilea magambensis,Ceanothus hartwegii,3877552,0
Potentilla transcaspia,Potentilla pedata,8327079,1
Fleurya urophylla,Elatostema fruticosum,4099998,0
Ctenocladus mildbraedii,Dorstenia benguellensis,3765939,1
Ulmus fulva,Ulmus rubra,5361867,1
Prunus mira,Prunus armeniaca,7818643,1
Ficus benjaminoides,Elatostematoides samarense,4098242,0
Rubus ancanthoides,Rubus ancanthoides,2989282,1
Marcorella colubrina,Crataegus senta,3013958,0
Rhamnus grandifolia,Frangula grandifolia,3874526,1
Sorbaronia mitschurinii,Sorbaronia arsenii,2987867,1
Broussonetia luzonica,Celtis brasiliensis,7303606,0
Crataegus altaica,Nothocnide repanda,4099887,0
Potentilla polytricha,Touchardia oahuensis,11706294,0
Adicea mooreana,Laportea mooreana,4099014,1
Ramium repens,Elatostematoides manillense,4098334,0
Sorbus gayeriana,Rubus niveus,2989183,0
Photinia subumbellata,Pourthiaea parviflora,3000446,1
Stenanthemum coronatum,Phylica excelsa,12206432,0
Rhamnus jelskii,Rhamnus parvifolia,7273851,0
Ficus latifolia,Hedlundia velebitica,9473299,0
Urtica praetermissa,Broussonetia papyrifera,5361944,0
Kerria tetrapetala,Dorstenia bicuspis,10671976,0
Elaeagnus sinensis,Celtis iguanaea,2984498,0
Urtica parietaria,Phylica emirnensis,3875948,0
Ficus junghuhniana,Karpatiosorbus redliana,9331888,0
Gironniera blumei,Gironniera subaequalis,4159324,1
Urostigma padifolium,Hedlundia anglica,9486316,0
Sponia integrifolia,Dendrocnide harveyi,4098856,0
Sponia commersonii,Phylica cryptandroides,3876066,0
Phylica thymifolia,Dendrocnide latifolia,4098799,0
Acaena tenuipila,Acaena magellanica,5370832,0
Artocarpus blumei,Artocarpus elasticus,7425575,1
Celtis salicifolia,Trema orientale,2984508,0
Zizyphus meigsii,Ceanothus meigsii,11654098,1
Colubrina excelsa,Alphitonia excelsa,3039494,1
Fleurya disepala,Rhamnus prinoides,3875856,0
Rhamnus polymorpha,Karpatiosorbus simonkaiana,9329985,0
Synoecia apiocarpa,Ficus apiocarpa,5572083,1
Crataegus deltoides,Discaria chacaye,5602883,0
Potentilla oxyodonta,Argentina oxyodonta,7509891,1
Rhamnidium moreireanum,Krugiodendron ferreum,3039518,0
Urtica azorica,Dendrocnide peltata,4098650,0
Parietaria verbascifolia,Majovskya zuzanae,9445237,0
Potentilla propinqua,Rhamnus triquetra,12256834,0
Sorbus subcordata,Zelkova serrata,2984532,0
Frangula acuminatifolia,Gouania mauritiana,5602974,0
Pouzolzia aspera,Trilepisium madagascariense,3766911,0
Ulmus exoniensis,Bagassa guianensis,3763926,0
Aria crantzii,Taxotrophis spinosa,8344866,0
Rhaphiolepis umbellata,Rhaphiolepis umbellata,7480375,1
Pouzolzia argenteonitida,Heteromeles arbutifolia,5370154,0
Raphiolepis delacourii,Celtis iguanaea,2984498,0
Touchardia candidissima,Debregeasia squamata,7300579,0
Gouania adenophora,Gouania frangulifolia,5603028,1
Elaeagnus kotoensis,Frangula mcvaughii,7645472,0
Ficus laccifera,Ficus altissima,5361907,1
Ambaiba bicolor,Procris reticulatovenosa,8235414,0
Elaeagnus siphonantha,Elaeagnus multiflora,3039272,1
Boehmeria cypholophoides,Artocarpus elasticus,7425575,0
Pourouma edulis,Pourouma cecropiifolia,4013508,1
Planera abelicea,Ulmus hollandica,7141604,0
Olmedia caloneura,Chaenomeles clarkiana,3000695,0
Leucocnide alba,Leucosyke capitellata,4102514,1
Berchemia ecorollata,Ventilago ecorollata,3874484,1
Pyrus hammelii,Karpatiosorbus meyeri,9508936,1
Eriobotrya merguiensis,Gyrotaenia microcarpa,4100671,0
Morocarpus dentatus,Debregeasia dentata,4099427,1
Procris littoralis,Broussonetia papyrifera,5361944,0
Berchemia fournieri,Gouania stipularis,7709974,0
Ficus chrysophthalma,Morus alba,5361889,0
Ventilago smithiana,Pilea punctata,5671042,0
Chacaya trinervis,Ochetophila trinervis,3877218,1
Rhamnus chimantensis,Frangula goudotiana,3874545,1
Sorbus subsimilis,Hedlundia subsimilis,9277407,1
Celtis sellowiana,Pouzolzia zeylanica,2984383,0
Morus arbuscula,Morus celtidifolia,5570117,1
Boehmeria javanica,Pourthiaea villosa,8356787,0
Acaena longiaristata,Cecropia hololeuca,4013377,0
Gironniera thompsoniae,Prunus wallaceana,3021851,0
Potentilla moschata,Fragaria moschata,8350369,1
Pourthiaea parvifolia,Pourthiaea parviflora,3000446,1
Potentilla yonoweana,Argentina yonoweana,8291289,1
Pyrus luzoniensis,Aronia arbutifolia,5363629,0
Sorbus legrei,Pilea punctata,5671042,0
Ceanothus pubescens,Gouania hillebrandii,8240892,0
Laportea pustulata,Holodiscus discolor,2987780,0
Debregeasia dichotoma,Maclura andamanica,3764424,0
Urticastrum photiniphylla,Dendrocnide photiniphylla,4098637,1
Solenandra pomaderrodes,Stenanthemum pomaderroides,3876586,1
Abelicea keaki,Zelkova serrata,2984532,1
Rubus belliatus,Leucosyke ochroneura,4102232,0
Alchemilla occidentalis,Potentilla divina,5367094,0
Sageretia cavaleriei,Sageretia henryi,3876620,1
Cudrania triloba,Maclura tricuspidata,9130387,1
Adicea urticifolia,Rhaphiolepis umbellata,7480375,0
Conocephalus naucleiflorus,Artocarpus heterophyllus,2984565,0
Laportea corallodesme,Coussapoa microcephala,7316409,0
Prunus subcylindrica,Prunus spinosa,3023221,1
Crataegus deltoxyacantha,Crataegus media,3013800,1
Rosa caerulescens,Brosimum costaricanum,3763319,0
Dorstenia glauca,Dorstenia urceolata,7262385,1
Tubanthera katapa,Boehmeria japonica,7300501,0
Pouzolzia phenacoides,Pipturus argenteus,6414892,0
Pourouma cuspidata,Scepocarpus repens,11826481,0
Morus yunnanensis,Morus notabilis,5569682,1
Urera henriquesii,Scepocarpus thonneri,11754518,1
Ambaiba tenoreana,Pseudolmedia laevis,3764170,0
Colletia nivalis,Discaria chacaye,5602883,1
Australina diandra,Neodistemon indicus,4100157,1
Artocarpus antiarifolius,Artocarpus vrieseanus,8332746,1
Cecropia pinnatiloba,Cecropia polystachya,4013171,1
Potentilla terglouvensis,Potentilla nitida,5367673,1
Ceanothus macrocarpus,Ceanothus microphyllus,3039306,1
Pyrus pseudobakonyensis,Karpatiosorbus pseudobakonyensis,9248585,1
Spiraea hendersonii,Celtis iguanaea,2984498,0
Boehmeria formosana,Celtis iguanaea,2984498,0
Frangula grisea,Frangula henryi,3874488,1
Pyrus crenata,Aria edulis,8411755,1
Artocarpus neocaledonica,Artocarpus neocaledonica,12345642,1
Rhamnus humboldtiana,Karwinskia humboldtiana,3039523,1
Parartocarpus triandrus,Parartocarpus venenosa,3766049,1
Rosa anserinifolia,Trema micranthum,2984501,0
Opulaster amurensis,Discaria americana,5602906,0
Sageretia sikayoensis,Ficus fistulosa,7262725,0
Urtica linearifolia,Urtica incisa,7602322,1
Sponia discolor,Acaena magellanica,5370832,0
Fleurya caraoellana,Rhamnella rubrinervis,9039596,0
Boehmeria lindeniana,Trema orientale,2984508,0
Chlorophora scandens,Maclura brasiliensis,7262554,1
Aruncus laciniatus,Maquira calophylla,3763735,0
Cryptandra coactilifolia,Spyridium coactilifolium,7273613,1
Pouzolzia andongensis,Maclura cochinchinensis,7262552,0
Urtica humilis,Rousselia humilis,5361854,1
Procris pedunculatum,Procris pedunculata,5671195,1
Ventia standleyana,Endotropis standleyana,9392442,1
Sorbus subsimilis,Celtis latifolia,4160248,0
Rhamnella japonica,Rubus internatus,2999979,0
Boehmeria macrophylla,Dendrocnide rechingeri,4098574,0
Prunus prunifolia,Maclura tinctoria,2984583,0
Celtis velutina,Celtis iguanaea,2984498,1
Elatostema australe,Rhamnella rubrinervis,9039596,0
Pipturus velutinus,Ficus andamanica,5572257,0
Ulmus vegeta,Pilea parietaria,5361834,0
Pipturus velutinus,Pipturus hubertii,4101793,1
Artocarpus maximus,Artocarpus heterophyllus,2984565,1
Bosqueia cerasiflora,Neillia thyrsiflora,3024763,0
Dorstenia strangii,Pouzolzia zeylanica,2984383,0
Maclura humbertii,Allaeanthus greveanus,3765669,1
Urtica pingaensis,Sorbaronia hybrida,2987861,0
Rhamnus stenophylla,Frangula microphylla,3877750,1
Fragaria moupensis,Fragaria moupinensis,3029818,1
Maoutia tahitensis,Maoutia australis,5671125,1
Prunus dunniana,Prunus wilsonii,3023112,1
Rubus bosquetianus,Achudemia hilliana,11216152,0
Rubus indicus,Rubus niveus,2989183,1
Ficus exasperata,Potentilla frigida,5368457,0
Boehmeria spirei,Boehmeria siamensis,4101166,1
Celtis bequaertii,Cecropia angustifolia,4013465,0
Potentilla subarctica,Dorstenia foetida,7262610,0
Castilla fallax,Castilla tunu,3767458,1
Potentilla tergloviensis,Parietaria debilis,5361795,0
Elaeagnus perrottetii,Elaeagnus triflora,7293096,1
Petrophyton caespitosum,Gouania polygama,5372439,0
Boehmeria florida,Poikilospermum nobile,4013184,0
Cecropia maranhensis,Sageretia thea,3039516,0
Osteomeles chinensis,Kageneckia oblonga,3016219,0
Ulmus montana,Rhamnella rubrinervis,9039596,0
Pomaderris albicans,Scandosorbus intermedia,10071055,0
Morocarpus squamatus,Artocarpus hirsutus,2984572,0
Pygeum salomonense,Auerodendron cubense,7273940,0
Mystacinus brevipes,Prunus tenella,3022879,0
Aphananthe rectinervis,Sorbaronia sorbifolia,2987868,0
Boehmeria nakaiana,Boehmeria sieboldiana,4101147,1
Crataegus pseudaria,Majovskya sudetica,9238979,1
Acaena montevidensis,Acaena eupatoria,5370647,1
Ziziphus rotundata,Parietaria mauritanica,5669706,0
Streblus anthropophagorum,Paratrophis anthropophagorum,12239769,1
Pyrus arvonicola,Aria arvonicola,9578666,1
Parietaria falcata,Parietaria pensylvanica,5361796,1
Spiraea kirilowii,Sorbaria kirilowii,3012103,1
Gouania oliveri,Gouania meyenii,5372441,1
Berchemia calophylla,Ceanothus americanus,3039318,0
Pilea nanchuanensis,Pilea gracilis,5669760,1
Acaena ascendens,Pourouma cecropiifolia,4013508,0
Pomaderris multiflora,Pomaderris multiflora,3876656,1
Celtis lima,Prunus armeniaca,7818643,0
Sorbus thuringiaca,Ceanothus caeruleus,3875440,0
Pyrus japonica,Chaenomeles japonica,3000610,1
Pyrus fennica,Hedlundia hybrida,9245228,1
Spiraea grossulariifolia,Spiraea trilobata,3026656,1
Soulangia axillaris,Phylica axillaris,3876343,1
Dorstenia infundibuliformis,Dorstenia brasiliensis,7262704,1
Potentilla suffruticosa,Crataegus persimilis,3015457,0
Dorstenia hispida,Aphanes arvensis,5365013,0
Crataegus torva,Prunus bifrons,3020970,0
Spiraea vanhouttei,Spiraea vanhouttei,3026622,1
Boehmeria kiyozumensis,Morus alba,5361889,0
Rhamnus bourgaeanus,Hedlundia mougeotii,9312105,0
Neillia torreyi,Laportea interrupta,2984469,0
Pouzolzia vesicaria,Pomaderris phillyraefolia,8338937,0
Chaenomeles alpina,Chaenomeles japonica,3000610,1
Boehmeria caudigera,Boehmeria ternifolia,4100788,1
Scutia indica,Scutia myrtina,8317476,1
Spiraea trifoliata,Pilea tetraphylla,5670037,0
Pyrus buekkensis,Antiaris toxicaria,7262663,0
Pyrus draconis,Aria stenophylla,9619588,1
Karlea berchemoides,Gouania longispicata,5602983,0
Potentilla parvula,Argentina parvula,7679189,1
Ulmus dauvessei,Laportea ovalifolia,4098915,0
Parietaria humifusa,Ziziphus zeyheriana,3877649,0
Ziziphus flavescens,Aria graeca,5370233,0
Pyrus pyrrhula,Rhamnidium elaeocarpum,3874704,0
Olmedioperebea calophylla,Acaena magellanica,5370832,0
Armeniaca argentea,Prunus argentea,3023068,1
Spiraea dumosa,Holodiscus discolor,2987780,1
Pyrus lusitanica,Cydonia oblonga,5362215,1
Potentilla archboldiana,Rosa erinacea,7943770,0
Pseudopipturus mollissimus,Rhamnus infectoria,3874579,0
Smythea reticulata,Aruncus dioicus,5362136,0
Sponia rigida,Maclura tinctoria,2984583,0
Pouzolzia quadrialata,Gonostegia triandra,4100795,1
Sponia crassifolia,Trema micranthum,2984501,1
Rubus exalbatus,Trema orientale,2984508,0
Tetraglochin paucijugatum,Sorbaronia sorbifolia,2987868,0
Spiraea integrifolia,Celtis tetrandra,7366997,0
Chlorophora mollis,Maclura mollis,11161508,1
Sorbus alnifrons,Karpatiosorbus alnifrons,9367939,1
Cerasus javanica,Prunus javanica,3022372,1
Trema argenteum,Morus alba,5361889,0
Ficus vulgaris,Colubrina triflora,5602971,0
Sorbus motleyi,Hedlundia motleyi,9265670,1
Boehmeria utilis,Boehmeria nivea,2984359,1
Saccus petiolaris,Artocarpus gomezianus,3764819,1
Urostigma benjamina,Ficus benjamina,5361932,1
Pilea cordifolia,Pilea nerteroides,5670145,1
Rhamnidium cognatum,Trilepisium madagascariense,3766911,0
Berchemia kunitakei,Rhamnus salicifolia,3875112,0
Ceanothus divaricatus,Ceanothus oliganthus,3039398,1
Rhamnus marahuacensis,Elatostematoides falcatum,4098396,0
Adicea arguta,Debregeasia saeneb,4099243,0
Sorbus pannonica,Aria pannonica,9276861,1
Cypholophus rufescens,Cypholophus lutescens,4099764,1
Urostigma calyptoceras,Karpatiosorbus vallerubusensis,9409586,0
Celtis djungiel,Sorbaronia hybrida,2987861,0
Ulmus pedunculata,Auerodendron reticulatum,3876830,0
Potentilla kandavanensis,Aphanes arvensis,5365013,0
Ulmus xhollandica,Ulmus speciosa,8981787,0
Didymogyne boehmerioides,Boehmeria didymogyne,4099441,1
Synoecia serpens,Ficus punctata,7673670,1
Crataegus grandiflora,Pouzolzia zeylanica,2984383,0
Discaria cognata,Discaria chacaye,5602883,1
Laportea mirabilis,Dendrocnide mirabilis,4098733,1
Boehmeria urticifolia,Cecropia angustifolia,4013465,0
Spiraea discolor,Holodiscus discolor,2987780,1
Ceanothus puberulus,Pilea gnidioides,5669843,0
Gouania canescens,Sageretia filiformis,3876704,0
Procris elatostemoides,Elatostema rostratum,11066335,1
Sorbus pseudolatifolia,Rhaphiolepis latifolia,10857330,0
Elaeagnus jucundicocca,Karpatiosorbus mergenthaleriana,9576430,0
Urtica montana,Prunus persica,8149923,0
Ulmus tonkinensis,Urtica spatulata,5670135,0
Urostigma chrysopthalmum,Artocarpus chama,3765040,1
Sorbus isenacensis,Karpatiosorbus hybrida,9478021,1
Pellionia robusta,Elatostematoides robustum,4098258,1
Olmedia armata,Prunus urumiensis,3022391,0
Rosa curvula,Leucosyke capitellata,4102514,0
Celtis virgata,Chaenomeles speciosa,3000679,0
Microcerasus incana,Prunus incana,3020605,1
Ficus acidula,Laportea aestuans,2984466,0
Trema imbricatum,Spiraea thunbergii,3026402,0
Cydonia vulgaris,Elaeagnus multiflora,3039272,0
Rhamnus zizyphoides,Alphitonia zizyphoides,3877300,1
Sorbus tomentella,Rhaphiolepis daduheensis,10772222,0
Crataegus cuneifolia,Dendrocnide ternatensis,4098440,0
Streblus brunonianus,Paratrophis pendulina,11172036,1
Sponia burmannii,Trema orientale,2984508,1
Laportea conduplicata,Dendrocnide venosa,4098413,1
Ulmaria aruncus,Aruncus dioicus,5362136,1
Dorstenia latibracteata,Dorstenia warneckei,3762617,1
Leucocnide angustata,Debregeasia longifolia,4099305,1
Aphananthe lissophylla,Aphananthe cuspidata,8293016,1
Dubrueilia grandifolia,Urtica ardens,5671305,0
Pellionia fruticulosum,Allaeanthus greveanus,3765669,0
Aphananthe rectinerva,Rhaphiolepis indica,5371542,0
Cecropia telenivea,Cecropia telenitida,4013242,1
Cecropia sciodaphylla,Cecropia sciadophylla,7316424,1
Dorstenia achtenii,Chamaebatiaria millefolium,3026352,0
Sorbus umbellata,Aria umbellata,9330923,1
Pyrus subrotunda,Prunus urumiensis,3022391,0
Amygdalus korschinskii,Prunus korshinskyi,3022498,1
Acaena cadilla,Acaena magellanica,5370832,1
Potentilla cryeri,Pseudolmedia glabrata,3764285,0
Scutia commersonii,Celtis philippensis,7303643,0
Urtica inaequalis,Ficus globosa,5571079,0
Spiraea alnifolia,Paliurus ramosissimus,5603062,0
Sitodium cauliflorum,Artocarpus heterophyllus,2984565,1
Droguetia cuneata,Sageretia rugosa,3876365,0
Pilea pentasepala,Achudemia boniana,11138214,1
Gouania mozambicensis,Pouzolzia australis,4100976,0
Spiraea velutina,Spiraea robusta,3026885,1
Strychnos esquirolii,Ziziphus pubinervis,3875041,1
Celtis burmannii,Celtis africana,5834428,1
Pyrus vertesica,Karpatiosorbus acutiserrata,9634931,1
Rubus pyi,Rubus niveus,2989183,1
Brosimopsis acutifolia,Brosimum acutifolium,7262461,1
Embelia rubrinervis,Rhamnella rubrinervis,9039596,1
Ficus acidula,Ficus racemosa,5361904,1
Ventilago cernua,Smythea lanceata,3039431,1
Pellionia cauliflora,Elatostema cauliflorum,4100987,1
Ficus lepidosa,Paratrophis anthropophagorum,12239769,0
Memorialis dalzellii,Gonostegia triandra,4100795,1
Trevoa quinquenervia,Trevoa quinquenervia,3876194,1
Celtis taihyunchungii,Celtis jessoensis,7141633,1
Pyrus lonetalensis,Hedlundia lonetalensis,9254825,1
Adolia arenicola,Rosa drimylophylla,3008830,0
Celtis edulis,Pomaderris myrtilloides,7273910,0
Ziziphus helvola,Ziziphus zeyheriana,3877649,1
Leucosyke leytensis,Leucosyke capitellata,4102514,1
Sorbus globulifera,Cecropia angustifolia,4013465,0
Urtica gigantea,Torminalis glaberrima,9410160,0
Trophis spinosa,Ulmus pumila,5361877,0
Pyrus haljamovae,Rubus brachyclados,3853955,0
Ziziphus endlichii,Sarcomphalus amole,9008095,1
Rhamnus kabylica,Atadinus alpinus,3877063,1
Eleiosina laevigata,Pilea glomerata,5669850,0
Sageretia guayaquilensis,Scutia spicata,7273727,1
Margarocarpus vimineus,Pellionia ronganensis,7511242,0
Rhaphiolepis loureiroi,Rhaphiolepis indica,5371542,1
Prunus emarginata,Ceanothus pauciflorus,3876325,0
Corchorus hirtus,Urtica simensis,5670167,0
Ziziphus rhodoxylon,Sarcomphalus rhodoxylon,9044265,1
Conocephalus warburgii,Poikilospermum acuminatum,4013317,1
Ficus harmandii,Ficus langkokensis,5572424,1
Photinia benthamiana,Pourthiaea benthamiana,3000344,1
Celtis davidiana,Celtis bungeana,7141664,1
Spiraea aubifolia,Cecropia goudotiana,4013446,0
Berchemia yemenensis,Urtica pilulifera,5670646,0
Pellionia acaulis,Procris acaulis,8189873,1
Potentilla simulans,Frangula polymorpha,7274018,0
Pyrus eminentiformis,Aria eminentiformis,9560284,1
Aronia mitschurinii,Pouzolzia parasitica,4099533,0
Soulangia pinea,Phylica villosa,3874620,1
Sorbus callophylla,Boehmeria sieboldiana,4101147,0
Berchemia scandens,Berchemia scandens,3039506,1
Ziziphus napeca,Ficus auriculata,5571773,0
Sorbus pinnatifida,Spyridium obovatum,7274000,0
Adicea macrodonta,Ficus ovata,8978837,0
Ficus irosinensis,Argentina micropetala,7582115,0
Sponia sampsonii,Reynosia revoluta,3875071,0
Cecropia adenopus,Cecropia pachystachya,4013385,1
Ochetophila trinervis,Ochetophila trinervis,3877218,1
Trema glabrescens,Pouzolzia boiviniana,4100913,0
Celtis flavovenarum,Artocarpus lacucha,7873234,0
Dunniella myriantha,Leucosyke puya,4102185,0
Ziziphus trinervia,Boehmeria cylindrica,2984345,0
Chaydaia crenulata,Rhamnella rubrinervis,9039596,1
Elatostema insigne,Elaeagnus conferta,7293128,0
Artocarpus nanca,Pyraria irregularis,12193096,0
Urtica caudigera,Boehmeria ternifolia,4100788,1
Celtis brevipes,Celtis reticulata,6406316,1
Artocarpus chama,Ulmus glabra,5361866,0
Celtis amboinensis,Trema tomentosum,7303576,1
Rhamnus decussata,Scepocarpus hypselodendron,11931426,0
Ziziphus hysundrica,Retanilla stricta,3875486,0
Zizyphus oenoplia,Ziziphus oenopolia,3875331,1
Acaena fuegina,Acaena sericea,5370716,1
Adolia alba,Scutia myrtina,8317476,1
Eriobotrya bengalensis,Ziziphus glabrata,12257700,0
Dorstenia erecta,Rhaphiolepis seguinii,10762909,0
Spyridium phlebophyllum,Spyridium phlebophyllum,3877282,1
Sorbus pulchra,Hedlundia pulchra,9447396,1
Crataegus gaudens,Crataegus pruinosa,7790552,1
Ficus stipulata,Ficus diversiformis,5572308,1
Parasponia andersonii,Trema andersonii,9755995,1
Celtis hamiltonii,Pourthiaea fokienensis,3000554,0
Artocarpus benghalensis,Ficus punctata,7673670,0
Celtis australis,Celtis adolfi-friderici,4159612,1
Ziziphus cyclocardia,Aria graeca,5370233,0
Perfonon ferrugineum,Prunus spinosa,3023221,0
Ulmus atrovirens,Ulmus hollandica,7141604,1
Rhamnus obovatilimba,Rhamnus rugulosa,7273701,1
Crataegus margarettae,Frangula borneensis,9210340,0
Parasponia simulans,Trema simulans,9655339,1
Urostigma leucotrichum,Karwinskia humboldtiana,3039523,0
Boehmeria cuspidata,Crataegus senta,3013958,0
Ceanothus riparius,Ochetophila trinervis,3877218,1
Missiessya borneensis,Osteomeles subrotunda,7272419,0
Sorbus auriculata,Retanilla stricta,3875486,0
Pygeum glandulosum,Prunus marsupialis,3022286,1
Dendrocnide caerulea,Cypholophus caeruleus,10897870,1
Rhamnella hainanensis,Celtis iguanaea,2984498,0
Cecropia villosa,Cecropia angustifolia,4013465,1
Alphitonia incana,Alphitonia incana,3877487,1
Urtica lobulata,Rubus alterniflorus,8321269,0
Sorbus meyeri,Karpatiosorbus meyeri,9508936,1
Physocarpus ferrugineus,Boehmeria virgata,4100434,0
Morus morettii,Phylica cuspidata,3876050,0
Crataegus microsperma,Acaena montana,5370674,0
Ceanothus cuneatus,Ceanothus pauciflorus,3876325,1
Aruncus capribarba,Prunus grayana,3021963,0
Amygdalus fruticosa,Hedlundia hybrida,9245228,0
Ficus simiae,Pourthiaea villosa,8356787,0
Eriobotrya pseudoraphiolepis,Rhaphiolepis seguinii,10762909,1
Phylica acerosa,Laportea vrieseana,10738106,0
Cydonia speciosa,Cryptandra australis,3874594,0
Rhamnus intermedius,Rhamnus washakiensis,11456850,1
Synoecia serpens,Dorstenia hildebrandtii,7262592,0
Solenostigma zippelii,Celtis latifolia,4160248,1
Girtanneria spina-christi,Ziziphus spina-christi,8228089,1
Colletia atrox,Colletia spinosissima,6371450,1
Rhamnus recta,Ziziphus spina-christi,8228089,1
Treculia africanus,Treculia africana,7895921,1
Laportea dielsii,Laportea bulbifera,7300666,1
Rhamnus linearis,Taxotrophis ilicifolia,3767205,0
Colubrina venezuelensis,Colubrina elliptica,5372458,1
Bosquiea welwitschii,Poikilospermum borneense,4013281,0
Cydonia media,Prunus gazelle-peninsulae,3022154,0
Trymalium vexilliferum,Touchardia latifolia,2984457,0
Rubus durimontanus,Sorbaria pallasii,3012125,0
Dorstenia harmsiana,Dorstenia ciliata,3765470,1
Bosquiea danguyana,Parietaria floridana,5361793,0
Frangula dodonei,Frangula alnus,3039454,1
Trevoa closiana,Elatostema heterolobum,4099443,0
Berchemia yemensis,Prunus matudae,3854186,0
Potentilla luteopilosa,Laportea ovalifolia,4098915,0
Touchardia sandwicensis,Touchardia oahuensis,11706294,1
Elaeagnus praematura,Elaeagnus umbellata,3039267,1
Pouzolzia palmeri,Atadinus sibthorpianus,9432696,0
Pouzolzia erythraeae,Didymodoxa caffra,4098352,1
Zizyphus quadrilocularis,Ziziphus quadrilocularis,3875023,1
Urtica alnifolia,Colubrina heteroneura,5603104,0
Sageretia ferruginea,Brosimum potabile,3762892,0
Streblus laxiflorus,Taxotrophis ilicifolia,3767205,1
Ziziphus lotus,Ziziphus oenopolia,3875331,1
Sarcomphalus cubensis,Doerpfeldia cubensis,3875287,1
Bosqueia boiviniana,Trilepisium madagascariense,3766911,1
Urera gabonensis,Scepocarpus gabonensis,11626762,1
Leucosyke merrillii,Sarcomphalus cinnamomum,8994554,0
Symplocos seguinii,Ulmus hollandica,7141604,0
Ventilago bracteata,Rhaphiolepis dubia,10809845,0
Morus trianae,Potentilla pityocharis,11231891,0
Naucleopsis insculptula,Naucleopsis caloneura,3767273,1
Sorbus scepusiensis,Karpatiosorbus futakiana,9335582,0
Crataegomespilus grandiflora,Rhaphiolepis bengalensis,10869066,0
Morus amamiana,Morus indica,5569978,1
Procris parva,Elatostema parvum,7300859,1
Adenorachis arbutifolia,Aronia arbutifolia,5363629,1
Pouzolzia auriculata,Pouzolzia zeylanica,2984383,1
Rhamnus arenicola,Scutia arenicola,3875710,1
Trymalium wendlandianum,Crataegus persimilis,3015457,0
Rhamnus senticosa,Zelkova abelicea,4159329,0
Celtis fluminensis,Ulmus hollandica,7141604,0
Sorbus xteodori,Pourthiaea sorbifolia,9657347,0
Parietaria cuneata,Didymodoxa caffra,4098352,1
Trophis anthropophagorum,Paratrophis anthropophagorum,12239769,1
Potentilla vittata,Argentina vittata,7421284,1
Persica hispahamensis,Persica ispahanensis,3032469,1
Celtis crassifolia,Celtis occidentalis,2984481,1
Cryptandra tridentata,Stenanthemum tridentatum,3876510,1
Aruncus aruncus,Aruncus dioicus,5362136,1
Crataegus formosa,Crataegus pruinosa,7790552,1
Celtis pubescens,Celtis iguanaea,2984498,1
Urticastrum oleraceum,Laportea bulbifera,7300666,1
Pourthiaea hirsuta,Photinia hirsuta,5363887,1
Rhamnidium revolutum,Rubus alterniflorus,8321269,0
Leucocnide alba,Neillia incisa,3853033,0
Gouania orbicularis,Urtica lobata,5671412,0
Pyrus hornadensis,Hedlundia hornadensis,9383472,1
Photinia bengalensis,Didymodoxa capensis,7300493,0
Parietaria caespitosa,Phylica oleaefolia,7502582,0
Sorbus portae-bohemicae,Potentilla nitida,5367673,0
Rhamnus riojae,Spiraea pseudosalicifolia,3026444,0
Pellionia pauperatum,Elatostema pauperatum,4101500,1
Prunus baldshuanica,Neillia thibetica,3024806,0
Terminalia brasiliensis,Gouania blanchetiana,5603111,1
Olmedia laevis,Pseudolmedia laevis,3764170,1
Rhamnus polifolia,Ulmus pumila,5361877,0
Ficus discolor,Ficus fulva,5571361,1
Morus sinensis,Morus alba,5361889,1
Ficus tsjela,Ficus amplissima,5572290,1
Margyricarpus niederleinii,Poikilospermum suaveolens,4013131,0
Laportea bathiei,Celtis bungeana,7141664,0
Ficus exotica,Brosimum sprucei,11665758,0
Ziziphus itacaiunensis,Cryptandra australis,3874594,0
Sorbus multicrenata,Karpatiosorbus hybrida,9478021,1
Cryptandra angustifolia,Trymalium angustifolium,3875939,1
Artocarpus corneri,Artocarpus elasticus,7425575,1
Fragaria intermedia,Fragaria moschata x vesca,9968879,1
Boehmeria macrophylla,Boehmeria japonica,7300501,1
Ulmus divaricata,Nothocnide mollissima,4099907,0
Pipturus mindanaensis,Boehmeria depauperata,4099464,1
Rosa solsticialis,Rosa solstitialis,7974311,1
Pilea ceratomera,Celtis occidentalis,2984481,0
Aria austriaca,Urtica incisa,7602322,0
Ficus euryifolia,Stenanthemum divaricatum,3876767,0
Urera schimperi,Scepocarpus hypselodendron,11931426,1
Colletia ferox,Dendrocnide ternatensis,4098440,0
Ficus goolereea,Ficus racemosa,5361904,1
Photinia fauriei,Pourthiaea schneideriana,3000452,1
Potentilla gordiaginii,Potentilla radiata,5366051,1
Rhamnus alpina,Pouzolzia sanguinea,7300542,0
Memorialis integrifolia,Gonostegia triandra,4100795,1
Achymus pallens,Sarcomphalus chloroxylon,9089357,0
Artocarpus brunneifolius,Artocarpus kemando,3764693,1
Pseudomorus brunoniana,Paratrophis pendulina,11172036,1
Paliurus tonkinensis,Colubrina triflora,5602971,0
Sorbus franconica,Karpatiosorbus franconica,9527019,1
Crataegus sinensis,Rhaphiolepis indica,11237736,1
Urtica grandis,Frangula sphaerosperma,3039467,0
Chaetoptelea mexicana,Rubus leucanthemos,10895112,0
Cerasus antilibani,Prunus microcarpa,3021376,1
Ziziphus xylopyrus,Ficus fistulosa,7262725,0
Ficus caudatilongifolia,Oreocnide rubescens,4099400,0
Potentilla minima,Nothocnide discolor,4099932,0
Aria tomentosa,Aria edulis,8411755,1
Piratinera guianensis,Brosimum guianense,7374879,1
Cecropia goodspeedii,Planera aquatica,5361858,0
Mertensia texana,Morus alba,5361889,0
Epicarpurus orientalis,Streblus asper,10242935,1
Boehmeria izuosimensis,Boehmeria dura,4099280,1
Ficus benjaminoides,Ficus benjamina,5361932,1
Potentilla crocea,Pilea scripta,5670582,0
Conocephalus forbesii,Touchardia latifolia,2984457,0
Gymnopyrenium pyracantha,Pyracantha coccinea,2988188,1
Cryptandra pyramidalis,Prunus avium,3020791,0
Laportea sumatrana,Rhaphiolepis laoshanica,10699611,0
Pomaderris intermedia,Pomaderris intermedia,3876826,1
Pouzolzia virgata,Crataegus pruinosa,7790552,0
Urtica kunlunshanica,Urtica hyperborea,5669894,1
Pygeum euphlebium,Prunus arborea,3021654,1
Myriocarpa humilis,Myriocarpa stipitata,7300728,1
Potentilla leucophylla,Laportea alatipes,4100081,0
Elatostema sublaxum,Laportea cuspidata,7300634,0
Hippophae fasciculata,Hippophae salicifolia,7293122,1
Boehmeria pseudotomentosa,Pourthiaea impressivena,3000471,0
Ulmus cinerea,Endotropis alnifolia,9266494,0
Artocarpus reticulatus,Physocarpus opulifolius,2988354,0
Crataegus densiflora,Aronia arbutifolia,5363629,1
Myriocarpa paniculata,Trilepisium madagascariense,3766911,0
Morus nana,Morus alba,5361889,1
Pyrus hippomenes,Neillia incisa,3853033,0
Cecropia bicolor,Pouzolzia zeylanica,2984383,0
Saccus forbesii,Parartocarpus venenosa,3766049,1
Ficus pomifera,Ficus auriculata,5571773,1
Spiraea incisa,Neillia incisa,3853033,1
Urtica bonariensis,Malacomeles denticulata,2988294,0
Urtica grossecrenata,Pilea pubescens,7300898,1
Isodendrion fauriei,Pouzolzia zeylanica,2984383,0
Pyrus danubialis,Aria danubialis,9573476,1
Sorbus caucasica,Taxotrophis spinosa,8344866,0
Paliurus microcarpus,Paliurus spina-christi,5372457,1
Fleurya bulbifera,Laportea bulbifera,7300666,1
Cecropia scutata,Cecropia reticulata,7316447,1
Procris obovata,Procris pedunculata,5671195,1
Ceanothus leschenaultii,Rhaphiolepis deflexa,10855510,0
Urtica capitellata,Crataegus senta,3013958,0
Sageretia compacta,Sageretia gracilis,3876684,1
Eriobotrya integrifolia,Photinia integrifolia,5363967,1
Pyrus pourthiaea,Pourthiaea lucida,3000593,1
Pyrus robertsonii,Aria robertsonii,9558333,1
Crataegus sicula,Crataegus media,3013800,1
Zizyphus seleri,Sarcomphalus amole,9008095,1
Celtis brevifolia,Cecropia concolor,7316398,0
Spiraea pulchella,Spiraea bella,3026631,1
Laportea papangensis,Sorbaronia monstrosa,2987859,0
Missiessya falcata,Leucosyke capitellata,4102514,1
Potentilla millefolia,Argentina stenophylla,8033120,1
Dorstenia paradoxa,Dorstenia arifolia,7262742,1
Milicia spinosa,Rhaphiolepis wardii,10915902,0
Trophis opaca,Shepherdia canadensis,5372427,0
Boehmeria cochinchinensis,Maclura cochinchinensis,7262552,1
Celtis glabrata,Celtis glabrata,4159970,1
Pyrus robertsonii,Boehmeria didymogyne,4099441,0
Ziziphus mirtoides,Pourthiaea benthamiana,3000344,0
Ulmus vegeta,Ulmus hollandica,7141604,1
Celtis dioica,Boehmeria cylindrica,2984345,0
Maclura sempervirens,Maclura tinctoria,2984583,1
Pyrus kmetiana,Treculia africana,7895921,0
Crataegus serrulata,Rhaphiolepis bibas,10786206,0
Crataegus oxyacanthogermanica,Crataemespilus gillotii,3026359,1
Trymalium vaccinioides,Rhamnus infectoria,3874579,0
Celtis taihyunchungii,Aria eminens,9343973,0
Ulmus pumila,Ulmus minor,5361865,1
Ficus peninsula,Ficus peninsula,8230994,1
Ziziphus loureiroana,Berchemia loureiroana,3876252,1
Urera caracasana,Urera caracasana,2984335,1
Chamabainia morii,Chamabainia cuspidata,7300685,1
Soulangia oleifolia,Berchemiella wilsonii,7273824,0
Gonostegia matsudae,Brosimum lactescens,3763127,0
Pygeum oocarpum,Prunus oocarpa,3023083,1
Photinia crenatoserrata,Pyracantha fortuneana,2988224,1
Boehmeria procridioides,Pouzolzia parasitica,4099533,1
Celtis chuanchowensis,Celtis biondii,7303618,1
Cydonia speciosa,Chaenomeles speciosa,3000679,1
Ariosorbus mougeotii,Leucosyke javanica,4102370,0
Berchemia polyphylla,Ulmus glabra,5361866,0
Ceanothus virgatus,Holoptelea integrifolia,4160169,0
Artocarpus philippensis,Discocnide mexicana,4098157,0
Crataegus pausiaca,Crataegus disperma,3014641,1
Pourthiaea hirsuta,Fatoua villosa,2984652,0
Aria meridionalis,Aria graeca,5370233,1
Ziziphus lycioides,Phenax hirtus,7300652,0
Ranunculus hybrida,Rhamnus hybrida,3874812,1
Sorbaria alpina,Brosimum sprucei,11665758,0
Fragariastrum ancistrifolium,Potentilla ancistrifolia,5366710,1
Pyrus keszthelyensis,Aria keszthelyensis,9577061,1
Rhamnus pubescens,Frangula pubescens,3877483,1
Fatoua pilosa,Rhamnus rugulosa,7273701,0
Horkelia hendersonii,Pipturus albidus,7500826,0
Stranvaesia rosthornii,Morus nigra,5361888,0
Ambaiba pachystachya,Cecropia pachystachya,4013385,1
Dorstenia asteriscus,Karpatiosorbus holubyana,9527429,0
Rhamnus volubilis,Argentina polyphylloides,9423552,0
Spiraea mairei,Berchemia edgeworthii,3876494,0
Celtis lactea,Sorocea hilarii,3762918,0
Pilea japonica,Pourouma cecropiifolia,4013508,0
Pouzolzia papuana,Ficus crassinervia,5361897,0
Streblus crenatus,Taxotrophis taxoides,11138557,1
Diplocos zeylanica,Elatostema rostratum,11066335,0
Ficus mollior,Ficus mollior,7262612,1
Potentilla argentea,Urtica mexicana,8390431,0
Pomaderris neocaledonica,Alphitonia neocaledonica,3877431,1
Potentilla subacauli-opaca,Streblus asper,10242935,0
Pyrus cucullifera,Holodiscus australis,2987775,0
Ceanothus bicolor,Ceanothus caeruleus,3875440,1
Zizyphus joazeiro,Sarcomphalus joazeiro,8910944,1
Elatostema fruticulosum,Leucosyke ovalifolia,4102219,0
Phylica thunbergii,Urera baccifera,7411905,0
Crataegus tatnalliana,Crataegus pennsylvanica,3014745,1
Parietaria populifolia,Phenax hirtus,7300652,0
Phenax ballotifolius,Phenax rugosus,7300597,1
Gouania hypochroa,Dorstenia cuspidata,7262644,0
Acaena venulosa,Argentina micropetala,7582115,0
Ficus nitida,Debregeasia longifolia,4099305,0
Pyrus turcica,Elatostema parvum,7300859,0
Conocephalus scabrinervius,Poikilospermum scabrinervium,4013152,1
Cecropia bureauiana,Cecropia palmata,4013360,1
Cydonia lusitanica,Trema cannabina,2984507,0
Urtica divaricata,Laportea aestuans,2984466,1
Cudranus spinosus,Cryptandra mutila,3876969,0
Maclura gerontogea,Maclura cochinchinensis,7262552,1
Bosqueia orientalis,Neillia uekii,3024769,0
Urtica biloba,Karpatiosorbus futakiana,9335582,0
Rhamnus polygama,Gouania polygama,5372439,1
Sorbus scandica,Ziziphus xylopyrus,7524561,0
Phyllostylon brasiliense,Ficus politoria,5572392,0
Neraudia pyramidalis,Rhamnus infectoria,3874579,0
Prunus anomala,Prunus armeniaca,7818643,1
Photinia impressivena,Pourthiaea impressivena,3000471,1
Laportea sinuata,Dendrocnide sinuata,4098506,1
Pipturus propinquus,Boehmeria japonica,7300501,0
Brosimopsis oblongifolia,Brosimum lactescens,3763127,1
Crataegus korolkowii,Naucleopsis macrophylla,3767126,0
Urtica alba,Leucosyke capitellata,4102514,1
Prunus platycarpa,Prunus persica,8149923,1
Trichocephalus callosus,Phylica callosa,8065463,1
Urostigma tsiela,Trema melastomatifolium,9766625,0
Sorbus cheddarensis,Aria cheddarensis,9626394,1
Pilea veronicaefolia,Sorbaria sorbifolia,3012089,0
Morus rigida,Urera caracasana,2984335,0
Pyrus motleyi,Hedlundia motleyi,9265670,1
Elaeagnus padifolia,Elaeagnus umbellata,3039267,1
Rosa silverhjelmii,Trema eurhynchum,9734868,0
Pilea procumbens,Laportea ovalifolia,4098915,1
Pyrus hybrida,Hedlundia hybrida,9245228,1
Momisia ehrenbergiana,Celtis iguanaea,2984498,1
Tetraglochin macrophyllus,Photinia loriformis,5363842,0
Aronia depressa,Aronia arbutifolia,5363629,1
Colletia valdiviana,Colletia hystrix,7273656,1
Phyllostylum orthopterum,Broussonetia papyrifera,5361944,0
Mespilus tomentosa,Artocarpus rigidus,2984576,0
Urtica andicola,Parartocarpus venenosa,3766049,0
Boehmeria compacta,Boehmeria nivea,2984359,1
Trophis taxiformis,Artocarpus lamellosus,3764628,0
Pyrus moravica,Aria moravica,9233662,1
Armeniaca hypotrichodes,Prunus hypotrichodes,3020860,1
Oreoherzogia depressa,Dorstenia brownii,3765760,0
Vanieria cochinchinensis,Broussonetia monoica,5569721,0
Rubus pauciflorus,Colletia spinosissima,6371450,0
Sorbus stankovii,Artocarpus chama,3765040,0
Parietaria canescens,Phylica curvifolia,3876057,0
Ventilago oblongifolia,Prunus avium,3020791,0
Celtis tala,Celtis tala,7141607,1
Pyrus bristoliensis,Karpatiosorbus bristoliensis,9256930,1
Rhamnus longipes,Frangula paruensis,10875485,1
Rhamnus cambodiana,Pouzolzia sanguinea,7300542,0
Urtica pumila,Rhamnus songorica,3874646,0
Eriobotrya fulvicoma,Boehmeria nivea,2984359,0
Urticastrum gigas,Dendrocnide excelsa,4098881,1
Brosimum mello-barretoi,Urtica platyphylla,8246832,0
Pellionia daveauana,Crataegus pruinosa,7790552,0
Sponia pumila,Chamabainia cuspidata,7300685,0
Margarocarpus ovatus,Pouzolzia occidentalis,2984385,1
Urera denticulata,Urera nitida,4098735,1
Alicastrum utile,Brosimum utile,8042591,1
Boehmeria guatemalana,Dorstenia hildebrandtii,7262592,0
Sorbus taurica,Artocarpus lamellosus,3764628,0
Lecanocnide rubricaulis,Pouzolzia rubricaulis,4099003,1
Boehmeria angustata,Lecanthus peduncularis,7300476,0
Parietaria levigata,Pouzolzia laevigata,4100090,1
Helinus arabicus,Oreocnide rubescens,4099400,0
Eriobotrya henryi,Rhaphiolepis henryi,10808055,1
Fusticus tinctoria,Maclura tinctoria,2984583,1
Sorocea nitida,Prunus armeniaca,7818643,0
Elatostema filicoides,Elatostematoides filicoides,10863809,1
Touchardia lanaiensis,Ulmus glabra,5361866,0
Acaena ischnostemon,Helinus integrifolius,3875572,0
Scutia eberhardtii,Helicostylis elegans,3764964,0
Parietaria cretica,Parietaria lusitanica,7671972,1
Urtica puya,Celtis brasiliensis,7303606,0
Rhamnus soporifera,Ziziphus jujuba,3039423,1
Eriobotrya macrocarpa,Rhaphiolepis macrocarpa,10788054,1
Saccus elasticus,Artocarpus elasticus,7425575,1
Elatostema edule,Dendrocnide corallodesme,4099006,0
Cecropia lanciloba,Cecropia montana,4013520,1
Ulmus ontariensis,Ulmus glabra,5361866,1
Ziziphus esquirolii,Lecanthus peduncularis,7300476,0
Pygeum pullei,Prunus pullei,3021941,1
Cecropia eximia,Acaena splendens,5370957,0
Mespilus glabra,Elatostematoides rigidum,4098271,0
Urtica subincisa,Trema micranthum,2984501,0
Ficus notobor,Pourouma velutina,4013280,0
Pyrus migarica,Aria graeca,5370233,1
Urtica freireiformis,Aronia arbutifolia,5363629,0
Ambaiba obtusa,Cecropia obtusa,4013449,1
Ziziphus zonulatus,Ziziphus xylopyrus,7524561,1
Ziziphus rotundifolia,Ficus punctata,7673670,0
Rubus longistylus,Dorstenia brasiliensis,7262704,0
Stephanandra incisa,Neillia incisa,3853033,1
Photinia franchetiana,Brosimum guianense,7374879,0
Trema griseum,Trema orientale,2984508,1
Ulmus triserrata,Ulmus rubra,5361867,1
Oreoherzogia alpina,Broussonetia papyrifera,5361944,0
Pomaderris discolor,Pomaderris discolor,3877251,1
Adicea rivularis,Pilea rivularis,7300820,1
Spiraea lindleyana,Procris pedunculata,5671195,0
Condalia obovata,Condalia hookeri,5372431,1
Cecropia lanciloba,Aria margaretae,9614363,0
Rhamnus glabra,Hedlundia thuringiaca,9471386,0
Urostigma clusioides,Ficus callophylla,5571020,1
Dorstenia vermoesenii,Dorstenia mannii,7262540,1
Sponia macrophylla,Trema orientale,2984508,0
Talguenea mollis,Trevoa quinquenervia,3876194,1
Boehmeria pseudotomentosa,Boehmeria ourantha,4102103,1
Urtica tenacissima,Boehmeria nivea,2984359,1
Frangula atagualpae,Frangula polymorpha,7274018,1
Spiraea belloides,Spiraea japonica,8170635,1
Spiraea laevigata,Trevoa quinquenervia,3876194,0
Spiraea caroliniana,Physocarpus opulifolius,2988354,1
Thaumuria cretica,Parietaria cretica,8126790,1
Phylica oleoides,Phylica oleifolia,3875260,1
Crataegus cicur,Acaena saccaticupula,5370694,0
Zelkova keaki,Zelkova serrata,2984532,1
Perlarius incanus,Poikilospermum suaveolens,4013131,0
Ulmus dimidiata,Chaetachme aristata,4159728,0
Urtica ballotaefolia,Pyracantha coccinea,2988188,0
Frangula grandiflora,Frangula grandifolia,3874526,1
Acaena neglecta,Acaena magellanica,5370832,1
Rhaphiolepis hainanensis,Celtis iguanaea,2984498,0
Morus barkamensis,Morus mongolica,7262362,1
Celtis petenensis,Celtis trinervia,2984493,1
Ficus cinnabarina,Ficus odoardi,5570499,1
Ficus henrici,Ficus racemosa,5361904,1
Mespilus punctata,Crataegus punctata,3014805,1
Phylica pubescens,Phylica cylindrica,12240768,1
Ulmus tricuspis,Ficus melinocarpa,7262687,0
Pouzolzia forsteniana,Pouzolzia zeylanica,2984383,1
Potentilla leucophylla,Potentilla leucophylla,8034433,1
Pseudopipturus rotundifolius,Dorstenia erythrandra,8892698,0
Dicera lanceolata,Celtis philippensis,7303643,0
Rhamnus escalerae,Debregeasia longifolia,4099305,0
Rousselia lappulacea,Crataegus pallasii,3013600,0
Cecropia hormigiana,Cecropia ficifolia,8173870,1
Stenanthemum scortechinii,Spyridium scortechinii,3877178,1
Rhamnus littoralis,Berchemia floribunda,3876453,0
Boehmeria rubrinervia,Nothocnide repanda,4099887,1
Persica ispahamensis,Artocarpus elasticus,7425575,0
Alphitonia xerocarpus,Parietaria debilis,5361795,0
Boehmeria sidifolla,Debregeasia longifolia,4099305,0
Vanieria chinensis,Rhaphiolepis cavaleriei,10731169,0
Pyrus zhejiangensis,Pourthiaea zhejiangensis,3000394,1
Sorbus austriaca,Rhamnus japonica,3039482,0
Urtica fernandeziana,Parietaria debilis,5361795,1
Artocarpus mutabilis,Pouzolzia zeylanica,2984383,0
Celastrus spicatus,Gouania corylifolia,5603068,1
Elaeagnus grandifolia,Elaeagnus conferta,7293128,1
Urtica moluccana,Cypholophus moluccanus,2984389,1
Laportea schlecteri,Argentina commutata,7651201,0
Pourthiaea zollingeri,Holodiscus discolor,2987780,0
Rubus vaniloquus,Pilea scripta,5670582,0
Photinia guerreris,Spiraea vacciniifolia,8111204,0
Ulmus mollifolia,Ficus crassinervia,5361897,0
Sorbopyrus bollwilleriana,Rhamnus belmontensis,11552112,0
Artocarpus hypargyreus,Pilea verbascifolia,5671435,0
Bosquiea angolensis,Prunus spinosa,3023221,0
Pellionia fruticulosum,Elatostematoides fruticulosum,10698121,1
Cecropia teleargentea,Cecropia telealba,7316405,1
Freirea debilis,Parietaria debilis,5361795,1
Morus parvifolia,Morus rubra,5361886,1
Batis aurantiaca,Urtica kioviensis,5669756,0
Rhamnus sipapoensis,Ficus racemosa,5361904,0
Colletia infesta,Argentina lignosa,8424475,0
Celtis usambarensis,Atadinus microcarpus,9351724,0
Sorbus arranensis,Hedlundia neglecta,9446782,1
Boehmeria tenuistachys,Boehmeria dura,4099280,0
Eriobotrya acuminatissima,Rhaphiolepis philippinensis,5371576,1
Margarocarpus procridioides,Dorstenia benguellensis,3765939,0
Rhamnus borneensis,Frangula borneensis,9210340,1
Chlorophora alba,Artocarpus rigidus,2984576,0
Urtica atrovirens,Urtica atrovirens,5671245,1
Laportea venosa,Photinia prunifolia,5363844,0
Ficus irritans,Ficus odoardi,5570499,1
Apeibopsis discolor,Frangula discolor,3874617,1
Pygeum brachybotrya,Prunus arborea,3021654,1
Potentilla pellita,Spiraea lucida,8155739,0
Pilea obliqua,Celtis pallida,2984494,0
Taxotrophis roxburghii,Rhaphiolepis umbellata,7480375,0
Exochorda davidiana,Petrophytum hendersonii,3030192,0
Urera harato,Dendrocnide harveyi,4098856,1
Urtica capitellata,Leucosyke capitellata,4102514,1
Sloetia wallichii,Ficus elastica,7835333,0
Dorstenia unicaudata,Pilea articulata,5669732,0
Rhamnus napeca,Ceanothus leucodermis,3039329,0
Ziziphus funiculosa,Celtis philippensis,7303643,0
Alaternus glandulosus,Trilepisium madagascariense,3766911,0
Pouzolzia glabrata,Pouzolzia occidentalis,2984385,1
Ramium elongatum,Boehmeria cylindrica,2984345,1
Amygdalus wendelboi,Prunus wendelboi,8420350,1
Pyrus houstoniae,Karpatiosorbus houstoniae,9579641,1
Pomaderris ovata,Ceanothus herbaceus,3039322,1
Cerasus sargentii,Prunus sargentii,3020955,1
Morus plumiera,Colubrina elliptica,5372458,0
Australina schimperiana,Australina flaccida,5670819,1
Pellionia acutidentata,Elatostema acutidentatum,11179945,1
Urtica arbarea,Cypholophus macrocephalus,2984390,1
Parietaria huetia,Karpatiosorbus istriaca,9944176,0
Boehmeria stenostachya,Ziziphus mauritiana,3039424,0
Prunus martabanica,Prunus javanica,3022372,1
Pyrus lusitanica,Acaena magellanica,5370832,0
Ulmus rasilis,Discocnide mexicana,4098157,0
Pilea stipulata,Cryptandra tomentosa,7273849,0
Spiraea xbumalda,Spiraea japonica,8170635,1
Dorstenia tricolor,Sorbaria pallasii,3012125,0
Saccus biformis,Artocarpus glaucus,3764827,1
Potentilla exigua,Potentilla multifida,8416400,1
Sorbus abscondita,Hedlundia abscondita,9284049,1
Ficus grewiifolia,Rhaphiolepis elliptica,10758611,0
Sorocea macrogyne,Sageretia parviflora,3876438,0
Missiessya alba,Leucosyke capitellata,4102514,1
Opulaster stellatus,Trema orientale,2984508,0
Dicranostachys serrata,Maclura tinctoria,2984583,0
Urticastrum caerulea,Cypholophus lutescens,4099764,1
Parartocarpus beccariana,Parartocarpus venenosa,3766049,1
Berchemia laotica,Ventilago denticulata,7273609,1
Epicarpurus gaudichaudii,Oreocnide semicrenata,4099379,0
Pseudolmedia coriacea,Boehmeria nivea,2984359,0
Berchemia hypochrysa,Berchemia flavescens,8622044,1
Physocarpus glabratus,Physocarpus monogynus,2988349,1
Celtis alpina,Celtis tetrandra,7366997,1
Pyrus sorbaronia,Pyracantha crenulata,2988172,0
Crataegus margarettae,Crataegus margarettae,3014697,1
Urtica conglobata,Prunus arborea,3021654,0
Rhamnus dalanta,Ziziphus dalanta,3876613,1
Ziziphus reticulata,Chaenomeles speciosa,3000679,0
Celtis brownii,Prunus emarginata,7272137,0
Ficus terasoensis,Ficus punctata,7673670,1
Phylica cylindrica,Aronia arbutifolia,5363629,0
Coussapoa brenesii,Coussapoa parviceps,4013190,1
Planera crenata,Zelkova carpinifolia,7467231,1
Ulmus obesidens,Ulmus hollandica,7141604,1
Prunus cornifolia,Potentilla divina,5367094,0
Aronia melanocarpa,Celtis australis,2984492,0
Spiraea albiflora,Spiraea japonica,8170635,1
Spiraea aruncus,Celtis sinensis,4159594,0
Kentrothamnus foliosus,Kentrothamnus weddellianus,3874789,1
Helinus ovatus,Helinus integrifolius,3875572,1
Artocarpus primackii,Maclura cochinchinensis,7262552,0
Rhamnus polymorpha,Rhamnus parvifolia,7273851,1
Boehmeria rugulosa,Pouzolzia rugulosa,4098989,1
Spiraea stipulacea,Margyricarpus alatus,3030140,0
Laportea gigantea,Dendrocnide gigantea,4098866,1
Ulmus viscosa,Frangula rupestris,3877335,0
Potentilla asiae-mediae,Paratrophis anthropophagorum,12239769,0
Elatostema bodinieri,Pseudolmedia spuria,2984543,0
Rhamnus alpina,Karpatiosorbus dolomiticola,9583826,0
Ficus aequatorialis,Aria edulis,8411755,0
Pilea rhombea,Pilea parietaria,5361834,1
Acaena decumbens,Aphananthe cuspidata,8293016,0
Trophis aculeata,Maclura spinosa,3764154,1
Morus rubra,Morus alba,5361889,1
Dorstenia renulata,Pilea gnidioides,5669843,0
Ambaiba humboldtiana,Ziziphus abyssinica,3877223,0
Crataegus melanocarpa,Crataegus heldreichii,3015539,1
Mespilus apyrena,Colubrina asiatica,5372467,0
Celtis liukiuensis,Celtis boninensis,4160046,1
Neillia fugongensis,Artocarpus heterophyllus,2984565,0
Parasponia melastomatifolia,Hedlundia sognensis,9475466,0
Laportea crenulata,Dendrocnide stimulans,4098487,0
Brosimum microcarpum,Coussapoa microcarpa,4013334,1
Abelicea aquatica,Planera aquatica,5361858,1
Maoutia rigida,Scepocarpus rigidus,11732428,1
Holodiscus saxicola,Holodiscus discolor,2987780,1
Pyrus stirtoniana,Aria stirtoniana,9604336,1
Pyrus hoppeana,Karpatiosorbus hoppeana,9394023,1
Paliurus texanus,Sarcomphalus obtusifolius,8937468,1
Potentilla vittata,Pouzolzia zeylanica,2984383,0
Rhaphiolepis umbellata,Ficus auriculata,5571773,0
Potentilla gombalana,Argentina gombalana,8174031,1
Urostigma glycicarpum,Ficus glycicarpa,5571059,1
Saccus communis,Jaffrea xerocarpa,9301181,0
Margarocarpus schimperianus,Pouzolzia guineensis,4100342,1
Pyrus porrigens,Aria graeca,5370233,1
Spiraea bumalda,Phippsiomeles mexicana,11455449,0
Olmedia laurina,Berchemia floribunda,3876453,0
Parietaria multicaulis,Parietaria elliptica,5669938,1
Laportea terminalis,Holodiscus discolor,2987780,0
Leucocnide sororia,Debregeasia longifolia,4099305,1
Ceanothus austromontanus,Rhaphiolepis dubia,10809845,0
Celtis rugosa,Ficus altissima,5361907,0
Morus fastigiata,Phenax angustifolius,5670460,0
Artocarpus benghalensis,Artocarpus lacucha,7873234,1
Elatostema robustum,Gouania meyenii,5372441,0
Aria decaisneana,Aria edulis,8411755,1
Oreocnide integrifolia,Oreocnide integrifolia,7300622,1
Rosa beanii,Rosa barbeyi,3004438,1
Ficus reinwardtii,Prunus avium,3020791,0
Chamaespilus sudetica,Ulmus laevis,7303616,0
Ceanothus macrothyrsus,Ceanothus integerrimus,3039382,1
Cecropia digitata,Cecropia angustifolia,4013465,1
Rhamnus circumcissa,Scutia myrtina,8317476,1
Pyrenia aria,Aria edulis,8411755,1
Dorstenia rhodesiana,Dendrocnide harveyi,4098856,0
Celastrus kouytchensis,Frangula crenata,7273631,1
Borkhausenia intermedia,Scandosorbus intermedia,10071055,1
Boehmeriopsis pallida,Dorstenia renulata,7898972,0
Gymnopyrenium pyracantha,Scepocarpus acuminatus,11851100,0
Clarisia mexicana,Clarisia biflora,7262852,1
Sorbus cambrensis,Potentilla ornithopoda,5366556,0
Dorstenia schulzii,Ficus elastica,7835333,0
Mespilus macracantha,Crataegus macracantha,3013570,1
Rhamnus ferrea,Paratrophis smithii,3765928,0
Cerasus actiana,Prunus avium,3020791,1
Batis fruticosa,Argentina oxyodonta,7509891,0
Prunus foecundissima,Prunus spinosa,3023221,1
Taxotrophis javanica,Pseudoziziphus parryi,8997716,0
Bosqueia angolensis,Parietaria officinalis,5361803,0
Olmedia caurensis,Oemleria cerasiformis,2988485,0
Cerasus avium,Celtis glabrata,4159970,0
Fragariastrum grammopetalum,Cypholophus anisoneurus,7826691,0
Boehmeria penduliflora,Sarcomphalus guatemalensis,8937519,0
Dorstenia papillosa,Dorstenia benguellensis,3765939,1
Cecropia santanderensis,Phylica curvifolia,3876057,0
Rhamnella laui,Hedlundia hybrida,9245228,0
Elatostema quinquecostatum,Elatostema prunifolium,4101005,1
Artocarpus papuanus,Potentilla nitida,5367673,0
Acaena micranthera,Acaena ovalifolia,5370651,1
Prunus cantabrigiensis,Prunus pseudocerasus,3021437,1
Cormonema retusum,Prunus microcarpa,3021376,0
Ulmus triserrata,Maclura cochinchinensis,7262552,0
Aronia grandifolia,Aronia melanocarpa,5363627,1
Adicea sublucens,Pilea sublucens,5670202,1
Ficus ochrochlora,Crataegus granatensis,3015272,0
Rhaphiolepis latifolia,Rhaphiolepis latifolia,7620419,1
Acaena grandistipula,Spiraea pjassetzkii,3027189,0
Ziziphus angustifolia,Ziziphus angustifolia,3877032,1
Ziziphus bhunder,Ziziphus horrida,3876135,1
Prunus furum,Rhamnus yoshinoi,3876958,0
Sorbus lancastriensis,Aria lancastriensis,9281660,1
Crataegus cuneifolia,Crataegus cuneifolia,7913001,1
Ventilago luzoniensis,Pilea rugosa,5670691,0
Pyrus bakonyensis,Karpatiosorbus bakonyensis,9605899,1
Mespilus flexuosa,Crataegus punctata,3014805,1
Urtica hirta,Acaena laxiflora,5370791,0
Ziziphus mirtoides,Condalia microphylla,7273791,1
Rhamnus indica,Scutia myrtina,8317476,1
Rosa tephrophylla,Rosa tephrophylla,3009752,1
Dorstenia lukafuensis,Dorstenia psilurus,3763387,1
Cydonia maulei,Chaenomeles japonica,3000610,1
Leptocnide heterophylla,Australina flaccida,5670819,0
Freirea erecta,Urtica hyperborea,5669894,0
Prunus curdica,Dendrocnide meyeniana,4098765,0
Pyrus auricularis,Retanilla stricta,3875486,0
Urostigma calyptoceras,Ficus calyptroceras,5570992,1
Acaena viridior,Acaena anserinifolia,7942884,1
Celtis mollis,Trema micranthum,2984501,1
Notophaena cognata,Discaria chacaye,5602883,1
Nanocnide closii,Achudemia japonica,4099750,1
Pseudomorus sandwicensis,Paratrophis pendulina,11172036,1
Celtis nymanii,Celtis rigescens,4159994,1
Brosimum paraense,Pouzolzia laevigata,4100090,0
Leucocnide angustata,Hedlundia thuringiaca,9471386,0
Ambaiba strigosa,Cecropia strigosa,4013364,1
Urera oblongifolia,Scepocarpus oblongifolius,11415631,1
Acaena pumila,Poikilospermum amboinense,4013310,0
Broussonetia navicularis,Trema orientale,2984508,0
Elaeagnus latifolia,Elaeagnus conferta,7293128,1
Colubrina arborea,Taxotrophis spinosa,8344866,0
Pilea rivoirae,Pilea parietaria,5361834,1
Elatostema ovatum,Laportea aestuans,2984466,0
Aria intermedia,Karpatiosorbus vallusensis,9621238,0
Trophis caucana,Ficus montana,8041955,0
Zizyphus fibrillosus,Rhamnus erythroxylum,3875381,0
Sorbus udvardyana,Hedlundia persica,10830289,0
Celtis laevigata,Sorbaria pallasii,3012125,0
Adicea carnosula,Atadinus alpinus,3877063,0
Phylica ericoides,Phylica villosa,3874620,1
Ulmus acutissima,Pilea crenulata,5670620,0
Rhamnus pseudofrangula,Frangula crenata,7273631,1
Pellionia insignis,Elatostematoides insigne,4098367,1
Pouzolzia mollis,Pouzolzia laevigata,4100090,1
Sorbus wilmottiana,Dorstenia arifolia,7262742,0
Cecropia arbelaezii,Ziziphus spina-christi,8228089,0
Celtis spinosa,Celtis iguanaea,2984498,1
Sitodium altile,Acaena ovalifolia,5370651,0
Brosimum spurium,Pseudolmedia spuria,2984543,1
Boehmeria lindeniana,Boehmeria celtidifolia,4099945,1
Oreoherzogia lemaniana,Atadinus lemanianus,12254509,1
Colubrina megacarpa,Maclura tricuspidata,9130387,0
Ficus loddigesii,Ficus montana,8041955,1
Adicea rhombea,Trema cannabina,2984507,0
Potentilla lignosa,Dendrocnide sinuata,4098506,0
Holodiscus boursieri,Colubrina arborescens,5372463,0
Elatostema baviense,Elatostema platyphyllum,7300825,1
Adicea clarkei,Pilea clarkei,5670811,1
Pouzolzia tenuis,Colubrina javanica,5603090,0
Celtis brownii,Celtis philippensis,7303643,1
Pyrus woronowii,Hedlundia armeniaca,10833957,1
Rubus sweginzowianus,Rubus sweginzowianus,2998620,1
Artocarpus polyphemus,Ulmus hollandica,7141604,0
Ceanothus asiaticus,Pilea multiflora,5670242,0
Rosa mitis,Aronia arbutifolia,5363629,0
Dorstenia walleri,Dorstenia cuspidata,7262644,1
Morus guzziola,Elatostema parvum,7300859,0
Urtica meyeri,Urtica lobata,5671412,1
Boehmeria sericea,Potentilla leucophylla,8034433,0
Ficus cinnabarina,Potentilla frigida,5368457,0
Sorbus carolipolitana,Celtis iguanaea,2984498,0
Urtica bifida,Sorbaronia kovalevii,6712320,0
Ceanothus leschenaultii,Colubrina asiatica,5372467,1
Urtica inermis,Morus alba,5361889,0
Crataegus conjuncta,Maoutia diversifolia,5671121,0
Elatostema robustum,Elatostematoides robustum,4098258,1
Acaena ovalis,Acaena ovalifolia,5370651,1
Photinia parviflora,Celtis philippensis,7303643,0
Pyracantha formosana,Celtis sinensis,4159594,0
Acaena adenocarpa,Trilepisium madagascariense,3766911,0
Australina caffra,Laportea interrupta,2984469,0
Rhamnus roylei,Argentina leuconota,8022597,0
Treculia erinacea,Treculia africana,7895921,1
Phylica oleoides,Treculia obovoidea,3766978,0
Villebrunea integrifolia,Scutia myrtina,8317476,0
Sorbus latifolia,Karpatiosorbus latifolia,9306058,1
Urera sphaerophylla,Pipturus argenteus,6414892,0
Ficus haematocarpa,Rhamnus hybrida,3874812,0
Spiraea procumbens,Spiraea decumbens,3027183,1
Dorstenia vermoesenii,Poikilospermum acuminatum,4013317,0
Ziziphus insularis,Ulmus pumila,5361877,0
Crataegus crenulata,Pyracantha crenulata,2988172,1
Elaeagnus grandifolia,Trophis racemosa,2984648,0
Urtica mollis,Prunus bifrons,3020970,0
Sponia nitens,Endotropis standleyana,9392442,0
Potentilla mieheorum,Parietaria pensylvanica,5361796,0
Pomaderris mayeri,Pomaderris forrestiana,3877070,1
Walpersia dregeana,Trichocephalus stipularis,5602927,1
Crataegus pseudaria,Trema eurhynchum,9734868,0
Ziziphus zonulatus,Phylica dioica,3876015,0
Trema enantiophylla,Lozanella enantiophylla,4160094,1
Sorbus boscii,Hedlundia boscii,9901358,1
Urera eggersii,Urera simplex,4098366,1
Hahnia mougeotii,Hedlundia mougeotii,9312105,1
Retanilla articulata,Discaria articulata,7840245,1
Rhamnus capensis,Ampalis dimepate,11911398,0
Celtis tala,Endotropis standleyana,9392442,0
Epicarpurus microphyllus,Paratrophis microphylla,7974324,1
Urera madagascariensis,Prunus wilsonii,3023112,0
Potentilla morrisonicola,Boehmeria dura,4099280,0
Morus byzantina,Parartocarpus venenosa,3766049,0
Colubrina granulosa,Potentilla borisiiregis,5365979,0
Dorstenia mandioccana,Dorstenia arifolia,7262742,1
Ramium kurzii,Zelkova carpinifolia,7467231,0
Urtica grandidentata,Prunus armeniaca,7818643,0
Ceanothus lancifolius,Noltea africana,3877365,1
Crataegus tersa,Crataegus berberifolia,3014985,1
Pyrus karpatii,Rhaphiolepis elliptica,10758611,0
Pouzolzia elliptica,Pouzolzia zeylanica,2984383,1
Margarocarpus asper,Stenanthemum complicatum,3876803,0
Humulus japonicus,Humulus scandens,2984537,1
Sorbus leighensis,Aria leighensis,9384967,1
Artocarpus kunstleri,Morus celtidifolia,5570117,0
Rhamnus aculeatus,Paliurus spina-christi,5372457,1
Dorstenia turbinata,Brosimum guianense,7374879,0
Cecropia peltata,Cecropia pachystachya,4013385,1
Touchardia occidentalis,Touchardia latifolia,2984457,1
Neraudia cookii,Margyricarpus alatus,3030140,0
Ficus radicans,Karpatiosorbus albensis,9366458,0
Spiraea assurgens,Sorbaria kirilowii,3012103,1
Myriocarpa polystachya,Myriocarpa stipitata,7300728,1
Persica vulgaris,Pilea inaequalis,5361845,0
Celtis mairei,Celtis bungeana,7141664,1
Ficus leptorhyncha,Ficus asperiuscula,5571880,1
Procris formidata,Parietaria macrophylla,5669717,0
Stilpnophyllum elasticum,Artocarpus chama,3765040,0
Rhamnidium caloneurum,Karwinskia pluvialis,8365347,1
Rhamnus hintonii,Pyracantha koidzumii,2988162,0
Celtis kraussiana,Celtis africana,5834428,1
Boehmeria dolichostachys,Potentilla nitida,5367673,0
Oenoplea volubilis,Berchemia scandens,3039506,1
Dicranostachys serrata,Myrianthus serratus,7316414,1
Rosa regelii,Rosa beggeriana,7832083,1
Sorbus migarica,Crataegus laciniata,8240558,0
Mystacinus cirrhifer,Helinus mystacinus,3875546,1
Aronia sorbifolia,Pouzolzia calophylla,4100852,0
Urtica hippurioides,Rhaphiolepis fulvicoma,10746511,0
Prunus duracina,Prunus avium,3020791,1
Spiraea ceanothifolia,Spiraea betulifolia,3026550,1
Mertensia commutata,Celtis iguanaea,2984498,1
Elaeagnus rostrata,Elatostema platyphyllum,7300825,0
Perlarius albidus,Pipturus albidus,7500826,1
Celtis hamiltonii,Celtis tetrandra,7366997,1
Sorbus porrigentiformis,Maclura pomifera,2984580,0
Spiraea intermedia,Pyracantha coccinea,2988188,0
Urostigma cystopodum,Gouania leptostachya,7273872,0
Pellionia rostrata,Urtica membranacea,7685819,0
Osteomeles pyracantha,Aphanes arvensis,5365013,0
Ceanothus triflorus,Aphananthe cuspidata,8293016,0
Urtica cylindrica,Pilea crenulata,5670620,1
Ulmus campestris,Urtica urens,5361815,0
Soleirolia repens,Pourthiaea lucida,3000593,0
Ulmus obovata,Dorstenia barnimiana,7262729,0
Ziziphus ruminata,Cecropia telenitida,4013242,0
Urera woodii,Scepocarpus trinervis,11543475,1
Pyrus stankovii,Aria stankovii,9377959,1
Lecanthus wightii,Pilea rivularis,7300820,0
Dorstenia triternata,Gouania laxiflora,5602999,0
Celtis pumila,Colubrina elliptica,5372458,0
Colletia serratifolia,Elatostematoides australe,10790833,0
Brosimum discolor,Brosimum guianense,7374879,1
Elatostema zollingerianum,Elatostema rupestre,4100361,1
Morus cudranus,Debregeasia saeneb,4099243,0
Parietaria fernandeziana,Parietaria debilis,5361795,1
Morus bifaria,Dorstenia arifolia,7262742,0
Adicea involucrata,Ficus altissima,5361907,0
Clarisia urophylla,Trophis racemosa,2984648,1
Potentilla axilliflora,Laportea grossa,4102053,0
Brosimum pusillum,Karpatiosorbus hybrida,9478021,0
Pyrus meinichii,Hedlundia meinichii,9312119,1
Ziziphus saeri,Sarcomphalus saeri,9200633,1
Urtica longifolia,Ampelocera hottlei,4160087,0
Rhamnus alpina,Atadinus fallax,9581355,1
Zelkova hirta,Zelkova serrata,2984532,1
Crataegus oxyacanthoides,Planera aquatica,5361858,0
Boehmeria velutina,Pipturus argenteus,6414892,1
Laportea urentissima,Parartocarpus riedelii,3766071,0
Frangula boliviana,Frangula polymorpha,7274018,1
Drimopogon parvifolia,Spiraea tomentosa,3026819,1
Cecropia discolor,Cecropia ficifolia,8173870,1
Acaena hirsutula,Cecropia herthae,4013414,0
Sciophila salicifolia,Procris pedunculata,5671195,1
Procris grueningii,Procris grueningii,7300965,1
Laportea rechingerae,Ulmus glabra,5361866,0
Celtis albicans,Pilea serratifolia,5670488,0
Eriobotrya salwinensis,Rhaphiolepis salwinensis,10673519,1
Alcemilla microcarpa,Parietaria pensylvanica,5361796,0
Urtica hamiltoniana,Cecropia insignis,4013292,0
Ceanothus durangoinus,Ceanothus depressus,3875052,1
Ziziphus brunoniana,Spiraea bella,3026631,0
Spiraea pulchra,Prunus bifrons,3020970,0
Torminalis orientalis,Torminalis glaberrima,9410160,1
Rhamnus carpinifolius,Zelkova carpinifolia,7467231,1
Ficus nuda,Ficus benjamina,5361932,1
Discaria discolor,Discaria chacaye,5602883,1
Sponia solenostigma,Pouzolzia zeylanica,2984383,0
Villebrunea boniana,Discaria americana,5602906,0
Urtica fruticosa,Pouzolzia zeylanica,2984383,1
Ceanothus pueblensis,Celtis philippensis,7303643,0
Rhamnus maculata,Karwinskia humboldtiana,3039523,1
Pyrus hazslinszkyana,Hedlundia hazslinszkyana,9355951,1
Ziziphus domingensis,Colubrina elliptica,5372458,1
Ziziphus melastomoides,Ziziphus melastomoides,3875657,1
Spiraea ovata,Pseudolmedia spuria,2984543,0
Morus confinis,Argentina stenophylla,8033120,0
Rhamnus grangenos,Celtis iguanaea,2984498,1
Dubrueilia rhombea,Celtis rigescens,4159994,0
Physocarpus hanceanus,Lasiodiscus mannii,5602741,0
Ziziphus heteroneura,Kerria japonica,5371450,0
Ficus caesia,Dorstenia warneckei,3762617,0
Bosqueia cerasiflora,Trilepisium madagascariense,3766911,1
Rhamnus caroliniana,Colubrina asiatica,5372467,1
Elaeagnus tomentosa,Oreocnide rubescens,4099400,0
Adicea hirsuta,Pilea hirsuta,5671295,1
Girtanneria napeca,Chamaebatiaria millefolium,3026352,0
Parietaria urticifolia,Pouzolzia fadenii,4100548,0
Pleuranthodes orbiculare,Gouania meyenii,5372441,1
Smythea pacifica,Smythea lanceata,3039431,1
Crataegus aria,Colubrina asiatica,5372467,0
Celtis laurifolia,Celtis philippensis,7303643,1
Mertensia senegalensis,Celtis toka,4160100,1
Saccus lanceifolius,Scandosorbus intermedia,10071055,0
Urtica obtusata,Hedlundia armeniaca,10833957,0
Sorbus hoppeana,Karpatiosorbus hoppeana,9394023,1
Memorialis lythroides,Oreocnide tonkinensis,4099347,0
Artocarpus camansi,Sageretia hamosa,7273915,0
Laportea hainanensis,Dendrocnide stimulans,4098487,1
Frangula grandiflora,Lecanthus peduncularis,7300476,0
Mespilus laciniata,Crataegus laciniata,8240558,1
Artocarpus superba,Artocarpus anisophyllus,7262640,1
Azarolus aria,Aria edulis,8411755,1
Potentilla subpinnata,Streblus asper,10242935,0
Prunus tichopetala,Artocarpus elasticus,7425575,0
Cecropia francisi,Elaeagnus chrysophylla,4048076,0
Urtica quadristipulata,Urtica urens,5361815,1
Prunus cornifolia,Prunus rhamnoides,3023741,1
Luetkea caespitosa,Scutia myrtina,8317476,0
Pyrus prinoides,Pipturus argenteus,6414892,0
Sorbus avonensis,Pilea inaequalis,5361845,0
Cryptandra ulicina,Spiraea coristantia,10687486,0
Photinia podocarpifolia,Pourthiaea podocarpifolia,3000425,1
Pellionia australis,Pilea tetraphylla,5670037,0
Saccus elongatus,Heteromeles arbutifolia,5370154,0
Laportea harveyi,Dendrocnide harveyi,4098856,1
Margyricarpus setosus,Boehmeria cylindrica,2984345,0
Ulmus coriaceifolia,Nothocnide repanda,4099887,0
Momisia anfractuosa,Humulus scandens,2984537,0
Pomaderris ferruginea,Pomaderris wendlandiana,3875740,1
Morus hispanica,Morus alba,5361889,1
Conocephalus tonkinensis,Poikilospermum suaveolens,4013131,1
Pouzolzia rostrata,Ulmus hollandica,7141604,0
Artocarpus masticatus,Sarcomphalus piurensis,8902721,0
Pipturus pterocarpus,Pipturus albidus,7500826,1
Sageretia costata,Berchemia scandens,3039506,0
Pseudolmedia malacocarpa,Pseudolmedia glabrata,3764285,1
Tylanthus retrorsus,Phylica retrorsa,3874975,1
Celtis rufescens,Rubus arvensis,2990374,0
Ceanothus ferox,Stenanthemum humile,3876727,0
Trophis borbonica,Pipturus albidus,7500826,0
Laportea triplinervia,Dendrocnide venosa,4098413,1
Rosa operta,Rosa beggeriana,7832083,1
Pyrus decaisneana,Frangula caroliniana,3039468,0
Pseudolmedia sagotii,Colletia paradoxa,5602738,0
Sponia stipellata,Dorstenia dinklagei,7262628,0
Hymenocardia grandis,Trema orientale,2984508,0
Urostigma fulvum,Karpatiosorbus latifolia,9306058,0
Celtis planchoniana,Celtis glabrata,4159970,1
Trymatococcus usambarensis,Cecropia albicans,4013561,0
Lecanthus sasakii,Lecanthus peduncularis,7300476,1
Pomaderris intermedia,Fatoua villosa,2984652,0
Ficus dielsii,Ficus mollior,7262612,1
Trymatococcus turbinatus,Elaeagnus commutata,3039274,0
Trema amboinensis,Fragaria bifera,3029999,0
Sorbus puellarum,Celtis iguanaea,2984498,0
Gouania adenophora,Scepocarpus trinervis,11543475,0
Chaetachme nitida,Trevoa quinquenervia,3876194,0
Elaeagnus latifolia,Acaena lucida,5370697,0
Sorbus subpinnata,Hedlundia subpinnata,9621217,1
Rubus lasiocarpus,Rubus niveus,2989183,1
Humulus lupuloides,Humulus americanus,3874393,1
Urera rigida,Scepocarpus rigidus,11732428,1
Ficus hamiltoniana,Ficus auriculata,5571773,1
Urtica sanguinea,Trema angustifolium,4159501,0
Cecropia telealbida,Cecropia telenitida,4013242,1
Brosimum foetidum,Brosimum longifolium,3763078,1
Cecropia humboldtiana,Cecropia peltata,2984476,1
Urera sandvicensis,Touchardia oahuensis,11706294,1
Pyrus bodajkensis,Karpatiosorbus bodajkensis,9421746,1
Chlorophora tinctoria,Helicostylis scabra,3764842,0
Urtica nitida,Artocarpus rigidus,2984576,0
Crataegus angulata,Crataegus pruinosa,7790552,1
Gironniera longifolia,Gironniera subaequalis,4159324,1
Pellionia australis,Elatostematoides australe,10790833,1
Ziziphus seleri,Rubus niveus,2989183,0
Ivesia callida,Ficus heteropleura,7262505,0
Sorbus sudetica,Elatostematoides mindanaense,4098309,0
Artocarpus yunnanensis,Acaena pinnatifida,5370645,0
Myroxylon abruptifolium,Maclura pomifera,2984580,1
Maclura chlorocarpa,Maclura tinctoria,2984583,1
Kerria tetrapetala,Rhodotypos scandens,3032442,1
Morus macrophylla,Morus alba,5361889,1
Crataegus congesta,Potentilla crantzii,5366215,0
Spiraea coristantia,Elatostematoides polioneurum,4098279,0
Pipturus gracilipes,Prunus ulmifolia,3023601,0
Elatostema buderi,Spiraea bella,3026631,0
Pyracomeles vilmorinii,Pyracomeles vilmorinii,7638712,1
Azarolus arbutifolia,Aronia arbutifolia,5363629,1
Ficus patens,Prunus ulmifolia,3023601,0
Trichocephalus rhipophorus,Urtica incisa,7602322,0
Gouania leptostachya,Trema micranthum,2984501,0
Meniscogyne petelotii,Potentilla argentea,7482926,0
Rhamnus rupestris,Phylica ericoides,7560201,0
Urtica malabarica,Boehmeria depauperata,4099464,1
Adicea oxyodon,Spyridium spadiceum,7273965,0
Ficus berteroi,Ficus crassinervia,5361897,1
Fatoua lanceolata,Maclura tinctoria,2984583,0
Sorbus degenii,Karpatiosorbus degenii,9534152,1
Potentilla pycnophylla,Argentina pycnophylla,7713831,1
Scutia laevigata,Krugiodendron ferreum,3039518,1
Pilea cruzensis,Discaria chacaye,5602883,0
Acaena rahuensis,Rosa unica,3854786,0
Crataegus panachaica,Dendrocnide sinuata,4098506,0
Urtica montana,Boehmeria depauperata,4099464,1
Dorstenia bicornis,Dorstenia psilurus,3763387,1
Sponia vieillardii,Trema vieillardii,4159599,1
Callionia canadensis,Potentilla canadensis,5368951,1
Callionia canadensis,Pyracantha fortuneana,2988224,0
Pyrus hoppeana,Argentina turfosa,7965200,0
Rhamnus ferruginea,Smythea oblongifolia,11062813,0
Laportea thorelii,Dendrocnide stimulans,4098487,1
Urtica capitata,Laportea interrupta,2984469,1
Sorbus conwentzii,Hedlundia hybrida,9245228,0
Margyricarpus microphyllus,Boehmeria celtidifolia,4099945,0
Boehmeria irritans,Rhamnella franguloides,3874947,0
Villebrunea tonkinensis,Oreocnide tonkinensis,4099347,1
Cryptandra holostyla,Neillia tanakae,2987948,0
Ficus lucbanensis,Dendrocnide stimulans,4098487,0
Urera scandens,Elaeagnus songarica,8273261,0
Laportea agusanensis,Dendrocnide luzonensis,4098777,1
Parietaria urticifolia,Pilea urticifolia,5669690,1
Elatostema ovatum,Lecanthus peduncularis,7300476,1
Urera oligoloba,Krugiodendron ferreum,3039518,0
Trichocephalus laevis,Phylica laevis,3875646,1
Ziziphus trichocarpa,Ziziphus attopensis,3876990,1
Rhamnus longipes,Aruncus dioicus,5362136,0
Adicea obtusata,Gonostegia triandra,4100795,0
Rhamnus albanica,Karpatiosorbus hybrida,9478021,0
Dendrocnide chingiana,Hedlundia anglica,9486316,0
Trema vulcanicum,Prunus myriocephala,9104459,0
Sorbus paxiana,Karpatiosorbus paxiana,9631682,1
Conocephalus forbesii,Poikilospermum forbesii,4013256,1
Celtis selloviana,Celtis tala,7141607,1
Padus wilsonii,Boehmeria oblongata,4102138,0
Elaeagnus alingaro,Urtica urens,5361815,0
Mespilus denticulata,Malacomeles denticulata,2988294,1
Aria thuringiaca,Coussapoa ovalifolia,4013216,0
Urticastrum costatum,Parietaria officinalis,5361803,0
Amonia agrimonioides,Trilepisium madagascariense,3766911,0
Rhamnus mcvaughii,Chaenomeles japonica,3000610,0
Celtis cinnamomea,Frangula crenata,7273631,0
Phenax stocksii,Cryptandra tubulosa,3876136,0
Droguetia umbricola,Cecropia angustifolia,4013465,0
Luetkea hendersonii,Petrophytum hendersonii,3030192,1
Rhamnus rhododendriphylla,Frangula rhododendriphylla,3877433,1
Rhamnus standleyana,Colletia spinosissima,6371450,0
Girtanneria alnifolia,Crataegus pruinosa,7790552,0
Photinia birmanensis,Pourthiaea arguta,2988149,1
Morus venosa,Colubrina elliptica,5372458,0
Hahnia pinnatifida,Hedlundia hybrida,9245228,1
Pouzolzia tomentosa,Ficus asperiuscula,5571880,0
Paratrophis anthropophagorum,Prunus avium,3020791,0
Pyrus franconica,Karpatiosorbus franconica,9527019,1
Myriocarpa heterostachya,Myriocarpa heterospicata,5670608,1
Ziziphus lycioides,Sarcomphalus obtusifolius,8937468,1
Sorbus remensis,Dorstenia benguellensis,3765939,0
Boehmeria mathewsii,Boehmeria brevirostris,4100242,1
Pyrus villosa,Prunus armeniaca,7818643,0
Piratinera paraensis,Ceanothus americanus,3039318,0
Ficus indica,Ficus amplissima,5572290,1
Dorstenia longipedunculata,Aronia arbutifolia,5363629,0
Bosqueia carvalhoana,Trophis mexicana,3766584,0
Villebrunea rubescens,Oreocnide rubescens,4099400,1
Ziziphus abyssinica,Trema eurhynchum,9734868,0
Celtis franksiae,Celtis mildbraedii,4159999,1
Fragaria nubicola,Fragaria nubicola,8332166,1
Urera batesii,Photinia lasiogyna,5364025,0
Boehmeria humilis,Boehmeria pilosiuscula,4101774,1
Sorbus semipinnata,Rhaphiolepis indica,5371542,0
Pyrus pseudovertesensis,Karpatiosorbus pseudovertesensis,9287578,1
Morocarpus dichotomus,Debregeasia longifolia,4099305,1
Parartocarpus borneensis,Gonostegia pentandra,4100866,0
Rhamnus theezans,Dorstenia ciliata,3765470,0
Morus siciliana,Morus nigra,5361888,1
Acaena sericea,Urtica urens,5361815,0
Maillardia occidentalis,Ceanothus hartwegii,3877552,0
Celtis integrifolia,Hedlundia gauckleri,9412697,0
Boehmeria trinervis,Dorstenia arifolia,7262742,0
Ziziphus zizyphus,Acaena anserinifolia,7942884,0
Sorbus semiincisa,Karpatiosorbus semiincisa,9325082,1
Callicarpa candicans,Boehmeria nivea,2984359,1
Cecropia congesta,Nothocnide repanda,4099887,0
Crataegus crocina,Aronia arbutifolia,5363629,0
Pyrus udvardyana,Aria busambarensis,9431918,0
Helinus lanceolatus,Helinus lanceolatus,7273768,1
Aruncus barbaecapri,Aruncus dioicus,5362136,1
Forsskaolea viridis,Forsskaolea viridis,8040520,1
Mespilus communis,Mespilus germanica,3031774,1
Sorbus anglica,Hedlundia anglica,9486316,1
Ulmus excelsa,Hijmania alta,8975654,0
Maoutia grandifolia,Prunus armeniaca,7818643,0
Olmediophaena maxima,Celtis brasiliensis,7303606,0
Rhamnus elegans,Rhamnus belmontensis,11552112,1
Pyrus cambrensis,Aria cambrensis,9359390,1
Artocarpus pubescens,Artocarpus elasticus,7425575,1
Brosimum aubletii,Gonostegia parvifolia,4100881,0
Urtica rubricaulis,Boehmeria oblongata,4102138,0
Trichocephalus harveyi,Phylica harveyi,3875786,1
Sageretia trigyna,Sageretia filiformis,3876704,1
Ceanothus ovatus,Rhaphiolepis lanceolata,5371535,0
Celtis discolor,Trema discolor,4160278,1
Maclura greveana,Allaeanthus greveanus,3765669,1
Hyrtanandra pouzolzia,Gonostegia triandra,4100795,1
Laportea brunnea,Dendrocnide stimulans,4098487,1
Crataegus corymbosa,Aria edulis,8411755,1
Musanga smithii,Broussonetia papyrifera,5361944,0
Artocarpus multifidus,Crataegus pycnoloba,3013789,0
Spiraea lobata,Spiraea betulifolia,3026550,1
Ulmus elegantissima,Laportea aestuans,2984466,0
Covellia albipila,Trema andersonii,9755995,0
Mespilus domestica,Gonostegia triandra,4100795,0
Pyrus obliqua,Morus alba,5361889,0
Rhamnus spartium,Aria edulis,8411755,0
Phenax aquatica,Elaeagnus multiflora,3039272,0
Conocephalus amoenus,Crataegus pruinosa,7790552,0
Sorbus vallusensis,Dendrocnide peltata,4098650,0
Celtis biflora,Morus alba,5361889,0
Mespilus celsiana,Urera caracasana,2984335,0
Rhamnus crenata,Aria richii,9457420,0
Alphitonia vieillardii,Alphitonia neocaledonica,3877431,1
Parartocarpus triandrus,Prunus armeniaca,7818643,0
Boehmeria dichotoma,Rhamnus leptophylla,3877478,0
Opa metrosideros,Rhaphiolepis indica,5371542,1
Urtica paniculata,Cecropia polystachya,4013171,0
Ficus elliptica,Physocarpus amurensis,2988383,0
Rhamnus chimalapensis,Phylica excelsa,12206432,0
Crataegus arbutifolia,Rhaphiolepis platyphylla,10683774,0
Pilea diffusa,Pilea pubescens,7300898,1
Citharexylum scabra,Aria edulis,8411755,0
Ficus ayresii,Nothocnide repanda,4099887,0
Mespilus sinensis,Rosa biebersteiniana,3003016,0
Ulmus madingleyensis,Ulmus hollandica,7141604,1
Sorbus arbutifolia,Boehmeria nivea,2984359,0
Ulmus peninsularis,Sorocea guilleminiana,3762938,0
Oreoherzogia depressa,Atadinus depressus,9592364,1
Colubrina buxifolia,Pouzolzia sanguinea,7300542,0
Rhamnus parviflora,Sageretia parviflora,3876438,1
Basilima pygmea,Sorbaria pallasii,3012125,1
Chaenomeles lagenaria,Rhamnus japonica,3039482,0
Pourthiaea tsaii,Procris crenata,5669749,0
Brosimum refractum,Spiraea vacciniifolia,8111204,0
Aruncus laciniatus,Aruncus sylvester,6369098,1
Fragaria hagenbachiana,Ziziphus mauritiana,3039424,0
Phylica retrorsa,Phylica retrorsa,3874975,1
Pourouma suplicata,Dorstenia dinklagei,7262628,0
Urtica arguta,Pilea arguta,5669747,1
Rhamnus humifusa,Rhamnus infectoria,3874579,1
Pilea ciliata,Boehmeria repens,2984358,1
Crataegus meiophylla,Pourthiaea podocarpifolia,3000425,0
Celtis labilis,Ceanothus thyrsiflorus,3039379,0
Ficus cordata,Trymalium ledifolium,7273761,0
Urtica rubra,Pilea glomerata,5669850,0
Ceanothus fresnensis,Ceanothus fresnensis,3039315,1
Ulmus turkestanica,Prunus arborea,3021654,0
Ulmus hookeriana,Ulmus lanceifolia,8348291,1
Duretia cylindrica,Crataegus pruinosa,7790552,0
Rhamnus domingensis,Gouania lupuloides,5372440,1
Sorbus saxicola,Cecropia obtusifolia,2984473,0
Artocarpus lanceolatus,Karpatiosorbus redliana,9331888,0
Sorbus hoppeana,Hijmania turbinata,9189516,0
Rosa columnifera,Rosa columnifera,8204505,1
Pouzolzia matsudae,Hedlundia mougeotii,9312105,0
Gouania mollis,Gouania latifolia,5603000,1
Sponia andaresa,Trema orientale,2984508,1
Ziziphus sinensis,Ziziphus jujuba,3039423,1
Rubus armiger,Rubus armiger,3854266,1
Morus argutidens,Frangula pubescens,3877483,0
Acaena pinnata,Acaena stricta,5370972,1
Pouzolzia minor,Acaena pinnatifida,5370645,0
Pomaderris phillyrifolia,Ziziphus mucronata,3875567,0
Artocarpus finlaysoniana,Boehmeria dura,4099280,0
Pilea stelluligera,Rosa sepincola,3006936,0
Sorbus xthuringiaca,Pourthiaea fokienensis,3000554,0
Alaternus alpinus,Ficus elastica,7835333,0
Boehmeria squamigera,Pourthiaea beauverdiana,3000384,0
Dorstenia goossensi,Oreocnide obovata,7300607,0
Helicostylis asperifolia,Helicostylis scabra,3764842,1
Potentilla viscosa,Potentilla grammopetala,5367985,1
Pyrus gomorrana,Rhaphiolepis salicifolia,5371531,1
Sponia laevigata,Celtis laevigata,2984491,1
Broussonetia navifolia,Rhamnus hybrida,3874812,0
Rhamnus soporifera,Boehmeria polystachya,4101696,0
Ziziphus volubilis,Berchemia scandens,3039506,1
Ficus parvifolia,Ficus benjamina,5361932,1
Ceanothus regius,Achudemia hilliana,11216152,0
Vanieria triloba,Trema cannabina,2984507,0
Celtis cercidifolia,Celtis sinensis,4159594,1
Pomaderris hirta,Pomaderris wendlandiana,3875740,1
Pyrus impressivena,Pourthiaea impressivena,3000471,1
Phylica angustifolia,Phylica paniculata,3875228,1
Boehmeria microceltis,Pouzolzia sanguinea,7300542,1
Prunus litigiosa,Prunus tatsienensis,3022097,1
Urtica galeopsifolia,Urtica galeopsifolia,5670219,1
Celtis tomentosa,Ulmus hollandica,7141604,0
Ficus intermedia,Celtis iguanaea,2984498,0
Paratrophis tahitensis,Paratrophis anthropophagorum,12239769,1
Pipturus hawaiiensis,Pipturus albidus,7500826,1
Crataegus caerulescens,Crataegus pruinosa,7790552,1
Discaria pauciflora,Scutia spicata,7273727,1
Urera spicata,Pouzolzia zeylanica,2984383,0
Mespilus nigra,Crataegus nigra,3015596,1
Urtica villosa,Morus macroura,7262379,0
Crataegus nigra,Crataegus nigra,3015596,1
Dendrocnide coerulea,Artocarpus lacucha,7873234,0
Artocarpus mutabilis,Artocarpus odoratissimus,2984571,1
Urera sandwicensis,Touchardia oahuensis,11706294,1
Adicea articulata,Pilea articulata,5669732,1
Rhaphiolepis minor,Spiraea veitchii,3027382,0
Celtis lindheimeri,Gonostegia pentandra,4100866,0
Rhamnus polymorpha,Celtis strychnoides,4159465,0
Rosa tephrophylla,Araucaria hespera,11122392,0
Ziziphus zingiber,Ziziphus mauritiana,3039424,1
Ficus polysyce,Ficus fistulosa,7262725,1
Pellionia menglianensis,Rhamnus washakiensis,11456850,0
Morus tinctoria,Maclura tinctoria,2984583,1
Eriobotrya deflexa,Rhaphiolepis deflexa,10855510,1
Gouania urticaefolia,Gouania ulmifolia,5602873,1
Poterium humile,Acaena magellanica,5370832,1
Photinia salicifolia,Heteromeles arbutifolia,5370154,1
Chamaedryfolia candida,Humulus lupulus,2984535,0
Pomatoderris elliptica,Pomaderris elliptica,7273977,1
Conocephalus dubius,Procris pedunculata,5671195,0
Procris rostrata,Elatostema rostratum,11066335,1
Sorbus trilobata,Hedlundia turkestanica,10809500,0
Pilea ciliaris,Pilea parietaria,5361834,1
Trymalium stuartii,Spyridium coactilifolium,7273613,1
Sciophila salicifolia,Phylica villosa,3874620,0
Celtis smallii,Cecropia pachystachya,4013385,0
Ancistrum pumilum,Acaena pumila,5370773,1
Pyrus tushanensis,Ceanothus lorenzenii,10375932,0
Saccus petiolaris,Neillia thyrsiflora,3024763,0
Morus chinlingensis,Zelkova carpinifolia,7467231,0
Cerasus padifolia,Prunus emarginata,7272137,1
Celtis lima,Trema tomentosum,7303576,1
Pouzolzia sponiifolia,Gonostegia triandra,4100795,1
Memorialis lythroides,Gonostegia triandra,4100795,1
Parietaria carnosula,Boehmeria caudata,7610513,0
Laportea kotoensis,Dendrocnide kotoensis,4098823,1
Crataegus popovii,Colletia spinosissima,6371450,0
Elaeagnus isensis,Elaeagnus multiflora,3039272,1
Karwinskia biniflora,Karwinskia humboldtiana,3039523,1
Celtis subdentata,Chaetachme aristata,4159728,1
Rosa wilsonii,Rosa involuta,3006908,1
Sibbaldia phanerophlebia,Ceanothus americanus,3039318,0
Sorbus latisedes,Karpatiosorbus latisedes,11789233,1
Opulaster hanceanus,Endotropis alnifolia,9266494,0
Sorbus humphreyana,Aria porrigentiformis,9448867,1
Isodendrion fauriei,Gouania hillebrandii,8240892,1
Adicea glomerata,Frangula grandifolia,3874526,0
Acaena lucidum,Karpatiosorbus joannis,9459637,0
Rhamnus sibthorpiana,Atadinus sibthorpianus,9432696,1
Ficus tsjela,Potentilla ancistrifolia,5366710,0
Rhamnus sipapoensis,Frangula marahuacensis,8157442,1
Sorbus cochleariformis,Karpatiosorbus hybrida,9478021,1
Aronia watsoniana,Photinia prunifolia,5363844,0
Trema paucinervia,Zelkova carpinifolia,7467231,0
Ulmophyllum brookense,Ulmiphyllum brookense,8717787,1
Pilea montana,Pilea inaequalis,5361845,1
Hippophae nepalensis,Hippophae salicifolia,7293122,1
Planera americana,Pilea betulifolia,7300951,0
Ulmus fordii,Karwinskia humboldtiana,3039523,0
Photinia matudae,Chaetachme aristata,4159728,0
Ficus terragena,Ficus mauritiana,5571388,1
Scyphosyce gilletii,Scyphosyce manniana,3763274,1
Acaena transitoria,Trema orientale,2984508,0
Anonocarpus amazonicus,Celtis iguanaea,2984498,0
Oreoherzogia glaucophylla,Atadinus glaucophyllus,9534958,1
Photinia scandens,Photinia integrifolia,5363967,1
Paliurus aculeatus,Rubus corymbosus,7983488,0
Sageretia yunlongensis,Didymodoxa caffra,4098352,0
Smythea hollrungii,Smythea lanceata,3039431,1
Aria austriaca,Hedlundia austriaca,9251540,1
Urticastrum crenulatum,Celtis brasiliensis,7303606,0
Ampelocera verrucosa,Trema tomentosum,7303576,0
Alchemilla cornucopioides,Crataegus pruinosa,7790552,0
Brosimum pusillum,Brosimum gaudichaudii,7262433,1
Pyrus major,Rhaphiolepis major,5371529,1
Paliurus reticulatus,Sarcomphalus reticulatus,3039426,1
Dorstenia marginata,Dorstenia fawcettii,3764971,1
Ficus nuda,Neillia thibetica,3024806,0
Trymalium wayae,Trymalium wayi,7659623,1
Discaria crenata,Aria stirtoniana,9604336,0
Ziziphus strychnifolia,Sarcomphalus strychnifolius,8759836,1
Artocarpus frutescens,Prainea scandens,3764413,1
Rhamnus saquil,Discaria chacaye,5602883,1
Elaeagnus commutata,Crataegus sanguinea,3013574,0
Laurocerasus hypotricha,Hedlundia leyana,9439176,0
Dorstenia paucibracteata,Dorstenia dinklagei,7262628,1
Procris cochinchinensis,Maclura cochinchinensis,7262552,1
Dorstenia librevillensis,Dorstenia poinsettifolia,7515664,1
Celtis wallichii,Spiraea japonica,8170635,0
Photinia pyrifolia,Pilea sublucens,5670202,0
Cecropia inchuensis,Artocarpus glaucus,3764827,0
Boehmeria melanocarpa,Cypholophus melanocarpus,4099728,1
Aronia spuria,Spyridium obcordatum,3877394,0
Balansaephytum tonkinense,Poikilospermum suaveolens,4013131,1
Spiraea splendens,Spiraea splendens,3026675,1
Rosa unica,Rosa unica,3854786,1
Acaena floribunda,Acaena magellanica,5370832,1
Parietaria lusitanica,Hedlundia anglica,9486316,0
Ancistrum decumbens,Acaena latebrosa,5370824,1
Parasponia similis,Prunus avium,3020791,0
Pourouma emarginata,Pouzolzia conglobata,4100763,0
Helianthostylis schultesii,Maillardia borbonica,3763965,0
Solenandra humilis,Dendrocnide photiniphylla,4098637,0
Cydonia citripomma,Chaenomeles speciosa,3000679,1
Sorocea pileata,Parartocarpus venenosa,3766049,0
Ventilago luzoniensis,Smythea oblongifolia,11062813,1
Cryptandra largiflora,Rubus niveus,2989183,0
Pellionia pulchra,Ceanothus perplexans,3876275,0
Tragia interrupta,Colubrina elliptica,5372458,0
Sponia pubigera,Ficus fistulosa,7262725,0
Rhaphiolepis sieboldii,Rhaphiolepis indica,5371542,1
Ficus eggersii,Karpatiosorbus meyeri,9508936,0
Touchardia haupuensis,Touchardia latifolia,2984457,1
Paratrophis caudata,Poikilospermum acuminatum,4013317,0
Saccus blumei,Artocarpus elasticus,7425575,1
Rhamnus nakaharai,Pipturus argenteus,6414892,0
Acaena grossifolia,Acaena magellanica,5370832,1
Artocarpus rufescens,Parartocarpus bracteatus,8190094,1
Boehmeria chinensis,Procris cantoniensis,5669792,1
Gouania mannii,Cydonia oblonga,5362215,0
Gironniera sibuyanensis,Boehmeria grandis,2984353,0
Memorialis matsudai,Atadinus libanoticus,9561769,0
Rhamnus montana,Atadinus alpinus,3877063,1
Adicea smilacifolia,Rhaphiolepis umbellata,7480375,0
Physocarpus tomentosus,Shepherdia argentea,5372429,0
Mespilus macrocarpa,Mespilus germanica,3031774,1
Pipturus nadeaudii,Pipturus polynesicus,4101578,1
Pyrus thuringiaca,Hedlundia thuringiaca,9471386,1
Ficus berteroi,Zelkova serrata,2984532,0
Urostigma pseudobenjaminum,Pyracantha koidzumii,2988162,0
Maoutia zollingeriana,Laportea cuspidata,7300634,0
Rhamnidium rocanum,Maclura tinctoria,2984583,0
Urtica crenulata,Trema cannabina,2984507,0
Rubus ponticus,Reynosia retusa,3875084,0
Pyrus abscondita,Chaenomeles speciosa,3000679,0
Ficus macrocarpa,Aria stirtoniana,9604336,0
Crataegus pallasii,Dendrocnide longifolia,4098791,0
Elatostema succosum,Sageretia thea,3039516,0
Fragaria nilgerrensis,Fragaria nilgerrensis,3029934,1
Morus altissima,Artocarpus altissimus,3765235,1
Morus pendulina,Paratrophis pendulina,11172036,1
Photinia austroguizhouensis,Gonostegia triandra,4100795,0
Pogonotrophe sumatrana,Frangula crenata,7273631,0
Ficus simiae,Ficus punctata,7673670,1
Streblus maritimus,Karpatiosorbus gemella,9594195,0
Urtica stimulans,Dendrocnide stimulans,4098487,1
Aria arguta,Rhaphiolepis lanceolata,5371535,0
Pyracantha rogersiana,Pyracantha crenulata,2988172,1
Morus tatayiba,Debregeasia longifolia,4099305,0
Ulmus proceriformis,Ulmus hollandica,7141604,1
Memorialis parvifolia,Coussapoa parviceps,4013190,0
Gironniera yunnanensis,Crataegus macracantha,3013570,0
Photinia arbutifolia,Heteromeles arbutifolia,5370154,1
Colletia discolor,Discaria chacaye,5602883,1
Cudrania obovata,Hedlundia armeniaca,10833957,0
Plecospermum bureaui,Sarcomphalus laurinus,7273826,0
Sorbus subcordata,Karpatiosorbus hybrida,9478021,1
Dorstenia papillosa,Celtis strychnoides,4159465,0
Ceanothus pulchellus,Ceanothus foliosus,3039336,0
Crataegus gravis,Berchemia burmanniana,3876585,0
Ficus coccolobifolia,Ficus coccolobifolia,5570361,1
Laurocerasus mirabilis,Ceanothus sorediatus,3039339,0
Crataegus flava,Ficus elastica,7835333,0
Photinia bergerae,Pouzolzia rugulosa,4098989,0
Celtis lanceolata,Pilea verbascifolia,5671435,0
Cryptandra tomentosa,Cryptandra nutans,7273936,1
Hyrtanandra lythroides,Spiraea arguta,3027190,0
Leucosyke montana,Leucosyke capitellata,4102514,1
Momisia alnifolia,Urtica lobata,5671412,0
Boehmeria allophylla,Taxotrophis taxoides,11138557,0
Lazarolus pollveria,Pyraria irregularis,12193096,1
Pyrus scabrifolia,Ceanothus diversifolius,3039299,0
Sponia subserrata,Prunus emarginata,7272137,0
Paratrophis opaca,Paratrophis microphylla,7974324,1
Ceanothus sphaerocarpus,Frangula sphaerosperma,3039467,1
Celtis laevigata,Celtis iguanaea,2984498,1
Chlorophora alba,Milicia excelsa,3763589,1
Celtis tetrandra,Oreocnide integrifolia,7300622,1
Frangula riojae,Rhamnus salicifolia,3875112,0
Pyrus depressa,Aronia arbutifolia,5363629,1
Zelkova cretica,Antiaris toxicaria,7262663,0
Elaeagnus hypoargentea,Elaeagnus maritima,4048041,1
Colletia assimilis,Potentilla congdonis,11355431,0
Ziziphus glabra,Maillardia montana,3763943,0
Morus radulina,Holodiscus discolor,2987780,0
Parartocarpus riedelii,Argentina festiva,8015413,0
Boehmeria chinensis,Rhamnus parvifolia,7273851,0
Tetraglochin paucijugatum,Margyricarpus paucijugatus,3030147,1
Rhamnus mucronata,Spiraea sanssouciana,3026803,0
Sorbus cordigastensis,Karpatiosorbus cordigastensis,9429974,1
Dorstenia maculata,Ochetophila trinervis,3877218,0
Cerasus fruticosa,Prunus cerasus,3021922,1
Treculia centralis,Treculia africana,7895921,1
Pourthiaea parvifolia,Pourthiaea villosa,8356787,1
Colubrina obtusata,Colubrina arborescens,5372463,1
Pyrus spuria,Scepocarpus repens,11826481,0
Schychowskia ruderalis,Laportea ruderalis,4098684,1
Amygdalus orientalis,Prunus argentea,3023068,1
Ficus colossea,Laportea ruderalis,4098684,0
Pouzolzia alienata,Leucosyke capitellata,4102514,0
Cryptandra spathulata,Spyridium spathulatum,7273960,1
Urera gaudichaudeana,Aria spectans,9520670,0
Ceanothus endlichii,Phenax hirtus,7300652,0
Anthomeles douglasii,Crataegus douglasii,3013580,1
Celtis macrophylla,Retanilla ephedra,7273774,0
Pilea mooreana,Laportea mooreana,4099014,1
Celastrus zeylanicus,Aronia arbutifolia,5363629,0
Celtis commersonii,Rhaphiolepis longifolia,10730678,0
Pyracantha rogersiana,Crataegus persimilis,3015457,0
Urtica tenuis,Gouania alnifolia,5603135,0
Rhamnus circumcissa,Ziziphus jujuba,3039423,1
Urera gabonensis,Pilea pubescens,7300898,0
Procris hypoleuca,Debregeasia saeneb,4099243,1
Potentilla albifolia,Acaena magellanica,5370832,0
Elatostema curtisii,Cydonia oblonga,5362215,0
Mystacinus arabicus,Helinus integrifolius,3875572,1
Saccus dadah,Artocarpus lacucha,7873234,1
Araliorhamnus vaginata,Celtis philippensis,7303643,0
Photinia dabeishanensis,Pourthiaea schneideriana,3000452,1
Berchemia wilsonii,Berchemiella wilsonii,7273824,1
Gouania javanica,Broussonetia papyrifera,5361944,0
Cecropia crytostachya,Sorbaronia fallax,2987863,0
Soulangia reclinata,Coussapoa curranii,4013118,0
Urtica inermis,Laportea interrupta,2984469,1
Boehmeria robusta,Boehmeria japonica,7300501,1
Urtica bullosa,Fragaria nilgerrensis,3029934,0
Pyrus cathayensis,Maoutia odontophylla,5670629,0
Pyrus melanocarpa,Pipturus argenteus,6414892,0
Pouzolzia pilosa,Trevoa quinquenervia,3876194,0
Berchemia racemosa,Maclura pomifera,2984580,0
Spiraea fangii,Morus indica,5569978,0
Colubrina glabra,Colubrina viridis,5602941,1
Pouzolzia suffruticosa,Coussapoa microcarpa,4013334,0
Photinia pustulata,Pourthiaea benthamiana,3000344,1
Oreoherzogia sibthorpiana,Atadinus sibthorpianus,9432696,1
Rhamnus triquetra,Rhamnus triquetra,12256834,1
Pyracantha gibbsii,Fatoua villosa,2984652,0
Crataegus henryi,Coussapoa vannifolia,4013527,0
Rhaphiolepis fragrans,Rhaphiolepis indica,5371542,1
Rhamnidium cubense,Ulmus pumila,5361877,0
Photinia sorbifolia,Crataegus punctata,3014805,0
Amydalus armeniaca,Rubus leucodermis,8110785,0
Sorbus roopiana,Boehmeria depauperata,4099464,0
Opulaster hanceanus,Neillia hanceana,3853034,1
Trema laxiflorum,Trema integerrimum,4160101,1
Gouania stipularis,Gouania stipularis,7709974,1
Acaena compacta,Acaena magellanica,5370832,1
Ficus madurensis,Spiraea chamaedryfolia,3026406,0
Pouzolzia montana,Pouzolzia sanguinea,7300542,1
Synoecia apiocarpa,Ziziphus incurva,3876080,0
Pyrenia aria,Krugiodendron ferreum,3039518,0
Spyridium coronatum,Ficus mollior,7262612,0
Dorstenia penduflora,Dorstenia brownii,3765760,1
Urtica capensis,Olmedia aspera,7954917,0
Crataegus fastosa,Photinia prunifolia,5363844,0
Urtica japonica,Gonostegia pentandra,4100866,0
Boehmeria rubricaulis,Elatostematoides falcifolia,11773604,0
Ceanothus glomeratus,Eriolobus trilobatus,7272334,0
Urtica andicola,Urtica echinata,7300668,1
Crataegus wattiana,Crataegus chlorocarpa,7892367,1
Meniscogyne petelotii,Lecanthus petelotii,7300467,1
Boehmeria spicata,Majovskya sudetica,9238979,0
Adenorachis nigra,Aronia melanocarpa,5363627,1
Gouania ulei,Gouania discolor,7273923,1
Celtis berlandieri,Celtis laevigata,2984491,1
Sorbus pseudothuringiaca,Morus indica,5569978,0
Pyrus serratifolia,Photinia serratifolia,5364029,1
Urtica verrucosa,Stenanthemum pimeleoides,3876610,0
Ceanothus parvifolius,Ceanothus ochraceus,3876685,1
Ramium hamiltonianum,Scepocarpus hypselodendron,11931426,0
Pyrus rotundifolia,Crataegus punctata,3014805,0
Girtanneria micrantha,Trema micranthum,2984501,1
Prunus robustus,Aphananthe philippinensis,4159824,0
Momisia spinifera,Trema orientale,2984508,0
Sorbus pubescens,Aronia melanocarpa,5363627,1
Tylosperma sericophylla,Leucosyke capitellata,4102514,0
Celtis flexuosa,Celtis brasiliensis,7303606,1
Caturus ramiflorus,Boehmeria ramiflora,7300855,1
Dorstenia amoena,Laportea mooreana,4099014,0
Sorbus busambarensis,Aria busambarensis,9431918,1
Paratrophis microphylla,Brosimum guianense,7374879,0
Sponia amboinensis,Trema tomentosum,7303576,1
Dorstenia cordifolia,Dorstenia bahiensis,3766013,1
Urtica hippurioides,Gonostegia pentandra,4100866,1
Mespilus arbutifolia,Heteromeles arbutifolia,5370154,1
Zizyphus fibrillosus,Ceanothus fibrillosus,11712452,1
Phylica cordata,Rubus niveus,2989183,0
Leucosyke rhodopleura,Oreocnide rhodopleura,4099423,1
Procris sieberi,Maclura tinctoria,2984583,1
Potentilla pedemontana,Potentilla grandiflora,5366106,1
Spiraea kamaonensis,Spiraea bella,3026631,1
Urticastrum gaudichaudeanum,Dendrocnide meyeniana,4098765,1
Prunus robusta,Prunus moritziana,3023070,1
Soulangia willdenowiana,Paliurus spina-christi,5372457,0
Trema carinatum,Rhaphiolepis macrocarpa,10788054,0
Pourouma populifolia,Pourouma acuminata,4013667,1
Urtica manillensis,Perebea xanthochyma,3765422,0
Potentilla turicinensis,Argentina emodi,7854498,0
Ficus humilis,Ficus montana,8041955,1
Cryptandra globulosa,Spyridium globulosum,3877637,1
Celtis trichocarpa,Araucaria hespera,11122392,0
Ficus hayatae,Ficus ampelos,8053189,1
Cudrania integra,Naucleopsis oblongifolia,3767082,0
Sorbus pseudolatifolia,Karpatiosorbus pseudolatifolia,9540654,1
Broussonetia jiangxiensis,Aria edulis,8411755,0
Cerasus obliqua,Prunus emarginata,7272137,1
Ficus bandana,Ficus ampelos,8053189,1
Ulmus curvifolia,Didymodoxa caffra,4098352,0
Actaea dioica,Gonostegia pentandra,4100866,0
Calostima aculeata,Acaena pumila,5370773,0
Aria sudetica,Morus alba,5361889,0
Mespilus chinensis,Hedlundia hybrida,9245228,0
Opulaster thyrsiflorus,Potentilla litoralis,6368584,0
Artocarpus communis,Phenax sonneratii,6414569,0
Acaena glaucophylla,Acaena magellanica,5370832,1
Procris melastomoides,Crataegus pruinosa,7790552,0
Sponia rigida,Aphananthe cuspidata,8293016,0
Elaeagnus igda,Acaena niederleinii,5370764,0
Sponia glabrescens,Sageretia thea,3039516,0
Microrhamnus cavaleriei,Margyricarpus alatus,3030140,0
Trymalium bilobatum,Rhamnus liukiuensis,7419538,0
Fragaria muricata,Fragaria moschata,8350369,1
Fragaria chiloensis,Leucosyke capitellata,4102514,0
Condaliopsis parryi,Zelkova carpinifolia,7467231,0
Photinia blumei,Pipturus albidus,7500826,0
Artocarpus ovatus,Coussapoa curranii,4013118,0
Mespilus crenulata,Helicostylis tomentosa,3764831,0
Morus guzziola,Morus alba,5361889,1
Conocephalus violaceus,Argentina brassii,7773714,0
Saurobroma iguanense,Celtis iguanaea,2984498,1
Urera denticulata,Pourthiaea amphidoxa,3024230,0
Urtica quadrifolia,Pilea verbascifolia,5671435,0
Acaena subflaccida,Acaena magellanica,5370832,1
Droguetia elliptica,Poikilospermum amboinense,4013310,0
Cecropia argentea,Cecropia peltata,2984476,1
Cerasus diffusa,Elatostema banahaense,4101589,0
Trymalium behrii,Spyridium subochreatum,7273953,1
Phylica pubescens,Phylica plumosa,3875114,1
Potentilla rockiana,Trema micranthum,2984501,0
Spiraea argentea,Prainea scandens,3764413,0
Morus grisea,Morus microphylla,5361881,1
Celtis fuscata,Celtis brasiliensis,7303606,1
Prunus aquifolioides,Prunus aquifolioides,3021945,1
Rhamnus virginica,Frangula caroliniana,3039468,1
Frangula chrysophylla,Frangula pubescens,3877483,1
Rhamnus minor,Gouania striata,7273814,0
Mespilus sylvestris,Ochetophila trinervis,3877218,0
Urtica chichicaztli,Urera caracasana,2984335,1
Cryptandra ericoides,Oreocnide trinervis,4099324,0
Rubus ponticus,Rubus caucasicus,2990820,1
Fleurya canadensis,Laportea canadensis,2984463,1
Zelkova carpinifolia,Zelkova carpinifolia,7467231,1
Brosimum angustifolium,Brosimum rubescens,3762826,1
Laportea elevata,Laportea bulbifera,7300666,1
Momisia triflora,Celtis iguanaea,2984498,1
Ceanothus griseus,Ceanothus griseus,10331743,1
Sorbus acutisecta,Karpatiosorbus hybrida,9478021,1
Haynea ovalifolia,Maclura cochinchinensis,7262552,0
Pipturus repandus,Nothocnide repanda,4099887,1
Phylica squarrosa,Phylica meyeri,3875433,1
Rhamnus minutiflora,Gironniera nervosa,4159442,0
Sciophila cephalida,Procris pedunculata,5671195,1
Rosa lacerans,Crataegus laciniata,8240558,0
Parietaria populifolia,Parietaria officinalis,5361803,1
Apeibopsis discolor,Trema tomentosum,7303576,0
Cecropia radlkoferiana,Cecropia obtusifolia,2984473,1
Pipturus propinquus,Pipturus argenteus,6414892,1
Laportea glabra,Dendrocnide ternatensis,4098440,1
Crataegus ater,Bagassa guianensis,3763926,0
Parietaria oppositifolia,Prunus persica,8149923,0
Ivesia pityocharis,Potentilla pityocharis,11231891,1
Pomaderris sieberiana,Parietaria roschanica,5671300,0
Retanilla spinifera,Retanilla stricta,3875486,1
Cerasus furum,Prunus microcarpa,3021376,1
Urtica scabrella,Discaria americana,5602906,0
Condalia latifolia,Reynosia latifolia,3875241,1
Morus patavina,Celtis iguanaea,2984498,0
Missiessya celtidifolia,Eriolobus trilobatus,7272334,0
Ulmaria trifoliata,Hesperocnide sandwicensis,2984323,0
Craterogyne oligogyna,Coussapoa parviceps,4013190,0
Trichocephalus imberbis,Crataegus submollis,3015560,0
Phylica myrtifolia,Phylica paniculata,3875228,1
Urtica neglecta,Pipturus albidus,7500826,0
Pyrus collina,Celtis laevigata,2984491,0
Urtica umbellata,Frangula neblinensis,8345431,0
Cryptandra obovata,Spyridium obovatum,7274000,1
Boehmeria arborea,Dorstenia benguellensis,3765939,0
Treculia staudtii,Ceanothus americanus,3039318,0
Maoutia grandifolia,Pipturus grandifolius,4101846,1
Sorbus hazslinszkyana,Brosimum sprucei,11665758,0
Ziziphus esquirolii,Hovenia acerba,7273758,1
Cerasus bifrons,Prunus bifrons,3020970,1
Armeniaca hypotrichodes,Brosimum guianense,7374879,0
Spiraea pauciflora,Ficus elastica,7835333,0
Urtica gibbosa,Dorstenia hirta,3764709,0
Urtica hamiltoniana,Boehmeria hamiltoniana,4098770,1
Amygdalus incana,Prunus incana,3020605,1
Crataegus arbutifolia,Dendrocnide stimulans,4098487,0
Sorbus porrigens,Aria graeca,5370233,1
Dorstenia boliviana,Dorstenia peruviana,3763547,1
Persica nucipersica,Prunus persica,8149923,1
Pyrus rhaphiolepis,Endotropis serrata,9276778,0
Abelicea crenata,Zelkova carpinifolia,7467231,1
Sorbaria lindleyana,Sorbaria tomentosa,3012117,1
Urtica fissa,Urtica fissa,7788593,1
Dendrocnide warburgii,Dendrocnide longifolia,4098791,1
Ulmus celtidea,Ulmus laevis,7303616,1
Mespilus cornifolia,Crataegus punctata,3014805,1
Potentilla victorialis,Poikilospermum intermedium,4013218,0
Boehmeria edentata,Pouzolzia poeppigiana,4099219,1
Ficus mindanaensis,Rhaphiolepis platyphylla,10683774,0
Poikilospermum grandifolium,Poikilospermum acuminatum,4013317,1
Celtis chichape,Celtis chicape,8383074,1
Duretia longispica,Phylica polifolia,3875106,0
Acaena micranthera,Pipturus albidus,7500826,0
Prunus dulcis,Rhaphiolepis indica,5371542,0
Conocephalus hirsutus,Poikilospermum amboinense,4013310,1
Cryptandra wichurae,Argentina linilaciniata,7665523,0
Urtica darwinii,Dendrocnide microstigma,4098754,0
Crataegus suecica,Spyridium coactilifolium,7273613,0
Potentilla yonoweana,Ulmus speciosa,8981787,0
Cerasus takasagomontana,Laportea interrupta,2984469,0
Laportea triplinervia,Karpatiosorbus alnifrons,9367939,0
Celtis douglasii,Lecanthus peduncularis,7300476,0
Sorbus leyana,Maclura cochinchinensis,7262552,0
Oreorhamnus serrulata,Frangula borneensis,9210340,1
Anthomeles sanguinea,Crataegus sanguinea,3013574,1
Ziziphus gardneri,Crataegus macracantha,3013570,0
Banisteria lupuloides,Gillenia stipulata,7557273,0
Rhamnus iguanaea,Celtis tala,7141607,0
Freirea micrantha,Parietaria micrantha,5669693,1
Rhamnus insularis,Endotropis crocea,9242940,1
Fragariastrum grammopetalum,Potentilla grammopetala,5367985,1
Amelanchier denticulata,Spyridium spadiceum,7273965,0
Spyridium serpyllaceum,Ficus henryi,5570621,0
Artocarpus jaca,Artocarpus integer,2984566,1
Urtica capitata,Boehmeria cylindrica,2984345,1
Parietaira micrantha,Parietaria micrantha,5669693,1
Rhamnus wulfenii,Colubrina faralaotra,5603148,0
Crataegus columbiana,Dendrocnide stimulans,4098487,0
Ceanothus hypericoides,Ceanothus microphyllus,3039306,1
Boehmeria nudiflora,Pouzolzia nudiflora,4099693,1
Spiraea venustula,Cryptandra australis,3874594,0
Colubrina urbanii,Elaeagnus triflora,7293096,0
Trichocephalus imberbis,Phylica ericoides,7560201,1
Prunus tardeflorens,Paliurus hirsutus,7273934,0
Trema macrophyllum,Trema micranthum,2984501,1
Crataegus douglasii,Potentilla ornithopoda,5366556,0
Piratinera velutina,Streblus asper,10242935,0
Sorbaronia heterophylla,Sorbaronia sorbifolia,2987868,1
Phylica commelini,Hullettia griffithiana,8282307,0
Halmia cornifolia,Crataegus punctata,3014805,1
Adicea verbascifolia,Pilea verbascifolia,5671435,1
Rhamnus blumeri,Spiraea robusta,3026885,0
Glochidion cinerascens,Berchemia cinerascens,7720336,1
Dubrueilia ciliaris,Dendrocnide gigantea,4098866,0
Taxotrophis crenata,Prunus avium,3020791,0
Oxyacantha granatensis,Crataegus granatensis,3015272,1
Ulmus sukaczevii,Ulmus glabra,5361866,1
Ulmus prominentidens,Trilepisium madagascariense,3766911,0
Celtis fuscata,Pipturus albidus,7500826,0
Spiraea dumosa,Pilea minguetii,5670355,0
Dorstenia rugosa,Elatostema rugosum,4100369,1
Ulmus octandra,Pilea lucens,7300786,0
Parietaria bracteata,Physocarpus monogynus,2988349,0
Trophis chorizantha,Trophis mexicana,3766584,1
Berchemia hamosa,Parietaria pensylvanica,5361796,0
Condalia seleri,Atadinus libanoticus,9561769,0
Pyrus pannonica,Aphanes arvensis,5365013,0
Spiraea mairei,Spiraea velutina,3026500,1
Pourouma velutina,Pourouma velutina,4013280,1
Urtica blitum,Phenax sonneratii,6414569,1
Saccus champeden,Artocarpus integer,2984566,1
Ceanothus ovalis,Dorstenia peltata,8202494,0
Ficus toka,Poikilospermum acuminatum,4013317,0
Petelotia tonkinensis,Petelotiella tonkinensis,4100214,1
Urera braunii,Scepocarpus sansibaricus,11828971,1
Parinari guyanense,Persica ispahanensis,3032469,0
Pouzolzia prostrata,Pouzolzia zeylanica,2984383,1
Ulmus sarniensis,Ulmus hollandica,7141604,1
Spiraea ariifolia,Aria graeca,5370233,0
Malacomeles denticulata,Malacomeles denticulata,2988294,1
Cydonia cydonia,Cydonia oblonga,5362215,1
Urtica naucleiflora,Poikilospermum naucleiflorum,4013188,1
Ruta fernandezia,Colletia spartioides,5602724,1
Cecropia laetevirens,Cecropia membranacea,4013609,1
Morus cretica,Rhaphiolepis salicifolia,5371531,0
Microrhamnus franguloides,Rhamnella franguloides,3874947,1
Elaeagnus nepalensis,Hedlundia pseudothuringiaca,9477048,0
Ficus arboricida,Sorbaronia sorbifolia,2987868,0
Urera horrida,Urera baccifera,7411905,1
Ancistrum barbatum,Margyricarpus pinnatus,3030248,1
Ceanothus sanguineus,Karpatiosorbus pseudosemiincisa,9613720,0
Parietaria suffruticosa,Hovenia trichocarpa,7273737,0
Urtica stachyophylla,Urtica stachyoides,5670079,1
Retanilla moelleri,Scutia myrtina,8317476,0
Villebrunea scabra,Spyridium villosum,3876904,0
Visiania elastica,Spiraea chamaedryfolia,3026406,0
Sorbus eystettensis,Morus celtidifolia,5570117,0
Cydonia lagenaria,Acaena magellanica,5370832,0
Crataegus obovatifolia,Pipturus albidus,7500826,0
Ceanothus atropurpureus,Noltea africana,3877365,1
Ceanothus ramulosus,Neillia thyrsiflora,3024763,0
Celtis tupalangi,Celtis caucasica,7141655,1
Sponia integerrima,Trema integerrimum,4160101,1
Potentilla josephiana,Argentina lineata,8228815,1
Rhamnus grisea,Petrophytum caespitosum,3030194,0
Sericotheca boursieri,Ziziphus oenopolia,3875331,0
Elaeagnus buisanensis,Elaeagnus glabra,7293101,1
Rhamnidium bicolor,Streblus asper,10242935,0
Celtis orthocantha,Prunus tomentosa,7380100,0
Trema floridanum,Ficus melinocarpa,7262687,0
Laportea humbertii,Hedlundia neglecta,9446782,0
Pouzolzia hypoleuca,Rubus niveus,2989183,0
Aruncus camschaticus,Aria edulis,8411755,0
Pyrus aria,Aria edulis,8411755,1
Urera dewevrei,Scepocarpus thonneri,11754518,1
Maclura subintegerrima,Aria umbellata,9330923,0
Celtis microcarpa,Trema micranthum,2984501,1
Pomaderris malifolia,Pomaderris multiflora,3876656,1
Dorstenia holtziana,Dorstenia zanzibarica,3762590,1
Physocarpus gracilis,Neillia tanakae,2987948,1
Morus tatarica,Procris pedunculata,5671195,0
Sponia cuspidata,Poikilospermum microstachys,4013197,0
Ziziphus lineata,Lasiodiscus mildbraedii,7273621,0
Pyrus pseudovertensis,Karpatiosorbus pseudovertesensis,9287578,1
Celtis berlandieri,Ceanothus thyrsiflorus,3039379,0
Brosimopsis lactescens,Zelkova verschaffeltii,4927731,0
Morus luzonica,Allaeanthus luzonicus,8317606,1
Boehmeria angustata,Debregeasia longifolia,4099305,1
Spiraea thompsoni,Artocarpus chama,3765040,0
Ramium heterophyllum,Cypholophus caeruleus,10897870,0
Cryptandra ledifolia,Phylica cryptandroides,3876066,0
Amygdalus argentea,Prunus argentea,3023068,1
Poikilospermum warburgii,Poikilospermum acuminatum,4013317,1
Sageretia senticosa,Acaena latebrosa,5370824,0
Sorbus pinnatifida,Pilea cuneata,7799182,0
Cryptandra wayi,Trymalium wayi,7659623,1
Sponia virgata,Trema cannabina,2984507,1
Rhamnus inconspicua,Rhamnus leptophylla,3877478,1
Ficus torresiana,Rubus niveus,2989183,0
Paliurus virgatus,Paliurus spina-christi,5372457,1
Spiraea kirilowii,Broussonetia papyrifera,5361944,0
Ficus peninsula,Rosa beggeriana,7832083,0
Elaeagnus fusca,Elaeagnus fusca,4048181,1
Broussonetia luzoniensis,Allaeanthus luzonicus,8317606,1
Cerasus fengyangshanica,Prunus fengyangshanica,11528102,1
Photinia wuyishanensis,Pourthiaea villosa,8356787,1
Smythea trichantha,Smythea lanceata,3039431,1
Trema grevei,Pouzolzia zeylanica,2984383,0
Celastrus esquirolianus,Frangula crenata,7273631,1
Urtica pedunculata,Didymodoxa capensis,7300493,1
Ampelocera latifolia,Hippophae litangensis,4048188,0
Terminalia brasiliensis,Poulsenia armata,5570848,0
Morus tictoria,Urtica leptophylla,5669658,0
Trema burmannii,Trema orientale,2984508,1
Colletia ephedra,Ziziphus jujuba,3039423,0
Cecropia diguensis,Cecropia plicata,4013196,1
Ambaiba strigosa,Cecropia peltata,2984476,0
Ficus macrophylla,Aruncus sylvester,6369098,0
Sibbaldia micropetala,Karpatiosorbus admonitor,9284607,0
Potentilla multifida,Torminalis glaberrima,9410160,0
Trophis opaca,Paratrophis microphylla,7974324,1
Ventilago laotica,Ventilago denticulata,7273609,1
Laportea peltata,Dendrocnide peltata,4098650,1
Discaria montana,Noltea africana,3877365,0
Ruta fernandezia,Brosimum sprucei,11665758,0
Mystacinus lanceolatus,Helinus lanceolatus,7273768,1
Oreocnide acuminata,Oreocnide integrifolia,7300622,1
Colletia tralhuen,Cryptandra coronata,3877706,0
Boehmeria fallax,Gonostegia pentandra,4100866,0
Ulmus keia-ki,Phylica polifolia,3875106,0
Pygeum laurocerasus,Prunus schlechteri,3022025,1
Pyrus parviloba,Ziziphus oenopolia,3875331,0
Basilima alpina,Gouania blanchetiana,5603111,0
Ficus kietana,Dorstenia erythrandra,8892698,0
Parietaria orizabae,Neraudia melastomifolia,2984376,0
Mespilus arbutifolia,Aronia arbutifolia,5363629,1
Chaetachme nitida,Chaetachme aristata,4159728,1
Cerasus sylvestris,Prunus avium,3020791,1
Ceanothus glaber,Artocarpus lacucha,7873234,0
Gouania mexicana,Gouania stipularis,7709974,1
Mespilus indica,Discaria chacaye,5602883,0
Digaster sumatranus,Prunus arborea,3021654,1
Photinia benthamiana,Taxotrophis spinosa,8344866,0
Ulmus macrocarpa,Parietaria officinalis,5361803,0
Ulmus pilifera,Hesperocnide sandwicensis,2984323,0
Pyrus barthae,Celtis brasiliensis,7303606,0
Ficus rojasii,Ficus calyptroceras,5570992,1
Mertensia laevigata,Colletia spinosissima,6371450,0
Ulmus wallichii,Ulmus wallichiana,7303567,1
Sorbus waltersii,Sorbaronia sorbifolia,2987868,0
Cardiogyne africana,Auerodendron cubense,7273940,0
Phaenopyrum nigrum,Crataegus nigra,3015596,1
Ulmus podolica,Ulmus glabra,5361866,1
Ceanothus axillaris,Karpatiosorbus haesitans,9585443,0
Ambaiba propinqua,Artocarpus altilis,2984573,0
Chaetachme microcarpa,Chaetachme aristata,4159728,1
Ficus lucida,Ficus benjamina,5361932,1
Rosa triphylla,Elatostema hirticaule,4099362,0
Urostigma crassinervium,Procris crenata,5669749,0
Trema guineensis,Ficus racemifera,5571764,0
Ogcodeia tessmannii,Naucleopsis glabra,3767226,1
Prunus rubra,Elaeagnus songarica,8273261,0
Rhamnus lancifolia,Berchemia cinerascens,7720336,1
Spiraea arctica,Dendrocnide basirotunda,4099095,0
Taxotrophis eberhardtii,Naucleopsis glabra,3767226,0
Sorbus mergenthaleriana,Karpatiosorbus mergenthaleriana,9576430,1
Ulmus germanica,Ulmus minor,5361865,1
Conocephalus suaveolens,Poikilospermum suaveolens,4013131,1
Elatostema falcatum,Elatostematoides falcatum,4098396,1
Sorbus spectans,Karpatiosorbus pelsoensis,9436048,0
Urtica fernandeziana,Scandosorbus intermedia,10071055,0
Planera japonica,Spiraea hailarensis,3027387,0
Rubus montanus,Artocarpus anisophyllus,7262640,0
Urtica javanica,Pilea parietaria,5361834,0
Rosa doniana,Rosa involuta,3006908,1
Oreocnide rufescens,Oreocnide rubescens,4099400,1
Pyrus algoviensis,Majovskya algoviensis,9607542,1
Horkelia chandleri,Phylica buxifolia,3876260,0
Colubrina mociniana,Ceanothus mocinianus,3876836,1
Boehmeria scabra,Boehmeria cylindrica,2984345,1
Missiessya fagifolia,Leucosyke capitellata,4102514,1
Pouzolzia scabrida,Poikilospermum microstachys,4013197,0
Adicea integrifolia,Dendrocnide ternatensis,4098440,0
Pellionia annamica,Procris repens,7916114,1
Scutia sphaerosperma,Pipturus albidus,7500826,0
Spiraea incisa,Spiraea chamaedryfolia,3026406,1
Pouzolzia fruticosa,Artocarpus rigidus,2984576,0
Sorbus dubronensis,Aria dubronensis,11801766,1
Planera crenata,Touchardia latifolia,2984457,0
Potentilla fulgens,Argentina lineata,8228815,1
Streblus mauritianus,Acaena magellanica,5370832,0
Cerasus rhamnoides,Elatostema leiocarpum,11184605,0
Zizyphus microphyllus,Cecropia reticulata,7316447,0
Ceanothus tardiflorus,Cydonia oblonga,5362215,0
Chaenomeles alba,Chaenomeles speciosa,3000679,1
Sponia imbricata,Trema tomentosum,7303576,1
Morus intermedia,Elaeagnus commutata,3039274,0
Colletia longispina,Prunus microcarpa,3021376,0
Ulmus occidentalis,Ulmus hollandica,7141604,1
Sorbus javorkae,Aria danubialis,9573476,1
Spiraea vanhouttei,Dorstenia bahiensis,3766013,0
Pouzolzia petiolata,Pouzolzia occidentalis,2984385,1
Colletia invicta,Colletia spinosissima,6371450,1
Alcemilla arvensis,Celtis bungeana,7141664,0
Boehmeria taiwaniana,Boehmeria japonica,7300501,1
Sorocea ilicifolia,Sorocea guilleminiana,3762938,1
Fleurya paniculata,Laportea ruderalis,4098684,1
Berchemia discolor,Phyllogeiton discolor,3874547,1
Ambaiba concolor,Berchemia edgeworthii,3876494,0
Urtica caffra,Didymodoxa caffra,4098352,1
Ulmus sieboldii,Ulmus parvifolia,5361869,1
Taxotrophis caudata,Artocarpus lacucha,7873234,0
Sorbus subcuneata,Pilea melastomoides,5670477,0
Urtica trianae,Dendrocnide meyeniana,4098765,0
Potentilla iinumae,Fragaria iinumae,3029930,1
Broussonetia maculata,Parartocarpus venenosa,3766049,0
Trema grevei,Trema orientale,2984508,1
Margyricarpus prolifer,Margyricarpus alatus,3030140,1
Urtica tuberosa,Pourthiaea chingshuiensis,3000580,0
Dorstenia placentoides,Dorstenia brasiliensis,7262704,1
Celtis dumosa,Celtis brasiliensis,7303606,1
Ancistrum ovalifolium,Scutia spicata,7273727,0
Potentilla inexspectata,Aphanes australis,5365026,1
Astilbe aruncus,Aruncus dioicus,5362136,1
Fragaria nigra,Ficus angolensis,8378161,0
Drimopogon ferruginea,Spiraea tomentosa,3026819,1
Parietaria linguaefolia,Parietaria pensylvanica,5361796,1
Cudrania crenata,Streblus asper,10242935,1
Spyridium rotundifolium,Torminalis glaberrima,9410160,0
Ficus hypoleucogramma,Colubrina asiatica,5372467,0
Pouzolzia abyssinica,Phylica paniculata,3875228,0
Azarolus pollvilleriana,Elatostematoides mesargyreum,4098321,0
Pyrus degenii,Karpatiosorbus degenii,9534152,1
Dorstenia quadrata,Ficus heteropleura,7262505,0
Pellionia picta,Rosa beggeriana,7832083,0
Pyrus hungarica,Endotropis standleyana,9392442,0
Ulmus hillieri,Hedlundia cuneifolia,9246191,0
Cecropia montana,Cecropia montana,4013520,1
Crataegus opica,Crataegus opaca,3014153,1
Pilea hypnophila,Cecropia peltata,2984476,0
Pouzolzia sonneratii,Phenax sonneratii,6414569,1
Albrandia gaudichaudii,Streblus asper,10242935,1
Ficus scleroptera,Ficus auriculata,5571773,1
Pyrus seyboldiana,Paratrophis solomonensis,11162240,0
Broussonetia brasiliensis,Maclura brasiliensis,7262554,1
Pilea gaudichaudiana,Archiboehmeria atrata,4101208,0
Ambaiba lyratiflora,Dendrocnide photiniphylla,4098637,0
Poterium lucidum,Artocarpus anisophyllus,7262640,0
Pilea rapensis,Pilea bisepala,5671340,1
Bosquiea welwitschii,Trilepisium madagascariense,3766911,1
Dorstenia jabassensis,Dorstenia ciliata,3765470,1
Pomaderris intangenda,Eriolobus trilobatus,7272334,0
Crataegus deltoxyacantha,Broussonetia papyrifera,5361944,0
Boehmeria trinervata,Acaena magellanica,5370832,0
Ficus regia,Scutia spicata,7273727,0
Greeneina affinis,Laportea aestuans,2984466,0
Taxotrophis roxburghii,Taxotrophis taxoides,11138557,1
Ramium pavonii,Maclura tinctoria,2984583,0
Pouzolzia gardneriana,Gonostegia triandra,4100795,1
Potentilla argentea,Potentilla argentea,7482926,1
Chaetachme meyeri,Chaetachme aristata,4159728,1
Rosa latispina,Rosa beggeriana,7832083,1
Celtis bodinieri,Dorstenia mannii,7262540,0
Celastrus ovatus,Coussapoa microcephala,7316409,0
Ziziphus trinervia,Ziziphus oenopolia,3875331,0
Rhamnella crenulata,Elatostema heterolobum,4099443,0
Pyrus tauricola,Maquira calophylla,3763735,0
Ambaiba acutifolia,Cecropia angustifolia,4013465,1
Dorstenia debeerstii,Dorstenia benguellensis,3765939,1
Pilea quadrifolia,Pilea tetraphylla,5670037,1
Crataegus sertata,Crataegus holmesiana,3014062,1
Dorstenia massonii,Crataegus berberifolia,3014985,0
Crataegus pyrifolia,Gonostegia parvifolia,4100881,0
Artocarpus humilis,Pilea melastomoides,5670477,0
Celtis mukii,Aria edulis,8411755,0
Oreocnide scabra,Pourthiaea amphidoxa,3024230,0
Celtis gardneri,Celtis iguanaea,2984498,1
Trymalium hermannioides,Droguetia leptostachys,4102666,0
Acaena tenuipila,Acaena ovalifolia,5370651,1
Sorbus scepusiensis,Hedlundia scepusiensis,9511442,1
Eriobotrya chinensis,Hedlundia legrei,9541608,0
Ficus acanthocarpa,Ficus henryi,5570621,1
Pyrus sodomacea,Spiraea chamaedryfolia,3026406,0
Touchardia angusta,Touchardia latifolia,2984457,1
Boehmeria peruviana,Boehmeria caudata,7610513,1
Missiessya rubiginosa,Leucosyke rubiginosa,4102144,1
Quercus abelicea,Ficus mollior,7262612,0
Ramium sedifolium,Boehmeria clidemioides,7300656,1
Pouzolzia mysorensis,Elatostematoides manillense,4098334,0
Prunus junghuhniana,Ziziphus mauritiana,3039424,0
Potentilla sommieri,Potentilla radiata,5366051,1
Dorstenia domingensis,Retanilla trinervia,3875478,0
Berchemia laxa,Berchemia floribunda,3876453,1
Pyrus bollwylleriana,Pyraria irregularis,12193096,1
Laportea havanensis,Urera baccifera,7411905,0
Procris cephalida,Procris pedunculata,5671195,1
Potentilla schugnanica,Mespilus germanica,3031774,0
Alicastrum guianense,Brosimum guianense,7374879,1
Pyrus fallax,Brosimum lactescens,3763127,0
Celtis americana,Spyridium spadiceum,7273965,0
Celtis rigida,Trema rigidum,9698943,1
Celtis amphibola,Pilea tetraphylla,5670037,0
Sorbus graeca,Aria graeca,5370233,1
Acaena calcitrapa,Prunus matudae,3854186,0
Discaria trinervis,Pilea melastomoides,5670477,0
Poikilospermum molle,Pipturus arborescens,4102074,0
Pyrus anthyllidifolia,Osteomeles anthyllidifolia,3024832,1
Conocephalus micranthus,Poikilospermum micranthum,4013203,1
Teonongia tonkinensis,Bleekrodea tonkinensis,3763799,1
Abelicea keaki,Artocarpus lamellosus,3764628,0
Scutia buxifolia,Procris pedunculata,5671195,0
Celtis cinerea,Celtis tala,7141607,1
Physocarpus monogynus,Elatostema goudotianum,4099821,0
Rhamnidium revolutum,Rhaphiolepis cavaleriei,10731169,0
Morus microphilyra,Morus celtidifolia,5570117,1
Ficus rubifolia,Rhamnus ninglangensis,3876672,0
Ziziphus platyphylla,Ziziphus nummularia,3039427,0
Ulmus laciniata,Obetia radula,8399299,0
Rhamnus chrysophylla,Frangula pubescens,3877483,1
Dorstenia schulzii,Dorstenia brasiliensis,7262704,1
Cerasus araxina,Frangula caroliniana,3039468,0
Pyrus raupingensis,Photinia prunifolia,5363844,1
Oenoplea volubilis,Ulmus laevis,7303616,0
Prunus maclearnii,Perebea xanthochyma,3765422,0
Sorbus decurrens,Hedlundia thuringiaca,9471386,1
Celtis affinis,Celtis zenkeri,4159774,1
Perlarius argenteus,Pipturus argenteus,6414892,1
Acaena pallida,Acaena pallida,5370801,1
Cerasus prunifolia,Prunus emarginata,7272137,1
Discaria serratifolia,Discaria serratifolia,7273739,1
Pellionia retrohispida,Elatostema hirticaule,4099362,1
Sponia tomentosa,Trema tomentosum,7303576,1
Artocarpus acuminatissimus,Hedlundia tamamschjanae,10675505,0
Decorima trinervis,Dorstenia brasiliensis,7262704,0
Dendrocnide crenulata,Pouzolzia sanguinea,7300542,0
Crataegus hyracantha,Pyracantha coccinea,2988188,1
Elaeagnus iliensis,Elaeagnus songarica,8273261,1
Acaena colchaguensis,Acaena magellanica,5370832,1
Sorbus dualis,Prunus persica,8149923,0
Olmediopsis lanceolata,Prunus emarginata,7272137,0
Argentina cristata,Cypholophus lutescens,4099764,0
Artocarpus champeden,Artocarpus integer,2984566,1
Crataegus tardipes,Crataegus holmesiana,3014062,1
Piratinera panamensis,Prunus emarginata,7272137,0
Acaena compacta,Celtis reticulata,6406316,0
Planera richardii,Ziziphus linnaei,3875884,0
Gouania cucullata,Oreocnide rubescens,4099400,0
Rubus clavaudii,Rubus alterniflorus,8321269,1
Rhamnus glaberrima,Atadinus alpinus,3877063,1
Ulmus pseudoamericana,Ulmus speciosa,8981787,1
Laportea urentissima,Dendrocnide urentissima,4098420,1
Cecropia occidentalis,Forsskaolea tenacissima,4101888,0
Aronia pubens,Discaria americana,5602906,0
Celtis spinosa,Debregeasia longifolia,4099305,0
Parietaria canescens,Pouzolzia laevigata,4100090,1
Ulmus atrovirens,Broussonetia kaempferi,5569771,0
Pouzolzia matsudae,Gonostegia parvifolia,4100881,1
Photinia parvifolia,Pourthiaea parviflora,3000446,1
Epicarpurus orientalis,Ochetophila trinervis,3877218,0
Pyrus jupiter,Phippsiomeles oblongifolia,11858614,1
Ceanothus axillaris,Ceanothus caeruleus,3875440,1
Spiraea pubescens,Spiraea dasyantha,3027025,1
Colletia disperma,Acaena splendens,5370957,0
Urtica humilis,Boehmeria ulmifolia,4100595,0
Clarisia colombiana,Clarisia biflora,7262852,1
Elaeagnus longipes,Coussapoa ovalifolia,4013216,0
Chamaemeles mexicana,Crataemespilus lobata,12208838,0
Mespilus canescens,Boehmeria nivea,2984359,0
Helianthostylis suerpo,Parietaria mauritanica,5669706,0
Celtis taiyuanensis,Celtis cerasifera,4159763,1
Urtica interrupta,Urtica ovalifolia,7634481,1
Fleurya divaricata,Laportea canadensis,2984463,1
Sorbus simonkaiana,Karpatiosorbus simonkaiana,9329985,1
Ulmus glutinosa,Ulmus glabra,5361866,1
Ventilago silhetiana,Crataegus punctata,3014805,0
Boehmeria grandissima,Boehmeria holosericea,7300512,1
Pellionia oshimensis,Elatostema suzukii,4099449,1
Morus gyirongensis,Morus serrata,7420883,1
Touchardia nana,Touchardia latifolia,2984457,1
Pyrus gallica,Crataegus laciniata,8240558,0
Urtica suffruticosa,Pouzolzia zeylanica,2984383,1
Colletia treba,Retanilla trinervia,3875478,1
Prunus ovalis,Paratrophis glabra,3765995,0
Piletophyllum emodi,Gonostegia triandra,4100795,0
Hovenia fulvotomentosa,Gonostegia pentandra,4100866,0
Morocarpus japonicus,Debregeasia edulis,4099382,1
Karwinskia sessilifolia,Colletia spinosissima,6371450,0
Rhamnus yunnanensis,Coussapoa orthoneura,4013222,0
Trema canescens,Trema micranthum,2984501,1
Batis spinosa,Maclura spinosa,3764154,1
Eriobotrya kwangsiensis,Rhaphiolepis fulvicoma,10746511,1
Potentilla leuconota,Argentina leuconota,8022597,1
Dorstenia tanneriana,Artocarpus heterophyllus,2984565,0
Laportea gigantea,Elatostematoides scandens,11127643,0
Paliurus asiaticus,Colubrina asiatica,5372467,1
Stranvaesia tomentosa,Boehmeria celtidifolia,4099945,0
Boehmeria robusta,Photinia integrifolia,5363967,0
Dorstenia nervosa,Parartocarpus venenosa,3766049,0
Afarca parviflora,Sageretia minutiflora,8054984,1
Sorbus conwentzii,Scandosorbus intermedia,10071055,1
Photinia euphlebia,Pourthiaea impressivena,3000471,1
Tetraglochin andina,Margyricarpus andinus,9492557,1
Pyrus atalantae,Photinia lanuginosa,5363900,1
Australina novae-zelandiae,Phenax rugosus,7300597,0
Saccus lanceolatus,Artocarpus lamellosus,3764628,1
Spyridium phlebophyllum,Trema micranthum,2984501,0
Sitodium macrocarpon,Ziziphus rugosa,7273665,0
Pyracantha yunnanensis,Pyracantha fortuneana,2988224,1
Morus parvifolia,Fragaria chiloensis,7738624,0
Phylica madagascariensis,Crataegus punctata,3014805,0
Ficus millingtonifolia,Ficus fistulosa,7262725,1
Paraclarisia amazonica,Hedlundia boscii,9901358,0
Ficus ovalis,Ficus ovaliformis,11867882,1
Rhamnus virginica,Crataemespilus lobata,12208838,0
Laportea elliptica,Dendrocnide elliptica,4098903,1
Fragariastrum arcadiensis,Celtis brasiliensis,7303606,0
Pseudolmedia karstenii,Trophis racemosa,2984648,1
Ziziphus bulusanensis,Ziziphus cumingiana,3876657,1
Ceanothus arnouldii,Elatostema curvitepalum,4100705,0
Trema sieberi,Trema orientale,2984508,1
Cecropia cyrtostachya,Hemiptelea davidii,4160206,0
Ficus tampang,Artocarpus lacucha,7873234,1
Craterogyne djettii,Cryptandra leucophracta,3877146,0
Fleurya podocarpa,Laportea ovalifolia,4098915,1
Brosimum glaucifolium,Brosimum gaudichaudii,7262433,1
Spiraea lancifolia,Spiraea alba,3026585,1
Sorbus fallacina,Hedlundia mougeotii,9312105,1
Mespilus denticulata,Karpatiosorbus istriaca,9944176,0
Sorbus hybrida,Hedlundia hybrida,9245228,1
Prunus calycosa,Prunus microcarpa,3021376,1
Eriobotrya grandiflora,Rhaphiolepis cavaleriei,10731169,1
Frangula americana,Ficus parietalis,5569936,0
Urtica excelsa,Boehmeria excelsa,4099109,1
Condalia latifolia,Gonostegia pentandra,4100866,0
Potentilla ellwendensis,Noltea africana,3877365,0
Dorstenia latibracteata,Prunus persica,8149923,0
Celtis taiyuanensis,Prunus incana,3020605,0
Rhamnus lineata,Berchemia loureiroana,3876252,1
Sorbus budaiana,Fragaria moschata,8350369,0
Schychowskia interrupta,Laportea interrupta,2984469,1
Aria migarica,Argentina lineata,8228815,0
Pilea hypnophila,Pilea tetraphylla,5670037,1
Sorbus acutisecta,Gouania meyenii,5372441,0
Ambaiba peltata,Forsskaolea angustifolia,4102001,0
Sorbus ambigua,Majovskya ambigua,9285492,1
Celtis arcata,Pouzolzia rugulosa,4098989,0
Rhamnus leprosa,Obetia madagascariensis,4099791,0
Crataegus shicola,Rhaphiolepis dubia,10809845,1
Urtica grandifolia,Rhamnus utilis,3039481,0
Chlorophora humbertii,Allaeanthus greveanus,3765669,1
Dorstenia longifolia,Pourthiaea blinii,3000397,0
Acaena grahamiana,Cecropia pachystachya,4013385,0
Celtis ferruginea,Celtis brasiliensis,7303606,1
Potentilla hirsuta,Potentilla hirsuta,7773437,1
Pouzolzia repens,Boehmeria repens,2984358,1
Rhamnus stenophylla,Pilea inaequalis,5361845,0
Acaena calvivagina,Acaena magellanica,5370832,1
Pomatoderris lanigera,Pomaderris lanigera,3876790,1
Mespilus rubra,Frangula granulosa,3874505,0
Ficus indica,Pouzolzia zeylanica,2984383,0
Urtica oreophila,Pilea melastomoides,5670477,1
Pomaderris rosmarinifolia,Clarisia ilicifolia,7262841,0
Dorstenia goossensi,Dorstenia yambuyaensis,11350118,1
Potentilla pycnophylla,Spiraea japonica,8170635,0
Cryptandra parvifolia,Ziziphus linnaei,3875884,0
Urtica scalpe,Colubrina asiatica,5372467,0
Trema burmannii,Celtis paniculata,4159385,0
Batocarpus maranhensis,Acaena novae-zelandiae,5370755,0
Spiraea rubiacea,Ziziphus spina-christi,8228089,0
Crataegus scandica,Scandosorbus intermedia,10071055,1
Pontya excelsa,Trilepisium madagascariense,3766911,1
Rhamnus spartium,Discaria chacaye,5602883,1
Prunus emarginata,Prunus emarginata,7272137,1
Artocarpus leeuwenii,Artocarpus altilis,2984573,1
Ceanothus bertinii,Karpatiosorbus balatonica,9571244,0
Laportea armata,Pouzolzia mixta,7300658,0
Pyrus mekongensis,Karpatiosorbus klasterskyana,9416761,0
Urera platycarpa,Celtis iguanaea,2984498,0
Microcerasus microcarpa,Trilepisium madagascariense,3766911,0
Olmedia affinis,Maclura cochinchinensis,7262552,0
Coussapoa napoensis,Physocarpus intermedius,2988352,0
Celtis floridana,Ziziphus nummularia,3039427,0
Olmedioperebea sclerophylla,Maquira sclerophylla,3763651,1
Ceanothus pauciflorus,Ulmus hollandica,7141604,0
Pyrus bristoliensis,Brosimum sprucei,11665758,0
Adicea laxa,Spyridium globulosum,3877637,0
Pellionia keitaoensis,Elatostema heterolobum,4099443,1
Mespilus sinensis,Rhaphiolepis indica,5371542,1
Myrtus laevis,Ziziphus xylopyrus,7524561,0
Rhamnus discolor,Taxotrophis macrophylla,3767188,0
Ficus atrovirens,Ficus atrovirens,5571837,1
Pyrus anlungensis,Prunus armeniaca,7818643,0
Adolia rubra,Scutia myrtina,8317476,1
Procris lateriflora,Debregeasia longifolia,4099305,0
Potentilla daisenensis,Fragaria iinumae,3029930,1
Rhamnus albanica,Frangula rupestris,3877335,1
Retanilla spinifera,Celtis iguanaea,2984498,0
Jububa mediterranea,Ziziphus jujuba,3039423,1
Pilea integrifolia,Pilea parietaria,5361834,1
Sorocea hilariana,Sorocea guilleminiana,3762938,1
Celtis reticulosa,Pouzolzia zeylanica,2984383,0
Trichothalamus lignosus,Argentina lignosa,8424475,1
Ramium densiflorum,Boehmeria densiflora,6414592,1
Parietaria circeifolia,Parietaria mauritanica,5669706,1
Ulmus scampstoniensis,Ulmus hollandica,7141604,1
Mertensia laevigata,Celtis iguanaea,2984498,1
Debregeasia japonica,Debregeasia edulis,4099382,1
Conocephalus oblanceolatus,Aronia arbutifolia,5363629,0
Pourouma tergoscabra,Artocarpus altilis,2984573,0
Pyracantha pyracantha,Pyracantha coccinea,2988188,1
Cudrania poilanei,Karpatiosorbus badensis,9384949,0
Pleiosepalum gombalanum,Artocarpus gomezianus,3764819,0
Pyrus salwinensis,Rhaphiolepis salwinensis,10673519,1
Ficus stelechosycia,Pouzolzia acalyphoides,4101131,0
Rhamnus nabeca,Ziziphus spina-christi,8228089,1
Rhamnus caroliniana,Cecropia peltata,2984476,0
Parietaria occidentalis,Obetia radula,8399299,0
Crataegus tomentosa,Crataegus submollis,3015560,1
Ancistrum anserinifolium,Acaena anserinifolia,7942884,1
Spiraea hookeri,Sarcomphalus chloroxylon,9089357,0
Potentilla rubra,Celtis occidentalis,2984481,0
Alchemilla floribunda,Aphanes floribunda,5365020,1
Cecropia klotzschiana,Cecropia polystachya,4013171,1
Pyrus mitschurinii,Karpatiosorbus bodajkensis,9421746,0
Potentilla incerta,Leucosyke puya,4102185,0
Trymatococcus conrauanus,Ceanothus depressus,3875052,0
Spiraea velutina,Prunus grayana,3021963,0
Sorbus adamii,Karpatiosorbus adamii,9440757,1
Mertensia iguanaea,Pouzolzia occidentalis,2984385,0
Pyrus porrigens,Dendrocnide gigantea,4098866,0
Crumenaria choretroides,Crumenaria choretroides,3875398,1
Sorbus arguta,Pourthiaea arguta,2988149,1
Gironniera nitida,Holodiscus argenteus,2987810,0
Ficus dictyophylla,Ficus benjamina,5361932,1
Saccus gomezianus,Artocarpus gomezianus,3764819,1
Ficus kallicarpa,Ficus punctata,7673670,1
Urtica ulmifolia,Dendrocnide stimulans,4098487,0
Urera rotundifolia,Dendrocnide excelsa,4098881,1
Ogcodeia pseudonaga,Discocnide mexicana,4098157,0
Ficus callicarpa,Ficus punctata,7673670,1
Pyrus meridionalis,Spiraea mongolica,3026877,0
Spiraea boursieri,Holodiscus discolor,2987780,1
Cryptandra intangenda,Granitites intangendus,3875622,1
Urera rugosa,Ulmus rubra,8002521,0
Ulmus abelicea,Trema cannabina,2984507,0
Potentilla interrupta,Argentina interrupta,8227331,1
Gouania gagnei,Gouania meyenii,5372441,1
Crataegus eriocarpa,Crataegus laciniata,8240558,1
Coussapoa puberula,Coussapoa ovalifolia,4013216,1
Tormariosorbus intermedia,Scandosorbus intermedia,10071055,1
Rubus bonatii,Prunus myriocephala,9104459,0
Dendrocnide warburghii,Dendrocnide longifolia,4098791,1
Ivesia callida,Potentilla callida,5368377,1
Tormentilla canadensis,Potentilla canadensis,5368951,1
Urera harato,Ceanothus cuneatus,3039404,0
Boehmeria salicifolia,Debregeasia saeneb,4099243,1
Physocarpus missouriensis,Brosimum rubescens,3762826,0
Trymalium daltonii,Atadinus fallax,9581355,0
Sorbus eminentiformis,Aria eminentiformis,9560284,1
Pygeum parviflorum,Prunus arborea,3021654,1
Boehmeria tiliifolia,Ulmus laevis,7303616,0
Bosqueia gymnandra,Trilepisium madagascariense,3766911,1
Boehmeria cuspidata,Ficus elastica,7835333,0
Elaeagnus thwaitesii,Elaeagnus latifolia,4048232,1
Urtica mitis,Urera caracasana,2984335,1
Rhamnus spiciflora,Sageretia thea,3039516,1
Sericotheca fissa,Coussapoa nitida,4013298,0
Sageretia oppositifolia,Prunus armeniaca,7818643,0
Acaena longiaristata,Acaena magellanica,5370832,1
Rhamnus microcarpus,Atadinus microcarpus,9351724,1
Boehmeria urticifolia,Pilea urticifolia,5669690,1
Celtis cavaleriei,Frangula granulosa,3874505,0
Ficus leptorhyncha,Dendrocnide moroides,4098695,0
Boehmeria dasypoda,Laportea bulbifera,7300666,0
Dorstenia spathulibracteata,Hijmania turbinata,9189516,1
Parietaria erecta,Potentilla crantzii,5366215,0
Waldensia lupulina,Potentilla radiata,5366051,0
Ulmus coriaceifolia,Ulmus hollandica,7141604,1
Leucosyke kjellbergii,Ficus elastica,7835333,0
Sorocea hilariana,Ulmus glabra,5361866,0
Pilea oreophila,Pilea melastomoides,5670477,1
Pyrus amphidoxa,Ventilago denticulata,7273609,0
Coilotapalus peltata,Elaeagnus angustifolia,3039269,0
Saccus gomezianus,Prunus emarginata,7272137,0
Celtis helleri,Spyridium subochreatum,7273953,0
Crataegus maineana,Alphitonia pomaderroides,3877364,0
Aronia glabrescens,Gouania lupuloides,5372440,0
Ventilago lanceata,Smythea lanceata,3039431,1
Boehmeria villosa,Boehmeria heterophylla,4098689,1
Pilea magambensis,Pilea rivularis,7300820,1
Adicea gnidiodes,Sorbaronia arsenii,2987867,0
Colletia aciculata,Colletia hystrix,7273656,1
Potentilla achillea,Argentina achillea,8026307,1
Ventilago cinerascens,Elaeagnus conferta,7293128,0
Ceanothus riparius,Parartocarpus venenosa,3766049,0
Hahnia aria,Aria edulis,8411755,1
Coluria mongolica,Potaninia mongolica,5371208,1
Pyrus wuzhishanensis,Smythea lanceata,3039431,0
Prunus orientalis,Prunus argentea,3023068,1
Ficus xiphocuspis,Ficus politoria,5572392,1
Ochetophila hookeriana,Ochetophila trinervis,3877218,1
Morus nitida,Poikilospermum erectum,4013260,0
Spiraea callosa,Physocarpus opulifolius,2988354,0
Urticastrum peltatum,Dendrocnide stimulans,4098487,0
Poterium australe,Taxotrophis ilicifolia,3767205,0
Crataegus paramoena,Crataegus macracantha,3013570,1
Pouzolzia flaccida,Australina flaccida,5670819,1
Rubus biflorus,Rubus biflorus,8396842,1
Ulmus excelsa,Ulmus glabra,5361866,1
Urostigma pseudotsiela,Boehmeria nivea,2984359,0
Brosimum microcarpum,Acaena ovalifolia,5370651,0
Leucosyke celtidifolia,Leucosyke capitellata,4102514,1
Gonostegia hirta,Ficus auriculata,5571773,0
Pouzolzia heterophylla,Pouzolzia variifolia,4098645,1
Parietaria carnosula,Parietaria debilis,5361795,1
Urtica hulensis,Perebea xanthochyma,3765422,0
Crepinia freynii,Crepinia freynii,5363551,1
Adolia arenicola,Scutia arenicola,3875710,1
Girtanneria theezans,Sorbaronia sorbifolia,2987868,0
Urtica villosa,Trema micranthum,2984501,0
Papyrius karinokii,Broussonetia kaempferi,5569771,1
Cecropia asperrima,Cecropia peltata,2984476,1
Cecropia villosa,Brosimum rubescens,3762826,0
Spiraea pruhoniciana,Spiraea japonica,8170635,1
Pyrus brunnea,Pourthiaea villosa,8356787,1
Pyrus scabiosa,Celtis iguanaea,2984498,0
Boehmeria moluccana,Ficus dendrocida,5572579,0
Urtica divaricata,Laportea canadensis,2984463,1
Ramium ramiflorum,Boehmeria ramiflora,7300855,1
Mertensia zizyphoides,Celtis iguanaea,2984498,1
Crataegus margarettiae,Crataegus margarettae,3014697,1
Rhamnus parvifolius,Rhamnus newberryi,11785338,1
Rhamnus breedlovei,Frangula breedlovei,8092180,1
Helicostylis urophylla,Helicostylis tovarensis,3764818,1
Pyrus bosniaca,Rubus internatus,2999979,0
Ceanothus milleri,Ceanothus americanus,3039318,1
Urtica cubensis,Zelkova serrata,2984532,0
Leucosyke alba,Phylica nitida,7568909,0
Ficus fergusonii,Alphitonia zizyphoides,3877300,0
Crataegus succincta,Aria umbellata,9330923,0
Morus pandurata,Aphananthe cuspidata,8293016,0
Morus formosensis,Morus indica,5569978,1
Urtica pumila,Urtica pumila,8044780,1
Retanilla crassa,Sorocea guilleminiana,3762938,0
Gironniera costata,Gironniera subaequalis,4159324,1
Urostigma ovale,Ficus crassinervia,5361897,1
Sageretia ferruginea,Sageretia rugosa,3876365,1
Laportea pendula,Elaeagnus commutata,3039274,0
Nagelia denticulata,Malacomeles denticulata,2988294,1
Rosa albicans,Rosa elymaitica,3008681,1
Fleurya glechomifolia,Fatoua villosa,2984652,1
Potentilla pentaphylla,Fragaria pentaphylla,3018319,1
Potentilla frigida,Potentilla frigida,5368457,1
Saccus denisonianus,Artocarpus glaucus,3764827,1
Cecropia macranthera,Cecropia glaziovii,7512929,1
Elaeagnus arborea,Trophis racemosa,2984648,0
Elatostema anfractum,Procris anfracta,5669825,1
Cydonia sargentii,Ficus fistulosa,7262725,0
Saccus tephrophyllus,Trema angustifolium,4159501,0
Covellia subopposita,Ficus fistulosa,7262725,1
Celtis lactea,Celtis serratissima,10821460,1
Potentilla davidii,Potentilla eriocarpa,8371673,1
Pyrus angustissima,Phenax angustifolius,5670460,0
Leucocnide candidissima,Morus alba,5361889,0
Pouzolzia neurocarpa,Gonostegia parvifolia,4100881,1
Artocarpus blancoi,Artocarpus altilis,2984573,1
Dendrocnide subpeltata,Dendrocnide densiflora,4098926,1
Percepier arvensis,Aphanes arvensis,5365013,1
Ceanothus glaber,Ceanothus lorenzenii,10375932,1
Duretia quelpaertensis,Boehmeria splitgerbera,4101039,1
Pouzolzia johnsoniana,Boehmeria caudata,7610513,0
Treculia africanus,Laportea decumana,4099644,0
Elaeagnus nikaii,Karpatiosorbus klasterskyana,9416761,0
Potentilla kirghizorum,Dorstenia brownii,3765760,0
Pyrus rotundifolia,Argentina stenophylla,8033120,0
Ceanothus ovatus,Ceanothus herbaceus,3039322,1
Cecropia standleyana,Cecropia insignis,4013292,1
Boehmeria moluccana,Cypholophus moluccanus,2984389,1
Pouzolzia arabica,Crataegus opaca,3014153,0
Prunus tortuosa,Artocarpus integer,2984566,0
Potentilla eynensis,Artocarpus chama,3765040,0
Phylica ericifolia,Phylica ericoides,7560201,1
Elaeagnus wilsonii,Argentina bidentula,7661894,0
Soulangia myrtifolia,Phylica paniculata,3875228,1
Sericotheca saxicola,Holodiscus discolor,2987780,1
Eleiosina bracteata,Phylica oleifolia,3875260,0
Bosqueia boiviniana,Argentina assimilis,8174481,0
Celtis georgiana,Celtis tenuifolia,2984482,1
Gouania petiolaris,Gouania corylifolia,5603068,1
Opulaster bullatus,Spiraea fontenaysii,3026601,0
Sageretia spiciflora,Paratrophis glabra,3765995,0
Rhodotypos tetrapetala,Cecropia polystachya,4013171,0
Elatostema paludosum,Urtica leptophylla,5669658,0
Pilea nummularifolia,Pilea inaequalis,5361845,1
Rhamnus oenopolia,Ziziphus oenopolia,3875331,1
Sorbus greenii,Karpatiosorbus semiincisa,9325082,0
Rhaphiolepis parvibracteolata,Procris frutescens,7300452,0
Acaena andicola,Urtica pilulifera,5670646,0
Urera jacquinii,Urera caracasana,2984335,1
Elaeagnus philippinensis,Elaeagnus triflora,7293096,1
Crataegus edita,Elatostema platyphyllum,7300825,0
Artocarpus sampor,Artocarpus parvus,3764344,1
Ceanothus durangoinus,Malacomeles denticulata,2988294,0
Rubus godongensis,Rubus niveus,2989183,1
Celtis lanceolata,Celtis brasiliensis,7303606,1
Urtica ternata,Boehmeria caudata,7610513,0
Neillia stellata,Physocarpus opulifolius,2988354,1
Ficus schinzii,Ceanothus americanus,3039318,0
Sorbus mayeri,Hedlundia mayeri,10763231,1
Pyrus fokienensis,Crataegus macracantha,3013570,0
Acaena arthrotricha,Boehmeria japonica,7300501,0
Lecanthus sasakii,Fragaria nilgerrensis,3029934,0
Adicea ciliata,Rhamnus napalensis,4928522,0
Cryptandra speciosa,Cryptandra speciosa,7273874,1
Zizyphus helvola,Ziziphus zeyheriana,3877649,1
Urtica ovalifolia,Didymodoxa capensis,7300493,1
Elaeagnus perrottetii,Dorstenia zenkeri,3762584,0
Sorbus migarica,Aria graeca,5370233,1
Eriobotrya hongiaoensis,Gouania hillebrandii,8240892,0
Ficus peguensis,Spyridium ramosissimum,11257897,0
Missiessya fagifolia,Ziziphus spina-christi,8228089,0
Urtica leucophaea,Prunus sclerophylla,3022462,0
Morocarpus edulis,Debregeasia edulis,4099382,1
Tylanthus litoralis,Morus rubra,5361886,0
Ulmus pitteursii,Ulmus hollandica,7141604,1
Gouania cormorensis,Rhaphiolepis wardii,10915902,0
Notophaena serratifolia,Discaria serratifolia,7273739,1
Trichocephalus spicatus,Gonostegia pentandra,4100866,0
Potentilla wenchuensis,Cecropia telealba,7316405,0
Ficus trichocarpa,Ficus racemosa,5361904,1
Horkelia integrifolia,Pilea rivularis,7300820,0
Eriobotrya shanense,Physocarpus malvaceus,2988332,0
Ceanothus scandens,Noltea africana,3877365,1
Bosqueia occidentalis,Myriocarpa cordifolia,7300779,0
Dorstenia unyikae,Dorstenia cuspidata,7262644,1
Morus crataegifolia,Morus celtidifolia,5570117,1
Margarocarpus poeppigianus,Artocarpus lacucha,7873234,0
Pomaderris phillyreifolia,Pomaderris vacciniifolia,3875825,1
Boehmeria drummondiana,Pomaderris multiflora,3876656,0
Pourthiaea villosa,Pourthiaea arguta,2988149,1
Tylanthus parviflorus,Phylica parviflora,7389046,1
Crataegus cuneifolia,Crataegus punctata,3014805,1
Cryptandra hookeri,Potentilla crantzii,5366215,0
Colubrina pubiflora,Parartocarpus venenosa,3766049,0
Phylica tropica,Phylica emirnensis,3875948,1
Dorstenia binzaensis,Fragaria sempervirens,3029815,0
Trema schiedeanum,Celtis jessoensis,7141633,0
Pilea tenuicaulis,Potentilla canadensis,5368951,0
Prunus varia,Procris pedunculata,5671195,0
Trymalium thomasioides,Spyridium spadiceum,7273965,1
Boehmeriopsis pallida,Fatoua villosa,2984652,1
Spiraea flexuosa,Poikilospermum amboinense,4013310,0
Mespilus sylvestris,Mespilus germanica,3031774,1
Cecropia monostachya,Cecropia gabrielis,4013510,1
Colubrina arborea,Colubrina triflora,5602971,1
Cudrania obovata,Maclura cochinchinensis,7262552,1
Dorstenia albertorum,Dorstenia albertii,3766255,1
Celtis lima,Osteomeles schweriniae,4938587,0
Sarcomphalus retusus,Sarcomphalus laurinus,7273826,1
Ficus morifolia,Pourouma minor,4013658,0
Artocarpus cumingianus,Maoutia diversifolia,5671121,0
Pyrus rhombiformis,Karpatiosorbus rhombiformis,9269022,1
Pyrus schuwerkiorum,Karpatiosorbus schuwerkiorum,9252083,1
Sericotheca discolor,Pomaderris discolor,3877251,0
Ziziphus orbicularis,Sageretia gracilis,3876684,0
Crataegus tennowana,Crataegus douglasii,3013580,1
Paliurus colubrina,Colubrina arborescens,5372463,1
Artocarpus elongatus,Artocarpus treculianus,3763995,0
Aubletia ramosissima,Taxotrophis perakensis,11156027,0
Boehmeria littoralis,Ficus mollior,7262612,0
Boehmeria allophylla,Boehmeria japonica,7300501,1
Sapindopsis cordata,Ficophyllum crassinerve,11155712,1
Elaeagnus utilis,Shepherdia argentea,5372429,1
Pourthiaea moiorum,Dorstenia bicuspis,10671976,0
Urtica pittonii,Urtica membranacea,7685819,1
Morus siciliana,Morus rubra,5361886,0
Procris rupicola,Procris rupicola,5671086,1
Dorstenia cordato-acuminata,Rhaphiolepis platyphylla,10683774,0
Crataegus wattiana,Chaenomeles thibetica,3000655,0
Opulaster gracilis,Broussonetia kaempferi,5569771,0
Acaena coxi,Acaena magellanica,5370832,1
Pyrus loriformis,Artocarpus lamellosus,3764628,0
Pseudopipturus mabesae,Spyridium vexilliferum,7273942,0
Obetia morifolia,Aphananthe cuspidata,8293016,0
Fragaria reversa,Fragaria moschata,8350369,1
Neraudia pyrifolia,Karpatiosorbus admonitor,9284607,0
Colubrina longipes,Potentilla nitida,5367673,0
Crataegus cosansazi,Celtis pacifica,4159470,0
Pilea variegata,Dendrocnide sinuata,4098506,0
Ogcodeia sandwithiana,Boehmeria japonica,7300501,0
Willemetia africana,Noltea africana,3877365,1
Ceanothus hartwegii,Ceanothus hartwegii,3877552,1
Opulaster ramaleyi,Ulmus glabra,5361866,0
Pyrus wilmottiana,Aria wilmottiana,9365504,1
Celtis guangxiensis,Trilepisium madagascariense,3766911,0
Fragaria canadensis,Spiraea decumbens,3027183,0
Cecropia pacis,Poikilospermum suaveolens,4013131,0
Adicea betulifolia,Chaenomeles japonica,3000610,0
Olmediophaena coriacea,Trema cannabina,2984507,0
Spiraea mexicana,Holodiscus argenteus,2987810,1
Urtica verbascifolia,Pilea verbascifolia,5671435,1
Pygeum nitidum,Prunus javanica,3022372,1
Brosimum paraense,Brosimum rubescens,3762826,1
Pourouma multifida,Ficus hispida,7836446,0
Padus bracteata,Physocarpus monogynus,2988349,0
Duretia quelpaertensis,Boehmeria cylindrica,2984345,0
Berchemiella crenulata,Rhamnella rubrinervis,9039596,1
Tylanthus ericoides,Phylica ericoides,7560201,1
Cryptandra villosa,Pourthiaea villosa,8356787,0
Pseudolmedia brosimifolia,Pseudolmedia laevigata,3764182,1
Chlorophora reticulata,Boehmeria ulmifolia,4100595,0
Tylanthus eriophorus,Phylica imberbis,7725424,1
Choenomeles speciosa,Acaena magellanica,5370832,0
Hahnia mougeotii,Pyracantha crenulata,2988172,0
Sorbus herefordensis,Aria herefordensis,9580582,1
Phylica orientalis,Phylica oleifolia,3875260,1
Physocarpus missouriensis,Physocarpus intermedius,2988352,1
Ziziphus rufula,Ziziphus oenopolia,3875331,1
Pyrus adamii,Celtis tala,7141607,0
Ficus mollis,Ficus racemosa,5361904,1
Neillia tanakae,Neillia tanakae,2987948,1
Colubrina acuminata,Potentilla glaucescens,5366478,0
Ceanothus roseus,Ceanothus pallidus,3876490,1
Rhaphiolepis pheostemon,Rhaphiolepis indica,5371542,1
Freirea alsinifolia,Rhaphiolepis wuzhishanensis,5598423,0
Rhaphiolepis yui,Rhaphiolepis fulvicoma,10746511,1
Crataegus moselemensis,Crataegus punctata,3014805,1
Urera ovatifolia,Artocarpus anisophyllus,7262640,0
Dorstenia marambensis,Trema cannabina,2984507,0
Pilea macrodonta,Ulmus glabra,5361866,0
Ceanothus macrocarpus,Ceanothus americanus,3039318,1
Ficus acuminata,Ficus heteropleura,7262505,1
Urera baccifera,Gouania velutina,5602862,0
Ceanothus procumbens,Ceanothus americanus,3039318,1
Ceanothus triflorus,Colubrina triflora,5602971,1
Photinia formosana,Phylica atrata,3876370,0
Sageretia divergens,Gonostegia triandra,4100795,0
Crataegus aestivalis,Crataegus opaca,3014153,1
Potentilla sordida,Berchemia flavescens,8622044,0
Ceanothus nevadensis,Ceanothus integerrimus,3039382,1
Fleurya cuneata,Laportea cuneata,2984462,1
Boehmeria atrovirens,Ficus ampelos,8053189,0
Scutia maritima,Clarisia ilicifolia,7262841,0
Urtica albidopunctata,Cecropia concolor,7316398,0
Pyrus henryi,Rhaphiolepis henryi,10808055,1
Artocarpus brasiliensis,Artocarpus heterophyllus,2984565,1
Alicastrum gaudichaudii,Brosimum gaudichaudii,7262433,1
Ficus harmandii,Morus ovalifolia,5569676,0
Adicea ciliaris,Elaeagnus conferta,7293128,0
Pyrus pollveria,Pyraria irregularis,12193096,1
Maclura chlorocarpa,Ziziphus spina-christi,8228089,0
Parietaria globulifera,Elaeagnus multiflora,3039272,0
Centrogyne angolensis,Sorbaria kirilowii,3012103,0
Pyrus atrovirens,Gonostegia triandra,4100795,0
Pseudotrophis laxiflora,Taxotrophis ilicifolia,3767205,1
Sorbus croceocarpa,Spiraea fritschiana,7271833,0
Potentilla moesiaca,Potentilla pedata,8327079,1
Pipturus pterocarpus,Spyridium scortechinii,3877178,0
Gironniera amboinensis,Maclura tinctoria,2984583,0
Pyrus albensis,Karpatiosorbus albensis,9366458,1
Sorbus algoviensis,Majovskya algoviensis,9607542,1
Maclura amboinensis,Maclura spinosa,3764154,0
Sorbaronia heterophylla,Didymodoxa caffra,4098352,0
Boehmeria sidifolia,Boehmeria clidemioides,7300656,1
Rhamnus shozoensis,Rhamnus utilis,3039481,1
Rhamnus salicifolia,Pouzolzia zeylanica,2984383,0
Spiraea billardierei,Pouzolzia zeylanica,2984383,0
Spallanzania agrimonioides,Aremonia agrimonioides,2988625,1
Elatostema brachyurum,Pouzolzia calophylla,4100852,0
Pourthiaea formosana,Pourthiaea lucida,3000593,1
Helicostylis montana,Ulmus chumlia,5680357,0
Spyridium bifidum,Persica communis,3032476,0
Rhamnus ishidae,Rhamnus ishidae,7273604,1
Pouzolzia forsteniana,Dorstenia yambuyaensis,3762609,0
Druparia avium,Rhaphiolepis seguinii,10762909,0
Trymalium polycephalum,Potentilla hemsleyana,5368100,0
Dorstenia faria,Dorstenia arifolia,7262742,1
Pouzolzia borbonica,Pouzolzia sanguinea,7300542,1
Pouzolzia papuana,Pouzolzia rubricaulis,4099003,1
Ampalis greveana,Allaeanthus greveanus,3765669,1
Phyllochlamys taxoides,Taxotrophis taxoides,11138557,1
Parietaria micrantha,Dendrocnide vitiensis,4098403,0
Polyphema champeden,Pilea rugosa,5670691,0
Sieversia rotundifolia,Hovenia trichocarpa,7273737,0
Ceanothus laevigatus,Ceanothus americanus,3039318,1
Rhamnus cuneata,Ceanothus cuneatus,3039404,1
Neillia breviracemosa,Neillia sinensis,3024789,1
Sponia burmannii,Laportea bulbifera,7300666,0
Spiraea syringiflora,Ziziphus xylopyrus,7524561,0
Broussonetia hanjiana,Broussonetia kazinoki,6358484,1
Ramium rhynchophyllum,Boehmeria ramiflora,7300855,1
Villebrunea scabra,Oreocnide rubescens,4099400,1
Pyrus schnizleiniana,Karpatiosorbus schnizleiniana,9498099,1
Urtica berlandieri,Urtica chamaedryoides,5361812,1
Adicea diversifolia,Ziziphus incurva,3876080,0
Elaeagnus longipedunculata,Prunus microcarpa,3021376,0
Crataegus pura,Crataegus holmesiana,3014062,1
Artocarpus africana,Aphananthe cuspidata,8293016,0
Spyridium halmaturinum,Spyridium halmaturinum,7274027,1
Prunus martabanica,Dalibarda repens,2999946,0
Urticastrum mexicanum,Discocnide mexicana,4098157,1
Urostigma altissimum,Bagassa guianensis,3763926,0
Potentilla victorialis,Argentina victorialis,7578576,1
Pyrus eminentoides,Ulmus glabra,5361866,0
Rubus gymnostachys,Rubus alterniflorus,8321269,1
Sorocea houlletianae,Sorocea guilleminiana,3762938,1
Rosa aginensis,Phippsiomeles mexicana,11455449,0
Rhamnus gayeri,Rhamnus gayeri,3875237,1
Eriobotrya crassifolia,Rhaphiolepis crassifolia,5598428,1
Pyrus wuzhishanensis,Rhaphiolepis wuzhishanensis,5598423,1
Conocephalus erectus,Poikilospermum erectum,4013260,1
Perebea concinna,Naucleopsis concinna,3767240,1
Sorbus arvonicola,Aria arvonicola,9578666,1
Pyracantha lucida,Pilea buchenavii,5671200,0
Celtis salicifolia,Celtis tenuifolia,2984482,1
Adicea depressa,Pilea depressa,5361825,1
Urtica ovalifolia,Aruncus dioicus,5362136,0
Pellionia fruticosa,Neillia sinensis,3024789,0
Memorialis pentandra,Gonostegia pentandra,4100866,1
Sorbus leptophylla,Rhamnus yoshinoi,3876958,0
Frangula latifolia,Atadinus alpinus,3877063,1
Artocarpus dimorphophyllus,Artocarpus rigidus,2984576,1
Cerasus duracina,Prunus avium,3020791,1
Ficus alnifolia,Ficus melinocarpa,7262687,1
Ulmus pendula,Gonostegia triandra,4100795,0
Dubrueilia rotundifolia,Milicia excelsa,3763589,0
Cryptandra albicans,Trymalium albicans,3875955,1
Dorstenia amazonica,Zelkova serrata,2984532,0
Phylica acuminata,Phylica acuminata,3876538,1
Paliurus vulgaris,Aphanes arvensis,5365013,0
Rhamnus ulmoides,Boehmeria splitgerbera,4101039,0
Acaena calvivagina,Cryptandra leucophracta,3877146,0
Didymodoxa acuminata,Sorbaronia sorbifolia,2987868,0
Pyrus herae,Rhaphiolepis latifolia,10857330,1
Coussapoa hirsuta,Coussapoa ovalifolia,4013216,1
Potentilla porrigens,Photinia prunifolia,5363844,0
Solenostigma djungiel,Artocarpus lacucha,7873234,0
Splitgerbera denudata,Boehmeria excelsa,4099109,1
Ziziphus volubilis,Brosimum rubescens,3762826,0
Spiraea bullata,Debregeasia longifolia,4099305,0
Sorbus eugenii-kelleri,Karpatiosorbus eugenii-kelleri,9372029,1
Ficus cochinchinensis,Endotropis alnifolia,9266494,0
Urtica peduncularis,Pilea melastomoides,5670477,1
Procris rupestris,Elatostema rupestre,4100361,1
Urtica schimperiana,Laportea aestuans,2984466,1
Pourouma folleata,Pourouma minor,4013658,1
Fragaria ananassae,Rhamnus wightii,3877053,0
Pilea rhombea,Colubrina texensis,5372460,0
Terminalia kouythensis,Gouania obtusifolia,5602956,1
Pilea haitensis,Rhaphiolepis shanensis,11112650,0
Procris glabra,Spiraea thunbergii,3026402,0
Photinia zhejiangensis,Aruncus dioicus,5362136,0
Crataegus serrulata,Heteromeles arbutifolia,5370154,1
Humulus lupulus,Boehmeria sieboldiana,4101147,0
Crataegus sitiens,Crataegus pruinosa,7790552,1
Abelicea serrata,Rhaphiolepis philippinensis,5371576,0
Alaternus hybridus,Morus alba,5361889,0
Alchemilla maroccana,Aphanes maroccana,5365008,1
Rhamnus atroviridis,Frangula goudotiana,3874545,1
Urtica caerulea,Cypholophus caeruleus,10897870,1
Prunus gracea,Prunus discolor,3022033,1
Hemistylus brasiliensis,Hemistylus boehmerioides,5670539,1
Neillia glabrata,Physocarpus monogynus,2988349,1
Ogcodeia inaequalis,Naucleopsis inaequalis,3767169,1
Plecospermum obovatum,Ampalis dimepate,11911398,1
Sponia guineensis,Berchemia pubiflora,3876127,0
Urera sandvicensis,Ampalis mauritiana,3765609,0
Ancistrum argenteum,Ficus holosericea,5570480,0
Bagassa sagotiana,Aria edulis,8411755,0
Phylica bicolor,Phylica strigosa,3874730,1
Fatoua japonica,Pourthiaea arguta,2988149,0
Sorbus haljamovae,Crataegus punctata,3014805,0
Elatostema thibaudiifolium,Elatostema rostratum,11066335,1
Urtica filiformis,Laportea canadensis,2984463,0
Urtica myrapi,Karpatiosorbus hybrida,9478021,0
Diasperus cinerascens,Berchemia cinerascens,7720336,1
Sorbus buekkensis,Hedlundia buekkensis,9306638,1
Ficus fedorovii,Gouania vitifolia,5372444,0
Quercus dunniana,Pilea mollis,7746842,0
Colletia pubescens,Discaria pubescens,5602819,1
Cotoneaster ellipticus,Rhaphiolepis elliptica,10758611,1
Ceanothus colubrinus,Colubrina arborescens,5372463,1
Opulaster opulifolius,Physocarpus opulifolius,2988354,1
Celtis rugosa,Trema micranthum,2984501,1
Dyctisperma lasiocarpus,Rubus niveus,2989183,1
Celtis mollis,Celtis tetrandra,7366997,1
Crataegus horridula,Crataegus pruinosa,7790552,1
Laportea vitiensis,Dallachya vitiensis,3875981,0
Urtica repanda,Nothocnide repanda,4099887,1
Procris obtusa,Lecanthus obtusus,4098241,1
Trophis montana,Maillardia montana,3763943,1
Urera javaensis,Malacomeles denticulata,2988294,0
Acaena elegans,Acaena ovalifolia,5370651,1
Dorstenia psiluroides,Dorstenia psilurus,3763387,1
Ziziphus virgata,Ziziphus incurva,3876080,1
Maclura calcar-galli,Leucosyke corymbulosa,7881233,0
Ulmus aquatica,Planera aquatica,5361858,1
Pyrus auricularis,Pyraria irregularis,12193096,1
Neillia longeracemosa,Neillia thibetica,3024806,1
Celtis aphananthoides,Ficus fistulosa,7262725,0
Pseudolmedia hirtellifolia,Artocarpus integer,2984566,0
Acaena longifolia,Scepocarpus thonneri,11754518,0
Pyrus pelsoensis,Parartocarpus venenosa,3766049,0
Sorocea colombiana,Trophis racemosa,2984648,1
Adicea multiflora,Pilea multiflora,5670242,1
Dorstenia klaineana,Zelkova serrata,2984532,0
Trema polygamum,Cecropia telenitida,4013242,0
Crataegus viaria,Prunus avium,3020791,0
Elaeagnus tenuiflora,Elaeagnus glabra,7293101,1
Sorbus alnifrons,Dorstenia dinklagei,7262628,0
Potentilla linilaciniata,Phylica rubra,3874895,0
Opulaster tanakae,Phippsiomeles matudae,11517361,0
Mespilus sorbifolia,Sorbaronia sorbifolia,2987868,1
Sorbus seyboldiana,Crataegus senta,3013958,0
Cannabis faetens,Elaeagnus latifolia,4048232,0
Smythea macrophylla,Ventilago papuana,3877511,1
Potentilla niponica,Potentilla chinensis,5365665,1
Sorbus ronnigeri,Leucosyke celebica,4102485,0
Olmediopsis obliqua,Pseudolmedia laevis,3764170,1
Duretia longispica,Boehmeria japonica,7300501,1
Pyrus pseudolatifolia,Karpatiosorbus pseudolatifolia,9540654,1
Pyrus latifolia,Karpatiosorbus latifolia,9306058,1
Artocarpus asperulus,Sorocea hilarii,3762918,0
Urostigma benjamina,Physocarpus capitatus,2988390,0
Frangula peruviana,Ulmiphyllum tenuinerve,8992328,0
Pyrus pseudovertensis,Ulmus hollandica,7141604,0
Pyrus integrifolia,Photinia integrifolia,5363967,1
Rhamnus ketmenica,Rhamnus songorica,3874646,1
Boehmeria tenuifolia,Crataegus senta,3013958,0
Pilea parietaria,Pilea glomerata,5669850,1
Morus parvifolia,Morus indica,5569978,1
Morus romana,Morus alba,5361889,1
Urtica parvifolia,Pouzolzia sanguinea,7300542,1
Ambaiba latiloba,Cryptandra waterhousii,3876063,0
Cryptandra spadicea,Spyridium spadiceum,7273965,1
Greeneina poeppigiana,Boehmeria nivea,2984359,0
Cerasus pusilliflora,Prunus pusilliflora,3021118,1
Elaeagnus odoratiedulis,Elaeagnus multiflora,3039272,1
Parietaria taiwania,Pouzolzia taiwaniana,8279445,1
Coussapoa fontanesiana,Nothocnide repanda,4099887,0
Boehmeria waitziana,Artocarpus altilis,2984573,0
Condaliopsis obtusifolia,Spiraea velutina,3026500,0
Macrorhamnus humbertii,Urera expansa,4099366,0
Boehmeria klossii,Boehmeria depauperata,4099464,1
Potentilla oxyodonta,Ziziphus nummularia,3039427,0
Prunus kostiniae,Armeniaca kostiniae,5370326,1
Trymalium obovatum,Spyridium obovatum,7274000,1
Fleurya monticola,Ziziphus mauritiana,3039424,0
Ficus clusioides,Persica communis,3032476,0
Cydonia lusitanica,Cydonia oblonga,5362215,1
Spiraea californica,Gonostegia pentandra,4100866,0
Ziziphus muratiana,Ziziphus mauritiana,3039424,1
Ficus lacandonensis,Ficus crassinervia,5361897,1
Rubus calcareus,Rubus virgultorum,2997734,1
Sibbaldia potentilloides,Argentina micropetala,7582115,1
Pyrus holubyana,Karpatiosorbus holubyana,9527429,1
Spiraea oblongata,Spiraea chamaedryfolia,3026406,1
Ulmus pedunculata,Ulmus wallichiana,7303567,1
Sorbus anglica,Celtis reticulata,6406316,0
Colubrina solanacea,Colubrina cordifolia,7273998,1
Artocarpus imperialis,Atadinus libanoticus,9561769,0
Urtica hederacea,Pilea inaequalis,5361845,1
Colletia trifurcata,Stenanthemum humile,3876727,0
Ziziphus mexicana,Sarcomphalus mexicanus,9186127,1
Crataegus ogdensburgensis,Crataegus macracantha,3013570,1
Ceanothus ovalifolius,Retanilla trinervia,3875478,0
Urtica alceaefolia,Spiraea faurieana,3026977,0
Ziziphus commutata,Celtis iguanaea,2984498,1
Pouzolzia microceltis,Auerodendron acuminatum,3876993,0
Ulmus sylvatica,Ulmus hollandica,7141604,1
Planera crenata,Ulmus laevis,7303616,0
Perebea markhamiana,Perebea xanthochyma,3765422,1
Pyrus capitata,Aronia arbutifolia,5363629,1
Mespilus odorata,Crataegus persimilis,3015457,0
Ziziphus oblongifolia,Sarcomphalus mistol,8889452,1
Acaena longisepala,Acaena magellanica,5370832,1
Ulmus rasilis,Ulmus hollandica,7141604,1
Urera radula,Pyraria irregularis,12193096,0
Laportea thorelii,Margyricarpus caespitosus,3030143,0
Pyrus lancastriensis,Boehmeria polystachya,4101696,0
Sorbus thayensis,Pipturus argenteus,6414892,0
Ambaiba dentata,Ceanothus mocinianus,3876836,0
Urtica gigantea,Prunus avium,3020791,0
Streblus macrophyllus,Taxotrophis macrophylla,3767188,1
Pyrus draconis,Celtis philippensis,7303643,0
Potentilla subpinnata,Potentilla multifida,8416400,1
Laportea oblanceolata,Dendrocnide oblanceolata,4098661,1
Ficus fachikoogi,Ficus ampelos,8053189,1
Pomaderris phillyreifolia,Ziziphus attopensis,3876990,0
Morus serrata,Urtica membranacea,7685819,0
Procris lagunensis,Dendrocnide photiniphylla,4098637,0
Spiraea lobata,Celtis mildbraedii,4159999,0
Cerasus tenera,Prunus avium,3020791,1
Pyrus edulis,Oreocnide rubescens,4099400,0
Sageretia splendens,Potentilla ancistrifolia,5366710,0
Polydontia arborea,Urtica leptophylla,5669658,0
Morus kaki,Pouzolzia conglobata,4100763,0
Fragaria moschata,Fragaria moschata,8350369,1
Olmedia boyacana,Helicostylis tovarensis,3764818,1
Ulmaria kamtschatica,Pyracantha coccinea,2988188,0
Trophis aurantiaca,Maclura tinctoria,2984583,0
Myriocarpa inaequilatera,Myriocarpa longipes,7300750,1
Artocarpus tampang,Boehmeria repens,2984358,0
Rhamnus iguanaea,Celtis iguanaea,2984498,1
Cecropia alexandrina,Cecropia montana,4013520,1
Leucocnide candidissima,Leucosyke javanica,4102370,1
Sageretia perpusilla,Sageretia pycnophylla,3876397,1
Trymatococcus gilletii,Dorstenia kameruniana,3764528,1
Photinia dubia,Pyracantha atalantioides,2988212,0
Sorbus acutiloba,Karpatiosorbus hybrida,9478021,1
Crataegus prunifolia,Gouania leptostachya,7273872,0
Helicostylis poeppigiana,Aria edulis,8411755,0
Dorstenia talbotii,Dorstenia lujae,7262550,1
Colletia iguanaea,Parietaria floridana,5361793,0
Sponia pendula,Pyracantha coccinea,2988188,0
Morus laciniata,Petrophytum caespitosum,3030194,0
Acaena petiolulata,Acaena magellanica,5370832,1
Lasiodiscus alluaudii,Colubrina alluaudii,5603188,1
Ficus curranii,Ficus fistulosa,7262725,1
Berchemia poiretiana,Berchemia lineata,7799649,1
Ceanothus oblanceolatus,Ceanothus cuneatus,3039404,1
Ventilago ochrocarpa,Acaena magellanica,5370832,0
Spiraea sinensis,Spiraea sinensis,7833222,1
Phenax urticifolius,Phenax poiretii,5670194,1
Rhamnus cuneata,Shepherdia canadensis,5372427,0
Rhamnus ellipsoidea,Crataegus douglasii,3013580,0
Azarolus intermedia,Scandosorbus intermedia,10071055,1
Sorbus decipiens,Maclura cochinchinensis,7262552,0
Helobiaephyllum undulatum,Oemleria cerasiformis,2988485,0
Ulmus webbiana,Ulmus hollandica,7141604,1
Berchemia parviflora,Ficus holosericea,5570480,0
Crataegus oenochroa,Crataegus media,3013800,1
Pourouma subplicata,Ceanothus sorediatus,3039339,0
Ficus balansae,Ficus holosericea,5570480,0
Morus patavia,Pouzolzia sanguinea,7300542,0
Urtica obtusata,Pilea inaequalis,5361845,1
Procris elatostemoides,Pilea parietaria,5361834,0
Persica lancaefolia,Paratrophis insignis,11137754,0
Aruncus sylvestris,Rhaphiolepis indica,5371542,0
Elatostema bicuspidatum,Crataegus pruinosa,7790552,0
Ancistrum ovalifolium,Acaena ovalifolia,5370651,1
Dorstenia cyperus,Dorstenia arifolia,7262742,1
Frangula sphaerosperma,Frangula sphaerosperma,3039467,1
Pyrus pseudothuringiaca,Potentilla frigida,5368457,0
Ulmus oblongata,Ulmus laevis,7303616,1
Crataegus decipiens,Crataegus media,3013800,1
Aronia sargentii,Didymodoxa caffra,4098352,0
Morus mesozygia,Afromorus mesozygia,11122103,1
Laportea elevata,Pilea parietaria,5361834,0
Elaeagnus odorataedulis,Spiraea billiardii,7732954,0
Rhamnus prostrata,Rhamnus prostrata,3875839,1
Palmolmedia stipularis,Urera caracasana,2984335,0
Ceanothus circumscissus,Scutia myrtina,8317476,1
Bosquiea calcicola,Trilepisium madagascariense,3766911,1
Brosimum ramonense,Pseudolmedia glabrata,3764285,1
Prunus saltuum,Aria thaiszii,9374540,0
Morus corylifolia,Morus celtidifolia,5570117,1
Ficus microphylla,Ficus holosericea,5570480,1
Adicea macrodonta,Pilea rivularis,7300820,1
Aronia arbutifolia,Ceanothus pauciflorus,3876325,0
Hyrtanandra ciliaris,Hyrtanandra ciliaris,4100297,1
Boehmeria paniculata,Fatoua villosa,2984652,0
Rhamnus imeretia,Frangula rhododendriphylla,3877433,0
Luetkea uniflora,Kelseya uniflora,2988160,1
Artocarpus neocaledonica,Urtica macrodonta,5671260,0
Laportea moroides,Cecropia peltata,2984476,0
Spiraea glabrata,Spiraea japonica,8170635,1
Artocarpus venenosus,Parartocarpus venenosa,3766049,1
Horkeliella congdonis,Dorstenia ciliata,3765470,0
Sorbus spectans,Aria spectans,9520670,1
Cecropia riparia,Cecropia distachya,4013607,1
Rosa anemoniflora,Rosa barbeyi,3004438,1
Conocephalus pubescens,Poikilospermum suaveolens,4013131,1
Dendrocnide coerulea,Cypholophus lutescens,4099764,1
Gironniera thompsoni,Acaena argentea,5370675,0
Rhamnidium revolutum,Reynosia revoluta,3875071,1
Pyrus lochengensis,Photinia lochengensis,5363965,1
Covellia zollingeriana,Elatostema heterolobum,4099443,0
Distemon indicum,Dorstenia oligogyna,3763788,0
Urera mannii,Scepocarpus mannii,4100631,1
Dubrueilia multiflora,Pilea multiflora,5670242,1
Morus cashmeriana,Crataegus sanguinea,3013574,0
Aria suecica,Trema micranthum,2984501,0
Elatostema reticulatovenosum,Procris reticulatovenosa,8235414,1
Potentilla parnassica,Potentilla pedata,8327079,1
Pseudopipturus mabesae,Nothocnide repanda,4099887,1
Pyrus degenii,Boehmeria densiflora,6414592,0
Memorialis triandra,Helinus mystacinus,3875546,0
Potentilla argyrea,Potentilla hippiana,5367733,1
Urostigma callophyllum,Elatostematoides samarense,4098242,0
Fleurya mooreana,Rhaphiolepis latifolia,10857330,0
Dorstenia mildbraediana,Dorstenia benguellensis,3765939,1
Cudrania sumatrana,Maclura cochinchinensis,7262552,1
Cecropia richardii,Aria edulis,8411755,0
Crataegus succincta,Crataegus punctata,3014805,1
Potentilla sericata,Artocarpus altilis,2984573,0
Sponia rigida,Trema rigidum,9698943,1
Ficus tuberculata,Ficus fistulosa,7262725,1
Rhamnus talanai,Ziziphus talanae,8027203,1
Celtis diffusa,Celtis iguanaea,2984498,1
Scutia pauciflora,Ceanothus pauciflorus,3876325,1
Phylica pubescens,Hedlundia mougeotii,9312105,0
Bosqueia calcicola,Karpatiosorbus latifolia,9306058,0
Condalia seleri,Sarcomphalus pedunculatus,9186176,1
Laportea grossedentata,Frangula goudotiana,3874545,0
Elaeagnus schnabeliana,Elaeagnus argyi,4048267,1
Potentilla saxosa,Potentilla saxosa,5370099,1
Sorbus tobani,Phyllogeiton discolor,3874547,0
Pyrus tengyuehensis,Ulmus hollandica,7141604,0
Artocarpus sampor,Laportea mooreana,4099014,0
Hybosperma verrucosum,Colubrina verrucosa,5372461,1
Ficus phoberos,Spiraea alpina,3026665,0
Cerasus rubicunda,Chaenomeles speciosa,3000679,0
Ficus wardii,Ficus neriifolia,8007516,1
Celtis anfractuosa,Celtis iguanaea,2984498,1
Sorbus erubescens,Majovskya sudetica,9238979,1
Cecropia palmatisecta,Sorbaronia hybrida,2987861,0
Crataegus maineana,Crataegus pruinosa,7790552,1
Fleurya monticola,Laportea alatipes,4100081,1
Spiraea triloba,Pouzolzia zeylanica,2984383,0
Aruncus vulgaris,Aruncus sylvester,6369098,1
Pomaderris prostrata,Spyridium eriocephalum,7274041,1
Porteranthus trifoliatus,Pilea crenulata,5670620,0
Urostigma glycicarpum,Stenanthemum pimeleoides,3876610,0
Photinia melanocarpa,Aronia melanocarpa,5363627,1
Pyrus hazslinszkyana,Stenanthemum divaricatum,3876767,0
Crataegus nevadensis,Atadinus fallax,9581355,0
Photinia myriantha,Photinia integrifolia,5363967,1
Crataegus canadensis,Cecropia mutisiana,4013487,0
Urtica ciliata,Boehmeria repens,2984358,1
Berchemia hypochrysa,Alphitonia pomaderroides,3877364,0
Ziziphus africana,Ziziphus spina-christi,8228089,1
Aria hybrida,Hedlundia hybrida,9245228,1
Pomaderris phillyreifolia,Cydonia oblonga,5362215,0
Urera cameroonensis,Celtis africana,5834428,0
Ziziphus rotunda,Ziziphus mauritiana,3039424,1
Artocarpus dasyphyllus,Aria leighensis,9384967,0
Potentilla viscosa,Rubus lasiotrichos,4923959,0
Argentina tatsienluensis,Osteomeles schweriniae,4938587,0
Phylica pumila,Phylica plumosa,3875114,1
Acaena andicola,Acaena pinnatifida,5370645,1
Touchardia candidissima,Leucosyke javanica,4102370,1
Trymalium eupatorioides,Urtica kioviensis,5669756,0
Pouzolzia procumbens,Hedlundia legrei,9541608,0
Uromorus anthropophagorum,Paratrophis anthropophagorum,12239769,1
Parietaria urticifolia,Ficus lateriflora,5572364,0
Alphitonia excelsa,Alphitonia excelsa,3039494,1
Lazarolus pinnatifida,Karpatiosorbus alnifrons,9367939,0
Rosa ardala,Rosa ardala,3008200,1
Boehmeria sidifolla,Boehmeria clidemioides,7300656,1
Azarolus aria,Trophis racemosa,2984648,0
Ulmus rubra,Celtis occidentalis,2984481,0
Ceanothus trinervius,Prunus emarginata,7272137,0
Ziziphus iguanea,Celtis iguanaea,2984498,1
Phaenopyrum trewianum,Pouzolzia obliqua,4099683,0
Treculia dewevrei,Dorstenia erythrandra,8892698,0
Crataegus dentata,Cecropia polystachya,4013171,0
Photinia deflexa,Celtis laevigata,2984491,0
Frangula obliqua,Frangula mucronata,3877732,1
Ficus junghuhniana,Ficus parietalis,5569936,1
Fatoua cordata,Fatoua villosa,2984652,1
Debregeasia spiculifera,Debregeasia squamata,7300579,1
Crataegus neobaxteri,Crataegus pruinosa,7790552,1
Urera leichardiana,Margyricarpus andinus,9492557,0
Ulmus purpurea,Ulmus minor,5361865,1
Cryptandra ulicina,Spyridium ulicinum,3876973,1
Celtis scabra,Laportea decumana,4099644,0
Artocarpus ovatifolius,Artocarpus treculianus,3763995,1
Elaeagnus rotundifolia,Potentilla grammopetala,5367985,0
Urera stimulans,Dendrocnide stimulans,4098487,1
Aronia spuria,Sorbaronia sorbifolia,2987868,1
Cecropia peltata,Pyracantha coccinea,2988188,0
Dorstenia tenuifolia,Dorstenia psilurus,3763387,1
Cecropia boliviana,Cecropia polystachya,4013171,1
Gouania timorensis,Gouania timorensis,5602890,1
Photinia japonica,Sarcomphalus havanensis,3875958,0
Chaenomeles citripomma,Chaenomeles speciosa,3000679,1
Maclura excelsa,Scepocarpus hypselodendron,11931426,0
Phylica reclinata,Prunus bifrons,3020970,0
Boehmeria oblongata,Ampalis mauritiana,3765609,0
Celtis brieyi,Celtis tessmannii,4160195,1
Talguenea quinquenervia,Pilea trichosanthes,5669921,0
Ulmus sukaczevii,Pouzolzia taiwaniana,8279445,0
Cecropia vageleri,Cecropia membranacea,4013609,1
Urera geophila,Scepocarpus repens,11826481,1
Dorstenia aspera,Hijmania turbinata,9189516,1
Ficus ovalis,Ficus crassinervia,5361897,1
Ulmus macrocarpa,Ulmus gaussenii,5680215,1
Ancistrum argenteum,Acaena argentea,5370675,1
Amygdalus havardii,Argentina glabriuscula,7516818,0
Boehmeria arguta,Sibiraea laevigata,3032453,0
Ramium rigidum,Scepocarpus rigidus,11732428,1
Photinia luzonensis,Rhaphiolepis philippinensis,5371576,1
Rhamnus coronula,Scutia buxifolia,7819318,1
Artocarpus bicolor,Discaria toumatou,5603124,0
Acaena pinnata,Zelkova serrata,2984532,0
Caturus oblongatus,Paratrophis anthropophagorum,12239769,1
Ziziphus pseudojoazeiro,Sarcomphalus cotinifolius,8847000,1
Urtica repens,Pilea inaequalis,5361845,1
Acaena novemdentata,Potentilla eriocarpa,8371673,0
Sorbus slavnicensis,Parietaria pensylvanica,5361796,0
Crataegus parvula,Crataegus pruinosa,7790552,1
Cudrania amboinensis,Pipturus arborescens,4102074,0
Urticastrum harveyi,Dendrocnide harveyi,4098856,1
Boehmeria diversiflora,Argentina kinabaluensis,8304324,0
Dorstenia tetractis,Prunus tomentosa,7380100,0
Rhamnus sharpii,Frangula discolor,3874617,1
Acaena chamaegeron,Nesiota elliptica,3877392,0
Elaeagnus variegata,Sarcomphalus amole,9008095,0
Prunus tichopetala,Prunus emarginata,7272137,1
Brosimum foetidum,Colubrina elliptica,5372458,0
Ficus repandifolia,Ficus fistulosa,7262725,1
Cecropia bracteata,Cecropia reticulata,7316447,1
Parietaria huetia,Pilea verbascifolia,5671435,1
Spiraea crenata,Gouania canescens,5603099,0
Aria vulgaris,Aria edulis,8411755,1
Ziziphus indica,Ziziphus mauritiana,3039424,1
Morus laciniata,Morus alba,5361889,1
Urtica recurvata,Petrophytum hendersonii,3030192,0
Cryptandra glabrata,Cryptandra tubulosa,3876136,1
Haynea ovalifolia,Laportea ovalifolia,4098915,1
Urtica mariana,Noltea africana,3877365,0
Phylica hirsuta,Hedlundia neglecta,9446782,0
Dubrueilia melastomoides,Torminalis glaberrima,9410160,0
Artocarpus rufescens,Parietaria pensylvanica,5361796,0
Pilea pumila,Chaenomeles speciosa,3000679,0
Berchemia crenulata,Ceanothus americanus,3039318,0
Photinia latouchei,Pourthiaea fokienensis,3000554,1
Acaena pseudopoeppigiana,Cecropia sciadophylla,7316424,0
Potentilla curta,Argentina curta,7417748,1
Coussapoa incomitata,Naucleopsis glabra,3767226,0
Colubrina glabra,Rhaphiolepis latifolia,7620419,0
Pouzolzia cordata,Ficus ampelos,8053189,0
Elatostema umbrosum,Trema tomentosum,7303576,0
Pouzolzia obscura,Boehmeria caudata,7610513,0
Pourouma garciana,Potentilla hendersonii,5369235,0
Solenandra waterhousii,Aruncus sylvester,6369098,0
Pipturus subalpinus,Nothocnide repanda,4099887,1
Urticastrum moroides,Dendrocnide moroides,4098695,1
Rhamnus africana,Noltea africana,3877365,1
Morus cavaleriei,Morus indica,5569978,1
Rosa apetala,Sarcomphalus chloroxylon,9089357,0
Lepargyraea canadensis,Pellionia ronganensis,7511242,0
Photinia wardii,Paratrophis solomonensis,11162240,0
Elaeagnus chrysophylla,Elaeagnus chrysophylla,4048076,1
Pogonotrophe flavidula,Ficus amplissima,5572290,0
Gouania oliveri,Naucleopsis caloneura,3767273,0
Piratinera lemeei,Ulmus glabra,5361866,0
Urera robusta,Scepocarpus robustus,11654179,1
Cerasus pusilliflora,Ampalis mauritiana,3765609,0
Colletia bictoensis,Colletia paradoxa,5602738,1
Pourouma aurea,Pourouma minor,4013658,1
Ficus repandifolia,Atadinus libanoticus,9561769,0
Azarolus pollveriana,Crataegus pallasii,3013600,0
Ficus henschelii,Ficus glandulifera,7942321,1
Ziziphus indica,Cypholophus macrocephalus,2984390,0
Pyrus istriaca,Karpatiosorbus istriaca,9944176,1
Boehmeria laevis,Karpatiosorbus dracofolia,9460008,0
Polychroa rostrata,Spiraea pachystachys,3026609,0
Crataegus tennowana,Scandosorbus intermedia,10071055,0
Ulmus multinervosa,Rhaphiolepis petiolata,10845808,0
Ulmus gyrophylla,Ulmus hollandica,7141604,1
Ziziphus bidens,Spiraea vacciniifolia,8111204,0
Pyrus podocarpifolia,Artocarpus lacucha,7873234,0
Broussonetia billardii,Broussonetia papyrifera,5361944,1
Scutia discolor,Phyllogeiton discolor,3874547,1
Potentilla pectinata,Potentilla litoralis,6368584,1
Ziziphus obtusifolia,Sarcomphalus obtusifolius,8937468,1
Laurocerasus aquifolioides,Morus alba,5361889,0
Gillenia stipulacea,Dendrocnide subclausa,4098477,0
Boehmeria glabrata,Pouzolzia sanguinea,7300542,1
Colletia serratifolia,Discaria serratifolia,7273739,1
Potentilla silvanus,Fragaria tibetica,3029844,1
Ziziphus lucida,Poikilospermum singalense,4013137,0
Sibbaldia emodi,Argentina emodi,7854498,1
Boehmeria ampullacea,Boehmeria caudata,7610513,1
Pyrus pinnatifida,Hedlundia hybrida,9245228,1
Urostigma crassinervium,Ficus crassinervia,5361897,1
Condaliopsis velutina,Photinia serratifolia,5364029,0
Ceanothus elegans,Celtis sinensis,4159594,0
Sponia vieillardii,Hedlundia pauca,9259323,0
Alchemilla macrosepala,Aphanes arvensis,5365013,1
Bosquiea gymnandra,Trilepisium madagascariense,3766911,1
Saccus zollingerianus,Artocarpus glaucus,3764827,1
Ziziphus aubletii,Paliurus ramosissimus,5603062,1
Potentilla millefolia,Gyrotaenia myriocarpa,4100663,0
Celtis ingens,Celtis paniculata,4159385,1
Ficus humilis,Karpatiosorbus hybrida,9478021,0
Saccus laevis,Artocarpus altilis,2984573,1
Urtica semicrenata,Oreocnide semicrenata,4099379,1
Maclura regia,Milicia regia,3763583,1
Boehmeria villosa,Elatostematoides filicoides,10863809,0
Villebrunea murina,Oreocnide murina,4099504,1
Opulaster intermedius,Physocarpus intermedius,2988352,1
Urera konaensis,Touchardia oahuensis,11706294,1
Cryptandra divaricata,Stenanthemum divaricatum,3876767,1
Caesia spinosa,Colubrina retusa,7273891,1
Ivesia muirii,Phylica callosa,8065463,0
Procris laevigata,Prunus tatsienensis,3022097,0
Ficus grandidens,Ficus fistulosa,7262725,1
Spiraea media,Spiraea trilobata,3026656,0
Pouzolzia bennettiana,Rhamnus hybrida,3874812,0
Boehmeria izuosimensis,Crataegus sanguinea,3013574,0
Villebrunea intermedia,Oreocnide intermedia,4099543,1
Mespilus grandiflora,Crataemespilus lobata,12208838,1
Didymodoxa acuminata,Didymodoxa caffra,4098352,1
Persica levis,Prunus persica,8149923,1
Sorbus rhombiformis,Scepocarpus oblongifolius,11415631,0
Dorstenia montevidensis,Dorstenia brasiliensis,7262704,1
Choenomeles cathayensis,Ziziphus xylopyrus,7524561,0
Maclura polyneura,Karpatiosorbus hybrida,9478021,0
Ceanothus elongatus,Sarcomphalus obtusifolius,8937468,0
Pyrus pekarovae,Hedlundia pekarovae,9363050,1
Australina capensis,Atadinus depressus,9592364,0
Pilea ovatinucula,Ulmus rubra,5361867,0
Alicastrum glaucum,Brosimum glaucum,3763190,1
Adicea franquevilleana,Dendrocnide sinuata,4098506,0
Missiessya falcata,Chamaebatiaria millefolium,3026352,0
Elaeagnus macrophylla,Elaeagnus latifolia,4048232,1
Urtica hirsuta,Parartocarpus bracteatus,8190094,0
Sorbus mergenthaleriana,Serichonus gracilipes,3875238,0
Elaeagnus rigida,Elaeagnus triflora,7293096,1
Sorbus flabellifolia,Aria umbellata,9330923,1
Potentilla turicensis,Potentilla grandiflora,5366106,1
Cecropia scabrifolia,Brosimum guianense,7374879,0
Bosqueiopsis lujae,Dorstenia dinklagei,7262628,0
Fleurya disepala,Laportea disepala,4099600,1
Cecropia ferreyrae,Cecropia ficifolia,8173870,1
Cydonia veitchii,Pyronia veitchii,5364229,1
Urera keayi,Scepocarpus keayi,11651590,1
Potentilla peduncularis,Argentina peduncularis,8011593,1
Sponia amboinensis,Pouzolzia sanguinea,7300542,0
Artocarpus rotundus,Artocarpus rigidus,2984576,1
Scutia ferrea,Krugiodendron ferreum,3039518,1
Sapindopsis cordata,Pouzolzia zeylanica,2984383,0
Decorima umbellata,Karwinskia umbellata,3874888,1
Sorbus herbipolitana,Karpatiosorbus herbipolitana,9525469,1
Alchemilla pusilla,Aphanes pusilla,5365031,1
Ulmus acutissima,Ulmus hollandica,7141604,1
Pilea puncticaulis,Pilea parietaria,5361834,1
Urtica peltata,Dendrocnide peltata,4098650,1
Dorstenia petraea,Dorstenia petraea,3763541,1
Rhamnus lindeniana,Acaena pinnatifida,5370645,0
Ambaiba lyratiloba,Ceanothus caeruleus,3875440,0
Sorbus bristoliensis,Boehmeria caudata,7610513,0
Acaena canescens,Acaena magellanica,5370832,1
Streblus sandwicensis,Pilea rivularis,7300820,0
Phylica leucocephala,Phylica nitida,7568909,1
Ambaiba albicans,Gouania polygama,5372439,0
Sorbus cuneifolia,Ceanothus sorediatus,3039339,0
Rubus lobophyllus,Rubus lobophyllus,2998759,1
Phenax ulei,Phenax angustifolius,5670460,1
Phylica cotinifolia,Argentina yonoweana,8291289,0
