model,file,accuracy,precision,recall,f1,tn,fp,fn,tp,total
bge-reranker-large,synonym_results_coleop.csv,0.5018315018315018,0.5009276437847866,0.989010989010989,0.6650246305418719,4,269,3,270,546
bge-reranker-large,synonym_results_lepo.csv,0.503731343283582,0.5018829168093119,0.994572591587517,0.6671217292377702,19,1455,8,1466,2948
