model,file,accuracy,precision,recall,f1,tn,fp,fn,tp,total
all-mpnet-base-v2,synonym_results_coleop.csv,0.7197802197802198,0.9615384615384616,0.45787545787545786,0.6203473945409429,268,5,148,125,546
all-mpnet-base-v2,synonym_results_lepo.csv,0.6719810040705563,0.9903288201160542,0.3473541383989145,0.5143144148669011,1469,5,962,512,2948
